[2026-08-12T03:55:15.735+0000] {processor.py:161} INFO - Started process (PID=4127) to work on /opt/airflow/dags/load_ergast_data.py
[2026-08-12T03:55:15.762+0000] {processor.py:830} INFO - Processing file /opt/airflow/dags/load_ergast_data.py for tasks to queue
[2026-08-12T03:55:15.893+0000] {logging_mixin.py:188} INFO - [2026-08-12T03:55:15.867+0000] {dagbag.py:545} INFO - Filling up the DagBag from /opt/airflow/dags/load_ergast_data.py
[2026-08-12T03:55:49.955+0000] {logging_mixin.py:188} INFO - [2026-08-12T03:55:49.951+0000] {timeout.py:68} ERROR - Process timed out, PID: 4127
[2026-08-12T03:55:49.959+0000] {logging_mixin.py:188} WARNING - Exception ignored in: <function WeakKeyDictionary.__init__.<locals>.remove at 0x7bc3cf558ae0>
[2026-08-12T03:55:49.961+0000] {logging_mixin.py:188} WARNING - Traceback (most recent call last):
[2026-08-12T03:55:49.962+0000] {logging_mixin.py:188} WARNING -   File "/usr/local/lib/python3.12/weakref.py", line 369, in remove
[2026-08-12T03:55:49.968+0000] {logging_mixin.py:188} WARNING -     def remove(k, selfref=ref(self)):
[2026-08-12T03:55:49.969+0000] {logging_mixin.py:188} WARNING -   File "/home/airflow/.local/lib/python3.12/site-packages/airflow/utils/timeout.py", line 69, in handle_timeout
[2026-08-12T03:55:49.972+0000] {logging_mixin.py:188} WARNING -     raise AirflowTaskTimeout(self.error_message)
[2026-08-12T03:55:49.973+0000] {logging_mixin.py:188} WARNING - airflow.exceptions.AirflowTaskTimeout: DagBag import timeout for /opt/airflow/dags/load_ergast_data.py after 30.0s.
Please take a look at these docs to improve your DAG import time:
* https://airflow.apache.org/docs/apache-airflow/2.9.1/best-practices.html#top-level-python-code
* https://airflow.apache.org/docs/apache-airflow/2.9.1/best-practices.html#reducing-dag-complexity, PID: 4127
[2026-08-12T03:55:50.320+0000] {processor.py:840} INFO - DAG(s) 'load_ergast_data' retrieved from /opt/airflow/dags/load_ergast_data.py
[2026-08-12T03:55:50.384+0000] {logging_mixin.py:188} INFO - [2026-08-12T03:55:50.383+0000] {dag.py:3096} INFO - Sync 1 DAGs
[2026-08-12T03:55:50.419+0000] {logging_mixin.py:188} INFO - [2026-08-12T03:55:50.419+0000] {dag.py:3954} INFO - Setting next_dagrun for load_ergast_data to None, run_after=None
[2026-08-12T03:55:50.468+0000] {processor.py:183} INFO - Processing /opt/airflow/dags/load_ergast_data.py took 35.708 seconds
[2026-08-12T03:56:20.850+0000] {processor.py:161} INFO - Started process (PID=4152) to work on /opt/airflow/dags/load_ergast_data.py
[2026-08-12T03:56:20.852+0000] {processor.py:830} INFO - Processing file /opt/airflow/dags/load_ergast_data.py for tasks to queue
[2026-08-12T03:56:20.854+0000] {logging_mixin.py:188} INFO - [2026-08-12T03:56:20.854+0000] {dagbag.py:545} INFO - Filling up the DagBag from /opt/airflow/dags/load_ergast_data.py
[2026-08-12T03:56:23.942+0000] {processor.py:840} INFO - DAG(s) 'load_ergast_data' retrieved from /opt/airflow/dags/load_ergast_data.py
[2026-08-12T03:56:24.010+0000] {logging_mixin.py:188} INFO - [2026-08-12T03:56:24.010+0000] {dag.py:3096} INFO - Sync 1 DAGs
[2026-08-12T03:56:24.046+0000] {logging_mixin.py:188} INFO - [2026-08-12T03:56:24.046+0000] {dag.py:3954} INFO - Setting next_dagrun for load_ergast_data to None, run_after=None
[2026-08-12T03:56:24.091+0000] {processor.py:183} INFO - Processing /opt/airflow/dags/load_ergast_data.py took 3.254 seconds
[2026-08-12T03:56:54.945+0000] {processor.py:161} INFO - Started process (PID=4168) to work on /opt/airflow/dags/load_ergast_data.py
[2026-08-12T03:56:54.961+0000] {processor.py:830} INFO - Processing file /opt/airflow/dags/load_ergast_data.py for tasks to queue
[2026-08-12T03:56:54.997+0000] {logging_mixin.py:188} INFO - [2026-08-12T03:56:54.995+0000] {dagbag.py:545} INFO - Filling up the DagBag from /opt/airflow/dags/load_ergast_data.py
[2026-08-12T03:57:23.931+0000] {processor.py:840} INFO - DAG(s) 'load_ergast_data' retrieved from /opt/airflow/dags/load_ergast_data.py
[2026-08-12T03:57:23.960+0000] {logging_mixin.py:188} INFO - [2026-08-12T03:57:23.959+0000] {dag.py:3096} INFO - Sync 1 DAGs
[2026-08-12T03:57:23.972+0000] {logging_mixin.py:188} INFO - [2026-08-12T03:57:23.972+0000] {dag.py:3954} INFO - Setting next_dagrun for load_ergast_data to None, run_after=None
[2026-08-12T03:57:24.006+0000] {processor.py:183} INFO - Processing /opt/airflow/dags/load_ergast_data.py took 24.920 seconds
[2026-08-12T03:57:54.754+0000] {processor.py:161} INFO - Started process (PID=4194) to work on /opt/airflow/dags/load_ergast_data.py
[2026-08-12T03:57:54.758+0000] {processor.py:830} INFO - Processing file /opt/airflow/dags/load_ergast_data.py for tasks to queue
[2026-08-12T03:57:54.761+0000] {logging_mixin.py:188} INFO - [2026-08-12T03:57:54.760+0000] {dagbag.py:545} INFO - Filling up the DagBag from /opt/airflow/dags/load_ergast_data.py
[2026-08-12T03:58:12.185+0000] {processor.py:840} INFO - DAG(s) 'load_ergast_data' retrieved from /opt/airflow/dags/load_ergast_data.py
[2026-08-12T03:58:12.230+0000] {logging_mixin.py:188} INFO - [2026-08-12T03:58:12.228+0000] {dag.py:3096} INFO - Sync 1 DAGs
[2026-08-12T03:58:12.259+0000] {logging_mixin.py:188} INFO - [2026-08-12T03:58:12.258+0000] {dag.py:3954} INFO - Setting next_dagrun for load_ergast_data to None, run_after=None
[2026-08-12T03:58:12.285+0000] {processor.py:183} INFO - Processing /opt/airflow/dags/load_ergast_data.py took 17.544 seconds
[2026-08-12T03:58:50.356+0000] {processor.py:161} INFO - Started process (PID=4210) to work on /opt/airflow/dags/load_ergast_data.py
[2026-08-12T03:58:50.397+0000] {processor.py:830} INFO - Processing file /opt/airflow/dags/load_ergast_data.py for tasks to queue
[2026-08-12T03:58:50.469+0000] {logging_mixin.py:188} INFO - [2026-08-12T03:58:50.463+0000] {dagbag.py:545} INFO - Filling up the DagBag from /opt/airflow/dags/load_ergast_data.py
[2026-08-12T03:59:18.546+0000] {processor.py:840} INFO - DAG(s) 'load_ergast_data' retrieved from /opt/airflow/dags/load_ergast_data.py
[2026-08-12T03:59:18.645+0000] {logging_mixin.py:188} INFO - [2026-08-12T03:59:18.644+0000] {dag.py:3096} INFO - Sync 1 DAGs
[2026-08-12T03:59:18.693+0000] {logging_mixin.py:188} INFO - [2026-08-12T03:59:18.691+0000] {dag.py:3954} INFO - Setting next_dagrun for load_ergast_data to None, run_after=None
[2026-08-12T03:59:18.757+0000] {processor.py:183} INFO - Processing /opt/airflow/dags/load_ergast_data.py took 25.282 seconds
[2026-08-12T03:59:49.037+0000] {processor.py:161} INFO - Started process (PID=4236) to work on /opt/airflow/dags/load_ergast_data.py
[2026-08-12T03:59:49.039+0000] {processor.py:830} INFO - Processing file /opt/airflow/dags/load_ergast_data.py for tasks to queue
[2026-08-12T03:59:49.042+0000] {logging_mixin.py:188} INFO - [2026-08-12T03:59:49.042+0000] {dagbag.py:545} INFO - Filling up the DagBag from /opt/airflow/dags/load_ergast_data.py
[2026-08-12T03:59:51.098+0000] {processor.py:840} INFO - DAG(s) 'load_ergast_data' retrieved from /opt/airflow/dags/load_ergast_data.py
[2026-08-12T03:59:51.180+0000] {logging_mixin.py:188} INFO - [2026-08-12T03:59:51.179+0000] {dag.py:3096} INFO - Sync 1 DAGs
[2026-08-12T03:59:51.227+0000] {logging_mixin.py:188} INFO - [2026-08-12T03:59:51.227+0000] {dag.py:3954} INFO - Setting next_dagrun for load_ergast_data to None, run_after=None
[2026-08-12T03:59:51.286+0000] {processor.py:183} INFO - Processing /opt/airflow/dags/load_ergast_data.py took 2.257 seconds
[2026-08-12T04:00:21.605+0000] {processor.py:161} INFO - Started process (PID=4252) to work on /opt/airflow/dags/load_ergast_data.py
[2026-08-12T04:00:21.617+0000] {processor.py:830} INFO - Processing file /opt/airflow/dags/load_ergast_data.py for tasks to queue
[2026-08-12T04:00:21.624+0000] {logging_mixin.py:188} INFO - [2026-08-12T04:00:21.622+0000] {dagbag.py:545} INFO - Filling up the DagBag from /opt/airflow/dags/load_ergast_data.py
[2026-08-12T04:00:25.209+0000] {processor.py:840} INFO - DAG(s) 'load_ergast_data' retrieved from /opt/airflow/dags/load_ergast_data.py
[2026-08-12T04:00:25.293+0000] {logging_mixin.py:188} INFO - [2026-08-12T04:00:25.291+0000] {dag.py:3096} INFO - Sync 1 DAGs
[2026-08-12T04:00:25.348+0000] {logging_mixin.py:188} INFO - [2026-08-12T04:00:25.347+0000] {dag.py:3954} INFO - Setting next_dagrun for load_ergast_data to None, run_after=None
[2026-08-12T04:00:25.425+0000] {processor.py:183} INFO - Processing /opt/airflow/dags/load_ergast_data.py took 3.873 seconds
[2026-08-12T04:00:56.351+0000] {processor.py:161} INFO - Started process (PID=4268) to work on /opt/airflow/dags/load_ergast_data.py
[2026-08-12T04:00:56.355+0000] {processor.py:830} INFO - Processing file /opt/airflow/dags/load_ergast_data.py for tasks to queue
[2026-08-12T04:00:56.360+0000] {logging_mixin.py:188} INFO - [2026-08-12T04:00:56.358+0000] {dagbag.py:545} INFO - Filling up the DagBag from /opt/airflow/dags/load_ergast_data.py
[2026-08-12T04:01:02.503+0000] {processor.py:840} INFO - DAG(s) 'load_ergast_data' retrieved from /opt/airflow/dags/load_ergast_data.py
[2026-08-12T04:01:02.568+0000] {logging_mixin.py:188} INFO - [2026-08-12T04:01:02.567+0000] {dag.py:3096} INFO - Sync 1 DAGs
[2026-08-12T04:01:02.590+0000] {logging_mixin.py:188} INFO - [2026-08-12T04:01:02.589+0000] {dag.py:3954} INFO - Setting next_dagrun for load_ergast_data to None, run_after=None
[2026-08-12T04:01:02.620+0000] {processor.py:183} INFO - Processing /opt/airflow/dags/load_ergast_data.py took 6.360 seconds
[2026-08-12T04:01:33.292+0000] {processor.py:161} INFO - Started process (PID=4284) to work on /opt/airflow/dags/load_ergast_data.py
[2026-08-12T04:01:33.296+0000] {processor.py:830} INFO - Processing file /opt/airflow/dags/load_ergast_data.py for tasks to queue
[2026-08-12T04:01:33.299+0000] {logging_mixin.py:188} INFO - [2026-08-12T04:01:33.299+0000] {dagbag.py:545} INFO - Filling up the DagBag from /opt/airflow/dags/load_ergast_data.py
[2026-08-12T04:01:38.283+0000] {processor.py:840} INFO - DAG(s) 'load_ergast_data' retrieved from /opt/airflow/dags/load_ergast_data.py
[2026-08-12T04:01:38.329+0000] {logging_mixin.py:188} INFO - [2026-08-12T04:01:38.329+0000] {dag.py:3096} INFO - Sync 1 DAGs
[2026-08-12T04:01:38.347+0000] {logging_mixin.py:188} INFO - [2026-08-12T04:01:38.346+0000] {dag.py:3954} INFO - Setting next_dagrun for load_ergast_data to None, run_after=None
[2026-08-12T04:01:38.380+0000] {processor.py:183} INFO - Processing /opt/airflow/dags/load_ergast_data.py took 5.103 seconds
[2026-08-12T04:02:08.479+0000] {processor.py:161} INFO - Started process (PID=4300) to work on /opt/airflow/dags/load_ergast_data.py
[2026-08-12T04:02:08.482+0000] {processor.py:830} INFO - Processing file /opt/airflow/dags/load_ergast_data.py for tasks to queue
[2026-08-12T04:02:08.485+0000] {logging_mixin.py:188} INFO - [2026-08-12T04:02:08.484+0000] {dagbag.py:545} INFO - Filling up the DagBag from /opt/airflow/dags/load_ergast_data.py
[2026-08-12T04:02:11.514+0000] {processor.py:840} INFO - DAG(s) 'load_ergast_data' retrieved from /opt/airflow/dags/load_ergast_data.py
[2026-08-12T04:02:11.662+0000] {logging_mixin.py:188} INFO - [2026-08-12T04:02:11.661+0000] {dag.py:3096} INFO - Sync 1 DAGs
[2026-08-12T04:02:11.697+0000] {logging_mixin.py:188} INFO - [2026-08-12T04:02:11.697+0000] {dag.py:3954} INFO - Setting next_dagrun for load_ergast_data to None, run_after=None
[2026-08-12T04:02:11.743+0000] {processor.py:183} INFO - Processing /opt/airflow/dags/load_ergast_data.py took 3.278 seconds
[2026-08-12T04:02:42.477+0000] {processor.py:161} INFO - Started process (PID=4316) to work on /opt/airflow/dags/load_ergast_data.py
[2026-08-12T04:02:42.483+0000] {processor.py:830} INFO - Processing file /opt/airflow/dags/load_ergast_data.py for tasks to queue
[2026-08-12T04:02:42.487+0000] {logging_mixin.py:188} INFO - [2026-08-12T04:02:42.486+0000] {dagbag.py:545} INFO - Filling up the DagBag from /opt/airflow/dags/load_ergast_data.py
[2026-08-12T04:02:44.771+0000] {processor.py:840} INFO - DAG(s) 'load_ergast_data' retrieved from /opt/airflow/dags/load_ergast_data.py
[2026-08-12T04:02:44.932+0000] {logging_mixin.py:188} INFO - [2026-08-12T04:02:44.920+0000] {dag.py:3096} INFO - Sync 1 DAGs
[2026-08-12T04:02:45.522+0000] {logging_mixin.py:188} INFO - [2026-08-12T04:02:45.521+0000] {dag.py:3954} INFO - Setting next_dagrun for load_ergast_data to None, run_after=None
[2026-08-12T04:02:46.061+0000] {processor.py:183} INFO - Processing /opt/airflow/dags/load_ergast_data.py took 3.544 seconds
[2026-08-12T04:03:17.103+0000] {processor.py:161} INFO - Started process (PID=4332) to work on /opt/airflow/dags/load_ergast_data.py
[2026-08-12T04:03:17.105+0000] {processor.py:830} INFO - Processing file /opt/airflow/dags/load_ergast_data.py for tasks to queue
[2026-08-12T04:03:17.108+0000] {logging_mixin.py:188} INFO - [2026-08-12T04:03:17.107+0000] {dagbag.py:545} INFO - Filling up the DagBag from /opt/airflow/dags/load_ergast_data.py
[2026-08-12T04:03:28.057+0000] {processor.py:840} INFO - DAG(s) 'load_ergast_data' retrieved from /opt/airflow/dags/load_ergast_data.py
[2026-08-12T04:03:28.093+0000] {logging_mixin.py:188} INFO - [2026-08-12T04:03:28.092+0000] {dag.py:3096} INFO - Sync 1 DAGs
[2026-08-12T04:03:28.113+0000] {logging_mixin.py:188} INFO - [2026-08-12T04:03:28.112+0000] {dag.py:3954} INFO - Setting next_dagrun for load_ergast_data to None, run_after=None
[2026-08-12T04:03:28.176+0000] {processor.py:183} INFO - Processing /opt/airflow/dags/load_ergast_data.py took 9.364 seconds
[2026-08-12T04:04:01.826+0000] {processor.py:161} INFO - Started process (PID=4351) to work on /opt/airflow/dags/load_ergast_data.py
[2026-08-12T04:04:01.857+0000] {processor.py:830} INFO - Processing file /opt/airflow/dags/load_ergast_data.py for tasks to queue
[2026-08-12T04:04:01.860+0000] {logging_mixin.py:188} INFO - [2026-08-12T04:04:01.859+0000] {dagbag.py:545} INFO - Filling up the DagBag from /opt/airflow/dags/load_ergast_data.py
[2026-08-12T04:04:40.201+0000] {logging_mixin.py:188} INFO - [2026-08-12T04:04:40.200+0000] {timeout.py:68} ERROR - Process timed out, PID: 4351
[2026-08-12T04:04:40.203+0000] {logging_mixin.py:188} WARNING - Exception ignored in: <function WeakKeyDictionary.__init__.<locals>.remove at 0x7bc3cf558ae0>
[2026-08-12T04:04:40.214+0000] {logging_mixin.py:188} WARNING - Traceback (most recent call last):
[2026-08-12T04:04:40.216+0000] {logging_mixin.py:188} WARNING -   File "/usr/local/lib/python3.12/weakref.py", line 369, in remove
[2026-08-12T04:04:40.350+0000] {logging_mixin.py:188} WARNING -     def remove(k, selfref=ref(self)):
[2026-08-12T04:04:40.381+0000] {logging_mixin.py:188} WARNING -   File "/home/airflow/.local/lib/python3.12/site-packages/airflow/utils/timeout.py", line 69, in handle_timeout
[2026-08-12T04:04:40.388+0000] {logging_mixin.py:188} WARNING -     raise AirflowTaskTimeout(self.error_message)
[2026-08-12T04:04:40.394+0000] {logging_mixin.py:188} WARNING - airflow.exceptions.AirflowTaskTimeout: DagBag import timeout for /opt/airflow/dags/load_ergast_data.py after 30.0s.
Please take a look at these docs to improve your DAG import time:
* https://airflow.apache.org/docs/apache-airflow/2.9.1/best-practices.html#top-level-python-code
* https://airflow.apache.org/docs/apache-airflow/2.9.1/best-practices.html#reducing-dag-complexity, PID: 4351
[2026-08-12T04:04:40.780+0000] {processor.py:840} INFO - DAG(s) 'load_ergast_data' retrieved from /opt/airflow/dags/load_ergast_data.py
[2026-08-12T04:04:41.589+0000] {logging_mixin.py:188} INFO - [2026-08-12T04:04:41.552+0000] {dag.py:3096} INFO - Sync 1 DAGs
[2026-08-12T04:04:43.682+0000] {logging_mixin.py:188} INFO - [2026-08-12T04:04:43.682+0000] {dag.py:3954} INFO - Setting next_dagrun for load_ergast_data to None, run_after=None
[2026-08-12T04:04:44.495+0000] {processor.py:183} INFO - Processing /opt/airflow/dags/load_ergast_data.py took 39.287 seconds
[2026-08-12T04:05:15.850+0000] {processor.py:161} INFO - Started process (PID=4375) to work on /opt/airflow/dags/load_ergast_data.py
[2026-08-12T04:05:15.855+0000] {processor.py:830} INFO - Processing file /opt/airflow/dags/load_ergast_data.py for tasks to queue
[2026-08-12T04:05:15.871+0000] {logging_mixin.py:188} INFO - [2026-08-12T04:05:15.863+0000] {dagbag.py:545} INFO - Filling up the DagBag from /opt/airflow/dags/load_ergast_data.py
[2026-08-12T04:05:27.926+0000] {processor.py:840} INFO - DAG(s) 'load_ergast_data' retrieved from /opt/airflow/dags/load_ergast_data.py
[2026-08-12T04:05:28.034+0000] {logging_mixin.py:188} INFO - [2026-08-12T04:05:28.033+0000] {dag.py:3096} INFO - Sync 1 DAGs
[2026-08-12T04:05:28.086+0000] {logging_mixin.py:188} INFO - [2026-08-12T04:05:28.086+0000] {dag.py:3954} INFO - Setting next_dagrun for load_ergast_data to None, run_after=None
[2026-08-12T04:05:28.166+0000] {processor.py:183} INFO - Processing /opt/airflow/dags/load_ergast_data.py took 7.620 seconds
[2026-08-12T04:05:58.553+0000] {processor.py:161} INFO - Started process (PID=4400) to work on /opt/airflow/dags/load_ergast_data.py
[2026-08-12T04:05:58.563+0000] {processor.py:830} INFO - Processing file /opt/airflow/dags/load_ergast_data.py for tasks to queue
[2026-08-12T04:05:58.567+0000] {logging_mixin.py:188} INFO - [2026-08-12T04:05:58.566+0000] {dagbag.py:545} INFO - Filling up the DagBag from /opt/airflow/dags/load_ergast_data.py
[2026-08-12T04:06:06.349+0000] {processor.py:840} INFO - DAG(s) 'load_ergast_data' retrieved from /opt/airflow/dags/load_ergast_data.py
[2026-08-12T04:06:06.433+0000] {logging_mixin.py:188} INFO - [2026-08-12T04:06:06.432+0000] {dag.py:3096} INFO - Sync 1 DAGs
[2026-08-12T04:06:06.469+0000] {logging_mixin.py:188} INFO - [2026-08-12T04:06:06.468+0000] {dag.py:3954} INFO - Setting next_dagrun for load_ergast_data to None, run_after=None
[2026-08-12T04:06:06.538+0000] {processor.py:183} INFO - Processing /opt/airflow/dags/load_ergast_data.py took 8.013 seconds
[2026-08-12T04:06:37.188+0000] {processor.py:161} INFO - Started process (PID=4416) to work on /opt/airflow/dags/load_ergast_data.py
[2026-08-12T04:06:37.196+0000] {processor.py:830} INFO - Processing file /opt/airflow/dags/load_ergast_data.py for tasks to queue
[2026-08-12T04:06:37.202+0000] {logging_mixin.py:188} INFO - [2026-08-12T04:06:37.198+0000] {dagbag.py:545} INFO - Filling up the DagBag from /opt/airflow/dags/load_ergast_data.py
[2026-08-12T04:06:38.622+0000] {processor.py:840} INFO - DAG(s) 'load_ergast_data' retrieved from /opt/airflow/dags/load_ergast_data.py
[2026-08-12T04:06:38.675+0000] {logging_mixin.py:188} INFO - [2026-08-12T04:06:38.674+0000] {dag.py:3096} INFO - Sync 1 DAGs
[2026-08-12T04:06:38.693+0000] {logging_mixin.py:188} INFO - [2026-08-12T04:06:38.692+0000] {dag.py:3954} INFO - Setting next_dagrun for load_ergast_data to None, run_after=None
[2026-08-12T04:06:38.721+0000] {processor.py:183} INFO - Processing /opt/airflow/dags/load_ergast_data.py took 1.572 seconds
[2026-08-12T04:07:09.185+0000] {processor.py:161} INFO - Started process (PID=4432) to work on /opt/airflow/dags/load_ergast_data.py
[2026-08-12T04:07:09.190+0000] {processor.py:830} INFO - Processing file /opt/airflow/dags/load_ergast_data.py for tasks to queue
[2026-08-12T04:07:09.201+0000] {logging_mixin.py:188} INFO - [2026-08-12T04:07:09.198+0000] {dagbag.py:545} INFO - Filling up the DagBag from /opt/airflow/dags/load_ergast_data.py
[2026-08-12T04:07:24.312+0000] {processor.py:840} INFO - DAG(s) 'load_ergast_data' retrieved from /opt/airflow/dags/load_ergast_data.py
[2026-08-12T04:07:24.661+0000] {logging_mixin.py:188} INFO - [2026-08-12T04:07:24.660+0000] {dag.py:3096} INFO - Sync 1 DAGs
[2026-08-12T04:07:24.747+0000] {logging_mixin.py:188} INFO - [2026-08-12T04:07:24.747+0000] {dag.py:3954} INFO - Setting next_dagrun for load_ergast_data to None, run_after=None
[2026-08-12T04:07:24.863+0000] {processor.py:183} INFO - Processing /opt/airflow/dags/load_ergast_data.py took 14.207 seconds
[2026-08-12T04:07:55.381+0000] {processor.py:161} INFO - Started process (PID=4448) to work on /opt/airflow/dags/load_ergast_data.py
[2026-08-12T04:07:55.384+0000] {processor.py:830} INFO - Processing file /opt/airflow/dags/load_ergast_data.py for tasks to queue
[2026-08-12T04:07:55.389+0000] {logging_mixin.py:188} INFO - [2026-08-12T04:07:55.388+0000] {dagbag.py:545} INFO - Filling up the DagBag from /opt/airflow/dags/load_ergast_data.py
[2026-08-12T04:08:01.248+0000] {processor.py:840} INFO - DAG(s) 'load_ergast_data' retrieved from /opt/airflow/dags/load_ergast_data.py
[2026-08-12T04:08:01.323+0000] {logging_mixin.py:188} INFO - [2026-08-12T04:08:01.322+0000] {dag.py:3096} INFO - Sync 1 DAGs
[2026-08-12T04:08:01.364+0000] {logging_mixin.py:188} INFO - [2026-08-12T04:08:01.363+0000] {dag.py:3954} INFO - Setting next_dagrun for load_ergast_data to None, run_after=None
[2026-08-12T04:08:01.416+0000] {processor.py:183} INFO - Processing /opt/airflow/dags/load_ergast_data.py took 6.046 seconds
[2026-08-12T04:08:32.349+0000] {processor.py:161} INFO - Started process (PID=4474) to work on /opt/airflow/dags/load_ergast_data.py
[2026-08-12T04:08:32.376+0000] {processor.py:830} INFO - Processing file /opt/airflow/dags/load_ergast_data.py for tasks to queue
[2026-08-12T04:08:32.378+0000] {logging_mixin.py:188} INFO - [2026-08-12T04:08:32.378+0000] {dagbag.py:545} INFO - Filling up the DagBag from /opt/airflow/dags/load_ergast_data.py
[2026-08-12T04:08:34.649+0000] {processor.py:840} INFO - DAG(s) 'load_ergast_data' retrieved from /opt/airflow/dags/load_ergast_data.py
[2026-08-12T04:08:35.311+0000] {logging_mixin.py:188} INFO - [2026-08-12T04:08:35.310+0000] {dag.py:3096} INFO - Sync 1 DAGs
[2026-08-12T04:08:35.784+0000] {logging_mixin.py:188} INFO - [2026-08-12T04:08:35.784+0000] {dag.py:3954} INFO - Setting next_dagrun for load_ergast_data to None, run_after=None
[2026-08-12T04:08:35.964+0000] {processor.py:183} INFO - Processing /opt/airflow/dags/load_ergast_data.py took 3.625 seconds
[2026-08-12T04:09:06.429+0000] {processor.py:161} INFO - Started process (PID=4490) to work on /opt/airflow/dags/load_ergast_data.py
[2026-08-12T04:09:06.439+0000] {processor.py:830} INFO - Processing file /opt/airflow/dags/load_ergast_data.py for tasks to queue
[2026-08-12T04:09:06.445+0000] {logging_mixin.py:188} INFO - [2026-08-12T04:09:06.443+0000] {dagbag.py:545} INFO - Filling up the DagBag from /opt/airflow/dags/load_ergast_data.py
[2026-08-12T04:09:08.994+0000] {processor.py:840} INFO - DAG(s) 'load_ergast_data' retrieved from /opt/airflow/dags/load_ergast_data.py
[2026-08-12T04:09:09.033+0000] {logging_mixin.py:188} INFO - [2026-08-12T04:09:09.032+0000] {dag.py:3096} INFO - Sync 1 DAGs
[2026-08-12T04:09:09.058+0000] {logging_mixin.py:188} INFO - [2026-08-12T04:09:09.057+0000] {dag.py:3954} INFO - Setting next_dagrun for load_ergast_data to None, run_after=None
[2026-08-12T04:09:09.092+0000] {processor.py:183} INFO - Processing /opt/airflow/dags/load_ergast_data.py took 2.703 seconds
[2026-08-12T04:09:40.023+0000] {processor.py:161} INFO - Started process (PID=4506) to work on /opt/airflow/dags/load_ergast_data.py
[2026-08-12T04:09:40.026+0000] {processor.py:830} INFO - Processing file /opt/airflow/dags/load_ergast_data.py for tasks to queue
[2026-08-12T04:09:40.028+0000] {logging_mixin.py:188} INFO - [2026-08-12T04:09:40.027+0000] {dagbag.py:545} INFO - Filling up the DagBag from /opt/airflow/dags/load_ergast_data.py
[2026-08-12T04:09:40.941+0000] {processor.py:840} INFO - DAG(s) 'load_ergast_data' retrieved from /opt/airflow/dags/load_ergast_data.py
[2026-08-12T04:09:40.974+0000] {logging_mixin.py:188} INFO - [2026-08-12T04:09:40.974+0000] {dag.py:3096} INFO - Sync 1 DAGs
[2026-08-12T04:09:40.991+0000] {logging_mixin.py:188} INFO - [2026-08-12T04:09:40.990+0000] {dag.py:3954} INFO - Setting next_dagrun for load_ergast_data to None, run_after=None
[2026-08-12T04:09:41.024+0000] {processor.py:183} INFO - Processing /opt/airflow/dags/load_ergast_data.py took 1.010 seconds
[2026-08-12T04:10:11.527+0000] {processor.py:161} INFO - Started process (PID=4522) to work on /opt/airflow/dags/load_ergast_data.py
[2026-08-12T04:10:11.529+0000] {processor.py:830} INFO - Processing file /opt/airflow/dags/load_ergast_data.py for tasks to queue
[2026-08-12T04:10:11.531+0000] {logging_mixin.py:188} INFO - [2026-08-12T04:10:11.531+0000] {dagbag.py:545} INFO - Filling up the DagBag from /opt/airflow/dags/load_ergast_data.py
[2026-08-12T04:10:13.026+0000] {processor.py:840} INFO - DAG(s) 'load_ergast_data' retrieved from /opt/airflow/dags/load_ergast_data.py
[2026-08-12T04:10:13.054+0000] {logging_mixin.py:188} INFO - [2026-08-12T04:10:13.054+0000] {dag.py:3096} INFO - Sync 1 DAGs
[2026-08-12T04:10:13.065+0000] {logging_mixin.py:188} INFO - [2026-08-12T04:10:13.065+0000] {dag.py:3954} INFO - Setting next_dagrun for load_ergast_data to None, run_after=None
[2026-08-12T04:10:13.088+0000] {processor.py:183} INFO - Processing /opt/airflow/dags/load_ergast_data.py took 1.569 seconds
[2026-08-12T04:10:44.061+0000] {processor.py:161} INFO - Started process (PID=4538) to work on /opt/airflow/dags/load_ergast_data.py
[2026-08-12T04:10:44.063+0000] {processor.py:830} INFO - Processing file /opt/airflow/dags/load_ergast_data.py for tasks to queue
[2026-08-12T04:10:44.065+0000] {logging_mixin.py:188} INFO - [2026-08-12T04:10:44.064+0000] {dagbag.py:545} INFO - Filling up the DagBag from /opt/airflow/dags/load_ergast_data.py
[2026-08-12T04:10:44.749+0000] {processor.py:840} INFO - DAG(s) 'load_ergast_data' retrieved from /opt/airflow/dags/load_ergast_data.py
[2026-08-12T04:10:44.775+0000] {logging_mixin.py:188} INFO - [2026-08-12T04:10:44.774+0000] {dag.py:3096} INFO - Sync 1 DAGs
[2026-08-12T04:10:44.789+0000] {logging_mixin.py:188} INFO - [2026-08-12T04:10:44.788+0000] {dag.py:3954} INFO - Setting next_dagrun for load_ergast_data to None, run_after=None
[2026-08-12T04:10:44.813+0000] {processor.py:183} INFO - Processing /opt/airflow/dags/load_ergast_data.py took 0.758 seconds
[2026-08-12T04:11:15.784+0000] {processor.py:161} INFO - Started process (PID=4554) to work on /opt/airflow/dags/load_ergast_data.py
[2026-08-12T04:11:15.787+0000] {processor.py:830} INFO - Processing file /opt/airflow/dags/load_ergast_data.py for tasks to queue
[2026-08-12T04:11:15.789+0000] {logging_mixin.py:188} INFO - [2026-08-12T04:11:15.788+0000] {dagbag.py:545} INFO - Filling up the DagBag from /opt/airflow/dags/load_ergast_data.py
[2026-08-12T04:11:16.289+0000] {processor.py:840} INFO - DAG(s) 'load_ergast_data' retrieved from /opt/airflow/dags/load_ergast_data.py
[2026-08-12T04:11:16.320+0000] {logging_mixin.py:188} INFO - [2026-08-12T04:11:16.319+0000] {dag.py:3096} INFO - Sync 1 DAGs
[2026-08-12T04:11:16.333+0000] {logging_mixin.py:188} INFO - [2026-08-12T04:11:16.333+0000] {dag.py:3954} INFO - Setting next_dagrun for load_ergast_data to None, run_after=None
[2026-08-12T04:11:16.361+0000] {processor.py:183} INFO - Processing /opt/airflow/dags/load_ergast_data.py took 0.588 seconds
[2026-08-12T04:11:46.698+0000] {processor.py:161} INFO - Started process (PID=4570) to work on /opt/airflow/dags/load_ergast_data.py
[2026-08-12T04:11:46.700+0000] {processor.py:830} INFO - Processing file /opt/airflow/dags/load_ergast_data.py for tasks to queue
[2026-08-12T04:11:46.702+0000] {logging_mixin.py:188} INFO - [2026-08-12T04:11:46.701+0000] {dagbag.py:545} INFO - Filling up the DagBag from /opt/airflow/dags/load_ergast_data.py
[2026-08-12T04:11:47.154+0000] {processor.py:840} INFO - DAG(s) 'load_ergast_data' retrieved from /opt/airflow/dags/load_ergast_data.py
[2026-08-12T04:11:47.178+0000] {logging_mixin.py:188} INFO - [2026-08-12T04:11:47.177+0000] {dag.py:3096} INFO - Sync 1 DAGs
[2026-08-12T04:11:47.189+0000] {logging_mixin.py:188} INFO - [2026-08-12T04:11:47.189+0000] {dag.py:3954} INFO - Setting next_dagrun for load_ergast_data to None, run_after=None
[2026-08-12T04:11:47.212+0000] {processor.py:183} INFO - Processing /opt/airflow/dags/load_ergast_data.py took 0.521 seconds
[2026-08-12T04:12:18.925+0000] {processor.py:161} INFO - Started process (PID=4579) to work on /opt/airflow/dags/load_ergast_data.py
[2026-08-12T04:12:18.929+0000] {processor.py:830} INFO - Processing file /opt/airflow/dags/load_ergast_data.py for tasks to queue
[2026-08-12T04:12:18.932+0000] {logging_mixin.py:188} INFO - [2026-08-12T04:12:18.931+0000] {dagbag.py:545} INFO - Filling up the DagBag from /opt/airflow/dags/load_ergast_data.py
[2026-08-12T04:12:20.460+0000] {processor.py:840} INFO - DAG(s) 'load_ergast_data' retrieved from /opt/airflow/dags/load_ergast_data.py
[2026-08-12T04:12:20.520+0000] {logging_mixin.py:188} INFO - [2026-08-12T04:12:20.519+0000] {dag.py:3096} INFO - Sync 1 DAGs
[2026-08-12T04:12:20.536+0000] {logging_mixin.py:188} INFO - [2026-08-12T04:12:20.535+0000] {dag.py:3954} INFO - Setting next_dagrun for load_ergast_data to None, run_after=None
[2026-08-12T04:12:20.568+0000] {processor.py:183} INFO - Processing /opt/airflow/dags/load_ergast_data.py took 1.666 seconds
[2026-08-12T04:12:52.081+0000] {processor.py:161} INFO - Started process (PID=4595) to work on /opt/airflow/dags/load_ergast_data.py
[2026-08-12T04:12:52.085+0000] {processor.py:830} INFO - Processing file /opt/airflow/dags/load_ergast_data.py for tasks to queue
[2026-08-12T04:12:52.087+0000] {logging_mixin.py:188} INFO - [2026-08-12T04:12:52.086+0000] {dagbag.py:545} INFO - Filling up the DagBag from /opt/airflow/dags/load_ergast_data.py
[2026-08-12T04:12:53.158+0000] {processor.py:840} INFO - DAG(s) 'load_ergast_data' retrieved from /opt/airflow/dags/load_ergast_data.py
[2026-08-12T04:12:53.206+0000] {logging_mixin.py:188} INFO - [2026-08-12T04:12:53.205+0000] {dag.py:3096} INFO - Sync 1 DAGs
[2026-08-12T04:12:53.233+0000] {logging_mixin.py:188} INFO - [2026-08-12T04:12:53.232+0000] {dag.py:3954} INFO - Setting next_dagrun for load_ergast_data to None, run_after=None
[2026-08-12T04:12:53.263+0000] {processor.py:183} INFO - Processing /opt/airflow/dags/load_ergast_data.py took 1.195 seconds
[2026-08-12T04:13:26.080+0000] {processor.py:161} INFO - Started process (PID=4611) to work on /opt/airflow/dags/load_ergast_data.py
[2026-08-12T04:13:26.084+0000] {processor.py:830} INFO - Processing file /opt/airflow/dags/load_ergast_data.py for tasks to queue
[2026-08-12T04:13:26.087+0000] {logging_mixin.py:188} INFO - [2026-08-12T04:13:26.086+0000] {dagbag.py:545} INFO - Filling up the DagBag from /opt/airflow/dags/load_ergast_data.py
[2026-08-12T04:13:27.317+0000] {processor.py:840} INFO - DAG(s) 'load_ergast_data' retrieved from /opt/airflow/dags/load_ergast_data.py
[2026-08-12T04:13:27.351+0000] {logging_mixin.py:188} INFO - [2026-08-12T04:13:27.351+0000] {dag.py:3096} INFO - Sync 1 DAGs
[2026-08-12T04:13:27.366+0000] {logging_mixin.py:188} INFO - [2026-08-12T04:13:27.366+0000] {dag.py:3954} INFO - Setting next_dagrun for load_ergast_data to None, run_after=None
[2026-08-12T04:13:27.398+0000] {processor.py:183} INFO - Processing /opt/airflow/dags/load_ergast_data.py took 1.335 seconds
[2026-08-12T04:13:58.738+0000] {processor.py:161} INFO - Started process (PID=4627) to work on /opt/airflow/dags/load_ergast_data.py
[2026-08-12T04:13:58.740+0000] {processor.py:830} INFO - Processing file /opt/airflow/dags/load_ergast_data.py for tasks to queue
[2026-08-12T04:13:58.742+0000] {logging_mixin.py:188} INFO - [2026-08-12T04:13:58.742+0000] {dagbag.py:545} INFO - Filling up the DagBag from /opt/airflow/dags/load_ergast_data.py
[2026-08-12T04:13:59.617+0000] {processor.py:840} INFO - DAG(s) 'load_ergast_data' retrieved from /opt/airflow/dags/load_ergast_data.py
[2026-08-12T04:13:59.660+0000] {logging_mixin.py:188} INFO - [2026-08-12T04:13:59.659+0000] {dag.py:3096} INFO - Sync 1 DAGs
[2026-08-12T04:13:59.685+0000] {logging_mixin.py:188} INFO - [2026-08-12T04:13:59.685+0000] {dag.py:3954} INFO - Setting next_dagrun for load_ergast_data to None, run_after=None
[2026-08-12T04:13:59.713+0000] {processor.py:183} INFO - Processing /opt/airflow/dags/load_ergast_data.py took 0.987 seconds
[2026-08-12T04:14:32.267+0000] {processor.py:161} INFO - Started process (PID=4643) to work on /opt/airflow/dags/load_ergast_data.py
[2026-08-12T04:14:32.269+0000] {processor.py:830} INFO - Processing file /opt/airflow/dags/load_ergast_data.py for tasks to queue
[2026-08-12T04:14:32.271+0000] {logging_mixin.py:188} INFO - [2026-08-12T04:14:32.271+0000] {dagbag.py:545} INFO - Filling up the DagBag from /opt/airflow/dags/load_ergast_data.py
[2026-08-12T04:14:33.040+0000] {processor.py:840} INFO - DAG(s) 'load_ergast_data' retrieved from /opt/airflow/dags/load_ergast_data.py
[2026-08-12T04:14:33.067+0000] {logging_mixin.py:188} INFO - [2026-08-12T04:14:33.067+0000] {dag.py:3096} INFO - Sync 1 DAGs
[2026-08-12T04:14:33.083+0000] {logging_mixin.py:188} INFO - [2026-08-12T04:14:33.082+0000] {dag.py:3954} INFO - Setting next_dagrun for load_ergast_data to None, run_after=None
[2026-08-12T04:14:33.114+0000] {processor.py:183} INFO - Processing /opt/airflow/dags/load_ergast_data.py took 0.860 seconds
[2026-08-12T04:15:05.652+0000] {processor.py:161} INFO - Started process (PID=4659) to work on /opt/airflow/dags/load_ergast_data.py
[2026-08-12T04:15:05.657+0000] {processor.py:830} INFO - Processing file /opt/airflow/dags/load_ergast_data.py for tasks to queue
[2026-08-12T04:15:05.659+0000] {logging_mixin.py:188} INFO - [2026-08-12T04:15:05.658+0000] {dagbag.py:545} INFO - Filling up the DagBag from /opt/airflow/dags/load_ergast_data.py
[2026-08-12T04:15:06.415+0000] {processor.py:840} INFO - DAG(s) 'load_ergast_data' retrieved from /opt/airflow/dags/load_ergast_data.py
[2026-08-12T04:15:06.439+0000] {logging_mixin.py:188} INFO - [2026-08-12T04:15:06.438+0000] {dag.py:3096} INFO - Sync 1 DAGs
[2026-08-12T04:15:06.451+0000] {logging_mixin.py:188} INFO - [2026-08-12T04:15:06.450+0000] {dag.py:3954} INFO - Setting next_dagrun for load_ergast_data to None, run_after=None
[2026-08-12T04:15:06.474+0000] {processor.py:183} INFO - Processing /opt/airflow/dags/load_ergast_data.py took 0.839 seconds
[2026-08-12T04:15:39.243+0000] {processor.py:161} INFO - Started process (PID=4675) to work on /opt/airflow/dags/load_ergast_data.py
[2026-08-12T04:15:39.245+0000] {processor.py:830} INFO - Processing file /opt/airflow/dags/load_ergast_data.py for tasks to queue
[2026-08-12T04:15:39.247+0000] {logging_mixin.py:188} INFO - [2026-08-12T04:15:39.247+0000] {dagbag.py:545} INFO - Filling up the DagBag from /opt/airflow/dags/load_ergast_data.py
[2026-08-12T04:15:40.008+0000] {processor.py:840} INFO - DAG(s) 'load_ergast_data' retrieved from /opt/airflow/dags/load_ergast_data.py
[2026-08-12T04:15:40.038+0000] {logging_mixin.py:188} INFO - [2026-08-12T04:15:40.037+0000] {dag.py:3096} INFO - Sync 1 DAGs
[2026-08-12T04:15:40.054+0000] {logging_mixin.py:188} INFO - [2026-08-12T04:15:40.054+0000] {dag.py:3954} INFO - Setting next_dagrun for load_ergast_data to None, run_after=None
[2026-08-12T04:15:40.087+0000] {processor.py:183} INFO - Processing /opt/airflow/dags/load_ergast_data.py took 0.856 seconds
[2026-08-12T04:16:12.724+0000] {processor.py:161} INFO - Started process (PID=4691) to work on /opt/airflow/dags/load_ergast_data.py
[2026-08-12T04:16:12.726+0000] {processor.py:830} INFO - Processing file /opt/airflow/dags/load_ergast_data.py for tasks to queue
[2026-08-12T04:16:12.728+0000] {logging_mixin.py:188} INFO - [2026-08-12T04:16:12.727+0000] {dagbag.py:545} INFO - Filling up the DagBag from /opt/airflow/dags/load_ergast_data.py
[2026-08-12T04:16:13.530+0000] {processor.py:840} INFO - DAG(s) 'load_ergast_data' retrieved from /opt/airflow/dags/load_ergast_data.py
[2026-08-12T04:16:13.553+0000] {logging_mixin.py:188} INFO - [2026-08-12T04:16:13.553+0000] {dag.py:3096} INFO - Sync 1 DAGs
[2026-08-12T04:16:13.566+0000] {logging_mixin.py:188} INFO - [2026-08-12T04:16:13.566+0000] {dag.py:3954} INFO - Setting next_dagrun for load_ergast_data to None, run_after=None
[2026-08-12T04:16:13.596+0000] {processor.py:183} INFO - Processing /opt/airflow/dags/load_ergast_data.py took 0.890 seconds
[2026-08-12T04:16:46.149+0000] {processor.py:161} INFO - Started process (PID=4707) to work on /opt/airflow/dags/load_ergast_data.py
[2026-08-12T04:16:46.151+0000] {processor.py:830} INFO - Processing file /opt/airflow/dags/load_ergast_data.py for tasks to queue
[2026-08-12T04:16:46.154+0000] {logging_mixin.py:188} INFO - [2026-08-12T04:16:46.153+0000] {dagbag.py:545} INFO - Filling up the DagBag from /opt/airflow/dags/load_ergast_data.py
[2026-08-12T04:16:46.907+0000] {processor.py:840} INFO - DAG(s) 'load_ergast_data' retrieved from /opt/airflow/dags/load_ergast_data.py
[2026-08-12T04:16:46.949+0000] {logging_mixin.py:188} INFO - [2026-08-12T04:16:46.948+0000] {dag.py:3096} INFO - Sync 1 DAGs
[2026-08-12T04:16:46.977+0000] {logging_mixin.py:188} INFO - [2026-08-12T04:16:46.976+0000] {dag.py:3954} INFO - Setting next_dagrun for load_ergast_data to None, run_after=None
[2026-08-12T04:16:47.015+0000] {processor.py:183} INFO - Processing /opt/airflow/dags/load_ergast_data.py took 0.880 seconds
[2026-08-12T04:17:18.644+0000] {processor.py:161} INFO - Started process (PID=4723) to work on /opt/airflow/dags/load_ergast_data.py
[2026-08-12T04:17:18.647+0000] {processor.py:830} INFO - Processing file /opt/airflow/dags/load_ergast_data.py for tasks to queue
[2026-08-12T04:17:18.649+0000] {logging_mixin.py:188} INFO - [2026-08-12T04:17:18.649+0000] {dagbag.py:545} INFO - Filling up the DagBag from /opt/airflow/dags/load_ergast_data.py
[2026-08-12T04:17:19.581+0000] {processor.py:840} INFO - DAG(s) 'load_ergast_data' retrieved from /opt/airflow/dags/load_ergast_data.py
[2026-08-12T04:17:19.624+0000] {logging_mixin.py:188} INFO - [2026-08-12T04:17:19.623+0000] {dag.py:3096} INFO - Sync 1 DAGs
[2026-08-12T04:17:19.642+0000] {logging_mixin.py:188} INFO - [2026-08-12T04:17:19.642+0000] {dag.py:3954} INFO - Setting next_dagrun for load_ergast_data to None, run_after=None
[2026-08-12T04:17:19.670+0000] {processor.py:183} INFO - Processing /opt/airflow/dags/load_ergast_data.py took 1.037 seconds
[2026-08-12T04:17:52.318+0000] {processor.py:161} INFO - Started process (PID=4739) to work on /opt/airflow/dags/load_ergast_data.py
[2026-08-12T04:17:52.322+0000] {processor.py:830} INFO - Processing file /opt/airflow/dags/load_ergast_data.py for tasks to queue
[2026-08-12T04:17:52.327+0000] {logging_mixin.py:188} INFO - [2026-08-12T04:17:52.326+0000] {dagbag.py:545} INFO - Filling up the DagBag from /opt/airflow/dags/load_ergast_data.py
[2026-08-12T04:17:57.103+0000] {processor.py:840} INFO - DAG(s) 'load_ergast_data' retrieved from /opt/airflow/dags/load_ergast_data.py
[2026-08-12T04:17:57.154+0000] {logging_mixin.py:188} INFO - [2026-08-12T04:17:57.154+0000] {dag.py:3096} INFO - Sync 1 DAGs
[2026-08-12T04:17:57.172+0000] {logging_mixin.py:188} INFO - [2026-08-12T04:17:57.171+0000] {dag.py:3954} INFO - Setting next_dagrun for load_ergast_data to None, run_after=None
[2026-08-12T04:17:57.207+0000] {processor.py:183} INFO - Processing /opt/airflow/dags/load_ergast_data.py took 4.902 seconds
[2026-08-12T04:18:27.648+0000] {processor.py:161} INFO - Started process (PID=4762) to work on /opt/airflow/dags/load_ergast_data.py
[2026-08-12T04:18:27.651+0000] {processor.py:830} INFO - Processing file /opt/airflow/dags/load_ergast_data.py for tasks to queue
[2026-08-12T04:18:27.653+0000] {logging_mixin.py:188} INFO - [2026-08-12T04:18:27.653+0000] {dagbag.py:545} INFO - Filling up the DagBag from /opt/airflow/dags/load_ergast_data.py
[2026-08-12T04:18:28.707+0000] {processor.py:840} INFO - DAG(s) 'load_ergast_data' retrieved from /opt/airflow/dags/load_ergast_data.py
[2026-08-12T04:18:28.746+0000] {logging_mixin.py:188} INFO - [2026-08-12T04:18:28.745+0000] {dag.py:3096} INFO - Sync 1 DAGs
[2026-08-12T04:18:28.770+0000] {logging_mixin.py:188} INFO - [2026-08-12T04:18:28.770+0000] {dag.py:3954} INFO - Setting next_dagrun for load_ergast_data to None, run_after=None
[2026-08-12T04:18:28.805+0000] {processor.py:183} INFO - Processing /opt/airflow/dags/load_ergast_data.py took 1.166 seconds
[2026-08-12T04:18:59.676+0000] {processor.py:161} INFO - Started process (PID=4771) to work on /opt/airflow/dags/load_ergast_data.py
[2026-08-12T04:18:59.689+0000] {processor.py:830} INFO - Processing file /opt/airflow/dags/load_ergast_data.py for tasks to queue
[2026-08-12T04:18:59.698+0000] {logging_mixin.py:188} INFO - [2026-08-12T04:18:59.696+0000] {dagbag.py:545} INFO - Filling up the DagBag from /opt/airflow/dags/load_ergast_data.py
[2026-08-12T04:19:02.439+0000] {processor.py:840} INFO - DAG(s) 'load_ergast_data' retrieved from /opt/airflow/dags/load_ergast_data.py
[2026-08-12T04:19:02.577+0000] {logging_mixin.py:188} INFO - [2026-08-12T04:19:02.576+0000] {dag.py:3096} INFO - Sync 1 DAGs
[2026-08-12T04:19:02.646+0000] {logging_mixin.py:188} INFO - [2026-08-12T04:19:02.645+0000] {dag.py:3954} INFO - Setting next_dagrun for load_ergast_data to None, run_after=None
[2026-08-12T04:19:02.700+0000] {processor.py:183} INFO - Processing /opt/airflow/dags/load_ergast_data.py took 3.063 seconds
[2026-08-12T04:19:33.680+0000] {processor.py:161} INFO - Started process (PID=4794) to work on /opt/airflow/dags/load_ergast_data.py
[2026-08-12T04:19:33.682+0000] {processor.py:830} INFO - Processing file /opt/airflow/dags/load_ergast_data.py for tasks to queue
[2026-08-12T04:19:33.684+0000] {logging_mixin.py:188} INFO - [2026-08-12T04:19:33.684+0000] {dagbag.py:545} INFO - Filling up the DagBag from /opt/airflow/dags/load_ergast_data.py
[2026-08-12T04:19:35.062+0000] {processor.py:840} INFO - DAG(s) 'load_ergast_data' retrieved from /opt/airflow/dags/load_ergast_data.py
[2026-08-12T04:19:35.184+0000] {logging_mixin.py:188} INFO - [2026-08-12T04:19:35.183+0000] {dag.py:3096} INFO - Sync 1 DAGs
[2026-08-12T04:19:35.239+0000] {logging_mixin.py:188} INFO - [2026-08-12T04:19:35.239+0000] {dag.py:3954} INFO - Setting next_dagrun for load_ergast_data to None, run_after=None
[2026-08-12T04:19:35.279+0000] {processor.py:183} INFO - Processing /opt/airflow/dags/load_ergast_data.py took 1.607 seconds
[2026-08-12T04:20:05.730+0000] {processor.py:161} INFO - Started process (PID=4808) to work on /opt/airflow/dags/load_ergast_data.py
[2026-08-12T04:20:05.735+0000] {processor.py:830} INFO - Processing file /opt/airflow/dags/load_ergast_data.py for tasks to queue
[2026-08-12T04:20:05.737+0000] {logging_mixin.py:188} INFO - [2026-08-12T04:20:05.737+0000] {dagbag.py:545} INFO - Filling up the DagBag from /opt/airflow/dags/load_ergast_data.py
[2026-08-12T04:20:06.397+0000] {processor.py:840} INFO - DAG(s) 'load_ergast_data' retrieved from /opt/airflow/dags/load_ergast_data.py
[2026-08-12T04:20:06.423+0000] {logging_mixin.py:188} INFO - [2026-08-12T04:20:06.423+0000] {dag.py:3096} INFO - Sync 1 DAGs
[2026-08-12T04:20:06.439+0000] {logging_mixin.py:188} INFO - [2026-08-12T04:20:06.439+0000] {dag.py:3954} INFO - Setting next_dagrun for load_ergast_data to None, run_after=None
[2026-08-12T04:20:06.464+0000] {processor.py:183} INFO - Processing /opt/airflow/dags/load_ergast_data.py took 0.764 seconds
[2026-08-12T04:20:39.224+0000] {processor.py:161} INFO - Started process (PID=4819) to work on /opt/airflow/dags/load_ergast_data.py
[2026-08-12T04:20:39.226+0000] {processor.py:830} INFO - Processing file /opt/airflow/dags/load_ergast_data.py for tasks to queue
[2026-08-12T04:20:39.229+0000] {logging_mixin.py:188} INFO - [2026-08-12T04:20:39.228+0000] {dagbag.py:545} INFO - Filling up the DagBag from /opt/airflow/dags/load_ergast_data.py
[2026-08-12T04:20:39.924+0000] {processor.py:840} INFO - DAG(s) 'load_ergast_data' retrieved from /opt/airflow/dags/load_ergast_data.py
[2026-08-12T04:20:39.953+0000] {logging_mixin.py:188} INFO - [2026-08-12T04:20:39.952+0000] {dag.py:3096} INFO - Sync 1 DAGs
[2026-08-12T04:20:39.966+0000] {logging_mixin.py:188} INFO - [2026-08-12T04:20:39.966+0000] {dag.py:3954} INFO - Setting next_dagrun for load_ergast_data to None, run_after=None
[2026-08-12T04:20:39.991+0000] {processor.py:183} INFO - Processing /opt/airflow/dags/load_ergast_data.py took 0.782 seconds
[2026-08-12T04:21:12.512+0000] {processor.py:161} INFO - Started process (PID=4835) to work on /opt/airflow/dags/load_ergast_data.py
[2026-08-12T04:21:12.514+0000] {processor.py:830} INFO - Processing file /opt/airflow/dags/load_ergast_data.py for tasks to queue
[2026-08-12T04:21:12.526+0000] {logging_mixin.py:188} INFO - [2026-08-12T04:21:12.525+0000] {dagbag.py:545} INFO - Filling up the DagBag from /opt/airflow/dags/load_ergast_data.py
[2026-08-12T04:21:13.266+0000] {processor.py:840} INFO - DAG(s) 'load_ergast_data' retrieved from /opt/airflow/dags/load_ergast_data.py
[2026-08-12T04:21:13.310+0000] {logging_mixin.py:188} INFO - [2026-08-12T04:21:13.310+0000] {dag.py:3096} INFO - Sync 1 DAGs
[2026-08-12T04:21:13.334+0000] {logging_mixin.py:188} INFO - [2026-08-12T04:21:13.334+0000] {dag.py:3954} INFO - Setting next_dagrun for load_ergast_data to None, run_after=None
[2026-08-12T04:21:13.355+0000] {processor.py:183} INFO - Processing /opt/airflow/dags/load_ergast_data.py took 0.854 seconds
[2026-08-12T04:21:44.062+0000] {processor.py:161} INFO - Started process (PID=4853) to work on /opt/airflow/dags/load_ergast_data.py
[2026-08-12T04:21:44.070+0000] {processor.py:830} INFO - Processing file /opt/airflow/dags/load_ergast_data.py for tasks to queue
[2026-08-12T04:21:44.073+0000] {logging_mixin.py:188} INFO - [2026-08-12T04:21:44.072+0000] {dagbag.py:545} INFO - Filling up the DagBag from /opt/airflow/dags/load_ergast_data.py
[2026-08-12T04:21:46.003+0000] {processor.py:840} INFO - DAG(s) 'load_ergast_data' retrieved from /opt/airflow/dags/load_ergast_data.py
[2026-08-12T04:21:46.039+0000] {logging_mixin.py:188} INFO - [2026-08-12T04:21:46.039+0000] {dag.py:3096} INFO - Sync 1 DAGs
[2026-08-12T04:21:46.061+0000] {logging_mixin.py:188} INFO - [2026-08-12T04:21:46.060+0000] {dag.py:3954} INFO - Setting next_dagrun for load_ergast_data to None, run_after=None
[2026-08-12T04:21:46.092+0000] {processor.py:183} INFO - Processing /opt/airflow/dags/load_ergast_data.py took 2.039 seconds
[2026-08-12T04:22:16.369+0000] {processor.py:161} INFO - Started process (PID=4874) to work on /opt/airflow/dags/load_ergast_data.py
[2026-08-12T04:22:16.371+0000] {processor.py:830} INFO - Processing file /opt/airflow/dags/load_ergast_data.py for tasks to queue
[2026-08-12T04:22:16.372+0000] {logging_mixin.py:188} INFO - [2026-08-12T04:22:16.372+0000] {dagbag.py:545} INFO - Filling up the DagBag from /opt/airflow/dags/load_ergast_data.py
[2026-08-12T04:22:18.836+0000] {processor.py:840} INFO - DAG(s) 'load_ergast_data' retrieved from /opt/airflow/dags/load_ergast_data.py
[2026-08-12T04:22:18.882+0000] {logging_mixin.py:188} INFO - [2026-08-12T04:22:18.881+0000] {dag.py:3096} INFO - Sync 1 DAGs
[2026-08-12T04:22:18.907+0000] {logging_mixin.py:188} INFO - [2026-08-12T04:22:18.907+0000] {dag.py:3954} INFO - Setting next_dagrun for load_ergast_data to None, run_after=None
[2026-08-12T04:22:18.976+0000] {processor.py:183} INFO - Processing /opt/airflow/dags/load_ergast_data.py took 0.973 seconds
[2026-08-12T04:22:52.360+0000] {processor.py:161} INFO - Started process (PID=4890) to work on /opt/airflow/dags/load_ergast_data.py
[2026-08-12T04:22:52.364+0000] {processor.py:830} INFO - Processing file /opt/airflow/dags/load_ergast_data.py for tasks to queue
[2026-08-12T04:22:52.367+0000] {logging_mixin.py:188} INFO - [2026-08-12T04:22:52.366+0000] {dagbag.py:545} INFO - Filling up the DagBag from /opt/airflow/dags/load_ergast_data.py
[2026-08-12T04:22:53.566+0000] {processor.py:840} INFO - DAG(s) 'load_ergast_data' retrieved from /opt/airflow/dags/load_ergast_data.py
[2026-08-12T04:22:53.654+0000] {logging_mixin.py:188} INFO - [2026-08-12T04:22:53.652+0000] {dag.py:3096} INFO - Sync 1 DAGs
[2026-08-12T04:22:53.721+0000] {logging_mixin.py:188} INFO - [2026-08-12T04:22:53.717+0000] {dag.py:3954} INFO - Setting next_dagrun for load_ergast_data to None, run_after=None
[2026-08-12T04:22:53.809+0000] {processor.py:183} INFO - Processing /opt/airflow/dags/load_ergast_data.py took 1.461 seconds
[2026-08-12T04:23:26.276+0000] {processor.py:161} INFO - Started process (PID=4906) to work on /opt/airflow/dags/load_ergast_data.py
[2026-08-12T04:23:26.278+0000] {processor.py:830} INFO - Processing file /opt/airflow/dags/load_ergast_data.py for tasks to queue
[2026-08-12T04:23:26.280+0000] {logging_mixin.py:188} INFO - [2026-08-12T04:23:26.280+0000] {dagbag.py:545} INFO - Filling up the DagBag from /opt/airflow/dags/load_ergast_data.py
[2026-08-12T04:23:27.351+0000] {processor.py:840} INFO - DAG(s) 'load_ergast_data' retrieved from /opt/airflow/dags/load_ergast_data.py
[2026-08-12T04:23:27.392+0000] {logging_mixin.py:188} INFO - [2026-08-12T04:23:27.391+0000] {dag.py:3096} INFO - Sync 1 DAGs
[2026-08-12T04:23:27.407+0000] {logging_mixin.py:188} INFO - [2026-08-12T04:23:27.407+0000] {dag.py:3954} INFO - Setting next_dagrun for load_ergast_data to None, run_after=None
[2026-08-12T04:23:27.446+0000] {processor.py:183} INFO - Processing /opt/airflow/dags/load_ergast_data.py took 1.205 seconds
[2026-08-12T04:23:59.276+0000] {processor.py:161} INFO - Started process (PID=4922) to work on /opt/airflow/dags/load_ergast_data.py
[2026-08-12T04:23:59.278+0000] {processor.py:830} INFO - Processing file /opt/airflow/dags/load_ergast_data.py for tasks to queue
[2026-08-12T04:23:59.280+0000] {logging_mixin.py:188} INFO - [2026-08-12T04:23:59.280+0000] {dagbag.py:545} INFO - Filling up the DagBag from /opt/airflow/dags/load_ergast_data.py
[2026-08-12T04:24:00.317+0000] {processor.py:840} INFO - DAG(s) 'load_ergast_data' retrieved from /opt/airflow/dags/load_ergast_data.py
[2026-08-12T04:24:00.361+0000] {logging_mixin.py:188} INFO - [2026-08-12T04:24:00.361+0000] {dag.py:3096} INFO - Sync 1 DAGs
[2026-08-12T04:24:00.380+0000] {logging_mixin.py:188} INFO - [2026-08-12T04:24:00.380+0000] {dag.py:3954} INFO - Setting next_dagrun for load_ergast_data to None, run_after=None
[2026-08-12T04:24:00.402+0000] {processor.py:183} INFO - Processing /opt/airflow/dags/load_ergast_data.py took 1.134 seconds
[2026-08-12T04:24:32.264+0000] {processor.py:161} INFO - Started process (PID=4938) to work on /opt/airflow/dags/load_ergast_data.py
[2026-08-12T04:24:32.266+0000] {processor.py:830} INFO - Processing file /opt/airflow/dags/load_ergast_data.py for tasks to queue
[2026-08-12T04:24:32.269+0000] {logging_mixin.py:188} INFO - [2026-08-12T04:24:32.268+0000] {dagbag.py:545} INFO - Filling up the DagBag from /opt/airflow/dags/load_ergast_data.py
[2026-08-12T04:24:32.925+0000] {processor.py:840} INFO - DAG(s) 'load_ergast_data' retrieved from /opt/airflow/dags/load_ergast_data.py
[2026-08-12T04:24:32.959+0000] {logging_mixin.py:188} INFO - [2026-08-12T04:24:32.958+0000] {dag.py:3096} INFO - Sync 1 DAGs
[2026-08-12T04:24:32.972+0000] {logging_mixin.py:188} INFO - [2026-08-12T04:24:32.972+0000] {dag.py:3954} INFO - Setting next_dagrun for load_ergast_data to None, run_after=None
[2026-08-12T04:24:32.999+0000] {processor.py:183} INFO - Processing /opt/airflow/dags/load_ergast_data.py took 0.745 seconds
[2026-08-12T04:25:03.918+0000] {processor.py:161} INFO - Started process (PID=4954) to work on /opt/airflow/dags/load_ergast_data.py
[2026-08-12T04:25:03.920+0000] {processor.py:830} INFO - Processing file /opt/airflow/dags/load_ergast_data.py for tasks to queue
[2026-08-12T04:25:03.921+0000] {logging_mixin.py:188} INFO - [2026-08-12T04:25:03.921+0000] {dagbag.py:545} INFO - Filling up the DagBag from /opt/airflow/dags/load_ergast_data.py
[2026-08-12T04:25:04.849+0000] {processor.py:840} INFO - DAG(s) 'load_ergast_data' retrieved from /opt/airflow/dags/load_ergast_data.py
[2026-08-12T04:25:04.885+0000] {logging_mixin.py:188} INFO - [2026-08-12T04:25:04.884+0000] {dag.py:3096} INFO - Sync 1 DAGs
[2026-08-12T04:25:04.904+0000] {logging_mixin.py:188} INFO - [2026-08-12T04:25:04.903+0000] {dag.py:3954} INFO - Setting next_dagrun for load_ergast_data to None, run_after=None
[2026-08-12T04:25:04.935+0000] {processor.py:183} INFO - Processing /opt/airflow/dags/load_ergast_data.py took 1.024 seconds
[2026-08-12T04:25:35.196+0000] {processor.py:161} INFO - Started process (PID=4970) to work on /opt/airflow/dags/load_ergast_data.py
[2026-08-12T04:25:35.199+0000] {processor.py:830} INFO - Processing file /opt/airflow/dags/load_ergast_data.py for tasks to queue
[2026-08-12T04:25:35.202+0000] {logging_mixin.py:188} INFO - [2026-08-12T04:25:35.201+0000] {dagbag.py:545} INFO - Filling up the DagBag from /opt/airflow/dags/load_ergast_data.py
[2026-08-12T04:25:35.801+0000] {processor.py:840} INFO - DAG(s) 'load_ergast_data' retrieved from /opt/airflow/dags/load_ergast_data.py
[2026-08-12T04:25:35.830+0000] {logging_mixin.py:188} INFO - [2026-08-12T04:25:35.830+0000] {dag.py:3096} INFO - Sync 1 DAGs
[2026-08-12T04:25:35.846+0000] {logging_mixin.py:188} INFO - [2026-08-12T04:25:35.846+0000] {dag.py:3954} INFO - Setting next_dagrun for load_ergast_data to None, run_after=None
[2026-08-12T04:25:35.873+0000] {processor.py:183} INFO - Processing /opt/airflow/dags/load_ergast_data.py took 0.689 seconds
[2026-08-12T04:26:06.160+0000] {processor.py:161} INFO - Started process (PID=4986) to work on /opt/airflow/dags/load_ergast_data.py
[2026-08-12T04:26:06.163+0000] {processor.py:830} INFO - Processing file /opt/airflow/dags/load_ergast_data.py for tasks to queue
[2026-08-12T04:26:06.165+0000] {logging_mixin.py:188} INFO - [2026-08-12T04:26:06.164+0000] {dagbag.py:545} INFO - Filling up the DagBag from /opt/airflow/dags/load_ergast_data.py
[2026-08-12T04:26:06.903+0000] {processor.py:840} INFO - DAG(s) 'load_ergast_data' retrieved from /opt/airflow/dags/load_ergast_data.py
[2026-08-12T04:26:06.937+0000] {logging_mixin.py:188} INFO - [2026-08-12T04:26:06.936+0000] {dag.py:3096} INFO - Sync 1 DAGs
[2026-08-12T04:26:06.954+0000] {logging_mixin.py:188} INFO - [2026-08-12T04:26:06.953+0000] {dag.py:3954} INFO - Setting next_dagrun for load_ergast_data to None, run_after=None
[2026-08-12T04:26:06.977+0000] {processor.py:183} INFO - Processing /opt/airflow/dags/load_ergast_data.py took 0.826 seconds
[2026-08-12T04:26:37.858+0000] {processor.py:161} INFO - Started process (PID=5002) to work on /opt/airflow/dags/load_ergast_data.py
[2026-08-12T04:26:37.861+0000] {processor.py:830} INFO - Processing file /opt/airflow/dags/load_ergast_data.py for tasks to queue
[2026-08-12T04:26:37.863+0000] {logging_mixin.py:188} INFO - [2026-08-12T04:26:37.863+0000] {dagbag.py:545} INFO - Filling up the DagBag from /opt/airflow/dags/load_ergast_data.py
[2026-08-12T04:26:38.983+0000] {processor.py:840} INFO - DAG(s) 'load_ergast_data' retrieved from /opt/airflow/dags/load_ergast_data.py
[2026-08-12T04:26:39.033+0000] {logging_mixin.py:188} INFO - [2026-08-12T04:26:39.033+0000] {dag.py:3096} INFO - Sync 1 DAGs
[2026-08-12T04:26:39.056+0000] {logging_mixin.py:188} INFO - [2026-08-12T04:26:39.056+0000] {dag.py:3954} INFO - Setting next_dagrun for load_ergast_data to None, run_after=None
[2026-08-12T04:26:39.102+0000] {processor.py:183} INFO - Processing /opt/airflow/dags/load_ergast_data.py took 1.257 seconds
[2026-08-12T04:27:09.330+0000] {processor.py:161} INFO - Started process (PID=5018) to work on /opt/airflow/dags/load_ergast_data.py
[2026-08-12T04:27:09.333+0000] {processor.py:830} INFO - Processing file /opt/airflow/dags/load_ergast_data.py for tasks to queue
[2026-08-12T04:27:09.335+0000] {logging_mixin.py:188} INFO - [2026-08-12T04:27:09.335+0000] {dagbag.py:545} INFO - Filling up the DagBag from /opt/airflow/dags/load_ergast_data.py
[2026-08-12T04:27:10.280+0000] {processor.py:840} INFO - DAG(s) 'load_ergast_data' retrieved from /opt/airflow/dags/load_ergast_data.py
[2026-08-12T04:27:10.326+0000] {logging_mixin.py:188} INFO - [2026-08-12T04:27:10.326+0000] {dag.py:3096} INFO - Sync 1 DAGs
[2026-08-12T04:27:10.350+0000] {logging_mixin.py:188} INFO - [2026-08-12T04:27:10.349+0000] {dag.py:3954} INFO - Setting next_dagrun for load_ergast_data to None, run_after=None
[2026-08-12T04:27:10.383+0000] {processor.py:183} INFO - Processing /opt/airflow/dags/load_ergast_data.py took 1.064 seconds
[2026-08-12T04:27:41.376+0000] {processor.py:161} INFO - Started process (PID=5034) to work on /opt/airflow/dags/load_ergast_data.py
[2026-08-12T04:27:41.379+0000] {processor.py:830} INFO - Processing file /opt/airflow/dags/load_ergast_data.py for tasks to queue
[2026-08-12T04:27:41.382+0000] {logging_mixin.py:188} INFO - [2026-08-12T04:27:41.381+0000] {dagbag.py:545} INFO - Filling up the DagBag from /opt/airflow/dags/load_ergast_data.py
[2026-08-12T04:27:43.680+0000] {processor.py:840} INFO - DAG(s) 'load_ergast_data' retrieved from /opt/airflow/dags/load_ergast_data.py
[2026-08-12T04:27:43.816+0000] {logging_mixin.py:188} INFO - [2026-08-12T04:27:43.810+0000] {dag.py:3096} INFO - Sync 1 DAGs
[2026-08-12T04:27:43.894+0000] {logging_mixin.py:188} INFO - [2026-08-12T04:27:43.894+0000] {dag.py:3954} INFO - Setting next_dagrun for load_ergast_data to None, run_after=None
[2026-08-12T04:27:43.987+0000] {processor.py:183} INFO - Processing /opt/airflow/dags/load_ergast_data.py took 2.640 seconds
[2026-08-12T04:28:14.397+0000] {processor.py:161} INFO - Started process (PID=5050) to work on /opt/airflow/dags/load_ergast_data.py
[2026-08-12T04:28:14.404+0000] {processor.py:830} INFO - Processing file /opt/airflow/dags/load_ergast_data.py for tasks to queue
[2026-08-12T04:28:14.409+0000] {logging_mixin.py:188} INFO - [2026-08-12T04:28:14.407+0000] {dagbag.py:545} INFO - Filling up the DagBag from /opt/airflow/dags/load_ergast_data.py
[2026-08-12T04:28:16.741+0000] {processor.py:840} INFO - DAG(s) 'load_ergast_data' retrieved from /opt/airflow/dags/load_ergast_data.py
[2026-08-12T04:28:16.773+0000] {logging_mixin.py:188} INFO - [2026-08-12T04:28:16.773+0000] {dag.py:3096} INFO - Sync 1 DAGs
[2026-08-12T04:28:16.791+0000] {logging_mixin.py:188} INFO - [2026-08-12T04:28:16.791+0000] {dag.py:3954} INFO - Setting next_dagrun for load_ergast_data to None, run_after=None
[2026-08-12T04:28:16.819+0000] {processor.py:183} INFO - Processing /opt/airflow/dags/load_ergast_data.py took 2.468 seconds
[2026-08-12T04:28:47.479+0000] {processor.py:161} INFO - Started process (PID=5066) to work on /opt/airflow/dags/load_ergast_data.py
[2026-08-12T04:28:47.487+0000] {processor.py:830} INFO - Processing file /opt/airflow/dags/load_ergast_data.py for tasks to queue
[2026-08-12T04:28:47.491+0000] {logging_mixin.py:188} INFO - [2026-08-12T04:28:47.489+0000] {dagbag.py:545} INFO - Filling up the DagBag from /opt/airflow/dags/load_ergast_data.py
[2026-08-12T04:28:50.437+0000] {processor.py:840} INFO - DAG(s) 'load_ergast_data' retrieved from /opt/airflow/dags/load_ergast_data.py
[2026-08-12T04:28:50.540+0000] {logging_mixin.py:188} INFO - [2026-08-12T04:28:50.538+0000] {dag.py:3096} INFO - Sync 1 DAGs
[2026-08-12T04:28:50.580+0000] {logging_mixin.py:188} INFO - [2026-08-12T04:28:50.580+0000] {dag.py:3954} INFO - Setting next_dagrun for load_ergast_data to None, run_after=None
[2026-08-12T04:28:50.653+0000] {processor.py:183} INFO - Processing /opt/airflow/dags/load_ergast_data.py took 3.290 seconds
[2026-08-12T04:29:20.804+0000] {processor.py:161} INFO - Started process (PID=5082) to work on /opt/airflow/dags/load_ergast_data.py
[2026-08-12T04:29:20.806+0000] {processor.py:830} INFO - Processing file /opt/airflow/dags/load_ergast_data.py for tasks to queue
[2026-08-12T04:29:20.809+0000] {logging_mixin.py:188} INFO - [2026-08-12T04:29:20.808+0000] {dagbag.py:545} INFO - Filling up the DagBag from /opt/airflow/dags/load_ergast_data.py
[2026-08-12T04:29:21.749+0000] {processor.py:840} INFO - DAG(s) 'load_ergast_data' retrieved from /opt/airflow/dags/load_ergast_data.py
[2026-08-12T04:29:21.793+0000] {logging_mixin.py:188} INFO - [2026-08-12T04:29:21.792+0000] {dag.py:3096} INFO - Sync 1 DAGs
[2026-08-12T04:29:21.817+0000] {logging_mixin.py:188} INFO - [2026-08-12T04:29:21.816+0000] {dag.py:3954} INFO - Setting next_dagrun for load_ergast_data to None, run_after=None
[2026-08-12T04:29:21.851+0000] {processor.py:183} INFO - Processing /opt/airflow/dags/load_ergast_data.py took 1.061 seconds
[2026-08-12T04:29:51.954+0000] {processor.py:161} INFO - Started process (PID=5098) to work on /opt/airflow/dags/load_ergast_data.py
[2026-08-12T04:29:51.956+0000] {processor.py:830} INFO - Processing file /opt/airflow/dags/load_ergast_data.py for tasks to queue
[2026-08-12T04:29:51.958+0000] {logging_mixin.py:188} INFO - [2026-08-12T04:29:51.958+0000] {dagbag.py:545} INFO - Filling up the DagBag from /opt/airflow/dags/load_ergast_data.py
[2026-08-12T04:29:52.604+0000] {processor.py:840} INFO - DAG(s) 'load_ergast_data' retrieved from /opt/airflow/dags/load_ergast_data.py
[2026-08-12T04:29:52.658+0000] {logging_mixin.py:188} INFO - [2026-08-12T04:29:52.657+0000] {dag.py:3096} INFO - Sync 1 DAGs
[2026-08-12T04:29:52.684+0000] {logging_mixin.py:188} INFO - [2026-08-12T04:29:52.684+0000] {dag.py:3954} INFO - Setting next_dagrun for load_ergast_data to None, run_after=None
[2026-08-12T04:29:52.718+0000] {processor.py:183} INFO - Processing /opt/airflow/dags/load_ergast_data.py took 0.774 seconds
[2026-08-12T04:30:22.878+0000] {processor.py:161} INFO - Started process (PID=5114) to work on /opt/airflow/dags/load_ergast_data.py
[2026-08-12T04:30:22.883+0000] {processor.py:830} INFO - Processing file /opt/airflow/dags/load_ergast_data.py for tasks to queue
[2026-08-12T04:30:22.885+0000] {logging_mixin.py:188} INFO - [2026-08-12T04:30:22.885+0000] {dagbag.py:545} INFO - Filling up the DagBag from /opt/airflow/dags/load_ergast_data.py
[2026-08-12T04:30:23.504+0000] {processor.py:840} INFO - DAG(s) 'load_ergast_data' retrieved from /opt/airflow/dags/load_ergast_data.py
[2026-08-12T04:30:23.537+0000] {logging_mixin.py:188} INFO - [2026-08-12T04:30:23.536+0000] {dag.py:3096} INFO - Sync 1 DAGs
[2026-08-12T04:30:23.551+0000] {logging_mixin.py:188} INFO - [2026-08-12T04:30:23.550+0000] {dag.py:3954} INFO - Setting next_dagrun for load_ergast_data to None, run_after=None
[2026-08-12T04:30:23.578+0000] {processor.py:183} INFO - Processing /opt/airflow/dags/load_ergast_data.py took 0.707 seconds
[2026-08-12T04:30:53.647+0000] {processor.py:161} INFO - Started process (PID=5130) to work on /opt/airflow/dags/load_ergast_data.py
[2026-08-12T04:30:53.649+0000] {processor.py:830} INFO - Processing file /opt/airflow/dags/load_ergast_data.py for tasks to queue
[2026-08-12T04:30:53.651+0000] {logging_mixin.py:188} INFO - [2026-08-12T04:30:53.651+0000] {dagbag.py:545} INFO - Filling up the DagBag from /opt/airflow/dags/load_ergast_data.py
[2026-08-12T04:30:54.345+0000] {processor.py:840} INFO - DAG(s) 'load_ergast_data' retrieved from /opt/airflow/dags/load_ergast_data.py
[2026-08-12T04:30:54.376+0000] {logging_mixin.py:188} INFO - [2026-08-12T04:30:54.375+0000] {dag.py:3096} INFO - Sync 1 DAGs
[2026-08-12T04:30:54.390+0000] {logging_mixin.py:188} INFO - [2026-08-12T04:30:54.390+0000] {dag.py:3954} INFO - Setting next_dagrun for load_ergast_data to None, run_after=None
[2026-08-12T04:30:54.417+0000] {processor.py:183} INFO - Processing /opt/airflow/dags/load_ergast_data.py took 0.778 seconds
[2026-08-12T04:31:25.443+0000] {processor.py:161} INFO - Started process (PID=5146) to work on /opt/airflow/dags/load_ergast_data.py
[2026-08-12T04:31:25.477+0000] {processor.py:830} INFO - Processing file /opt/airflow/dags/load_ergast_data.py for tasks to queue
[2026-08-12T04:31:25.480+0000] {logging_mixin.py:188} INFO - [2026-08-12T04:31:25.479+0000] {dagbag.py:545} INFO - Filling up the DagBag from /opt/airflow/dags/load_ergast_data.py
[2026-08-12T04:31:26.604+0000] {processor.py:840} INFO - DAG(s) 'load_ergast_data' retrieved from /opt/airflow/dags/load_ergast_data.py
[2026-08-12T04:31:26.651+0000] {logging_mixin.py:188} INFO - [2026-08-12T04:31:26.650+0000] {dag.py:3096} INFO - Sync 1 DAGs
[2026-08-12T04:31:26.664+0000] {logging_mixin.py:188} INFO - [2026-08-12T04:31:26.664+0000] {dag.py:3954} INFO - Setting next_dagrun for load_ergast_data to None, run_after=None
[2026-08-12T04:31:26.693+0000] {processor.py:183} INFO - Processing /opt/airflow/dags/load_ergast_data.py took 1.264 seconds
[2026-08-12T04:31:57.687+0000] {processor.py:161} INFO - Started process (PID=5162) to work on /opt/airflow/dags/load_ergast_data.py
[2026-08-12T04:31:57.689+0000] {processor.py:830} INFO - Processing file /opt/airflow/dags/load_ergast_data.py for tasks to queue
[2026-08-12T04:31:57.692+0000] {logging_mixin.py:188} INFO - [2026-08-12T04:31:57.692+0000] {dagbag.py:545} INFO - Filling up the DagBag from /opt/airflow/dags/load_ergast_data.py
[2026-08-12T04:31:58.486+0000] {processor.py:840} INFO - DAG(s) 'load_ergast_data' retrieved from /opt/airflow/dags/load_ergast_data.py
[2026-08-12T04:31:58.528+0000] {logging_mixin.py:188} INFO - [2026-08-12T04:31:58.527+0000] {dag.py:3096} INFO - Sync 1 DAGs
[2026-08-12T04:31:58.559+0000] {logging_mixin.py:188} INFO - [2026-08-12T04:31:58.559+0000] {dag.py:3954} INFO - Setting next_dagrun for load_ergast_data to None, run_after=None
[2026-08-12T04:31:58.606+0000] {processor.py:183} INFO - Processing /opt/airflow/dags/load_ergast_data.py took 0.931 seconds
[2026-08-12T04:32:28.730+0000] {processor.py:161} INFO - Started process (PID=5178) to work on /opt/airflow/dags/load_ergast_data.py
[2026-08-12T04:32:28.734+0000] {processor.py:830} INFO - Processing file /opt/airflow/dags/load_ergast_data.py for tasks to queue
[2026-08-12T04:32:28.738+0000] {logging_mixin.py:188} INFO - [2026-08-12T04:32:28.736+0000] {dagbag.py:545} INFO - Filling up the DagBag from /opt/airflow/dags/load_ergast_data.py
[2026-08-12T04:32:30.525+0000] {processor.py:840} INFO - DAG(s) 'load_ergast_data' retrieved from /opt/airflow/dags/load_ergast_data.py
[2026-08-12T04:32:30.650+0000] {logging_mixin.py:188} INFO - [2026-08-12T04:32:30.648+0000] {dag.py:3096} INFO - Sync 1 DAGs
[2026-08-12T04:32:30.722+0000] {logging_mixin.py:188} INFO - [2026-08-12T04:32:30.721+0000] {dag.py:3954} INFO - Setting next_dagrun for load_ergast_data to None, run_after=None
[2026-08-12T04:32:30.773+0000] {processor.py:183} INFO - Processing /opt/airflow/dags/load_ergast_data.py took 2.070 seconds
[2026-08-12T04:33:01.859+0000] {processor.py:161} INFO - Started process (PID=5194) to work on /opt/airflow/dags/load_ergast_data.py
[2026-08-12T04:33:01.863+0000] {processor.py:830} INFO - Processing file /opt/airflow/dags/load_ergast_data.py for tasks to queue
[2026-08-12T04:33:01.870+0000] {logging_mixin.py:188} INFO - [2026-08-12T04:33:01.869+0000] {dagbag.py:545} INFO - Filling up the DagBag from /opt/airflow/dags/load_ergast_data.py
[2026-08-12T04:33:04.410+0000] {processor.py:840} INFO - DAG(s) 'load_ergast_data' retrieved from /opt/airflow/dags/load_ergast_data.py
[2026-08-12T04:33:04.517+0000] {logging_mixin.py:188} INFO - [2026-08-12T04:33:04.516+0000] {dag.py:3096} INFO - Sync 1 DAGs
[2026-08-12T04:33:04.552+0000] {logging_mixin.py:188} INFO - [2026-08-12T04:33:04.551+0000] {dag.py:3954} INFO - Setting next_dagrun for load_ergast_data to None, run_after=None
[2026-08-12T04:33:04.595+0000] {processor.py:183} INFO - Processing /opt/airflow/dags/load_ergast_data.py took 2.767 seconds
[2026-08-12T04:33:34.711+0000] {processor.py:161} INFO - Started process (PID=5210) to work on /opt/airflow/dags/load_ergast_data.py
[2026-08-12T04:33:34.715+0000] {processor.py:830} INFO - Processing file /opt/airflow/dags/load_ergast_data.py for tasks to queue
[2026-08-12T04:33:34.719+0000] {logging_mixin.py:188} INFO - [2026-08-12T04:33:34.719+0000] {dagbag.py:545} INFO - Filling up the DagBag from /opt/airflow/dags/load_ergast_data.py
[2026-08-12T04:33:36.423+0000] {processor.py:840} INFO - DAG(s) 'load_ergast_data' retrieved from /opt/airflow/dags/load_ergast_data.py
[2026-08-12T04:33:36.487+0000] {logging_mixin.py:188} INFO - [2026-08-12T04:33:36.487+0000] {dag.py:3096} INFO - Sync 1 DAGs
[2026-08-12T04:33:36.509+0000] {logging_mixin.py:188} INFO - [2026-08-12T04:33:36.508+0000] {dag.py:3954} INFO - Setting next_dagrun for load_ergast_data to None, run_after=None
[2026-08-12T04:33:36.559+0000] {processor.py:183} INFO - Processing /opt/airflow/dags/load_ergast_data.py took 1.862 seconds
[2026-08-12T04:34:06.719+0000] {processor.py:161} INFO - Started process (PID=5226) to work on /opt/airflow/dags/load_ergast_data.py
[2026-08-12T04:34:06.722+0000] {processor.py:830} INFO - Processing file /opt/airflow/dags/load_ergast_data.py for tasks to queue
[2026-08-12T04:34:06.725+0000] {logging_mixin.py:188} INFO - [2026-08-12T04:34:06.724+0000] {dagbag.py:545} INFO - Filling up the DagBag from /opt/airflow/dags/load_ergast_data.py
[2026-08-12T04:34:12.888+0000] {processor.py:840} INFO - DAG(s) 'load_ergast_data' retrieved from /opt/airflow/dags/load_ergast_data.py
[2026-08-12T04:34:12.939+0000] {logging_mixin.py:188} INFO - [2026-08-12T04:34:12.938+0000] {dag.py:3096} INFO - Sync 1 DAGs
[2026-08-12T04:34:12.961+0000] {logging_mixin.py:188} INFO - [2026-08-12T04:34:12.960+0000] {dag.py:3954} INFO - Setting next_dagrun for load_ergast_data to None, run_after=None
[2026-08-12T04:34:13.003+0000] {processor.py:183} INFO - Processing /opt/airflow/dags/load_ergast_data.py took 1.454 seconds
[2026-08-12T04:34:43.969+0000] {processor.py:161} INFO - Started process (PID=5242) to work on /opt/airflow/dags/load_ergast_data.py
[2026-08-12T04:34:43.972+0000] {processor.py:830} INFO - Processing file /opt/airflow/dags/load_ergast_data.py for tasks to queue
[2026-08-12T04:34:43.975+0000] {logging_mixin.py:188} INFO - [2026-08-12T04:34:43.974+0000] {dagbag.py:545} INFO - Filling up the DagBag from /opt/airflow/dags/load_ergast_data.py
[2026-08-12T04:34:44.817+0000] {processor.py:840} INFO - DAG(s) 'load_ergast_data' retrieved from /opt/airflow/dags/load_ergast_data.py
[2026-08-12T04:34:44.871+0000] {logging_mixin.py:188} INFO - [2026-08-12T04:34:44.871+0000] {dag.py:3096} INFO - Sync 1 DAGs
[2026-08-12T04:34:44.898+0000] {logging_mixin.py:188} INFO - [2026-08-12T04:34:44.898+0000] {dag.py:3954} INFO - Setting next_dagrun for load_ergast_data to None, run_after=None
[2026-08-12T04:34:44.941+0000] {processor.py:183} INFO - Processing /opt/airflow/dags/load_ergast_data.py took 0.981 seconds
[2026-08-12T04:35:15.113+0000] {processor.py:161} INFO - Started process (PID=5258) to work on /opt/airflow/dags/load_ergast_data.py
[2026-08-12T04:35:15.115+0000] {processor.py:830} INFO - Processing file /opt/airflow/dags/load_ergast_data.py for tasks to queue
[2026-08-12T04:35:15.118+0000] {logging_mixin.py:188} INFO - [2026-08-12T04:35:15.117+0000] {dagbag.py:545} INFO - Filling up the DagBag from /opt/airflow/dags/load_ergast_data.py
[2026-08-12T04:35:16.931+0000] {processor.py:840} INFO - DAG(s) 'load_ergast_data' retrieved from /opt/airflow/dags/load_ergast_data.py
[2026-08-12T04:35:16.971+0000] {logging_mixin.py:188} INFO - [2026-08-12T04:35:16.970+0000] {dag.py:3096} INFO - Sync 1 DAGs
[2026-08-12T04:35:16.995+0000] {logging_mixin.py:188} INFO - [2026-08-12T04:35:16.994+0000] {dag.py:3954} INFO - Setting next_dagrun for load_ergast_data to None, run_after=None
[2026-08-12T04:35:17.028+0000] {processor.py:183} INFO - Processing /opt/airflow/dags/load_ergast_data.py took 1.923 seconds
[2026-08-12T04:35:47.715+0000] {processor.py:161} INFO - Started process (PID=5274) to work on /opt/airflow/dags/load_ergast_data.py
[2026-08-12T04:35:47.717+0000] {processor.py:830} INFO - Processing file /opt/airflow/dags/load_ergast_data.py for tasks to queue
[2026-08-12T04:35:47.719+0000] {logging_mixin.py:188} INFO - [2026-08-12T04:35:47.718+0000] {dagbag.py:545} INFO - Filling up the DagBag from /opt/airflow/dags/load_ergast_data.py
[2026-08-12T04:35:48.449+0000] {processor.py:840} INFO - DAG(s) 'load_ergast_data' retrieved from /opt/airflow/dags/load_ergast_data.py
[2026-08-12T04:35:48.474+0000] {logging_mixin.py:188} INFO - [2026-08-12T04:35:48.473+0000] {dag.py:3096} INFO - Sync 1 DAGs
[2026-08-12T04:35:48.484+0000] {logging_mixin.py:188} INFO - [2026-08-12T04:35:48.484+0000] {dag.py:3954} INFO - Setting next_dagrun for load_ergast_data to None, run_after=None
[2026-08-12T04:35:48.511+0000] {processor.py:183} INFO - Processing /opt/airflow/dags/load_ergast_data.py took 0.802 seconds
[2026-08-12T04:36:19.357+0000] {processor.py:161} INFO - Started process (PID=5290) to work on /opt/airflow/dags/load_ergast_data.py
[2026-08-12T04:36:19.358+0000] {processor.py:830} INFO - Processing file /opt/airflow/dags/load_ergast_data.py for tasks to queue
[2026-08-12T04:36:19.359+0000] {logging_mixin.py:188} INFO - [2026-08-12T04:36:19.359+0000] {dagbag.py:545} INFO - Filling up the DagBag from /opt/airflow/dags/load_ergast_data.py
[2026-08-12T04:36:19.728+0000] {processor.py:840} INFO - DAG(s) 'load_ergast_data' retrieved from /opt/airflow/dags/load_ergast_data.py
[2026-08-12T04:36:19.749+0000] {logging_mixin.py:188} INFO - [2026-08-12T04:36:19.749+0000] {dag.py:3096} INFO - Sync 1 DAGs
[2026-08-12T04:36:19.759+0000] {logging_mixin.py:188} INFO - [2026-08-12T04:36:19.759+0000] {dag.py:3954} INFO - Setting next_dagrun for load_ergast_data to None, run_after=None
[2026-08-12T04:36:19.779+0000] {processor.py:183} INFO - Processing /opt/airflow/dags/load_ergast_data.py took 0.428 seconds
[2026-08-12T04:36:50.554+0000] {processor.py:161} INFO - Started process (PID=5306) to work on /opt/airflow/dags/load_ergast_data.py
[2026-08-12T04:36:50.555+0000] {processor.py:830} INFO - Processing file /opt/airflow/dags/load_ergast_data.py for tasks to queue
[2026-08-12T04:36:50.557+0000] {logging_mixin.py:188} INFO - [2026-08-12T04:36:50.556+0000] {dagbag.py:545} INFO - Filling up the DagBag from /opt/airflow/dags/load_ergast_data.py
[2026-08-12T04:36:51.071+0000] {processor.py:840} INFO - DAG(s) 'load_ergast_data' retrieved from /opt/airflow/dags/load_ergast_data.py
[2026-08-12T04:36:51.092+0000] {logging_mixin.py:188} INFO - [2026-08-12T04:36:51.092+0000] {dag.py:3096} INFO - Sync 1 DAGs
[2026-08-12T04:36:51.102+0000] {logging_mixin.py:188} INFO - [2026-08-12T04:36:51.102+0000] {dag.py:3954} INFO - Setting next_dagrun for load_ergast_data to None, run_after=None
[2026-08-12T04:36:51.120+0000] {processor.py:183} INFO - Processing /opt/airflow/dags/load_ergast_data.py took 0.573 seconds
[2026-08-12T04:37:21.973+0000] {processor.py:161} INFO - Started process (PID=5322) to work on /opt/airflow/dags/load_ergast_data.py
[2026-08-12T04:37:21.974+0000] {processor.py:830} INFO - Processing file /opt/airflow/dags/load_ergast_data.py for tasks to queue
[2026-08-12T04:37:21.975+0000] {logging_mixin.py:188} INFO - [2026-08-12T04:37:21.975+0000] {dagbag.py:545} INFO - Filling up the DagBag from /opt/airflow/dags/load_ergast_data.py
[2026-08-12T04:37:22.420+0000] {processor.py:840} INFO - DAG(s) 'load_ergast_data' retrieved from /opt/airflow/dags/load_ergast_data.py
[2026-08-12T04:37:22.441+0000] {logging_mixin.py:188} INFO - [2026-08-12T04:37:22.441+0000] {dag.py:3096} INFO - Sync 1 DAGs
[2026-08-12T04:37:22.451+0000] {logging_mixin.py:188} INFO - [2026-08-12T04:37:22.451+0000] {dag.py:3954} INFO - Setting next_dagrun for load_ergast_data to None, run_after=None
[2026-08-12T04:37:22.470+0000] {processor.py:183} INFO - Processing /opt/airflow/dags/load_ergast_data.py took 0.504 seconds
[2026-08-12T04:37:53.237+0000] {processor.py:161} INFO - Started process (PID=5338) to work on /opt/airflow/dags/load_ergast_data.py
[2026-08-12T04:37:53.239+0000] {processor.py:830} INFO - Processing file /opt/airflow/dags/load_ergast_data.py for tasks to queue
[2026-08-12T04:37:53.240+0000] {logging_mixin.py:188} INFO - [2026-08-12T04:37:53.240+0000] {dagbag.py:545} INFO - Filling up the DagBag from /opt/airflow/dags/load_ergast_data.py
[2026-08-12T04:37:53.878+0000] {processor.py:840} INFO - DAG(s) 'load_ergast_data' retrieved from /opt/airflow/dags/load_ergast_data.py
[2026-08-12T04:37:53.902+0000] {logging_mixin.py:188} INFO - [2026-08-12T04:37:53.901+0000] {dag.py:3096} INFO - Sync 1 DAGs
[2026-08-12T04:37:53.915+0000] {logging_mixin.py:188} INFO - [2026-08-12T04:37:53.915+0000] {dag.py:3954} INFO - Setting next_dagrun for load_ergast_data to None, run_after=None
[2026-08-12T04:37:53.941+0000] {processor.py:183} INFO - Processing /opt/airflow/dags/load_ergast_data.py took 0.710 seconds
[2026-08-12T04:38:24.820+0000] {processor.py:161} INFO - Started process (PID=5354) to work on /opt/airflow/dags/load_ergast_data.py
[2026-08-12T04:38:24.822+0000] {processor.py:830} INFO - Processing file /opt/airflow/dags/load_ergast_data.py for tasks to queue
[2026-08-12T04:38:24.823+0000] {logging_mixin.py:188} INFO - [2026-08-12T04:38:24.823+0000] {dagbag.py:545} INFO - Filling up the DagBag from /opt/airflow/dags/load_ergast_data.py
[2026-08-12T04:38:25.241+0000] {processor.py:840} INFO - DAG(s) 'load_ergast_data' retrieved from /opt/airflow/dags/load_ergast_data.py
[2026-08-12T04:38:25.259+0000] {logging_mixin.py:188} INFO - [2026-08-12T04:38:25.259+0000] {dag.py:3096} INFO - Sync 1 DAGs
[2026-08-12T04:38:25.270+0000] {logging_mixin.py:188} INFO - [2026-08-12T04:38:25.270+0000] {dag.py:3954} INFO - Setting next_dagrun for load_ergast_data to None, run_after=None
[2026-08-12T04:38:25.292+0000] {processor.py:183} INFO - Processing /opt/airflow/dags/load_ergast_data.py took 0.480 seconds
[2026-08-12T04:38:56.183+0000] {processor.py:161} INFO - Started process (PID=5370) to work on /opt/airflow/dags/load_ergast_data.py
[2026-08-12T04:38:56.184+0000] {processor.py:830} INFO - Processing file /opt/airflow/dags/load_ergast_data.py for tasks to queue
[2026-08-12T04:38:56.186+0000] {logging_mixin.py:188} INFO - [2026-08-12T04:38:56.185+0000] {dagbag.py:545} INFO - Filling up the DagBag from /opt/airflow/dags/load_ergast_data.py
[2026-08-12T04:38:56.611+0000] {processor.py:840} INFO - DAG(s) 'load_ergast_data' retrieved from /opt/airflow/dags/load_ergast_data.py
[2026-08-12T04:38:56.632+0000] {logging_mixin.py:188} INFO - [2026-08-12T04:38:56.632+0000] {dag.py:3096} INFO - Sync 1 DAGs
[2026-08-12T04:38:56.642+0000] {logging_mixin.py:188} INFO - [2026-08-12T04:38:56.641+0000] {dag.py:3954} INFO - Setting next_dagrun for load_ergast_data to None, run_after=None
[2026-08-12T04:38:56.660+0000] {processor.py:183} INFO - Processing /opt/airflow/dags/load_ergast_data.py took 0.481 seconds
[2026-08-12T04:39:29.471+0000] {processor.py:161} INFO - Started process (PID=5389) to work on /opt/airflow/dags/load_ergast_data.py
[2026-08-12T04:39:29.473+0000] {processor.py:830} INFO - Processing file /opt/airflow/dags/load_ergast_data.py for tasks to queue
[2026-08-12T04:39:29.475+0000] {logging_mixin.py:188} INFO - [2026-08-12T04:39:29.474+0000] {dagbag.py:545} INFO - Filling up the DagBag from /opt/airflow/dags/load_ergast_data.py
[2026-08-12T04:39:30.047+0000] {processor.py:840} INFO - DAG(s) 'load_ergast_data' retrieved from /opt/airflow/dags/load_ergast_data.py
[2026-08-12T04:39:30.076+0000] {logging_mixin.py:188} INFO - [2026-08-12T04:39:30.075+0000] {dag.py:3096} INFO - Sync 1 DAGs
[2026-08-12T04:39:30.089+0000] {logging_mixin.py:188} INFO - [2026-08-12T04:39:30.089+0000] {dag.py:3954} INFO - Setting next_dagrun for load_ergast_data to None, run_after=None
[2026-08-12T04:39:30.113+0000] {processor.py:183} INFO - Processing /opt/airflow/dags/load_ergast_data.py took 0.650 seconds
[2026-08-12T04:40:02.737+0000] {processor.py:161} INFO - Started process (PID=5405) to work on /opt/airflow/dags/load_ergast_data.py
[2026-08-12T04:40:02.738+0000] {processor.py:830} INFO - Processing file /opt/airflow/dags/load_ergast_data.py for tasks to queue
[2026-08-12T04:40:02.740+0000] {logging_mixin.py:188} INFO - [2026-08-12T04:40:02.739+0000] {dagbag.py:545} INFO - Filling up the DagBag from /opt/airflow/dags/load_ergast_data.py
[2026-08-12T04:40:03.236+0000] {processor.py:840} INFO - DAG(s) 'load_ergast_data' retrieved from /opt/airflow/dags/load_ergast_data.py
[2026-08-12T04:40:03.260+0000] {logging_mixin.py:188} INFO - [2026-08-12T04:40:03.260+0000] {dag.py:3096} INFO - Sync 1 DAGs
[2026-08-12T04:40:03.277+0000] {logging_mixin.py:188} INFO - [2026-08-12T04:40:03.277+0000] {dag.py:3954} INFO - Setting next_dagrun for load_ergast_data to None, run_after=None
[2026-08-12T04:40:03.295+0000] {processor.py:183} INFO - Processing /opt/airflow/dags/load_ergast_data.py took 0.565 seconds
[2026-08-12T04:40:36.906+0000] {processor.py:161} INFO - Started process (PID=5421) to work on /opt/airflow/dags/load_ergast_data.py
[2026-08-12T04:40:36.908+0000] {processor.py:830} INFO - Processing file /opt/airflow/dags/load_ergast_data.py for tasks to queue
[2026-08-12T04:40:36.909+0000] {logging_mixin.py:188} INFO - [2026-08-12T04:40:36.909+0000] {dagbag.py:545} INFO - Filling up the DagBag from /opt/airflow/dags/load_ergast_data.py
[2026-08-12T04:40:37.386+0000] {processor.py:840} INFO - DAG(s) 'load_ergast_data' retrieved from /opt/airflow/dags/load_ergast_data.py
[2026-08-12T04:40:37.407+0000] {logging_mixin.py:188} INFO - [2026-08-12T04:40:37.407+0000] {dag.py:3096} INFO - Sync 1 DAGs
[2026-08-12T04:40:37.417+0000] {logging_mixin.py:188} INFO - [2026-08-12T04:40:37.416+0000] {dag.py:3954} INFO - Setting next_dagrun for load_ergast_data to None, run_after=None
[2026-08-12T04:40:37.434+0000] {processor.py:183} INFO - Processing /opt/airflow/dags/load_ergast_data.py took 0.536 seconds
[2026-08-12T04:41:09.940+0000] {processor.py:161} INFO - Started process (PID=5437) to work on /opt/airflow/dags/load_ergast_data.py
[2026-08-12T04:41:09.941+0000] {processor.py:830} INFO - Processing file /opt/airflow/dags/load_ergast_data.py for tasks to queue
[2026-08-12T04:41:09.943+0000] {logging_mixin.py:188} INFO - [2026-08-12T04:41:09.942+0000] {dagbag.py:545} INFO - Filling up the DagBag from /opt/airflow/dags/load_ergast_data.py
[2026-08-12T04:41:10.603+0000] {processor.py:840} INFO - DAG(s) 'load_ergast_data' retrieved from /opt/airflow/dags/load_ergast_data.py
[2026-08-12T04:41:10.628+0000] {logging_mixin.py:188} INFO - [2026-08-12T04:41:10.628+0000] {dag.py:3096} INFO - Sync 1 DAGs
[2026-08-12T04:41:10.641+0000] {logging_mixin.py:188} INFO - [2026-08-12T04:41:10.640+0000] {dag.py:3954} INFO - Setting next_dagrun for load_ergast_data to None, run_after=None
[2026-08-12T04:41:10.664+0000] {processor.py:183} INFO - Processing /opt/airflow/dags/load_ergast_data.py took 0.735 seconds
[2026-08-12T04:41:43.150+0000] {processor.py:161} INFO - Started process (PID=5453) to work on /opt/airflow/dags/load_ergast_data.py
[2026-08-12T04:41:43.162+0000] {processor.py:830} INFO - Processing file /opt/airflow/dags/load_ergast_data.py for tasks to queue
[2026-08-12T04:41:43.168+0000] {logging_mixin.py:188} INFO - [2026-08-12T04:41:43.166+0000] {dagbag.py:545} INFO - Filling up the DagBag from /opt/airflow/dags/load_ergast_data.py
[2026-08-12T04:41:43.832+0000] {processor.py:840} INFO - DAG(s) 'load_ergast_data' retrieved from /opt/airflow/dags/load_ergast_data.py
[2026-08-12T04:41:43.856+0000] {logging_mixin.py:188} INFO - [2026-08-12T04:41:43.855+0000] {dag.py:3096} INFO - Sync 1 DAGs
[2026-08-12T04:41:43.869+0000] {logging_mixin.py:188} INFO - [2026-08-12T04:41:43.868+0000] {dag.py:3954} INFO - Setting next_dagrun for load_ergast_data to None, run_after=None
[2026-08-12T04:41:43.890+0000] {processor.py:183} INFO - Processing /opt/airflow/dags/load_ergast_data.py took 0.763 seconds
[2026-08-12T04:42:16.193+0000] {processor.py:161} INFO - Started process (PID=5469) to work on /opt/airflow/dags/load_ergast_data.py
[2026-08-12T04:42:16.194+0000] {processor.py:830} INFO - Processing file /opt/airflow/dags/load_ergast_data.py for tasks to queue
[2026-08-12T04:42:16.196+0000] {logging_mixin.py:188} INFO - [2026-08-12T04:42:16.195+0000] {dagbag.py:545} INFO - Filling up the DagBag from /opt/airflow/dags/load_ergast_data.py
[2026-08-12T04:42:16.649+0000] {processor.py:840} INFO - DAG(s) 'load_ergast_data' retrieved from /opt/airflow/dags/load_ergast_data.py
[2026-08-12T04:42:16.672+0000] {logging_mixin.py:188} INFO - [2026-08-12T04:42:16.672+0000] {dag.py:3096} INFO - Sync 1 DAGs
[2026-08-12T04:42:16.682+0000] {logging_mixin.py:188} INFO - [2026-08-12T04:42:16.682+0000] {dag.py:3954} INFO - Setting next_dagrun for load_ergast_data to None, run_after=None
[2026-08-12T04:42:16.704+0000] {processor.py:183} INFO - Processing /opt/airflow/dags/load_ergast_data.py took 0.519 seconds
[2026-08-12T04:42:50.214+0000] {processor.py:161} INFO - Started process (PID=5485) to work on /opt/airflow/dags/load_ergast_data.py
[2026-08-12T04:42:50.216+0000] {processor.py:830} INFO - Processing file /opt/airflow/dags/load_ergast_data.py for tasks to queue
[2026-08-12T04:42:50.217+0000] {logging_mixin.py:188} INFO - [2026-08-12T04:42:50.217+0000] {dagbag.py:545} INFO - Filling up the DagBag from /opt/airflow/dags/load_ergast_data.py
[2026-08-12T04:42:50.739+0000] {processor.py:840} INFO - DAG(s) 'load_ergast_data' retrieved from /opt/airflow/dags/load_ergast_data.py
[2026-08-12T04:42:50.763+0000] {logging_mixin.py:188} INFO - [2026-08-12T04:42:50.762+0000] {dag.py:3096} INFO - Sync 1 DAGs
[2026-08-12T04:42:50.778+0000] {logging_mixin.py:188} INFO - [2026-08-12T04:42:50.778+0000] {dag.py:3954} INFO - Setting next_dagrun for load_ergast_data to None, run_after=None
[2026-08-12T04:42:50.801+0000] {processor.py:183} INFO - Processing /opt/airflow/dags/load_ergast_data.py took 0.596 seconds
[2026-08-12T04:43:23.272+0000] {processor.py:161} INFO - Started process (PID=5501) to work on /opt/airflow/dags/load_ergast_data.py
[2026-08-12T04:43:23.273+0000] {processor.py:830} INFO - Processing file /opt/airflow/dags/load_ergast_data.py for tasks to queue
[2026-08-12T04:43:23.275+0000] {logging_mixin.py:188} INFO - [2026-08-12T04:43:23.274+0000] {dagbag.py:545} INFO - Filling up the DagBag from /opt/airflow/dags/load_ergast_data.py
[2026-08-12T04:43:23.711+0000] {processor.py:840} INFO - DAG(s) 'load_ergast_data' retrieved from /opt/airflow/dags/load_ergast_data.py
[2026-08-12T04:43:23.730+0000] {logging_mixin.py:188} INFO - [2026-08-12T04:43:23.730+0000] {dag.py:3096} INFO - Sync 1 DAGs
[2026-08-12T04:43:23.739+0000] {logging_mixin.py:188} INFO - [2026-08-12T04:43:23.739+0000] {dag.py:3954} INFO - Setting next_dagrun for load_ergast_data to None, run_after=None
[2026-08-12T04:43:23.757+0000] {processor.py:183} INFO - Processing /opt/airflow/dags/load_ergast_data.py took 0.496 seconds
[2026-08-12T04:43:56.241+0000] {processor.py:161} INFO - Started process (PID=5517) to work on /opt/airflow/dags/load_ergast_data.py
[2026-08-12T04:43:56.242+0000] {processor.py:830} INFO - Processing file /opt/airflow/dags/load_ergast_data.py for tasks to queue
[2026-08-12T04:43:56.243+0000] {logging_mixin.py:188} INFO - [2026-08-12T04:43:56.243+0000] {dagbag.py:545} INFO - Filling up the DagBag from /opt/airflow/dags/load_ergast_data.py
[2026-08-12T04:43:56.710+0000] {processor.py:840} INFO - DAG(s) 'load_ergast_data' retrieved from /opt/airflow/dags/load_ergast_data.py
[2026-08-12T04:43:56.730+0000] {logging_mixin.py:188} INFO - [2026-08-12T04:43:56.730+0000] {dag.py:3096} INFO - Sync 1 DAGs
[2026-08-12T04:43:56.741+0000] {logging_mixin.py:188} INFO - [2026-08-12T04:43:56.740+0000] {dag.py:3954} INFO - Setting next_dagrun for load_ergast_data to None, run_after=None
[2026-08-12T04:43:56.759+0000] {processor.py:183} INFO - Processing /opt/airflow/dags/load_ergast_data.py took 0.525 seconds
[2026-08-12T04:44:30.266+0000] {processor.py:161} INFO - Started process (PID=5533) to work on /opt/airflow/dags/load_ergast_data.py
[2026-08-12T04:44:30.267+0000] {processor.py:830} INFO - Processing file /opt/airflow/dags/load_ergast_data.py for tasks to queue
[2026-08-12T04:44:30.269+0000] {logging_mixin.py:188} INFO - [2026-08-12T04:44:30.268+0000] {dagbag.py:545} INFO - Filling up the DagBag from /opt/airflow/dags/load_ergast_data.py
[2026-08-12T04:44:30.772+0000] {processor.py:840} INFO - DAG(s) 'load_ergast_data' retrieved from /opt/airflow/dags/load_ergast_data.py
[2026-08-12T04:44:30.796+0000] {logging_mixin.py:188} INFO - [2026-08-12T04:44:30.796+0000] {dag.py:3096} INFO - Sync 1 DAGs
[2026-08-12T04:44:30.805+0000] {logging_mixin.py:188} INFO - [2026-08-12T04:44:30.805+0000] {dag.py:3954} INFO - Setting next_dagrun for load_ergast_data to None, run_after=None
[2026-08-12T04:44:30.824+0000] {processor.py:183} INFO - Processing /opt/airflow/dags/load_ergast_data.py took 0.565 seconds
[2026-08-12T04:45:03.297+0000] {processor.py:161} INFO - Started process (PID=5549) to work on /opt/airflow/dags/load_ergast_data.py
[2026-08-12T04:45:03.298+0000] {processor.py:830} INFO - Processing file /opt/airflow/dags/load_ergast_data.py for tasks to queue
[2026-08-12T04:45:03.300+0000] {logging_mixin.py:188} INFO - [2026-08-12T04:45:03.300+0000] {dagbag.py:545} INFO - Filling up the DagBag from /opt/airflow/dags/load_ergast_data.py
[2026-08-12T04:45:03.733+0000] {processor.py:840} INFO - DAG(s) 'load_ergast_data' retrieved from /opt/airflow/dags/load_ergast_data.py
[2026-08-12T04:45:03.751+0000] {logging_mixin.py:188} INFO - [2026-08-12T04:45:03.751+0000] {dag.py:3096} INFO - Sync 1 DAGs
[2026-08-12T04:45:03.764+0000] {logging_mixin.py:188} INFO - [2026-08-12T04:45:03.764+0000] {dag.py:3954} INFO - Setting next_dagrun for load_ergast_data to None, run_after=None
[2026-08-12T04:45:03.782+0000] {processor.py:183} INFO - Processing /opt/airflow/dags/load_ergast_data.py took 0.492 seconds
[2026-08-12T04:45:36.676+0000] {processor.py:161} INFO - Started process (PID=5564) to work on /opt/airflow/dags/load_ergast_data.py
[2026-08-12T04:45:36.682+0000] {processor.py:830} INFO - Processing file /opt/airflow/dags/load_ergast_data.py for tasks to queue
[2026-08-12T04:45:36.690+0000] {logging_mixin.py:188} INFO - [2026-08-12T04:45:36.686+0000] {dagbag.py:545} INFO - Filling up the DagBag from /opt/airflow/dags/load_ergast_data.py
[2026-08-12T04:45:43.556+0000] {processor.py:840} INFO - DAG(s) 'load_ergast_data' retrieved from /opt/airflow/dags/load_ergast_data.py
[2026-08-12T04:45:43.627+0000] {logging_mixin.py:188} INFO - [2026-08-12T04:45:43.626+0000] {dag.py:3096} INFO - Sync 1 DAGs
[2026-08-12T04:45:43.657+0000] {logging_mixin.py:188} INFO - [2026-08-12T04:45:43.657+0000] {dag.py:3954} INFO - Setting next_dagrun for load_ergast_data to None, run_after=None
[2026-08-12T04:45:43.694+0000] {processor.py:183} INFO - Processing /opt/airflow/dags/load_ergast_data.py took 7.078 seconds
[2026-08-12T04:46:14.388+0000] {processor.py:161} INFO - Started process (PID=5588) to work on /opt/airflow/dags/load_ergast_data.py
[2026-08-12T04:46:14.390+0000] {processor.py:830} INFO - Processing file /opt/airflow/dags/load_ergast_data.py for tasks to queue
[2026-08-12T04:46:14.392+0000] {logging_mixin.py:188} INFO - [2026-08-12T04:46:14.391+0000] {dagbag.py:545} INFO - Filling up the DagBag from /opt/airflow/dags/load_ergast_data.py
[2026-08-12T04:46:15.168+0000] {processor.py:840} INFO - DAG(s) 'load_ergast_data' retrieved from /opt/airflow/dags/load_ergast_data.py
[2026-08-12T04:46:15.219+0000] {logging_mixin.py:188} INFO - [2026-08-12T04:46:15.218+0000] {dag.py:3096} INFO - Sync 1 DAGs
[2026-08-12T04:46:15.257+0000] {logging_mixin.py:188} INFO - [2026-08-12T04:46:15.256+0000] {dag.py:3954} INFO - Setting next_dagrun for load_ergast_data to None, run_after=None
[2026-08-12T04:46:15.311+0000] {processor.py:183} INFO - Processing /opt/airflow/dags/load_ergast_data.py took 0.931 seconds
[2026-08-12T04:46:46.181+0000] {processor.py:161} INFO - Started process (PID=5604) to work on /opt/airflow/dags/load_ergast_data.py
[2026-08-12T04:46:46.183+0000] {processor.py:830} INFO - Processing file /opt/airflow/dags/load_ergast_data.py for tasks to queue
[2026-08-12T04:46:46.184+0000] {logging_mixin.py:188} INFO - [2026-08-12T04:46:46.184+0000] {dagbag.py:545} INFO - Filling up the DagBag from /opt/airflow/dags/load_ergast_data.py
[2026-08-12T04:46:46.775+0000] {processor.py:840} INFO - DAG(s) 'load_ergast_data' retrieved from /opt/airflow/dags/load_ergast_data.py
[2026-08-12T04:46:46.800+0000] {logging_mixin.py:188} INFO - [2026-08-12T04:46:46.800+0000] {dag.py:3096} INFO - Sync 1 DAGs
[2026-08-12T04:46:46.809+0000] {logging_mixin.py:188} INFO - [2026-08-12T04:46:46.809+0000] {dag.py:3954} INFO - Setting next_dagrun for load_ergast_data to None, run_after=None
[2026-08-12T04:46:46.824+0000] {processor.py:183} INFO - Processing /opt/airflow/dags/load_ergast_data.py took 0.650 seconds
[2026-08-12T04:47:17.061+0000] {processor.py:161} INFO - Started process (PID=5613) to work on /opt/airflow/dags/load_ergast_data.py
[2026-08-12T04:47:17.062+0000] {processor.py:830} INFO - Processing file /opt/airflow/dags/load_ergast_data.py for tasks to queue
[2026-08-12T04:47:17.064+0000] {logging_mixin.py:188} INFO - [2026-08-12T04:47:17.064+0000] {dagbag.py:545} INFO - Filling up the DagBag from /opt/airflow/dags/load_ergast_data.py
[2026-08-12T04:47:17.687+0000] {processor.py:840} INFO - DAG(s) 'load_ergast_data' retrieved from /opt/airflow/dags/load_ergast_data.py
[2026-08-12T04:47:17.713+0000] {logging_mixin.py:188} INFO - [2026-08-12T04:47:17.713+0000] {dag.py:3096} INFO - Sync 1 DAGs
[2026-08-12T04:47:17.722+0000] {logging_mixin.py:188} INFO - [2026-08-12T04:47:17.722+0000] {dag.py:3954} INFO - Setting next_dagrun for load_ergast_data to None, run_after=None
[2026-08-12T04:47:17.750+0000] {processor.py:183} INFO - Processing /opt/airflow/dags/load_ergast_data.py took 0.699 seconds
[2026-08-12T04:47:47.904+0000] {processor.py:161} INFO - Started process (PID=5629) to work on /opt/airflow/dags/load_ergast_data.py
[2026-08-12T04:47:47.906+0000] {processor.py:830} INFO - Processing file /opt/airflow/dags/load_ergast_data.py for tasks to queue
[2026-08-12T04:47:47.907+0000] {logging_mixin.py:188} INFO - [2026-08-12T04:47:47.907+0000] {dagbag.py:545} INFO - Filling up the DagBag from /opt/airflow/dags/load_ergast_data.py
[2026-08-12T04:47:48.449+0000] {processor.py:840} INFO - DAG(s) 'load_ergast_data' retrieved from /opt/airflow/dags/load_ergast_data.py
[2026-08-12T04:47:48.467+0000] {logging_mixin.py:188} INFO - [2026-08-12T04:47:48.467+0000] {dag.py:3096} INFO - Sync 1 DAGs
[2026-08-12T04:47:48.476+0000] {logging_mixin.py:188} INFO - [2026-08-12T04:47:48.476+0000] {dag.py:3954} INFO - Setting next_dagrun for load_ergast_data to None, run_after=None
[2026-08-12T04:47:48.495+0000] {processor.py:183} INFO - Processing /opt/airflow/dags/load_ergast_data.py took 0.597 seconds
[2026-08-12T04:48:18.750+0000] {processor.py:161} INFO - Started process (PID=5652) to work on /opt/airflow/dags/load_ergast_data.py
[2026-08-12T04:48:18.751+0000] {processor.py:830} INFO - Processing file /opt/airflow/dags/load_ergast_data.py for tasks to queue
[2026-08-12T04:48:18.752+0000] {logging_mixin.py:188} INFO - [2026-08-12T04:48:18.752+0000] {dagbag.py:545} INFO - Filling up the DagBag from /opt/airflow/dags/load_ergast_data.py
[2026-08-12T04:48:19.125+0000] {processor.py:840} INFO - DAG(s) 'load_ergast_data' retrieved from /opt/airflow/dags/load_ergast_data.py
[2026-08-12T04:48:19.143+0000] {logging_mixin.py:188} INFO - [2026-08-12T04:48:19.143+0000] {dag.py:3096} INFO - Sync 1 DAGs
[2026-08-12T04:48:19.152+0000] {logging_mixin.py:188} INFO - [2026-08-12T04:48:19.152+0000] {dag.py:3954} INFO - Setting next_dagrun for load_ergast_data to None, run_after=None
[2026-08-12T04:48:19.170+0000] {processor.py:183} INFO - Processing /opt/airflow/dags/load_ergast_data.py took 0.425 seconds
[2026-08-12T04:48:49.274+0000] {processor.py:161} INFO - Started process (PID=5668) to work on /opt/airflow/dags/load_ergast_data.py
[2026-08-12T04:48:49.275+0000] {processor.py:830} INFO - Processing file /opt/airflow/dags/load_ergast_data.py for tasks to queue
[2026-08-12T04:48:49.277+0000] {logging_mixin.py:188} INFO - [2026-08-12T04:48:49.276+0000] {dagbag.py:545} INFO - Filling up the DagBag from /opt/airflow/dags/load_ergast_data.py
[2026-08-12T04:48:49.661+0000] {processor.py:840} INFO - DAG(s) 'load_ergast_data' retrieved from /opt/airflow/dags/load_ergast_data.py
[2026-08-12T04:48:49.680+0000] {logging_mixin.py:188} INFO - [2026-08-12T04:48:49.680+0000] {dag.py:3096} INFO - Sync 1 DAGs
[2026-08-12T04:48:49.689+0000] {logging_mixin.py:188} INFO - [2026-08-12T04:48:49.688+0000] {dag.py:3954} INFO - Setting next_dagrun for load_ergast_data to None, run_after=None
[2026-08-12T04:48:49.705+0000] {processor.py:183} INFO - Processing /opt/airflow/dags/load_ergast_data.py took 0.438 seconds
[2026-08-12T04:49:20.362+0000] {processor.py:161} INFO - Started process (PID=5684) to work on /opt/airflow/dags/load_ergast_data.py
[2026-08-12T04:49:20.365+0000] {processor.py:830} INFO - Processing file /opt/airflow/dags/load_ergast_data.py for tasks to queue
[2026-08-12T04:49:20.368+0000] {logging_mixin.py:188} INFO - [2026-08-12T04:49:20.367+0000] {dagbag.py:545} INFO - Filling up the DagBag from /opt/airflow/dags/load_ergast_data.py
[2026-08-12T04:49:21.044+0000] {processor.py:840} INFO - DAG(s) 'load_ergast_data' retrieved from /opt/airflow/dags/load_ergast_data.py
[2026-08-12T04:49:21.071+0000] {logging_mixin.py:188} INFO - [2026-08-12T04:49:21.071+0000] {dag.py:3096} INFO - Sync 1 DAGs
[2026-08-12T04:49:21.084+0000] {logging_mixin.py:188} INFO - [2026-08-12T04:49:21.084+0000] {dag.py:3954} INFO - Setting next_dagrun for load_ergast_data to None, run_after=None
[2026-08-12T04:49:21.104+0000] {processor.py:183} INFO - Processing /opt/airflow/dags/load_ergast_data.py took 0.760 seconds
[2026-08-12T04:49:51.917+0000] {processor.py:161} INFO - Started process (PID=5700) to work on /opt/airflow/dags/load_ergast_data.py
[2026-08-12T04:49:51.918+0000] {processor.py:830} INFO - Processing file /opt/airflow/dags/load_ergast_data.py for tasks to queue
[2026-08-12T04:49:51.920+0000] {logging_mixin.py:188} INFO - [2026-08-12T04:49:51.919+0000] {dagbag.py:545} INFO - Filling up the DagBag from /opt/airflow/dags/load_ergast_data.py
[2026-08-12T04:49:52.355+0000] {processor.py:840} INFO - DAG(s) 'load_ergast_data' retrieved from /opt/airflow/dags/load_ergast_data.py
[2026-08-12T04:49:52.375+0000] {logging_mixin.py:188} INFO - [2026-08-12T04:49:52.374+0000] {dag.py:3096} INFO - Sync 1 DAGs
[2026-08-12T04:49:52.383+0000] {logging_mixin.py:188} INFO - [2026-08-12T04:49:52.383+0000] {dag.py:3954} INFO - Setting next_dagrun for load_ergast_data to None, run_after=None
[2026-08-12T04:49:52.400+0000] {processor.py:183} INFO - Processing /opt/airflow/dags/load_ergast_data.py took 0.489 seconds
[2026-08-12T04:50:23.039+0000] {processor.py:161} INFO - Started process (PID=5716) to work on /opt/airflow/dags/load_ergast_data.py
[2026-08-12T04:50:23.040+0000] {processor.py:830} INFO - Processing file /opt/airflow/dags/load_ergast_data.py for tasks to queue
[2026-08-12T04:50:23.041+0000] {logging_mixin.py:188} INFO - [2026-08-12T04:50:23.041+0000] {dagbag.py:545} INFO - Filling up the DagBag from /opt/airflow/dags/load_ergast_data.py
[2026-08-12T04:50:23.458+0000] {processor.py:840} INFO - DAG(s) 'load_ergast_data' retrieved from /opt/airflow/dags/load_ergast_data.py
[2026-08-12T04:50:23.480+0000] {logging_mixin.py:188} INFO - [2026-08-12T04:50:23.480+0000] {dag.py:3096} INFO - Sync 1 DAGs
[2026-08-12T04:50:23.491+0000] {logging_mixin.py:188} INFO - [2026-08-12T04:50:23.490+0000] {dag.py:3954} INFO - Setting next_dagrun for load_ergast_data to None, run_after=None
[2026-08-12T04:50:23.507+0000] {processor.py:183} INFO - Processing /opt/airflow/dags/load_ergast_data.py took 0.474 seconds
[2026-08-12T04:50:53.769+0000] {processor.py:161} INFO - Started process (PID=5732) to work on /opt/airflow/dags/load_ergast_data.py
[2026-08-12T04:50:53.771+0000] {processor.py:830} INFO - Processing file /opt/airflow/dags/load_ergast_data.py for tasks to queue
[2026-08-12T04:50:53.772+0000] {logging_mixin.py:188} INFO - [2026-08-12T04:50:53.772+0000] {dagbag.py:545} INFO - Filling up the DagBag from /opt/airflow/dags/load_ergast_data.py
[2026-08-12T04:50:54.218+0000] {processor.py:840} INFO - DAG(s) 'load_ergast_data' retrieved from /opt/airflow/dags/load_ergast_data.py
[2026-08-12T04:50:54.241+0000] {logging_mixin.py:188} INFO - [2026-08-12T04:50:54.241+0000] {dag.py:3096} INFO - Sync 1 DAGs
[2026-08-12T04:50:54.251+0000] {logging_mixin.py:188} INFO - [2026-08-12T04:50:54.250+0000] {dag.py:3954} INFO - Setting next_dagrun for load_ergast_data to None, run_after=None
[2026-08-12T04:50:54.271+0000] {processor.py:183} INFO - Processing /opt/airflow/dags/load_ergast_data.py took 0.508 seconds
[2026-08-12T04:51:25.084+0000] {processor.py:161} INFO - Started process (PID=5748) to work on /opt/airflow/dags/load_ergast_data.py
[2026-08-12T04:51:25.085+0000] {processor.py:830} INFO - Processing file /opt/airflow/dags/load_ergast_data.py for tasks to queue
[2026-08-12T04:51:25.086+0000] {logging_mixin.py:188} INFO - [2026-08-12T04:51:25.086+0000] {dagbag.py:545} INFO - Filling up the DagBag from /opt/airflow/dags/load_ergast_data.py
[2026-08-12T04:51:25.464+0000] {processor.py:840} INFO - DAG(s) 'load_ergast_data' retrieved from /opt/airflow/dags/load_ergast_data.py
[2026-08-12T04:51:25.483+0000] {logging_mixin.py:188} INFO - [2026-08-12T04:51:25.483+0000] {dag.py:3096} INFO - Sync 1 DAGs
[2026-08-12T04:51:25.495+0000] {logging_mixin.py:188} INFO - [2026-08-12T04:51:25.495+0000] {dag.py:3954} INFO - Setting next_dagrun for load_ergast_data to None, run_after=None
[2026-08-12T04:51:25.515+0000] {processor.py:183} INFO - Processing /opt/airflow/dags/load_ergast_data.py took 0.437 seconds
[2026-08-12T04:51:56.112+0000] {processor.py:161} INFO - Started process (PID=5764) to work on /opt/airflow/dags/load_ergast_data.py
[2026-08-12T04:51:56.113+0000] {processor.py:830} INFO - Processing file /opt/airflow/dags/load_ergast_data.py for tasks to queue
[2026-08-12T04:51:56.114+0000] {logging_mixin.py:188} INFO - [2026-08-12T04:51:56.114+0000] {dagbag.py:545} INFO - Filling up the DagBag from /opt/airflow/dags/load_ergast_data.py
[2026-08-12T04:51:56.494+0000] {processor.py:840} INFO - DAG(s) 'load_ergast_data' retrieved from /opt/airflow/dags/load_ergast_data.py
[2026-08-12T04:51:56.514+0000] {logging_mixin.py:188} INFO - [2026-08-12T04:51:56.514+0000] {dag.py:3096} INFO - Sync 1 DAGs
[2026-08-12T04:51:56.523+0000] {logging_mixin.py:188} INFO - [2026-08-12T04:51:56.523+0000] {dag.py:3954} INFO - Setting next_dagrun for load_ergast_data to None, run_after=None
[2026-08-12T04:51:56.540+0000] {processor.py:183} INFO - Processing /opt/airflow/dags/load_ergast_data.py took 0.433 seconds
[2026-08-12T04:52:27.134+0000] {processor.py:161} INFO - Started process (PID=5780) to work on /opt/airflow/dags/load_ergast_data.py
[2026-08-12T04:52:27.137+0000] {processor.py:830} INFO - Processing file /opt/airflow/dags/load_ergast_data.py for tasks to queue
[2026-08-12T04:52:27.139+0000] {logging_mixin.py:188} INFO - [2026-08-12T04:52:27.138+0000] {dagbag.py:545} INFO - Filling up the DagBag from /opt/airflow/dags/load_ergast_data.py
[2026-08-12T04:52:27.612+0000] {processor.py:840} INFO - DAG(s) 'load_ergast_data' retrieved from /opt/airflow/dags/load_ergast_data.py
[2026-08-12T04:52:27.634+0000] {logging_mixin.py:188} INFO - [2026-08-12T04:52:27.634+0000] {dag.py:3096} INFO - Sync 1 DAGs
[2026-08-12T04:52:27.644+0000] {logging_mixin.py:188} INFO - [2026-08-12T04:52:27.644+0000] {dag.py:3954} INFO - Setting next_dagrun for load_ergast_data to None, run_after=None
[2026-08-12T04:52:27.661+0000] {processor.py:183} INFO - Processing /opt/airflow/dags/load_ergast_data.py took 0.535 seconds
[2026-08-12T04:52:58.669+0000] {processor.py:161} INFO - Started process (PID=5796) to work on /opt/airflow/dags/load_ergast_data.py
[2026-08-12T04:52:58.670+0000] {processor.py:830} INFO - Processing file /opt/airflow/dags/load_ergast_data.py for tasks to queue
[2026-08-12T04:52:58.671+0000] {logging_mixin.py:188} INFO - [2026-08-12T04:52:58.671+0000] {dagbag.py:545} INFO - Filling up the DagBag from /opt/airflow/dags/load_ergast_data.py
[2026-08-12T04:52:59.034+0000] {processor.py:840} INFO - DAG(s) 'load_ergast_data' retrieved from /opt/airflow/dags/load_ergast_data.py
[2026-08-12T04:52:59.054+0000] {logging_mixin.py:188} INFO - [2026-08-12T04:52:59.053+0000] {dag.py:3096} INFO - Sync 1 DAGs
[2026-08-12T04:52:59.062+0000] {logging_mixin.py:188} INFO - [2026-08-12T04:52:59.062+0000] {dag.py:3954} INFO - Setting next_dagrun for load_ergast_data to None, run_after=None
[2026-08-12T04:52:59.078+0000] {processor.py:183} INFO - Processing /opt/airflow/dags/load_ergast_data.py took 0.415 seconds
[2026-08-12T04:53:29.429+0000] {processor.py:161} INFO - Started process (PID=5812) to work on /opt/airflow/dags/load_ergast_data.py
[2026-08-12T04:53:29.430+0000] {processor.py:830} INFO - Processing file /opt/airflow/dags/load_ergast_data.py for tasks to queue
[2026-08-12T04:53:29.432+0000] {logging_mixin.py:188} INFO - [2026-08-12T04:53:29.431+0000] {dagbag.py:545} INFO - Filling up the DagBag from /opt/airflow/dags/load_ergast_data.py
[2026-08-12T04:53:29.910+0000] {processor.py:840} INFO - DAG(s) 'load_ergast_data' retrieved from /opt/airflow/dags/load_ergast_data.py
[2026-08-12T04:53:29.933+0000] {logging_mixin.py:188} INFO - [2026-08-12T04:53:29.932+0000] {dag.py:3096} INFO - Sync 1 DAGs
[2026-08-12T04:53:29.942+0000] {logging_mixin.py:188} INFO - [2026-08-12T04:53:29.942+0000] {dag.py:3954} INFO - Setting next_dagrun for load_ergast_data to None, run_after=None
[2026-08-12T04:53:29.962+0000] {processor.py:183} INFO - Processing /opt/airflow/dags/load_ergast_data.py took 0.539 seconds
[2026-08-12T04:54:00.900+0000] {processor.py:161} INFO - Started process (PID=5828) to work on /opt/airflow/dags/load_ergast_data.py
[2026-08-12T04:54:00.901+0000] {processor.py:830} INFO - Processing file /opt/airflow/dags/load_ergast_data.py for tasks to queue
[2026-08-12T04:54:00.902+0000] {logging_mixin.py:188} INFO - [2026-08-12T04:54:00.902+0000] {dagbag.py:545} INFO - Filling up the DagBag from /opt/airflow/dags/load_ergast_data.py
[2026-08-12T04:54:01.322+0000] {processor.py:840} INFO - DAG(s) 'load_ergast_data' retrieved from /opt/airflow/dags/load_ergast_data.py
[2026-08-12T04:54:01.344+0000] {logging_mixin.py:188} INFO - [2026-08-12T04:54:01.344+0000] {dag.py:3096} INFO - Sync 1 DAGs
[2026-08-12T04:54:01.356+0000] {logging_mixin.py:188} INFO - [2026-08-12T04:54:01.356+0000] {dag.py:3954} INFO - Setting next_dagrun for load_ergast_data to None, run_after=None
[2026-08-12T04:54:01.377+0000] {processor.py:183} INFO - Processing /opt/airflow/dags/load_ergast_data.py took 0.484 seconds
[2026-08-12T04:54:31.492+0000] {processor.py:161} INFO - Started process (PID=5844) to work on /opt/airflow/dags/load_ergast_data.py
[2026-08-12T04:54:31.493+0000] {processor.py:830} INFO - Processing file /opt/airflow/dags/load_ergast_data.py for tasks to queue
[2026-08-12T04:54:31.495+0000] {logging_mixin.py:188} INFO - [2026-08-12T04:54:31.494+0000] {dagbag.py:545} INFO - Filling up the DagBag from /opt/airflow/dags/load_ergast_data.py
[2026-08-12T04:54:31.880+0000] {processor.py:840} INFO - DAG(s) 'load_ergast_data' retrieved from /opt/airflow/dags/load_ergast_data.py
[2026-08-12T04:54:31.900+0000] {logging_mixin.py:188} INFO - [2026-08-12T04:54:31.900+0000] {dag.py:3096} INFO - Sync 1 DAGs
[2026-08-12T04:54:31.910+0000] {logging_mixin.py:188} INFO - [2026-08-12T04:54:31.910+0000] {dag.py:3954} INFO - Setting next_dagrun for load_ergast_data to None, run_after=None
[2026-08-12T04:54:31.928+0000] {processor.py:183} INFO - Processing /opt/airflow/dags/load_ergast_data.py took 0.443 seconds
[2026-08-12T04:55:02.044+0000] {processor.py:161} INFO - Started process (PID=5860) to work on /opt/airflow/dags/load_ergast_data.py
[2026-08-12T04:55:02.046+0000] {processor.py:830} INFO - Processing file /opt/airflow/dags/load_ergast_data.py for tasks to queue
[2026-08-12T04:55:02.047+0000] {logging_mixin.py:188} INFO - [2026-08-12T04:55:02.046+0000] {dagbag.py:545} INFO - Filling up the DagBag from /opt/airflow/dags/load_ergast_data.py
[2026-08-12T04:55:02.446+0000] {processor.py:840} INFO - DAG(s) 'load_ergast_data' retrieved from /opt/airflow/dags/load_ergast_data.py
[2026-08-12T04:55:02.468+0000] {logging_mixin.py:188} INFO - [2026-08-12T04:55:02.467+0000] {dag.py:3096} INFO - Sync 1 DAGs
[2026-08-12T04:55:02.477+0000] {logging_mixin.py:188} INFO - [2026-08-12T04:55:02.477+0000] {dag.py:3954} INFO - Setting next_dagrun for load_ergast_data to None, run_after=None
[2026-08-12T04:55:02.497+0000] {processor.py:183} INFO - Processing /opt/airflow/dags/load_ergast_data.py took 0.460 seconds
[2026-08-12T04:55:33.120+0000] {processor.py:161} INFO - Started process (PID=5876) to work on /opt/airflow/dags/load_ergast_data.py
[2026-08-12T04:55:33.121+0000] {processor.py:830} INFO - Processing file /opt/airflow/dags/load_ergast_data.py for tasks to queue
[2026-08-12T04:55:33.123+0000] {logging_mixin.py:188} INFO - [2026-08-12T04:55:33.122+0000] {dagbag.py:545} INFO - Filling up the DagBag from /opt/airflow/dags/load_ergast_data.py
[2026-08-12T04:55:33.791+0000] {processor.py:840} INFO - DAG(s) 'load_ergast_data' retrieved from /opt/airflow/dags/load_ergast_data.py
[2026-08-12T04:55:33.829+0000] {logging_mixin.py:188} INFO - [2026-08-12T04:55:33.828+0000] {dag.py:3096} INFO - Sync 1 DAGs
[2026-08-12T04:55:33.854+0000] {logging_mixin.py:188} INFO - [2026-08-12T04:55:33.854+0000] {dag.py:3954} INFO - Setting next_dagrun for load_ergast_data to None, run_after=None
[2026-08-12T04:55:33.873+0000] {processor.py:183} INFO - Processing /opt/airflow/dags/load_ergast_data.py took 0.761 seconds
[2026-08-12T04:56:04.489+0000] {processor.py:161} INFO - Started process (PID=5892) to work on /opt/airflow/dags/load_ergast_data.py
[2026-08-12T04:56:04.540+0000] {processor.py:830} INFO - Processing file /opt/airflow/dags/load_ergast_data.py for tasks to queue
[2026-08-12T04:56:04.541+0000] {logging_mixin.py:188} INFO - [2026-08-12T04:56:04.541+0000] {dagbag.py:545} INFO - Filling up the DagBag from /opt/airflow/dags/load_ergast_data.py
[2026-08-12T04:56:08.815+0000] {processor.py:840} INFO - DAG(s) 'load_ergast_data' retrieved from /opt/airflow/dags/load_ergast_data.py
[2026-08-12T04:56:08.968+0000] {logging_mixin.py:188} INFO - [2026-08-12T04:56:08.966+0000] {dag.py:3096} INFO - Sync 1 DAGs
[2026-08-12T04:56:09.021+0000] {logging_mixin.py:188} INFO - [2026-08-12T04:56:09.021+0000] {dag.py:3954} INFO - Setting next_dagrun for load_ergast_data to None, run_after=None
[2026-08-12T04:56:09.108+0000] {processor.py:183} INFO - Processing /opt/airflow/dags/load_ergast_data.py took 4.624 seconds
[2026-08-12T04:56:40.175+0000] {processor.py:161} INFO - Started process (PID=5908) to work on /opt/airflow/dags/load_ergast_data.py
[2026-08-12T04:56:40.176+0000] {processor.py:830} INFO - Processing file /opt/airflow/dags/load_ergast_data.py for tasks to queue
[2026-08-12T04:56:40.178+0000] {logging_mixin.py:188} INFO - [2026-08-12T04:56:40.177+0000] {dagbag.py:545} INFO - Filling up the DagBag from /opt/airflow/dags/load_ergast_data.py
[2026-08-12T04:56:41.548+0000] {processor.py:840} INFO - DAG(s) 'load_ergast_data' retrieved from /opt/airflow/dags/load_ergast_data.py
[2026-08-12T04:56:41.571+0000] {logging_mixin.py:188} INFO - [2026-08-12T04:56:41.570+0000] {dag.py:3096} INFO - Sync 1 DAGs
[2026-08-12T04:56:41.582+0000] {logging_mixin.py:188} INFO - [2026-08-12T04:56:41.582+0000] {dag.py:3954} INFO - Setting next_dagrun for load_ergast_data to None, run_after=None
[2026-08-12T04:56:41.623+0000] {processor.py:183} INFO - Processing /opt/airflow/dags/load_ergast_data.py took 1.456 seconds
[2026-08-12T04:57:11.735+0000] {processor.py:161} INFO - Started process (PID=5924) to work on /opt/airflow/dags/load_ergast_data.py
[2026-08-12T04:57:11.737+0000] {processor.py:830} INFO - Processing file /opt/airflow/dags/load_ergast_data.py for tasks to queue
[2026-08-12T04:57:11.738+0000] {logging_mixin.py:188} INFO - [2026-08-12T04:57:11.738+0000] {dagbag.py:545} INFO - Filling up the DagBag from /opt/airflow/dags/load_ergast_data.py
[2026-08-12T04:57:12.640+0000] {processor.py:840} INFO - DAG(s) 'load_ergast_data' retrieved from /opt/airflow/dags/load_ergast_data.py
[2026-08-12T04:57:12.678+0000] {logging_mixin.py:188} INFO - [2026-08-12T04:57:12.677+0000] {dag.py:3096} INFO - Sync 1 DAGs
[2026-08-12T04:57:12.700+0000] {logging_mixin.py:188} INFO - [2026-08-12T04:57:12.700+0000] {dag.py:3954} INFO - Setting next_dagrun for load_ergast_data to None, run_after=None
[2026-08-12T04:57:12.742+0000] {processor.py:183} INFO - Processing /opt/airflow/dags/load_ergast_data.py took 1.013 seconds
[2026-08-12T04:57:43.588+0000] {processor.py:161} INFO - Started process (PID=5940) to work on /opt/airflow/dags/load_ergast_data.py
[2026-08-12T04:57:43.590+0000] {processor.py:830} INFO - Processing file /opt/airflow/dags/load_ergast_data.py for tasks to queue
[2026-08-12T04:57:43.591+0000] {logging_mixin.py:188} INFO - [2026-08-12T04:57:43.591+0000] {dagbag.py:545} INFO - Filling up the DagBag from /opt/airflow/dags/load_ergast_data.py
[2026-08-12T04:57:44.027+0000] {processor.py:840} INFO - DAG(s) 'load_ergast_data' retrieved from /opt/airflow/dags/load_ergast_data.py
[2026-08-12T04:57:44.048+0000] {logging_mixin.py:188} INFO - [2026-08-12T04:57:44.048+0000] {dag.py:3096} INFO - Sync 1 DAGs
[2026-08-12T04:57:44.058+0000] {logging_mixin.py:188} INFO - [2026-08-12T04:57:44.058+0000] {dag.py:3954} INFO - Setting next_dagrun for load_ergast_data to None, run_after=None
[2026-08-12T04:57:44.086+0000] {processor.py:183} INFO - Processing /opt/airflow/dags/load_ergast_data.py took 0.504 seconds
[2026-08-12T04:58:15.691+0000] {processor.py:161} INFO - Started process (PID=5949) to work on /opt/airflow/dags/load_ergast_data.py
[2026-08-12T04:58:15.693+0000] {processor.py:830} INFO - Processing file /opt/airflow/dags/load_ergast_data.py for tasks to queue
[2026-08-12T04:58:15.694+0000] {logging_mixin.py:188} INFO - [2026-08-12T04:58:15.694+0000] {dagbag.py:545} INFO - Filling up the DagBag from /opt/airflow/dags/load_ergast_data.py
[2026-08-12T04:58:17.289+0000] {processor.py:840} INFO - DAG(s) 'load_ergast_data' retrieved from /opt/airflow/dags/load_ergast_data.py
[2026-08-12T04:58:17.354+0000] {logging_mixin.py:188} INFO - [2026-08-12T04:58:17.354+0000] {dag.py:3096} INFO - Sync 1 DAGs
[2026-08-12T04:58:17.377+0000] {logging_mixin.py:188} INFO - [2026-08-12T04:58:17.377+0000] {dag.py:3954} INFO - Setting next_dagrun for load_ergast_data to None, run_after=None
[2026-08-12T04:58:17.403+0000] {processor.py:183} INFO - Processing /opt/airflow/dags/load_ergast_data.py took 1.718 seconds
[2026-08-12T04:58:48.986+0000] {processor.py:161} INFO - Started process (PID=5965) to work on /opt/airflow/dags/load_ergast_data.py
[2026-08-12T04:58:48.988+0000] {processor.py:830} INFO - Processing file /opt/airflow/dags/load_ergast_data.py for tasks to queue
[2026-08-12T04:58:48.989+0000] {logging_mixin.py:188} INFO - [2026-08-12T04:58:48.989+0000] {dagbag.py:545} INFO - Filling up the DagBag from /opt/airflow/dags/load_ergast_data.py
[2026-08-12T04:58:49.683+0000] {processor.py:840} INFO - DAG(s) 'load_ergast_data' retrieved from /opt/airflow/dags/load_ergast_data.py
[2026-08-12T04:58:49.705+0000] {logging_mixin.py:188} INFO - [2026-08-12T04:58:49.704+0000] {dag.py:3096} INFO - Sync 1 DAGs
[2026-08-12T04:58:49.714+0000] {logging_mixin.py:188} INFO - [2026-08-12T04:58:49.714+0000] {dag.py:3954} INFO - Setting next_dagrun for load_ergast_data to None, run_after=None
[2026-08-12T04:58:49.733+0000] {processor.py:183} INFO - Processing /opt/airflow/dags/load_ergast_data.py took 0.767 seconds
[2026-08-12T04:59:22.319+0000] {processor.py:161} INFO - Started process (PID=5981) to work on /opt/airflow/dags/load_ergast_data.py
[2026-08-12T04:59:22.321+0000] {processor.py:830} INFO - Processing file /opt/airflow/dags/load_ergast_data.py for tasks to queue
[2026-08-12T04:59:22.322+0000] {logging_mixin.py:188} INFO - [2026-08-12T04:59:22.322+0000] {dagbag.py:545} INFO - Filling up the DagBag from /opt/airflow/dags/load_ergast_data.py
[2026-08-12T04:59:22.819+0000] {processor.py:840} INFO - DAG(s) 'load_ergast_data' retrieved from /opt/airflow/dags/load_ergast_data.py
[2026-08-12T04:59:22.838+0000] {logging_mixin.py:188} INFO - [2026-08-12T04:59:22.838+0000] {dag.py:3096} INFO - Sync 1 DAGs
[2026-08-12T04:59:22.847+0000] {logging_mixin.py:188} INFO - [2026-08-12T04:59:22.847+0000] {dag.py:3954} INFO - Setting next_dagrun for load_ergast_data to None, run_after=None
[2026-08-12T04:59:22.870+0000] {processor.py:183} INFO - Processing /opt/airflow/dags/load_ergast_data.py took 0.560 seconds
[2026-08-12T04:59:53.087+0000] {processor.py:161} INFO - Started process (PID=5997) to work on /opt/airflow/dags/load_ergast_data.py
[2026-08-12T04:59:53.090+0000] {processor.py:830} INFO - Processing file /opt/airflow/dags/load_ergast_data.py for tasks to queue
[2026-08-12T04:59:53.092+0000] {logging_mixin.py:188} INFO - [2026-08-12T04:59:53.091+0000] {dagbag.py:545} INFO - Filling up the DagBag from /opt/airflow/dags/load_ergast_data.py
[2026-08-12T04:59:53.726+0000] {processor.py:840} INFO - DAG(s) 'load_ergast_data' retrieved from /opt/airflow/dags/load_ergast_data.py
[2026-08-12T04:59:53.745+0000] {logging_mixin.py:188} INFO - [2026-08-12T04:59:53.744+0000] {dag.py:3096} INFO - Sync 1 DAGs
[2026-08-12T04:59:53.754+0000] {logging_mixin.py:188} INFO - [2026-08-12T04:59:53.754+0000] {dag.py:3954} INFO - Setting next_dagrun for load_ergast_data to None, run_after=None
[2026-08-12T04:59:53.771+0000] {processor.py:183} INFO - Processing /opt/airflow/dags/load_ergast_data.py took 0.698 seconds
[2026-08-12T05:00:24.028+0000] {processor.py:161} INFO - Started process (PID=6013) to work on /opt/airflow/dags/load_ergast_data.py
[2026-08-12T05:00:24.030+0000] {processor.py:830} INFO - Processing file /opt/airflow/dags/load_ergast_data.py for tasks to queue
[2026-08-12T05:00:24.032+0000] {logging_mixin.py:188} INFO - [2026-08-12T05:00:24.032+0000] {dagbag.py:545} INFO - Filling up the DagBag from /opt/airflow/dags/load_ergast_data.py
[2026-08-12T05:00:24.635+0000] {processor.py:840} INFO - DAG(s) 'load_ergast_data' retrieved from /opt/airflow/dags/load_ergast_data.py
[2026-08-12T05:00:24.684+0000] {logging_mixin.py:188} INFO - [2026-08-12T05:00:24.683+0000] {dag.py:3096} INFO - Sync 1 DAGs
[2026-08-12T05:00:24.707+0000] {logging_mixin.py:188} INFO - [2026-08-12T05:00:24.707+0000] {dag.py:3954} INFO - Setting next_dagrun for load_ergast_data to None, run_after=None
[2026-08-12T05:00:24.730+0000] {processor.py:183} INFO - Processing /opt/airflow/dags/load_ergast_data.py took 0.711 seconds
[2026-08-12T05:00:55.077+0000] {processor.py:161} INFO - Started process (PID=6034) to work on /opt/airflow/dags/load_ergast_data.py
[2026-08-12T05:00:55.087+0000] {processor.py:830} INFO - Processing file /opt/airflow/dags/load_ergast_data.py for tasks to queue
[2026-08-12T05:00:55.093+0000] {logging_mixin.py:188} INFO - [2026-08-12T05:00:55.090+0000] {dagbag.py:545} INFO - Filling up the DagBag from /opt/airflow/dags/load_ergast_data.py
[2026-08-12T05:00:56.454+0000] {processor.py:840} INFO - DAG(s) 'load_ergast_data' retrieved from /opt/airflow/dags/load_ergast_data.py
[2026-08-12T05:00:56.502+0000] {logging_mixin.py:188} INFO - [2026-08-12T05:00:56.501+0000] {dag.py:3096} INFO - Sync 1 DAGs
[2026-08-12T05:00:56.527+0000] {logging_mixin.py:188} INFO - [2026-08-12T05:00:56.527+0000] {dag.py:3954} INFO - Setting next_dagrun for load_ergast_data to None, run_after=None
[2026-08-12T05:00:56.567+0000] {processor.py:183} INFO - Processing /opt/airflow/dags/load_ergast_data.py took 1.573 seconds
[2026-08-12T05:01:27.446+0000] {processor.py:161} INFO - Started process (PID=6052) to work on /opt/airflow/dags/load_ergast_data.py
[2026-08-12T05:01:27.448+0000] {processor.py:830} INFO - Processing file /opt/airflow/dags/load_ergast_data.py for tasks to queue
[2026-08-12T05:01:27.451+0000] {logging_mixin.py:188} INFO - [2026-08-12T05:01:27.450+0000] {dagbag.py:545} INFO - Filling up the DagBag from /opt/airflow/dags/load_ergast_data.py
[2026-08-12T05:01:31.061+0000] {processor.py:840} INFO - DAG(s) 'load_ergast_data' retrieved from /opt/airflow/dags/load_ergast_data.py
[2026-08-12T05:01:31.114+0000] {logging_mixin.py:188} INFO - [2026-08-12T05:01:31.114+0000] {dag.py:3096} INFO - Sync 1 DAGs
[2026-08-12T05:01:31.136+0000] {logging_mixin.py:188} INFO - [2026-08-12T05:01:31.135+0000] {dag.py:3954} INFO - Setting next_dagrun for load_ergast_data to None, run_after=None
[2026-08-12T05:01:31.168+0000] {processor.py:183} INFO - Processing /opt/airflow/dags/load_ergast_data.py took 3.731 seconds
[2026-08-12T05:02:01.485+0000] {processor.py:161} INFO - Started process (PID=6068) to work on /opt/airflow/dags/load_ergast_data.py
[2026-08-12T05:02:01.488+0000] {processor.py:830} INFO - Processing file /opt/airflow/dags/load_ergast_data.py for tasks to queue
[2026-08-12T05:02:01.491+0000] {logging_mixin.py:188} INFO - [2026-08-12T05:02:01.490+0000] {dagbag.py:545} INFO - Filling up the DagBag from /opt/airflow/dags/load_ergast_data.py
[2026-08-12T05:02:06.423+0000] {processor.py:840} INFO - DAG(s) 'load_ergast_data' retrieved from /opt/airflow/dags/load_ergast_data.py
[2026-08-12T05:02:06.488+0000] {logging_mixin.py:188} INFO - [2026-08-12T05:02:06.487+0000] {dag.py:3096} INFO - Sync 1 DAGs
[2026-08-12T05:02:06.539+0000] {logging_mixin.py:188} INFO - [2026-08-12T05:02:06.539+0000] {dag.py:3954} INFO - Setting next_dagrun for load_ergast_data to None, run_after=None
[2026-08-12T05:02:06.588+0000] {processor.py:183} INFO - Processing /opt/airflow/dags/load_ergast_data.py took 5.096 seconds
[2026-08-12T05:02:37.001+0000] {processor.py:161} INFO - Started process (PID=6084) to work on /opt/airflow/dags/load_ergast_data.py
[2026-08-12T05:02:37.005+0000] {processor.py:830} INFO - Processing file /opt/airflow/dags/load_ergast_data.py for tasks to queue
[2026-08-12T05:02:37.008+0000] {logging_mixin.py:188} INFO - [2026-08-12T05:02:37.007+0000] {dagbag.py:545} INFO - Filling up the DagBag from /opt/airflow/dags/load_ergast_data.py
[2026-08-12T05:02:45.885+0000] {processor.py:840} INFO - DAG(s) 'load_ergast_data' retrieved from /opt/airflow/dags/load_ergast_data.py
[2026-08-12T05:02:45.927+0000] {logging_mixin.py:188} INFO - [2026-08-12T05:02:45.927+0000] {dag.py:3096} INFO - Sync 1 DAGs
[2026-08-12T05:02:45.964+0000] {logging_mixin.py:188} INFO - [2026-08-12T05:02:45.964+0000] {dag.py:3954} INFO - Setting next_dagrun for load_ergast_data to None, run_after=None
[2026-08-12T05:02:46.002+0000] {processor.py:183} INFO - Processing /opt/airflow/dags/load_ergast_data.py took 8.204 seconds
[2026-08-12T05:03:16.154+0000] {processor.py:161} INFO - Started process (PID=6100) to work on /opt/airflow/dags/load_ergast_data.py
[2026-08-12T05:03:16.156+0000] {processor.py:830} INFO - Processing file /opt/airflow/dags/load_ergast_data.py for tasks to queue
[2026-08-12T05:03:16.158+0000] {logging_mixin.py:188} INFO - [2026-08-12T05:03:16.157+0000] {dagbag.py:545} INFO - Filling up the DagBag from /opt/airflow/dags/load_ergast_data.py
[2026-08-12T05:03:17.023+0000] {processor.py:840} INFO - DAG(s) 'load_ergast_data' retrieved from /opt/airflow/dags/load_ergast_data.py
[2026-08-12T05:03:17.050+0000] {logging_mixin.py:188} INFO - [2026-08-12T05:03:17.050+0000] {dag.py:3096} INFO - Sync 1 DAGs
[2026-08-12T05:03:17.062+0000] {logging_mixin.py:188} INFO - [2026-08-12T05:03:17.061+0000] {dag.py:3954} INFO - Setting next_dagrun for load_ergast_data to None, run_after=None
[2026-08-12T05:03:17.083+0000] {processor.py:183} INFO - Processing /opt/airflow/dags/load_ergast_data.py took 0.936 seconds
[2026-08-12T05:03:47.968+0000] {processor.py:161} INFO - Started process (PID=6116) to work on /opt/airflow/dags/load_ergast_data.py
[2026-08-12T05:03:47.970+0000] {processor.py:830} INFO - Processing file /opt/airflow/dags/load_ergast_data.py for tasks to queue
[2026-08-12T05:03:47.971+0000] {logging_mixin.py:188} INFO - [2026-08-12T05:03:47.970+0000] {dagbag.py:545} INFO - Filling up the DagBag from /opt/airflow/dags/load_ergast_data.py
[2026-08-12T05:03:48.401+0000] {processor.py:840} INFO - DAG(s) 'load_ergast_data' retrieved from /opt/airflow/dags/load_ergast_data.py
[2026-08-12T05:03:48.429+0000] {logging_mixin.py:188} INFO - [2026-08-12T05:03:48.429+0000] {dag.py:3096} INFO - Sync 1 DAGs
[2026-08-12T05:03:48.449+0000] {logging_mixin.py:188} INFO - [2026-08-12T05:03:48.449+0000] {dag.py:3954} INFO - Setting next_dagrun for load_ergast_data to None, run_after=None
[2026-08-12T05:03:48.468+0000] {processor.py:183} INFO - Processing /opt/airflow/dags/load_ergast_data.py took 0.505 seconds
[2026-08-12T05:04:18.999+0000] {processor.py:161} INFO - Started process (PID=6132) to work on /opt/airflow/dags/load_ergast_data.py
[2026-08-12T05:04:19.000+0000] {processor.py:830} INFO - Processing file /opt/airflow/dags/load_ergast_data.py for tasks to queue
[2026-08-12T05:04:19.002+0000] {logging_mixin.py:188} INFO - [2026-08-12T05:04:19.001+0000] {dagbag.py:545} INFO - Filling up the DagBag from /opt/airflow/dags/load_ergast_data.py
[2026-08-12T05:04:19.629+0000] {processor.py:840} INFO - DAG(s) 'load_ergast_data' retrieved from /opt/airflow/dags/load_ergast_data.py
[2026-08-12T05:04:19.668+0000] {logging_mixin.py:188} INFO - [2026-08-12T05:04:19.667+0000] {dag.py:3096} INFO - Sync 1 DAGs
[2026-08-12T05:04:19.690+0000] {logging_mixin.py:188} INFO - [2026-08-12T05:04:19.690+0000] {dag.py:3954} INFO - Setting next_dagrun for load_ergast_data to None, run_after=None
[2026-08-12T05:04:19.716+0000] {processor.py:183} INFO - Processing /opt/airflow/dags/load_ergast_data.py took 0.722 seconds
[2026-08-12T05:04:50.012+0000] {processor.py:161} INFO - Started process (PID=6148) to work on /opt/airflow/dags/load_ergast_data.py
[2026-08-12T05:04:50.014+0000] {processor.py:830} INFO - Processing file /opt/airflow/dags/load_ergast_data.py for tasks to queue
[2026-08-12T05:04:50.016+0000] {logging_mixin.py:188} INFO - [2026-08-12T05:04:50.016+0000] {dagbag.py:545} INFO - Filling up the DagBag from /opt/airflow/dags/load_ergast_data.py
[2026-08-12T05:04:50.893+0000] {processor.py:840} INFO - DAG(s) 'load_ergast_data' retrieved from /opt/airflow/dags/load_ergast_data.py
[2026-08-12T05:04:50.931+0000] {logging_mixin.py:188} INFO - [2026-08-12T05:04:50.930+0000] {dag.py:3096} INFO - Sync 1 DAGs
[2026-08-12T05:04:50.941+0000] {logging_mixin.py:188} INFO - [2026-08-12T05:04:50.940+0000] {dag.py:3954} INFO - Setting next_dagrun for load_ergast_data to None, run_after=None
[2026-08-12T05:04:50.960+0000] {processor.py:183} INFO - Processing /opt/airflow/dags/load_ergast_data.py took 0.955 seconds
[2026-08-12T05:05:22.227+0000] {processor.py:161} INFO - Started process (PID=6164) to work on /opt/airflow/dags/load_ergast_data.py
[2026-08-12T05:05:22.229+0000] {processor.py:830} INFO - Processing file /opt/airflow/dags/load_ergast_data.py for tasks to queue
[2026-08-12T05:05:22.230+0000] {logging_mixin.py:188} INFO - [2026-08-12T05:05:22.229+0000] {dagbag.py:545} INFO - Filling up the DagBag from /opt/airflow/dags/load_ergast_data.py
[2026-08-12T05:05:23.283+0000] {processor.py:840} INFO - DAG(s) 'load_ergast_data' retrieved from /opt/airflow/dags/load_ergast_data.py
[2026-08-12T05:05:23.314+0000] {logging_mixin.py:188} INFO - [2026-08-12T05:05:23.314+0000] {dag.py:3096} INFO - Sync 1 DAGs
[2026-08-12T05:05:23.327+0000] {logging_mixin.py:188} INFO - [2026-08-12T05:05:23.327+0000] {dag.py:3954} INFO - Setting next_dagrun for load_ergast_data to None, run_after=None
[2026-08-12T05:05:23.359+0000] {processor.py:183} INFO - Processing /opt/airflow/dags/load_ergast_data.py took 1.137 seconds
[2026-08-12T05:05:55.005+0000] {processor.py:161} INFO - Started process (PID=6180) to work on /opt/airflow/dags/load_ergast_data.py
[2026-08-12T05:05:55.009+0000] {processor.py:830} INFO - Processing file /opt/airflow/dags/load_ergast_data.py for tasks to queue
[2026-08-12T05:05:55.012+0000] {logging_mixin.py:188} INFO - [2026-08-12T05:05:55.011+0000] {dagbag.py:545} INFO - Filling up the DagBag from /opt/airflow/dags/load_ergast_data.py
[2026-08-12T05:05:55.659+0000] {processor.py:840} INFO - DAG(s) 'load_ergast_data' retrieved from /opt/airflow/dags/load_ergast_data.py
[2026-08-12T05:05:55.703+0000] {logging_mixin.py:188} INFO - [2026-08-12T05:05:55.703+0000] {dag.py:3096} INFO - Sync 1 DAGs
[2026-08-12T05:05:55.726+0000] {logging_mixin.py:188} INFO - [2026-08-12T05:05:55.726+0000] {dag.py:3954} INFO - Setting next_dagrun for load_ergast_data to None, run_after=None
[2026-08-12T05:05:55.752+0000] {processor.py:183} INFO - Processing /opt/airflow/dags/load_ergast_data.py took 0.753 seconds
[2026-08-12T05:06:29.051+0000] {processor.py:161} INFO - Started process (PID=6196) to work on /opt/airflow/dags/load_ergast_data.py
[2026-08-12T05:06:29.056+0000] {processor.py:830} INFO - Processing file /opt/airflow/dags/load_ergast_data.py for tasks to queue
[2026-08-12T05:06:29.059+0000] {logging_mixin.py:188} INFO - [2026-08-12T05:06:29.057+0000] {dagbag.py:545} INFO - Filling up the DagBag from /opt/airflow/dags/load_ergast_data.py
[2026-08-12T05:06:29.647+0000] {processor.py:840} INFO - DAG(s) 'load_ergast_data' retrieved from /opt/airflow/dags/load_ergast_data.py
[2026-08-12T05:06:29.676+0000] {logging_mixin.py:188} INFO - [2026-08-12T05:06:29.676+0000] {dag.py:3096} INFO - Sync 1 DAGs
[2026-08-12T05:06:29.687+0000] {logging_mixin.py:188} INFO - [2026-08-12T05:06:29.687+0000] {dag.py:3954} INFO - Setting next_dagrun for load_ergast_data to None, run_after=None
[2026-08-12T05:06:29.703+0000] {processor.py:183} INFO - Processing /opt/airflow/dags/load_ergast_data.py took 0.670 seconds
[2026-08-12T05:07:01.617+0000] {processor.py:161} INFO - Started process (PID=6212) to work on /opt/airflow/dags/load_ergast_data.py
[2026-08-12T05:07:01.625+0000] {processor.py:830} INFO - Processing file /opt/airflow/dags/load_ergast_data.py for tasks to queue
[2026-08-12T05:07:01.630+0000] {logging_mixin.py:188} INFO - [2026-08-12T05:07:01.628+0000] {dagbag.py:545} INFO - Filling up the DagBag from /opt/airflow/dags/load_ergast_data.py
[2026-08-12T05:07:03.037+0000] {processor.py:840} INFO - DAG(s) 'load_ergast_data' retrieved from /opt/airflow/dags/load_ergast_data.py
[2026-08-12T05:07:03.076+0000] {logging_mixin.py:188} INFO - [2026-08-12T05:07:03.075+0000] {dag.py:3096} INFO - Sync 1 DAGs
[2026-08-12T05:07:03.091+0000] {logging_mixin.py:188} INFO - [2026-08-12T05:07:03.091+0000] {dag.py:3954} INFO - Setting next_dagrun for load_ergast_data to None, run_after=None
[2026-08-12T05:07:03.121+0000] {processor.py:183} INFO - Processing /opt/airflow/dags/load_ergast_data.py took 1.568 seconds
[2026-08-12T05:07:34.876+0000] {processor.py:161} INFO - Started process (PID=6228) to work on /opt/airflow/dags/load_ergast_data.py
[2026-08-12T05:07:34.878+0000] {processor.py:830} INFO - Processing file /opt/airflow/dags/load_ergast_data.py for tasks to queue
[2026-08-12T05:07:34.879+0000] {logging_mixin.py:188} INFO - [2026-08-12T05:07:34.879+0000] {dagbag.py:545} INFO - Filling up the DagBag from /opt/airflow/dags/load_ergast_data.py
[2026-08-12T05:07:38.640+0000] {processor.py:840} INFO - DAG(s) 'load_ergast_data' retrieved from /opt/airflow/dags/load_ergast_data.py
[2026-08-12T05:07:38.694+0000] {logging_mixin.py:188} INFO - [2026-08-12T05:07:38.693+0000] {dag.py:3096} INFO - Sync 1 DAGs
[2026-08-12T05:07:38.713+0000] {logging_mixin.py:188} INFO - [2026-08-12T05:07:38.713+0000] {dag.py:3954} INFO - Setting next_dagrun for load_ergast_data to None, run_after=None
[2026-08-12T05:07:38.739+0000] {processor.py:183} INFO - Processing /opt/airflow/dags/load_ergast_data.py took 3.869 seconds
[2026-08-12T05:08:09.351+0000] {processor.py:161} INFO - Started process (PID=6249) to work on /opt/airflow/dags/load_ergast_data.py
[2026-08-12T05:08:09.352+0000] {processor.py:830} INFO - Processing file /opt/airflow/dags/load_ergast_data.py for tasks to queue
[2026-08-12T05:08:09.353+0000] {logging_mixin.py:188} INFO - [2026-08-12T05:08:09.353+0000] {dagbag.py:545} INFO - Filling up the DagBag from /opt/airflow/dags/load_ergast_data.py
[2026-08-12T05:08:10.939+0000] {processor.py:840} INFO - DAG(s) 'load_ergast_data' retrieved from /opt/airflow/dags/load_ergast_data.py
[2026-08-12T05:08:10.965+0000] {logging_mixin.py:188} INFO - [2026-08-12T05:08:10.965+0000] {dag.py:3096} INFO - Sync 1 DAGs
[2026-08-12T05:08:10.981+0000] {logging_mixin.py:188} INFO - [2026-08-12T05:08:10.981+0000] {dag.py:3954} INFO - Setting next_dagrun for load_ergast_data to None, run_after=None
[2026-08-12T05:08:11.005+0000] {processor.py:183} INFO - Processing /opt/airflow/dags/load_ergast_data.py took 1.660 seconds
[2026-08-12T05:08:41.642+0000] {processor.py:161} INFO - Started process (PID=6263) to work on /opt/airflow/dags/load_ergast_data.py
[2026-08-12T05:08:41.643+0000] {processor.py:830} INFO - Processing file /opt/airflow/dags/load_ergast_data.py for tasks to queue
[2026-08-12T05:08:41.644+0000] {logging_mixin.py:188} INFO - [2026-08-12T05:08:41.644+0000] {dagbag.py:545} INFO - Filling up the DagBag from /opt/airflow/dags/load_ergast_data.py
[2026-08-12T05:08:42.410+0000] {processor.py:840} INFO - DAG(s) 'load_ergast_data' retrieved from /opt/airflow/dags/load_ergast_data.py
[2026-08-12T05:08:42.437+0000] {logging_mixin.py:188} INFO - [2026-08-12T05:08:42.437+0000] {dag.py:3096} INFO - Sync 1 DAGs
[2026-08-12T05:08:42.452+0000] {logging_mixin.py:188} INFO - [2026-08-12T05:08:42.452+0000] {dag.py:3954} INFO - Setting next_dagrun for load_ergast_data to None, run_after=None
[2026-08-12T05:08:42.474+0000] {processor.py:183} INFO - Processing /opt/airflow/dags/load_ergast_data.py took 0.838 seconds
[2026-08-12T05:09:14.803+0000] {processor.py:161} INFO - Started process (PID=6279) to work on /opt/airflow/dags/load_ergast_data.py
[2026-08-12T05:09:14.806+0000] {processor.py:830} INFO - Processing file /opt/airflow/dags/load_ergast_data.py for tasks to queue
[2026-08-12T05:09:14.809+0000] {logging_mixin.py:188} INFO - [2026-08-12T05:09:14.808+0000] {dagbag.py:545} INFO - Filling up the DagBag from /opt/airflow/dags/load_ergast_data.py
[2026-08-12T05:09:15.872+0000] {processor.py:840} INFO - DAG(s) 'load_ergast_data' retrieved from /opt/airflow/dags/load_ergast_data.py
[2026-08-12T05:09:15.941+0000] {logging_mixin.py:188} INFO - [2026-08-12T05:09:15.940+0000] {dag.py:3096} INFO - Sync 1 DAGs
[2026-08-12T05:09:15.969+0000] {logging_mixin.py:188} INFO - [2026-08-12T05:09:15.969+0000] {dag.py:3954} INFO - Setting next_dagrun for load_ergast_data to None, run_after=None
[2026-08-12T05:09:16.002+0000] {processor.py:183} INFO - Processing /opt/airflow/dags/load_ergast_data.py took 1.226 seconds
[2026-08-12T05:09:48.298+0000] {processor.py:161} INFO - Started process (PID=6295) to work on /opt/airflow/dags/load_ergast_data.py
[2026-08-12T05:09:48.308+0000] {processor.py:830} INFO - Processing file /opt/airflow/dags/load_ergast_data.py for tasks to queue
[2026-08-12T05:09:48.312+0000] {logging_mixin.py:188} INFO - [2026-08-12T05:09:48.310+0000] {dagbag.py:545} INFO - Filling up the DagBag from /opt/airflow/dags/load_ergast_data.py
[2026-08-12T05:09:49.081+0000] {processor.py:840} INFO - DAG(s) 'load_ergast_data' retrieved from /opt/airflow/dags/load_ergast_data.py
[2026-08-12T05:09:49.106+0000] {logging_mixin.py:188} INFO - [2026-08-12T05:09:49.106+0000] {dag.py:3096} INFO - Sync 1 DAGs
[2026-08-12T05:09:49.121+0000] {logging_mixin.py:188} INFO - [2026-08-12T05:09:49.120+0000] {dag.py:3954} INFO - Setting next_dagrun for load_ergast_data to None, run_after=None
[2026-08-12T05:09:49.143+0000] {processor.py:183} INFO - Processing /opt/airflow/dags/load_ergast_data.py took 0.857 seconds
[2026-08-12T05:10:21.461+0000] {processor.py:161} INFO - Started process (PID=6311) to work on /opt/airflow/dags/load_ergast_data.py
[2026-08-12T05:10:21.463+0000] {processor.py:830} INFO - Processing file /opt/airflow/dags/load_ergast_data.py for tasks to queue
[2026-08-12T05:10:21.465+0000] {logging_mixin.py:188} INFO - [2026-08-12T05:10:21.465+0000] {dagbag.py:545} INFO - Filling up the DagBag from /opt/airflow/dags/load_ergast_data.py
[2026-08-12T05:10:22.106+0000] {processor.py:840} INFO - DAG(s) 'load_ergast_data' retrieved from /opt/airflow/dags/load_ergast_data.py
[2026-08-12T05:10:22.126+0000] {logging_mixin.py:188} INFO - [2026-08-12T05:10:22.126+0000] {dag.py:3096} INFO - Sync 1 DAGs
[2026-08-12T05:10:22.137+0000] {logging_mixin.py:188} INFO - [2026-08-12T05:10:22.136+0000] {dag.py:3954} INFO - Setting next_dagrun for load_ergast_data to None, run_after=None
[2026-08-12T05:10:22.156+0000] {processor.py:183} INFO - Processing /opt/airflow/dags/load_ergast_data.py took 0.703 seconds
[2026-08-12T05:10:54.677+0000] {processor.py:161} INFO - Started process (PID=6327) to work on /opt/airflow/dags/load_ergast_data.py
[2026-08-12T05:10:54.678+0000] {processor.py:830} INFO - Processing file /opt/airflow/dags/load_ergast_data.py for tasks to queue
[2026-08-12T05:10:54.679+0000] {logging_mixin.py:188} INFO - [2026-08-12T05:10:54.679+0000] {dagbag.py:545} INFO - Filling up the DagBag from /opt/airflow/dags/load_ergast_data.py
[2026-08-12T05:10:55.245+0000] {processor.py:840} INFO - DAG(s) 'load_ergast_data' retrieved from /opt/airflow/dags/load_ergast_data.py
[2026-08-12T05:10:55.264+0000] {logging_mixin.py:188} INFO - [2026-08-12T05:10:55.263+0000] {dag.py:3096} INFO - Sync 1 DAGs
[2026-08-12T05:10:55.272+0000] {logging_mixin.py:188} INFO - [2026-08-12T05:10:55.272+0000] {dag.py:3954} INFO - Setting next_dagrun for load_ergast_data to None, run_after=None
[2026-08-12T05:10:55.288+0000] {processor.py:183} INFO - Processing /opt/airflow/dags/load_ergast_data.py took 0.621 seconds
[2026-08-12T05:11:28.777+0000] {processor.py:161} INFO - Started process (PID=6343) to work on /opt/airflow/dags/load_ergast_data.py
[2026-08-12T05:11:28.778+0000] {processor.py:830} INFO - Processing file /opt/airflow/dags/load_ergast_data.py for tasks to queue
[2026-08-12T05:11:28.780+0000] {logging_mixin.py:188} INFO - [2026-08-12T05:11:28.779+0000] {dagbag.py:545} INFO - Filling up the DagBag from /opt/airflow/dags/load_ergast_data.py
[2026-08-12T05:11:29.364+0000] {processor.py:840} INFO - DAG(s) 'load_ergast_data' retrieved from /opt/airflow/dags/load_ergast_data.py
[2026-08-12T05:11:29.387+0000] {logging_mixin.py:188} INFO - [2026-08-12T05:11:29.387+0000] {dag.py:3096} INFO - Sync 1 DAGs
[2026-08-12T05:11:29.397+0000] {logging_mixin.py:188} INFO - [2026-08-12T05:11:29.396+0000] {dag.py:3954} INFO - Setting next_dagrun for load_ergast_data to None, run_after=None
[2026-08-12T05:11:29.413+0000] {processor.py:183} INFO - Processing /opt/airflow/dags/load_ergast_data.py took 0.644 seconds
[2026-08-12T05:12:01.882+0000] {processor.py:161} INFO - Started process (PID=6359) to work on /opt/airflow/dags/load_ergast_data.py
[2026-08-12T05:12:01.883+0000] {processor.py:830} INFO - Processing file /opt/airflow/dags/load_ergast_data.py for tasks to queue
[2026-08-12T05:12:01.885+0000] {logging_mixin.py:188} INFO - [2026-08-12T05:12:01.884+0000] {dagbag.py:545} INFO - Filling up the DagBag from /opt/airflow/dags/load_ergast_data.py
[2026-08-12T05:12:02.408+0000] {processor.py:840} INFO - DAG(s) 'load_ergast_data' retrieved from /opt/airflow/dags/load_ergast_data.py
[2026-08-12T05:12:02.441+0000] {logging_mixin.py:188} INFO - [2026-08-12T05:12:02.440+0000] {dag.py:3096} INFO - Sync 1 DAGs
[2026-08-12T05:12:02.453+0000] {logging_mixin.py:188} INFO - [2026-08-12T05:12:02.453+0000] {dag.py:3954} INFO - Setting next_dagrun for load_ergast_data to None, run_after=None
[2026-08-12T05:12:02.478+0000] {processor.py:183} INFO - Processing /opt/airflow/dags/load_ergast_data.py took 0.603 seconds
[2026-08-12T05:12:34.743+0000] {processor.py:161} INFO - Started process (PID=6375) to work on /opt/airflow/dags/load_ergast_data.py
[2026-08-12T05:12:34.746+0000] {processor.py:830} INFO - Processing file /opt/airflow/dags/load_ergast_data.py for tasks to queue
[2026-08-12T05:12:34.748+0000] {logging_mixin.py:188} INFO - [2026-08-12T05:12:34.748+0000] {dagbag.py:545} INFO - Filling up the DagBag from /opt/airflow/dags/load_ergast_data.py
[2026-08-12T05:12:35.491+0000] {processor.py:840} INFO - DAG(s) 'load_ergast_data' retrieved from /opt/airflow/dags/load_ergast_data.py
[2026-08-12T05:12:35.510+0000] {logging_mixin.py:188} INFO - [2026-08-12T05:12:35.510+0000] {dag.py:3096} INFO - Sync 1 DAGs
[2026-08-12T05:12:35.519+0000] {logging_mixin.py:188} INFO - [2026-08-12T05:12:35.518+0000] {dag.py:3954} INFO - Setting next_dagrun for load_ergast_data to None, run_after=None
[2026-08-12T05:12:35.534+0000] {processor.py:183} INFO - Processing /opt/airflow/dags/load_ergast_data.py took 0.800 seconds
[2026-08-12T05:13:08.125+0000] {processor.py:161} INFO - Started process (PID=6391) to work on /opt/airflow/dags/load_ergast_data.py
[2026-08-12T05:13:08.126+0000] {processor.py:830} INFO - Processing file /opt/airflow/dags/load_ergast_data.py for tasks to queue
[2026-08-12T05:13:08.128+0000] {logging_mixin.py:188} INFO - [2026-08-12T05:13:08.128+0000] {dagbag.py:545} INFO - Filling up the DagBag from /opt/airflow/dags/load_ergast_data.py
[2026-08-12T05:13:08.622+0000] {processor.py:840} INFO - DAG(s) 'load_ergast_data' retrieved from /opt/airflow/dags/load_ergast_data.py
[2026-08-12T05:13:08.646+0000] {logging_mixin.py:188} INFO - [2026-08-12T05:13:08.645+0000] {dag.py:3096} INFO - Sync 1 DAGs
[2026-08-12T05:13:08.659+0000] {logging_mixin.py:188} INFO - [2026-08-12T05:13:08.659+0000] {dag.py:3954} INFO - Setting next_dagrun for load_ergast_data to None, run_after=None
[2026-08-12T05:13:08.679+0000] {processor.py:183} INFO - Processing /opt/airflow/dags/load_ergast_data.py took 0.563 seconds
[2026-08-12T05:13:42.114+0000] {processor.py:161} INFO - Started process (PID=6407) to work on /opt/airflow/dags/load_ergast_data.py
[2026-08-12T05:13:42.115+0000] {processor.py:830} INFO - Processing file /opt/airflow/dags/load_ergast_data.py for tasks to queue
[2026-08-12T05:13:42.116+0000] {logging_mixin.py:188} INFO - [2026-08-12T05:13:42.116+0000] {dagbag.py:545} INFO - Filling up the DagBag from /opt/airflow/dags/load_ergast_data.py
[2026-08-12T05:13:42.596+0000] {processor.py:840} INFO - DAG(s) 'load_ergast_data' retrieved from /opt/airflow/dags/load_ergast_data.py
[2026-08-12T05:13:42.616+0000] {logging_mixin.py:188} INFO - [2026-08-12T05:13:42.616+0000] {dag.py:3096} INFO - Sync 1 DAGs
[2026-08-12T05:13:42.626+0000] {logging_mixin.py:188} INFO - [2026-08-12T05:13:42.626+0000] {dag.py:3954} INFO - Setting next_dagrun for load_ergast_data to None, run_after=None
[2026-08-12T05:13:42.641+0000] {processor.py:183} INFO - Processing /opt/airflow/dags/load_ergast_data.py took 0.535 seconds
[2026-08-12T05:14:15.136+0000] {processor.py:161} INFO - Started process (PID=6423) to work on /opt/airflow/dags/load_ergast_data.py
[2026-08-12T05:14:15.137+0000] {processor.py:830} INFO - Processing file /opt/airflow/dags/load_ergast_data.py for tasks to queue
[2026-08-12T05:14:15.139+0000] {logging_mixin.py:188} INFO - [2026-08-12T05:14:15.138+0000] {dagbag.py:545} INFO - Filling up the DagBag from /opt/airflow/dags/load_ergast_data.py
[2026-08-12T05:14:15.539+0000] {processor.py:840} INFO - DAG(s) 'load_ergast_data' retrieved from /opt/airflow/dags/load_ergast_data.py
[2026-08-12T05:14:15.558+0000] {logging_mixin.py:188} INFO - [2026-08-12T05:14:15.557+0000] {dag.py:3096} INFO - Sync 1 DAGs
[2026-08-12T05:14:15.567+0000] {logging_mixin.py:188} INFO - [2026-08-12T05:14:15.567+0000] {dag.py:3954} INFO - Setting next_dagrun for load_ergast_data to None, run_after=None
[2026-08-12T05:14:15.583+0000] {processor.py:183} INFO - Processing /opt/airflow/dags/load_ergast_data.py took 0.453 seconds
[2026-08-12T05:14:48.147+0000] {processor.py:161} INFO - Started process (PID=6439) to work on /opt/airflow/dags/load_ergast_data.py
[2026-08-12T05:14:48.148+0000] {processor.py:830} INFO - Processing file /opt/airflow/dags/load_ergast_data.py for tasks to queue
[2026-08-12T05:14:48.150+0000] {logging_mixin.py:188} INFO - [2026-08-12T05:14:48.149+0000] {dagbag.py:545} INFO - Filling up the DagBag from /opt/airflow/dags/load_ergast_data.py
[2026-08-12T05:14:48.665+0000] {processor.py:840} INFO - DAG(s) 'load_ergast_data' retrieved from /opt/airflow/dags/load_ergast_data.py
[2026-08-12T05:14:48.686+0000] {logging_mixin.py:188} INFO - [2026-08-12T05:14:48.685+0000] {dag.py:3096} INFO - Sync 1 DAGs
[2026-08-12T05:14:48.695+0000] {logging_mixin.py:188} INFO - [2026-08-12T05:14:48.695+0000] {dag.py:3954} INFO - Setting next_dagrun for load_ergast_data to None, run_after=None
[2026-08-12T05:14:48.711+0000] {processor.py:183} INFO - Processing /opt/airflow/dags/load_ergast_data.py took 0.572 seconds
[2026-08-12T05:15:21.392+0000] {processor.py:161} INFO - Started process (PID=6455) to work on /opt/airflow/dags/load_ergast_data.py
[2026-08-12T05:15:21.393+0000] {processor.py:830} INFO - Processing file /opt/airflow/dags/load_ergast_data.py for tasks to queue
[2026-08-12T05:15:21.394+0000] {logging_mixin.py:188} INFO - [2026-08-12T05:15:21.394+0000] {dagbag.py:545} INFO - Filling up the DagBag from /opt/airflow/dags/load_ergast_data.py
[2026-08-12T05:15:21.861+0000] {processor.py:840} INFO - DAG(s) 'load_ergast_data' retrieved from /opt/airflow/dags/load_ergast_data.py
[2026-08-12T05:15:21.902+0000] {logging_mixin.py:188} INFO - [2026-08-12T05:15:21.901+0000] {dag.py:3096} INFO - Sync 1 DAGs
[2026-08-12T05:15:21.927+0000] {logging_mixin.py:188} INFO - [2026-08-12T05:15:21.927+0000] {dag.py:3954} INFO - Setting next_dagrun for load_ergast_data to None, run_after=None
[2026-08-12T05:15:21.958+0000] {processor.py:183} INFO - Processing /opt/airflow/dags/load_ergast_data.py took 0.573 seconds
[2026-08-12T05:15:55.728+0000] {processor.py:161} INFO - Started process (PID=6469) to work on /opt/airflow/dags/load_ergast_data.py
[2026-08-12T05:15:55.753+0000] {processor.py:830} INFO - Processing file /opt/airflow/dags/load_ergast_data.py for tasks to queue
[2026-08-12T05:15:55.772+0000] {logging_mixin.py:188} INFO - [2026-08-12T05:15:55.762+0000] {dagbag.py:545} INFO - Filling up the DagBag from /opt/airflow/dags/load_ergast_data.py
[2026-08-12T05:16:01.818+0000] {processor.py:840} INFO - DAG(s) 'load_ergast_data' retrieved from /opt/airflow/dags/load_ergast_data.py
[2026-08-12T05:16:01.865+0000] {logging_mixin.py:188} INFO - [2026-08-12T05:16:01.865+0000] {dag.py:3096} INFO - Sync 1 DAGs
[2026-08-12T05:16:01.882+0000] {logging_mixin.py:188} INFO - [2026-08-12T05:16:01.882+0000] {dag.py:3954} INFO - Setting next_dagrun for load_ergast_data to None, run_after=None
[2026-08-12T05:16:01.902+0000] {processor.py:183} INFO - Processing /opt/airflow/dags/load_ergast_data.py took 6.309 seconds
[2026-08-12T05:16:32.192+0000] {processor.py:161} INFO - Started process (PID=6494) to work on /opt/airflow/dags/load_ergast_data.py
[2026-08-12T05:16:32.194+0000] {processor.py:830} INFO - Processing file /opt/airflow/dags/load_ergast_data.py for tasks to queue
[2026-08-12T05:16:32.196+0000] {logging_mixin.py:188} INFO - [2026-08-12T05:16:32.195+0000] {dagbag.py:545} INFO - Filling up the DagBag from /opt/airflow/dags/load_ergast_data.py
[2026-08-12T05:16:35.698+0000] {processor.py:840} INFO - DAG(s) 'load_ergast_data' retrieved from /opt/airflow/dags/load_ergast_data.py
[2026-08-12T05:16:35.746+0000] {logging_mixin.py:188} INFO - [2026-08-12T05:16:35.745+0000] {dag.py:3096} INFO - Sync 1 DAGs
[2026-08-12T05:16:35.771+0000] {logging_mixin.py:188} INFO - [2026-08-12T05:16:35.770+0000] {dag.py:3954} INFO - Setting next_dagrun for load_ergast_data to None, run_after=None
[2026-08-12T05:16:35.800+0000] {processor.py:183} INFO - Processing /opt/airflow/dags/load_ergast_data.py took 3.619 seconds
[2026-08-12T05:17:06.328+0000] {processor.py:161} INFO - Started process (PID=6510) to work on /opt/airflow/dags/load_ergast_data.py
[2026-08-12T05:17:06.330+0000] {processor.py:830} INFO - Processing file /opt/airflow/dags/load_ergast_data.py for tasks to queue
[2026-08-12T05:17:06.331+0000] {logging_mixin.py:188} INFO - [2026-08-12T05:17:06.331+0000] {dagbag.py:545} INFO - Filling up the DagBag from /opt/airflow/dags/load_ergast_data.py
[2026-08-12T05:17:07.913+0000] {processor.py:840} INFO - DAG(s) 'load_ergast_data' retrieved from /opt/airflow/dags/load_ergast_data.py
[2026-08-12T05:17:07.941+0000] {logging_mixin.py:188} INFO - [2026-08-12T05:17:07.940+0000] {dag.py:3096} INFO - Sync 1 DAGs
[2026-08-12T05:17:07.951+0000] {logging_mixin.py:188} INFO - [2026-08-12T05:17:07.951+0000] {dag.py:3954} INFO - Setting next_dagrun for load_ergast_data to None, run_after=None
[2026-08-12T05:17:07.967+0000] {processor.py:183} INFO - Processing /opt/airflow/dags/load_ergast_data.py took 1.647 seconds
[2026-08-12T05:17:38.767+0000] {processor.py:161} INFO - Started process (PID=6526) to work on /opt/airflow/dags/load_ergast_data.py
[2026-08-12T05:17:38.783+0000] {processor.py:830} INFO - Processing file /opt/airflow/dags/load_ergast_data.py for tasks to queue
[2026-08-12T05:17:38.788+0000] {logging_mixin.py:188} INFO - [2026-08-12T05:17:38.786+0000] {dagbag.py:545} INFO - Filling up the DagBag from /opt/airflow/dags/load_ergast_data.py
[2026-08-12T05:17:39.616+0000] {processor.py:840} INFO - DAG(s) 'load_ergast_data' retrieved from /opt/airflow/dags/load_ergast_data.py
[2026-08-12T05:17:39.658+0000] {logging_mixin.py:188} INFO - [2026-08-12T05:17:39.658+0000] {dag.py:3096} INFO - Sync 1 DAGs
[2026-08-12T05:17:39.667+0000] {logging_mixin.py:188} INFO - [2026-08-12T05:17:39.667+0000] {dag.py:3954} INFO - Setting next_dagrun for load_ergast_data to None, run_after=None
[2026-08-12T05:17:39.692+0000] {processor.py:183} INFO - Processing /opt/airflow/dags/load_ergast_data.py took 1.029 seconds
[2026-08-12T05:18:10.025+0000] {processor.py:161} INFO - Started process (PID=6540) to work on /opt/airflow/dags/load_ergast_data.py
[2026-08-12T05:18:10.041+0000] {processor.py:830} INFO - Processing file /opt/airflow/dags/load_ergast_data.py for tasks to queue
[2026-08-12T05:18:10.043+0000] {logging_mixin.py:188} INFO - [2026-08-12T05:18:10.042+0000] {dagbag.py:545} INFO - Filling up the DagBag from /opt/airflow/dags/load_ergast_data.py
[2026-08-12T05:18:10.753+0000] {processor.py:840} INFO - DAG(s) 'load_ergast_data' retrieved from /opt/airflow/dags/load_ergast_data.py
[2026-08-12T05:18:10.780+0000] {logging_mixin.py:188} INFO - [2026-08-12T05:18:10.779+0000] {dag.py:3096} INFO - Sync 1 DAGs
[2026-08-12T05:18:10.791+0000] {logging_mixin.py:188} INFO - [2026-08-12T05:18:10.791+0000] {dag.py:3954} INFO - Setting next_dagrun for load_ergast_data to None, run_after=None
[2026-08-12T05:18:10.808+0000] {processor.py:183} INFO - Processing /opt/airflow/dags/load_ergast_data.py took 0.790 seconds
[2026-08-12T05:18:41.602+0000] {processor.py:161} INFO - Started process (PID=6551) to work on /opt/airflow/dags/load_ergast_data.py
[2026-08-12T05:18:41.609+0000] {processor.py:830} INFO - Processing file /opt/airflow/dags/load_ergast_data.py for tasks to queue
[2026-08-12T05:18:41.622+0000] {logging_mixin.py:188} INFO - [2026-08-12T05:18:41.620+0000] {dagbag.py:545} INFO - Filling up the DagBag from /opt/airflow/dags/load_ergast_data.py
[2026-08-12T05:18:43.693+0000] {processor.py:840} INFO - DAG(s) 'load_ergast_data' retrieved from /opt/airflow/dags/load_ergast_data.py
[2026-08-12T05:18:43.727+0000] {logging_mixin.py:188} INFO - [2026-08-12T05:18:43.726+0000] {dag.py:3096} INFO - Sync 1 DAGs
[2026-08-12T05:18:43.742+0000] {logging_mixin.py:188} INFO - [2026-08-12T05:18:43.742+0000] {dag.py:3954} INFO - Setting next_dagrun for load_ergast_data to None, run_after=None
[2026-08-12T05:18:43.780+0000] {processor.py:183} INFO - Processing /opt/airflow/dags/load_ergast_data.py took 2.201 seconds
[2026-08-12T05:19:15.348+0000] {processor.py:161} INFO - Started process (PID=6567) to work on /opt/airflow/dags/load_ergast_data.py
[2026-08-12T05:19:15.354+0000] {processor.py:830} INFO - Processing file /opt/airflow/dags/load_ergast_data.py for tasks to queue
[2026-08-12T05:19:15.358+0000] {logging_mixin.py:188} INFO - [2026-08-12T05:19:15.357+0000] {dagbag.py:545} INFO - Filling up the DagBag from /opt/airflow/dags/load_ergast_data.py
[2026-08-12T05:19:24.476+0000] {processor.py:840} INFO - DAG(s) 'load_ergast_data' retrieved from /opt/airflow/dags/load_ergast_data.py
[2026-08-12T05:19:24.533+0000] {logging_mixin.py:188} INFO - [2026-08-12T05:19:24.532+0000] {dag.py:3096} INFO - Sync 1 DAGs
[2026-08-12T05:19:24.581+0000] {logging_mixin.py:188} INFO - [2026-08-12T05:19:24.580+0000] {dag.py:3954} INFO - Setting next_dagrun for load_ergast_data to None, run_after=None
[2026-08-12T05:19:24.680+0000] {processor.py:183} INFO - Processing /opt/airflow/dags/load_ergast_data.py took 9.353 seconds
[2026-08-12T05:19:54.797+0000] {processor.py:161} INFO - Started process (PID=6590) to work on /opt/airflow/dags/load_ergast_data.py
[2026-08-12T05:19:54.799+0000] {processor.py:830} INFO - Processing file /opt/airflow/dags/load_ergast_data.py for tasks to queue
[2026-08-12T05:19:54.800+0000] {logging_mixin.py:188} INFO - [2026-08-12T05:19:54.799+0000] {dagbag.py:545} INFO - Filling up the DagBag from /opt/airflow/dags/load_ergast_data.py
[2026-08-12T05:19:56.311+0000] {processor.py:840} INFO - DAG(s) 'load_ergast_data' retrieved from /opt/airflow/dags/load_ergast_data.py
[2026-08-12T05:19:56.386+0000] {logging_mixin.py:188} INFO - [2026-08-12T05:19:56.385+0000] {dag.py:3096} INFO - Sync 1 DAGs
[2026-08-12T05:19:56.422+0000] {logging_mixin.py:188} INFO - [2026-08-12T05:19:56.422+0000] {dag.py:3954} INFO - Setting next_dagrun for load_ergast_data to None, run_after=None
[2026-08-12T05:19:56.462+0000] {processor.py:183} INFO - Processing /opt/airflow/dags/load_ergast_data.py took 1.671 seconds
[2026-08-12T05:20:27.169+0000] {processor.py:161} INFO - Started process (PID=6606) to work on /opt/airflow/dags/load_ergast_data.py
[2026-08-12T05:20:27.171+0000] {processor.py:830} INFO - Processing file /opt/airflow/dags/load_ergast_data.py for tasks to queue
[2026-08-12T05:20:27.172+0000] {logging_mixin.py:188} INFO - [2026-08-12T05:20:27.172+0000] {dagbag.py:545} INFO - Filling up the DagBag from /opt/airflow/dags/load_ergast_data.py
[2026-08-12T05:20:28.037+0000] {processor.py:840} INFO - DAG(s) 'load_ergast_data' retrieved from /opt/airflow/dags/load_ergast_data.py
[2026-08-12T05:20:28.081+0000] {logging_mixin.py:188} INFO - [2026-08-12T05:20:28.080+0000] {dag.py:3096} INFO - Sync 1 DAGs
[2026-08-12T05:20:28.107+0000] {logging_mixin.py:188} INFO - [2026-08-12T05:20:28.107+0000] {dag.py:3954} INFO - Setting next_dagrun for load_ergast_data to None, run_after=None
[2026-08-12T05:20:28.132+0000] {processor.py:183} INFO - Processing /opt/airflow/dags/load_ergast_data.py took 0.969 seconds
[2026-08-12T05:20:58.379+0000] {processor.py:161} INFO - Started process (PID=6622) to work on /opt/airflow/dags/load_ergast_data.py
[2026-08-12T05:20:58.382+0000] {processor.py:830} INFO - Processing file /opt/airflow/dags/load_ergast_data.py for tasks to queue
[2026-08-12T05:20:58.384+0000] {logging_mixin.py:188} INFO - [2026-08-12T05:20:58.383+0000] {dagbag.py:545} INFO - Filling up the DagBag from /opt/airflow/dags/load_ergast_data.py
[2026-08-12T05:20:59.173+0000] {processor.py:840} INFO - DAG(s) 'load_ergast_data' retrieved from /opt/airflow/dags/load_ergast_data.py
[2026-08-12T05:20:59.208+0000] {logging_mixin.py:188} INFO - [2026-08-12T05:20:59.208+0000] {dag.py:3096} INFO - Sync 1 DAGs
[2026-08-12T05:20:59.227+0000] {logging_mixin.py:188} INFO - [2026-08-12T05:20:59.227+0000] {dag.py:3954} INFO - Setting next_dagrun for load_ergast_data to None, run_after=None
[2026-08-12T05:20:59.265+0000] {processor.py:183} INFO - Processing /opt/airflow/dags/load_ergast_data.py took 0.900 seconds
[2026-08-12T05:21:29.464+0000] {processor.py:161} INFO - Started process (PID=6638) to work on /opt/airflow/dags/load_ergast_data.py
[2026-08-12T05:21:29.466+0000] {processor.py:830} INFO - Processing file /opt/airflow/dags/load_ergast_data.py for tasks to queue
[2026-08-12T05:21:29.468+0000] {logging_mixin.py:188} INFO - [2026-08-12T05:21:29.467+0000] {dagbag.py:545} INFO - Filling up the DagBag from /opt/airflow/dags/load_ergast_data.py
[2026-08-12T05:21:31.489+0000] {processor.py:840} INFO - DAG(s) 'load_ergast_data' retrieved from /opt/airflow/dags/load_ergast_data.py
[2026-08-12T05:21:31.526+0000] {logging_mixin.py:188} INFO - [2026-08-12T05:21:31.525+0000] {dag.py:3096} INFO - Sync 1 DAGs
[2026-08-12T05:21:31.550+0000] {logging_mixin.py:188} INFO - [2026-08-12T05:21:31.549+0000] {dag.py:3954} INFO - Setting next_dagrun for load_ergast_data to None, run_after=None
[2026-08-12T05:21:31.583+0000] {processor.py:183} INFO - Processing /opt/airflow/dags/load_ergast_data.py took 2.125 seconds
[2026-08-12T05:22:02.354+0000] {processor.py:161} INFO - Started process (PID=6645) to work on /opt/airflow/dags/load_ergast_data.py
[2026-08-12T05:22:02.365+0000] {processor.py:830} INFO - Processing file /opt/airflow/dags/load_ergast_data.py for tasks to queue
[2026-08-12T05:22:02.381+0000] {logging_mixin.py:188} INFO - [2026-08-12T05:22:02.373+0000] {dagbag.py:545} INFO - Filling up the DagBag from /opt/airflow/dags/load_ergast_data.py
[2026-08-12T05:22:06.499+0000] {processor.py:840} INFO - DAG(s) 'load_ergast_data' retrieved from /opt/airflow/dags/load_ergast_data.py
[2026-08-12T05:22:06.546+0000] {logging_mixin.py:188} INFO - [2026-08-12T05:22:06.545+0000] {dag.py:3096} INFO - Sync 1 DAGs
[2026-08-12T05:22:06.585+0000] {logging_mixin.py:188} INFO - [2026-08-12T05:22:06.585+0000] {dag.py:3954} INFO - Setting next_dagrun for load_ergast_data to None, run_after=None
[2026-08-12T05:22:06.618+0000] {processor.py:183} INFO - Processing /opt/airflow/dags/load_ergast_data.py took 4.349 seconds
[2026-08-12T05:22:37.373+0000] {processor.py:161} INFO - Started process (PID=6670) to work on /opt/airflow/dags/load_ergast_data.py
[2026-08-12T05:22:37.374+0000] {processor.py:830} INFO - Processing file /opt/airflow/dags/load_ergast_data.py for tasks to queue
[2026-08-12T05:22:37.376+0000] {logging_mixin.py:188} INFO - [2026-08-12T05:22:37.376+0000] {dagbag.py:545} INFO - Filling up the DagBag from /opt/airflow/dags/load_ergast_data.py
[2026-08-12T05:22:37.866+0000] {processor.py:840} INFO - DAG(s) 'load_ergast_data' retrieved from /opt/airflow/dags/load_ergast_data.py
[2026-08-12T05:22:37.897+0000] {logging_mixin.py:188} INFO - [2026-08-12T05:22:37.896+0000] {dag.py:3096} INFO - Sync 1 DAGs
[2026-08-12T05:22:37.915+0000] {logging_mixin.py:188} INFO - [2026-08-12T05:22:37.915+0000] {dag.py:3954} INFO - Setting next_dagrun for load_ergast_data to None, run_after=None
[2026-08-12T05:22:37.939+0000] {processor.py:183} INFO - Processing /opt/airflow/dags/load_ergast_data.py took 0.572 seconds
[2026-08-12T05:23:08.564+0000] {processor.py:161} INFO - Started process (PID=6679) to work on /opt/airflow/dags/load_ergast_data.py
[2026-08-12T05:23:08.565+0000] {processor.py:830} INFO - Processing file /opt/airflow/dags/load_ergast_data.py for tasks to queue
[2026-08-12T05:23:08.566+0000] {logging_mixin.py:188} INFO - [2026-08-12T05:23:08.566+0000] {dagbag.py:545} INFO - Filling up the DagBag from /opt/airflow/dags/load_ergast_data.py
[2026-08-12T05:23:09.175+0000] {processor.py:840} INFO - DAG(s) 'load_ergast_data' retrieved from /opt/airflow/dags/load_ergast_data.py
[2026-08-12T05:23:09.194+0000] {logging_mixin.py:188} INFO - [2026-08-12T05:23:09.194+0000] {dag.py:3096} INFO - Sync 1 DAGs
[2026-08-12T05:23:09.204+0000] {logging_mixin.py:188} INFO - [2026-08-12T05:23:09.204+0000] {dag.py:3954} INFO - Setting next_dagrun for load_ergast_data to None, run_after=None
[2026-08-12T05:23:09.223+0000] {processor.py:183} INFO - Processing /opt/airflow/dags/load_ergast_data.py took 0.677 seconds
[2026-08-12T05:23:41.809+0000] {processor.py:161} INFO - Started process (PID=6695) to work on /opt/airflow/dags/load_ergast_data.py
[2026-08-12T05:23:41.811+0000] {processor.py:830} INFO - Processing file /opt/airflow/dags/load_ergast_data.py for tasks to queue
[2026-08-12T05:23:41.814+0000] {logging_mixin.py:188} INFO - [2026-08-12T05:23:41.813+0000] {dagbag.py:545} INFO - Filling up the DagBag from /opt/airflow/dags/load_ergast_data.py
[2026-08-12T05:23:42.406+0000] {processor.py:840} INFO - DAG(s) 'load_ergast_data' retrieved from /opt/airflow/dags/load_ergast_data.py
[2026-08-12T05:23:42.427+0000] {logging_mixin.py:188} INFO - [2026-08-12T05:23:42.427+0000] {dag.py:3096} INFO - Sync 1 DAGs
[2026-08-12T05:23:42.438+0000] {logging_mixin.py:188} INFO - [2026-08-12T05:23:42.437+0000] {dag.py:3954} INFO - Setting next_dagrun for load_ergast_data to None, run_after=None
[2026-08-12T05:23:42.497+0000] {processor.py:183} INFO - Processing /opt/airflow/dags/load_ergast_data.py took 0.695 seconds
[2026-08-12T05:24:15.186+0000] {processor.py:161} INFO - Started process (PID=6711) to work on /opt/airflow/dags/load_ergast_data.py
[2026-08-12T05:24:15.194+0000] {processor.py:830} INFO - Processing file /opt/airflow/dags/load_ergast_data.py for tasks to queue
[2026-08-12T05:24:15.197+0000] {logging_mixin.py:188} INFO - [2026-08-12T05:24:15.196+0000] {dagbag.py:545} INFO - Filling up the DagBag from /opt/airflow/dags/load_ergast_data.py
[2026-08-12T05:24:18.258+0000] {processor.py:840} INFO - DAG(s) 'load_ergast_data' retrieved from /opt/airflow/dags/load_ergast_data.py
[2026-08-12T05:24:18.293+0000] {logging_mixin.py:188} INFO - [2026-08-12T05:24:18.293+0000] {dag.py:3096} INFO - Sync 1 DAGs
[2026-08-12T05:24:18.313+0000] {logging_mixin.py:188} INFO - [2026-08-12T05:24:18.312+0000] {dag.py:3954} INFO - Setting next_dagrun for load_ergast_data to None, run_after=None
[2026-08-12T05:24:18.340+0000] {processor.py:183} INFO - Processing /opt/airflow/dags/load_ergast_data.py took 3.169 seconds
[2026-08-12T05:24:49.044+0000] {processor.py:161} INFO - Started process (PID=6727) to work on /opt/airflow/dags/load_ergast_data.py
[2026-08-12T05:24:49.047+0000] {processor.py:830} INFO - Processing file /opt/airflow/dags/load_ergast_data.py for tasks to queue
[2026-08-12T05:24:49.049+0000] {logging_mixin.py:188} INFO - [2026-08-12T05:24:49.049+0000] {dagbag.py:545} INFO - Filling up the DagBag from /opt/airflow/dags/load_ergast_data.py
[2026-08-12T05:24:49.995+0000] {processor.py:840} INFO - DAG(s) 'load_ergast_data' retrieved from /opt/airflow/dags/load_ergast_data.py
[2026-08-12T05:24:50.054+0000] {logging_mixin.py:188} INFO - [2026-08-12T05:24:50.054+0000] {dag.py:3096} INFO - Sync 1 DAGs
[2026-08-12T05:24:50.093+0000] {logging_mixin.py:188} INFO - [2026-08-12T05:24:50.092+0000] {dag.py:3954} INFO - Setting next_dagrun for load_ergast_data to None, run_after=None
[2026-08-12T05:24:50.132+0000] {processor.py:183} INFO - Processing /opt/airflow/dags/load_ergast_data.py took 1.110 seconds
[2026-08-12T05:25:21.832+0000] {processor.py:161} INFO - Started process (PID=6743) to work on /opt/airflow/dags/load_ergast_data.py
[2026-08-12T05:25:21.847+0000] {processor.py:830} INFO - Processing file /opt/airflow/dags/load_ergast_data.py for tasks to queue
[2026-08-12T05:25:21.853+0000] {logging_mixin.py:188} INFO - [2026-08-12T05:25:21.850+0000] {dagbag.py:545} INFO - Filling up the DagBag from /opt/airflow/dags/load_ergast_data.py
[2026-08-12T05:25:23.317+0000] {processor.py:840} INFO - DAG(s) 'load_ergast_data' retrieved from /opt/airflow/dags/load_ergast_data.py
[2026-08-12T05:25:23.385+0000] {logging_mixin.py:188} INFO - [2026-08-12T05:25:23.385+0000] {dag.py:3096} INFO - Sync 1 DAGs
[2026-08-12T05:25:23.405+0000] {logging_mixin.py:188} INFO - [2026-08-12T05:25:23.405+0000] {dag.py:3954} INFO - Setting next_dagrun for load_ergast_data to None, run_after=None
[2026-08-12T05:25:23.429+0000] {processor.py:183} INFO - Processing /opt/airflow/dags/load_ergast_data.py took 1.632 seconds
[2026-08-12T05:25:55.733+0000] {processor.py:161} INFO - Started process (PID=6759) to work on /opt/airflow/dags/load_ergast_data.py
[2026-08-12T05:25:55.738+0000] {processor.py:830} INFO - Processing file /opt/airflow/dags/load_ergast_data.py for tasks to queue
[2026-08-12T05:25:55.742+0000] {logging_mixin.py:188} INFO - [2026-08-12T05:25:55.741+0000] {dagbag.py:545} INFO - Filling up the DagBag from /opt/airflow/dags/load_ergast_data.py
[2026-08-12T05:26:01.432+0000] {processor.py:840} INFO - DAG(s) 'load_ergast_data' retrieved from /opt/airflow/dags/load_ergast_data.py
[2026-08-12T05:26:01.588+0000] {logging_mixin.py:188} INFO - [2026-08-12T05:26:01.587+0000] {dag.py:3096} INFO - Sync 1 DAGs
[2026-08-12T05:26:01.625+0000] {logging_mixin.py:188} INFO - [2026-08-12T05:26:01.624+0000] {dag.py:3954} INFO - Setting next_dagrun for load_ergast_data to None, run_after=None
[2026-08-12T05:26:01.697+0000] {processor.py:183} INFO - Processing /opt/airflow/dags/load_ergast_data.py took 5.985 seconds
[2026-08-12T05:26:32.412+0000] {processor.py:161} INFO - Started process (PID=6782) to work on /opt/airflow/dags/load_ergast_data.py
[2026-08-12T05:26:32.413+0000] {processor.py:830} INFO - Processing file /opt/airflow/dags/load_ergast_data.py for tasks to queue
[2026-08-12T05:26:32.414+0000] {logging_mixin.py:188} INFO - [2026-08-12T05:26:32.414+0000] {dagbag.py:545} INFO - Filling up the DagBag from /opt/airflow/dags/load_ergast_data.py
[2026-08-12T05:26:34.525+0000] {processor.py:840} INFO - DAG(s) 'load_ergast_data' retrieved from /opt/airflow/dags/load_ergast_data.py
[2026-08-12T05:26:34.568+0000] {logging_mixin.py:188} INFO - [2026-08-12T05:26:34.568+0000] {dag.py:3096} INFO - Sync 1 DAGs
[2026-08-12T05:26:34.585+0000] {logging_mixin.py:188} INFO - [2026-08-12T05:26:34.585+0000] {dag.py:3954} INFO - Setting next_dagrun for load_ergast_data to None, run_after=None
[2026-08-12T05:26:34.606+0000] {processor.py:183} INFO - Processing /opt/airflow/dags/load_ergast_data.py took 2.200 seconds
[2026-08-12T05:27:05.224+0000] {processor.py:161} INFO - Started process (PID=6798) to work on /opt/airflow/dags/load_ergast_data.py
[2026-08-12T05:27:05.226+0000] {processor.py:830} INFO - Processing file /opt/airflow/dags/load_ergast_data.py for tasks to queue
[2026-08-12T05:27:05.227+0000] {logging_mixin.py:188} INFO - [2026-08-12T05:27:05.227+0000] {dagbag.py:545} INFO - Filling up the DagBag from /opt/airflow/dags/load_ergast_data.py
[2026-08-12T05:27:05.695+0000] {processor.py:840} INFO - DAG(s) 'load_ergast_data' retrieved from /opt/airflow/dags/load_ergast_data.py
[2026-08-12T05:27:05.719+0000] {logging_mixin.py:188} INFO - [2026-08-12T05:27:05.718+0000] {dag.py:3096} INFO - Sync 1 DAGs
[2026-08-12T05:27:05.730+0000] {logging_mixin.py:188} INFO - [2026-08-12T05:27:05.730+0000] {dag.py:3954} INFO - Setting next_dagrun for load_ergast_data to None, run_after=None
[2026-08-12T05:27:05.749+0000] {processor.py:183} INFO - Processing /opt/airflow/dags/load_ergast_data.py took 0.532 seconds
[2026-08-12T05:27:36.722+0000] {processor.py:161} INFO - Started process (PID=6814) to work on /opt/airflow/dags/load_ergast_data.py
[2026-08-12T05:27:36.724+0000] {processor.py:830} INFO - Processing file /opt/airflow/dags/load_ergast_data.py for tasks to queue
[2026-08-12T05:27:36.725+0000] {logging_mixin.py:188} INFO - [2026-08-12T05:27:36.725+0000] {dagbag.py:545} INFO - Filling up the DagBag from /opt/airflow/dags/load_ergast_data.py
[2026-08-12T05:27:37.563+0000] {processor.py:840} INFO - DAG(s) 'load_ergast_data' retrieved from /opt/airflow/dags/load_ergast_data.py
[2026-08-12T05:27:37.584+0000] {logging_mixin.py:188} INFO - [2026-08-12T05:27:37.584+0000] {dag.py:3096} INFO - Sync 1 DAGs
[2026-08-12T05:27:37.594+0000] {logging_mixin.py:188} INFO - [2026-08-12T05:27:37.593+0000] {dag.py:3954} INFO - Setting next_dagrun for load_ergast_data to None, run_after=None
[2026-08-12T05:27:37.609+0000] {processor.py:183} INFO - Processing /opt/airflow/dags/load_ergast_data.py took 0.892 seconds
[2026-08-12T05:28:08.210+0000] {processor.py:161} INFO - Started process (PID=6830) to work on /opt/airflow/dags/load_ergast_data.py
[2026-08-12T05:28:08.214+0000] {processor.py:830} INFO - Processing file /opt/airflow/dags/load_ergast_data.py for tasks to queue
[2026-08-12T05:28:08.217+0000] {logging_mixin.py:188} INFO - [2026-08-12T05:28:08.215+0000] {dagbag.py:545} INFO - Filling up the DagBag from /opt/airflow/dags/load_ergast_data.py
[2026-08-12T05:28:08.667+0000] {processor.py:840} INFO - DAG(s) 'load_ergast_data' retrieved from /opt/airflow/dags/load_ergast_data.py
[2026-08-12T05:28:08.687+0000] {logging_mixin.py:188} INFO - [2026-08-12T05:28:08.686+0000] {dag.py:3096} INFO - Sync 1 DAGs
[2026-08-12T05:28:08.696+0000] {logging_mixin.py:188} INFO - [2026-08-12T05:28:08.696+0000] {dag.py:3954} INFO - Setting next_dagrun for load_ergast_data to None, run_after=None
[2026-08-12T05:28:08.712+0000] {processor.py:183} INFO - Processing /opt/airflow/dags/load_ergast_data.py took 0.532 seconds
[2026-08-12T05:28:38.984+0000] {processor.py:161} INFO - Started process (PID=6847) to work on /opt/airflow/dags/load_ergast_data.py
[2026-08-12T05:28:38.988+0000] {processor.py:830} INFO - Processing file /opt/airflow/dags/load_ergast_data.py for tasks to queue
[2026-08-12T05:28:38.994+0000] {logging_mixin.py:188} INFO - [2026-08-12T05:28:38.991+0000] {dagbag.py:545} INFO - Filling up the DagBag from /opt/airflow/dags/load_ergast_data.py
[2026-08-12T05:28:47.188+0000] {processor.py:840} INFO - DAG(s) 'load_ergast_data' retrieved from /opt/airflow/dags/load_ergast_data.py
[2026-08-12T05:28:47.302+0000] {logging_mixin.py:188} INFO - [2026-08-12T05:28:47.301+0000] {dag.py:3096} INFO - Sync 1 DAGs
[2026-08-12T05:28:47.337+0000] {logging_mixin.py:188} INFO - [2026-08-12T05:28:47.337+0000] {dag.py:3954} INFO - Setting next_dagrun for load_ergast_data to None, run_after=None
[2026-08-12T05:28:47.373+0000] {processor.py:183} INFO - Processing /opt/airflow/dags/load_ergast_data.py took 6.697 seconds
[2026-08-12T05:29:17.849+0000] {processor.py:161} INFO - Started process (PID=6863) to work on /opt/airflow/dags/load_ergast_data.py
[2026-08-12T05:29:17.853+0000] {processor.py:830} INFO - Processing file /opt/airflow/dags/load_ergast_data.py for tasks to queue
[2026-08-12T05:29:17.856+0000] {logging_mixin.py:188} INFO - [2026-08-12T05:29:17.854+0000] {dagbag.py:545} INFO - Filling up the DagBag from /opt/airflow/dags/load_ergast_data.py
[2026-08-12T05:29:21.757+0000] {processor.py:840} INFO - DAG(s) 'load_ergast_data' retrieved from /opt/airflow/dags/load_ergast_data.py
[2026-08-12T05:29:21.791+0000] {logging_mixin.py:188} INFO - [2026-08-12T05:29:21.790+0000] {dag.py:3096} INFO - Sync 1 DAGs
[2026-08-12T05:29:21.804+0000] {logging_mixin.py:188} INFO - [2026-08-12T05:29:21.803+0000] {dag.py:3954} INFO - Setting next_dagrun for load_ergast_data to None, run_after=None
[2026-08-12T05:29:21.824+0000] {processor.py:183} INFO - Processing /opt/airflow/dags/load_ergast_data.py took 3.998 seconds
[2026-08-12T05:29:51.927+0000] {processor.py:161} INFO - Started process (PID=6879) to work on /opt/airflow/dags/load_ergast_data.py
[2026-08-12T05:29:51.929+0000] {processor.py:830} INFO - Processing file /opt/airflow/dags/load_ergast_data.py for tasks to queue
[2026-08-12T05:29:51.930+0000] {logging_mixin.py:188} INFO - [2026-08-12T05:29:51.930+0000] {dagbag.py:545} INFO - Filling up the DagBag from /opt/airflow/dags/load_ergast_data.py
[2026-08-12T05:29:52.464+0000] {processor.py:840} INFO - DAG(s) 'load_ergast_data' retrieved from /opt/airflow/dags/load_ergast_data.py
[2026-08-12T05:29:52.535+0000] {logging_mixin.py:188} INFO - [2026-08-12T05:29:52.534+0000] {dag.py:3096} INFO - Sync 1 DAGs
[2026-08-12T05:29:52.649+0000] {logging_mixin.py:188} INFO - [2026-08-12T05:29:52.648+0000] {dag.py:3954} INFO - Setting next_dagrun for load_ergast_data to None, run_after=None
[2026-08-12T05:29:52.706+0000] {processor.py:183} INFO - Processing /opt/airflow/dags/load_ergast_data.py took 0.785 seconds
[2026-08-12T05:30:23.466+0000] {processor.py:161} INFO - Started process (PID=6895) to work on /opt/airflow/dags/load_ergast_data.py
[2026-08-12T05:30:23.467+0000] {processor.py:830} INFO - Processing file /opt/airflow/dags/load_ergast_data.py for tasks to queue
[2026-08-12T05:30:23.469+0000] {logging_mixin.py:188} INFO - [2026-08-12T05:30:23.468+0000] {dagbag.py:545} INFO - Filling up the DagBag from /opt/airflow/dags/load_ergast_data.py
[2026-08-12T05:30:24.755+0000] {processor.py:840} INFO - DAG(s) 'load_ergast_data' retrieved from /opt/airflow/dags/load_ergast_data.py
[2026-08-12T05:30:24.924+0000] {logging_mixin.py:188} INFO - [2026-08-12T05:30:24.923+0000] {dag.py:3096} INFO - Sync 1 DAGs
[2026-08-12T05:30:25.036+0000] {logging_mixin.py:188} INFO - [2026-08-12T05:30:25.036+0000] {dag.py:3954} INFO - Setting next_dagrun for load_ergast_data to None, run_after=None
[2026-08-12T05:30:25.161+0000] {processor.py:183} INFO - Processing /opt/airflow/dags/load_ergast_data.py took 1.702 seconds
[2026-08-12T05:30:55.874+0000] {processor.py:161} INFO - Started process (PID=6909) to work on /opt/airflow/dags/load_ergast_data.py
[2026-08-12T05:30:55.877+0000] {processor.py:830} INFO - Processing file /opt/airflow/dags/load_ergast_data.py for tasks to queue
[2026-08-12T05:30:55.883+0000] {logging_mixin.py:188} INFO - [2026-08-12T05:30:55.880+0000] {dagbag.py:545} INFO - Filling up the DagBag from /opt/airflow/dags/load_ergast_data.py
[2026-08-12T05:30:56.746+0000] {processor.py:840} INFO - DAG(s) 'load_ergast_data' retrieved from /opt/airflow/dags/load_ergast_data.py
[2026-08-12T05:30:56.771+0000] {logging_mixin.py:188} INFO - [2026-08-12T05:30:56.771+0000] {dag.py:3096} INFO - Sync 1 DAGs
[2026-08-12T05:30:56.784+0000] {logging_mixin.py:188} INFO - [2026-08-12T05:30:56.784+0000] {dag.py:3954} INFO - Setting next_dagrun for load_ergast_data to None, run_after=None
[2026-08-12T05:30:56.806+0000] {processor.py:183} INFO - Processing /opt/airflow/dags/load_ergast_data.py took 0.949 seconds
[2026-08-12T05:31:30.006+0000] {processor.py:161} INFO - Started process (PID=6925) to work on /opt/airflow/dags/load_ergast_data.py
[2026-08-12T05:31:30.094+0000] {processor.py:830} INFO - Processing file /opt/airflow/dags/load_ergast_data.py for tasks to queue
[2026-08-12T05:31:30.116+0000] {logging_mixin.py:188} INFO - [2026-08-12T05:31:30.104+0000] {dagbag.py:545} INFO - Filling up the DagBag from /opt/airflow/dags/load_ergast_data.py
[2026-08-12T05:31:34.616+0000] {processor.py:840} INFO - DAG(s) 'load_ergast_data' retrieved from /opt/airflow/dags/load_ergast_data.py
[2026-08-12T05:31:34.758+0000] {logging_mixin.py:188} INFO - [2026-08-12T05:31:34.758+0000] {dag.py:3096} INFO - Sync 1 DAGs
[2026-08-12T05:31:34.791+0000] {logging_mixin.py:188} INFO - [2026-08-12T05:31:34.791+0000] {dag.py:3954} INFO - Setting next_dagrun for load_ergast_data to None, run_after=None
[2026-08-12T05:31:34.828+0000] {processor.py:183} INFO - Processing /opt/airflow/dags/load_ergast_data.py took 5.011 seconds
[2026-08-12T05:32:05.770+0000] {processor.py:161} INFO - Started process (PID=6943) to work on /opt/airflow/dags/load_ergast_data.py
[2026-08-12T05:32:05.772+0000] {processor.py:830} INFO - Processing file /opt/airflow/dags/load_ergast_data.py for tasks to queue
[2026-08-12T05:32:05.774+0000] {logging_mixin.py:188} INFO - [2026-08-12T05:32:05.774+0000] {dagbag.py:545} INFO - Filling up the DagBag from /opt/airflow/dags/load_ergast_data.py
[2026-08-12T05:32:08.207+0000] {processor.py:840} INFO - DAG(s) 'load_ergast_data' retrieved from /opt/airflow/dags/load_ergast_data.py
[2026-08-12T05:32:08.360+0000] {logging_mixin.py:188} INFO - [2026-08-12T05:32:08.359+0000] {dag.py:3096} INFO - Sync 1 DAGs
[2026-08-12T05:32:08.394+0000] {logging_mixin.py:188} INFO - [2026-08-12T05:32:08.393+0000] {dag.py:3954} INFO - Setting next_dagrun for load_ergast_data to None, run_after=None
[2026-08-12T05:32:08.471+0000] {processor.py:183} INFO - Processing /opt/airflow/dags/load_ergast_data.py took 2.708 seconds
[2026-08-12T05:32:39.442+0000] {processor.py:161} INFO - Started process (PID=6959) to work on /opt/airflow/dags/load_ergast_data.py
[2026-08-12T05:32:39.451+0000] {processor.py:830} INFO - Processing file /opt/airflow/dags/load_ergast_data.py for tasks to queue
[2026-08-12T05:32:39.454+0000] {logging_mixin.py:188} INFO - [2026-08-12T05:32:39.453+0000] {dagbag.py:545} INFO - Filling up the DagBag from /opt/airflow/dags/load_ergast_data.py
[2026-08-12T05:32:40.058+0000] {processor.py:840} INFO - DAG(s) 'load_ergast_data' retrieved from /opt/airflow/dags/load_ergast_data.py
[2026-08-12T05:32:40.080+0000] {logging_mixin.py:188} INFO - [2026-08-12T05:32:40.080+0000] {dag.py:3096} INFO - Sync 1 DAGs
[2026-08-12T05:32:40.089+0000] {logging_mixin.py:188} INFO - [2026-08-12T05:32:40.089+0000] {dag.py:3954} INFO - Setting next_dagrun for load_ergast_data to None, run_after=None
[2026-08-12T05:32:40.115+0000] {processor.py:183} INFO - Processing /opt/airflow/dags/load_ergast_data.py took 0.679 seconds
[2026-08-12T05:33:10.255+0000] {processor.py:161} INFO - Started process (PID=6975) to work on /opt/airflow/dags/load_ergast_data.py
[2026-08-12T05:33:10.257+0000] {processor.py:830} INFO - Processing file /opt/airflow/dags/load_ergast_data.py for tasks to queue
[2026-08-12T05:33:10.258+0000] {logging_mixin.py:188} INFO - [2026-08-12T05:33:10.258+0000] {dagbag.py:545} INFO - Filling up the DagBag from /opt/airflow/dags/load_ergast_data.py
[2026-08-12T05:33:10.672+0000] {processor.py:840} INFO - DAG(s) 'load_ergast_data' retrieved from /opt/airflow/dags/load_ergast_data.py
[2026-08-12T05:33:10.752+0000] {logging_mixin.py:188} INFO - [2026-08-12T05:33:10.751+0000] {dag.py:3096} INFO - Sync 1 DAGs
[2026-08-12T05:33:10.800+0000] {logging_mixin.py:188} INFO - [2026-08-12T05:33:10.800+0000] {dag.py:3954} INFO - Setting next_dagrun for load_ergast_data to None, run_after=None
[2026-08-12T05:33:10.851+0000] {processor.py:183} INFO - Processing /opt/airflow/dags/load_ergast_data.py took 0.602 seconds
[2026-08-12T05:33:42.520+0000] {processor.py:161} INFO - Started process (PID=6989) to work on /opt/airflow/dags/load_ergast_data.py
[2026-08-12T05:33:42.522+0000] {processor.py:830} INFO - Processing file /opt/airflow/dags/load_ergast_data.py for tasks to queue
[2026-08-12T05:33:42.523+0000] {logging_mixin.py:188} INFO - [2026-08-12T05:33:42.523+0000] {dagbag.py:545} INFO - Filling up the DagBag from /opt/airflow/dags/load_ergast_data.py
[2026-08-12T05:33:42.980+0000] {processor.py:840} INFO - DAG(s) 'load_ergast_data' retrieved from /opt/airflow/dags/load_ergast_data.py
[2026-08-12T05:33:43.002+0000] {logging_mixin.py:188} INFO - [2026-08-12T05:33:43.002+0000] {dag.py:3096} INFO - Sync 1 DAGs
[2026-08-12T05:33:43.013+0000] {logging_mixin.py:188} INFO - [2026-08-12T05:33:43.013+0000] {dag.py:3954} INFO - Setting next_dagrun for load_ergast_data to None, run_after=None
[2026-08-12T05:33:43.034+0000] {processor.py:183} INFO - Processing /opt/airflow/dags/load_ergast_data.py took 0.522 seconds
[2026-08-12T05:34:16.373+0000] {processor.py:161} INFO - Started process (PID=7005) to work on /opt/airflow/dags/load_ergast_data.py
[2026-08-12T05:34:16.374+0000] {processor.py:830} INFO - Processing file /opt/airflow/dags/load_ergast_data.py for tasks to queue
[2026-08-12T05:34:16.376+0000] {logging_mixin.py:188} INFO - [2026-08-12T05:34:16.375+0000] {dagbag.py:545} INFO - Filling up the DagBag from /opt/airflow/dags/load_ergast_data.py
[2026-08-12T05:34:20.547+0000] {processor.py:840} INFO - DAG(s) 'load_ergast_data' retrieved from /opt/airflow/dags/load_ergast_data.py
[2026-08-12T05:34:20.597+0000] {logging_mixin.py:188} INFO - [2026-08-12T05:34:20.596+0000] {dag.py:3096} INFO - Sync 1 DAGs
[2026-08-12T05:34:20.620+0000] {logging_mixin.py:188} INFO - [2026-08-12T05:34:20.620+0000] {dag.py:3954} INFO - Setting next_dagrun for load_ergast_data to None, run_after=None
[2026-08-12T05:34:20.662+0000] {processor.py:183} INFO - Processing /opt/airflow/dags/load_ergast_data.py took 4.302 seconds
[2026-08-12T05:34:51.564+0000] {processor.py:161} INFO - Started process (PID=7028) to work on /opt/airflow/dags/load_ergast_data.py
[2026-08-12T05:34:51.578+0000] {processor.py:830} INFO - Processing file /opt/airflow/dags/load_ergast_data.py for tasks to queue
[2026-08-12T05:34:51.589+0000] {logging_mixin.py:188} INFO - [2026-08-12T05:34:51.586+0000] {dagbag.py:545} INFO - Filling up the DagBag from /opt/airflow/dags/load_ergast_data.py
[2026-08-12T05:34:54.343+0000] {processor.py:840} INFO - DAG(s) 'load_ergast_data' retrieved from /opt/airflow/dags/load_ergast_data.py
[2026-08-12T05:34:54.448+0000] {logging_mixin.py:188} INFO - [2026-08-12T05:34:54.448+0000] {dag.py:3096} INFO - Sync 1 DAGs
[2026-08-12T05:34:54.498+0000] {logging_mixin.py:188} INFO - [2026-08-12T05:34:54.497+0000] {dag.py:3954} INFO - Setting next_dagrun for load_ergast_data to None, run_after=None
[2026-08-12T05:34:54.565+0000] {processor.py:183} INFO - Processing /opt/airflow/dags/load_ergast_data.py took 3.079 seconds
[2026-08-12T05:35:24.826+0000] {processor.py:161} INFO - Started process (PID=7044) to work on /opt/airflow/dags/load_ergast_data.py
[2026-08-12T05:35:24.827+0000] {processor.py:830} INFO - Processing file /opt/airflow/dags/load_ergast_data.py for tasks to queue
[2026-08-12T05:35:24.829+0000] {logging_mixin.py:188} INFO - [2026-08-12T05:35:24.829+0000] {dagbag.py:545} INFO - Filling up the DagBag from /opt/airflow/dags/load_ergast_data.py
[2026-08-12T05:35:25.476+0000] {processor.py:840} INFO - DAG(s) 'load_ergast_data' retrieved from /opt/airflow/dags/load_ergast_data.py
[2026-08-12T05:35:25.506+0000] {logging_mixin.py:188} INFO - [2026-08-12T05:35:25.506+0000] {dag.py:3096} INFO - Sync 1 DAGs
[2026-08-12T05:35:25.520+0000] {logging_mixin.py:188} INFO - [2026-08-12T05:35:25.520+0000] {dag.py:3954} INFO - Setting next_dagrun for load_ergast_data to None, run_after=None
[2026-08-12T05:35:25.539+0000] {processor.py:183} INFO - Processing /opt/airflow/dags/load_ergast_data.py took 0.719 seconds
[2026-08-12T05:35:55.773+0000] {processor.py:161} INFO - Started process (PID=7055) to work on /opt/airflow/dags/load_ergast_data.py
[2026-08-12T05:35:55.774+0000] {processor.py:830} INFO - Processing file /opt/airflow/dags/load_ergast_data.py for tasks to queue
[2026-08-12T05:35:55.776+0000] {logging_mixin.py:188} INFO - [2026-08-12T05:35:55.775+0000] {dagbag.py:545} INFO - Filling up the DagBag from /opt/airflow/dags/load_ergast_data.py
[2026-08-12T05:35:56.267+0000] {processor.py:840} INFO - DAG(s) 'load_ergast_data' retrieved from /opt/airflow/dags/load_ergast_data.py
[2026-08-12T05:35:56.293+0000] {logging_mixin.py:188} INFO - [2026-08-12T05:35:56.293+0000] {dag.py:3096} INFO - Sync 1 DAGs
[2026-08-12T05:35:56.307+0000] {logging_mixin.py:188} INFO - [2026-08-12T05:35:56.307+0000] {dag.py:3954} INFO - Setting next_dagrun for load_ergast_data to None, run_after=None
[2026-08-12T05:35:56.329+0000] {processor.py:183} INFO - Processing /opt/airflow/dags/load_ergast_data.py took 0.563 seconds
[2026-08-12T05:36:29.072+0000] {processor.py:161} INFO - Started process (PID=7071) to work on /opt/airflow/dags/load_ergast_data.py
[2026-08-12T05:36:29.079+0000] {processor.py:830} INFO - Processing file /opt/airflow/dags/load_ergast_data.py for tasks to queue
[2026-08-12T05:36:29.085+0000] {logging_mixin.py:188} INFO - [2026-08-12T05:36:29.081+0000] {dagbag.py:545} INFO - Filling up the DagBag from /opt/airflow/dags/load_ergast_data.py
[2026-08-12T05:36:35.902+0000] {processor.py:840} INFO - DAG(s) 'load_ergast_data' retrieved from /opt/airflow/dags/load_ergast_data.py
[2026-08-12T05:36:35.983+0000] {logging_mixin.py:188} INFO - [2026-08-12T05:36:35.982+0000] {dag.py:3096} INFO - Sync 1 DAGs
[2026-08-12T05:36:36.004+0000] {logging_mixin.py:188} INFO - [2026-08-12T05:36:36.004+0000] {dag.py:3954} INFO - Setting next_dagrun for load_ergast_data to None, run_after=None
[2026-08-12T05:36:36.029+0000] {processor.py:183} INFO - Processing /opt/airflow/dags/load_ergast_data.py took 6.971 seconds
[2026-08-12T05:37:06.566+0000] {processor.py:161} INFO - Started process (PID=7092) to work on /opt/airflow/dags/load_ergast_data.py
[2026-08-12T05:37:06.568+0000] {processor.py:830} INFO - Processing file /opt/airflow/dags/load_ergast_data.py for tasks to queue
[2026-08-12T05:37:06.569+0000] {logging_mixin.py:188} INFO - [2026-08-12T05:37:06.569+0000] {dagbag.py:545} INFO - Filling up the DagBag from /opt/airflow/dags/load_ergast_data.py
[2026-08-12T05:37:08.756+0000] {processor.py:840} INFO - DAG(s) 'load_ergast_data' retrieved from /opt/airflow/dags/load_ergast_data.py
[2026-08-12T05:37:09.408+0000] {logging_mixin.py:188} INFO - [2026-08-12T05:37:09.408+0000] {dag.py:3096} INFO - Sync 1 DAGs
[2026-08-12T05:37:09.609+0000] {logging_mixin.py:188} INFO - [2026-08-12T05:37:09.609+0000] {dag.py:3954} INFO - Setting next_dagrun for load_ergast_data to None, run_after=None
[2026-08-12T05:37:09.680+0000] {processor.py:183} INFO - Processing /opt/airflow/dags/load_ergast_data.py took 3.119 seconds
[2026-08-12T05:37:39.868+0000] {processor.py:161} INFO - Started process (PID=7108) to work on /opt/airflow/dags/load_ergast_data.py
[2026-08-12T05:37:39.872+0000] {processor.py:830} INFO - Processing file /opt/airflow/dags/load_ergast_data.py for tasks to queue
[2026-08-12T05:37:39.875+0000] {logging_mixin.py:188} INFO - [2026-08-12T05:37:39.874+0000] {dagbag.py:545} INFO - Filling up the DagBag from /opt/airflow/dags/load_ergast_data.py
[2026-08-12T05:37:48.099+0000] {processor.py:840} INFO - DAG(s) 'load_ergast_data' retrieved from /opt/airflow/dags/load_ergast_data.py
[2026-08-12T05:37:48.164+0000] {logging_mixin.py:188} INFO - [2026-08-12T05:37:48.164+0000] {dag.py:3096} INFO - Sync 1 DAGs
[2026-08-12T05:37:48.228+0000] {logging_mixin.py:188} INFO - [2026-08-12T05:37:48.227+0000] {dag.py:3954} INFO - Setting next_dagrun for load_ergast_data to None, run_after=None
[2026-08-12T05:37:48.266+0000] {processor.py:183} INFO - Processing /opt/airflow/dags/load_ergast_data.py took 8.423 seconds
[2026-08-12T05:38:19.139+0000] {processor.py:161} INFO - Started process (PID=7124) to work on /opt/airflow/dags/load_ergast_data.py
[2026-08-12T05:38:19.157+0000] {processor.py:830} INFO - Processing file /opt/airflow/dags/load_ergast_data.py for tasks to queue
[2026-08-12T05:38:19.173+0000] {logging_mixin.py:188} INFO - [2026-08-12T05:38:19.171+0000] {dagbag.py:545} INFO - Filling up the DagBag from /opt/airflow/dags/load_ergast_data.py
[2026-08-12T05:38:21.934+0000] {processor.py:840} INFO - DAG(s) 'load_ergast_data' retrieved from /opt/airflow/dags/load_ergast_data.py
[2026-08-12T05:38:22.084+0000] {logging_mixin.py:188} INFO - [2026-08-12T05:38:22.084+0000] {dag.py:3096} INFO - Sync 1 DAGs
[2026-08-12T05:38:22.114+0000] {logging_mixin.py:188} INFO - [2026-08-12T05:38:22.114+0000] {dag.py:3954} INFO - Setting next_dagrun for load_ergast_data to None, run_after=None
[2026-08-12T05:38:22.137+0000] {processor.py:183} INFO - Processing /opt/airflow/dags/load_ergast_data.py took 3.235 seconds
[2026-08-12T05:38:52.378+0000] {processor.py:161} INFO - Started process (PID=7140) to work on /opt/airflow/dags/load_ergast_data.py
[2026-08-12T05:38:52.380+0000] {processor.py:830} INFO - Processing file /opt/airflow/dags/load_ergast_data.py for tasks to queue
[2026-08-12T05:38:52.382+0000] {logging_mixin.py:188} INFO - [2026-08-12T05:38:52.382+0000] {dagbag.py:545} INFO - Filling up the DagBag from /opt/airflow/dags/load_ergast_data.py
[2026-08-12T05:38:53.002+0000] {processor.py:840} INFO - DAG(s) 'load_ergast_data' retrieved from /opt/airflow/dags/load_ergast_data.py
[2026-08-12T05:38:53.080+0000] {logging_mixin.py:188} INFO - [2026-08-12T05:38:53.079+0000] {dag.py:3096} INFO - Sync 1 DAGs
[2026-08-12T05:38:53.107+0000] {logging_mixin.py:188} INFO - [2026-08-12T05:38:53.106+0000] {dag.py:3954} INFO - Setting next_dagrun for load_ergast_data to None, run_after=None
[2026-08-12T05:38:53.150+0000] {processor.py:183} INFO - Processing /opt/airflow/dags/load_ergast_data.py took 0.780 seconds
[2026-08-12T05:39:23.899+0000] {processor.py:161} INFO - Started process (PID=7156) to work on /opt/airflow/dags/load_ergast_data.py
[2026-08-12T05:39:23.900+0000] {processor.py:830} INFO - Processing file /opt/airflow/dags/load_ergast_data.py for tasks to queue
[2026-08-12T05:39:23.902+0000] {logging_mixin.py:188} INFO - [2026-08-12T05:39:23.901+0000] {dagbag.py:545} INFO - Filling up the DagBag from /opt/airflow/dags/load_ergast_data.py
[2026-08-12T05:39:25.114+0000] {processor.py:840} INFO - DAG(s) 'load_ergast_data' retrieved from /opt/airflow/dags/load_ergast_data.py
[2026-08-12T05:39:25.203+0000] {logging_mixin.py:188} INFO - [2026-08-12T05:39:25.202+0000] {dag.py:3096} INFO - Sync 1 DAGs
[2026-08-12T05:39:25.254+0000] {logging_mixin.py:188} INFO - [2026-08-12T05:39:25.254+0000] {dag.py:3954} INFO - Setting next_dagrun for load_ergast_data to None, run_after=None
[2026-08-12T05:39:25.294+0000] {processor.py:183} INFO - Processing /opt/airflow/dags/load_ergast_data.py took 1.403 seconds
[2026-08-12T05:39:55.598+0000] {processor.py:161} INFO - Started process (PID=7172) to work on /opt/airflow/dags/load_ergast_data.py
[2026-08-12T05:39:55.600+0000] {processor.py:830} INFO - Processing file /opt/airflow/dags/load_ergast_data.py for tasks to queue
[2026-08-12T05:39:55.602+0000] {logging_mixin.py:188} INFO - [2026-08-12T05:39:55.602+0000] {dagbag.py:545} INFO - Filling up the DagBag from /opt/airflow/dags/load_ergast_data.py
[2026-08-12T05:39:56.433+0000] {processor.py:840} INFO - DAG(s) 'load_ergast_data' retrieved from /opt/airflow/dags/load_ergast_data.py
[2026-08-12T05:39:56.468+0000] {logging_mixin.py:188} INFO - [2026-08-12T05:39:56.467+0000] {dag.py:3096} INFO - Sync 1 DAGs
[2026-08-12T05:39:56.485+0000] {logging_mixin.py:188} INFO - [2026-08-12T05:39:56.485+0000] {dag.py:3954} INFO - Setting next_dagrun for load_ergast_data to None, run_after=None
[2026-08-12T05:39:56.512+0000] {processor.py:183} INFO - Processing /opt/airflow/dags/load_ergast_data.py took 0.924 seconds
[2026-08-12T05:40:26.850+0000] {processor.py:161} INFO - Started process (PID=7188) to work on /opt/airflow/dags/load_ergast_data.py
[2026-08-12T05:40:26.852+0000] {processor.py:830} INFO - Processing file /opt/airflow/dags/load_ergast_data.py for tasks to queue
[2026-08-12T05:40:26.854+0000] {logging_mixin.py:188} INFO - [2026-08-12T05:40:26.854+0000] {dagbag.py:545} INFO - Filling up the DagBag from /opt/airflow/dags/load_ergast_data.py
[2026-08-12T05:40:28.675+0000] {processor.py:840} INFO - DAG(s) 'load_ergast_data' retrieved from /opt/airflow/dags/load_ergast_data.py
[2026-08-12T05:40:28.744+0000] {logging_mixin.py:188} INFO - [2026-08-12T05:40:28.743+0000] {dag.py:3096} INFO - Sync 1 DAGs
[2026-08-12T05:40:28.768+0000] {logging_mixin.py:188} INFO - [2026-08-12T05:40:28.767+0000] {dag.py:3954} INFO - Setting next_dagrun for load_ergast_data to None, run_after=None
[2026-08-12T05:40:28.804+0000] {processor.py:183} INFO - Processing /opt/airflow/dags/load_ergast_data.py took 1.965 seconds
[2026-08-12T05:40:59.431+0000] {processor.py:161} INFO - Started process (PID=7204) to work on /opt/airflow/dags/load_ergast_data.py
[2026-08-12T05:40:59.432+0000] {processor.py:830} INFO - Processing file /opt/airflow/dags/load_ergast_data.py for tasks to queue
[2026-08-12T05:40:59.434+0000] {logging_mixin.py:188} INFO - [2026-08-12T05:40:59.434+0000] {dagbag.py:545} INFO - Filling up the DagBag from /opt/airflow/dags/load_ergast_data.py
[2026-08-12T05:41:00.550+0000] {processor.py:840} INFO - DAG(s) 'load_ergast_data' retrieved from /opt/airflow/dags/load_ergast_data.py
[2026-08-12T05:41:00.583+0000] {logging_mixin.py:188} INFO - [2026-08-12T05:41:00.582+0000] {dag.py:3096} INFO - Sync 1 DAGs
[2026-08-12T05:41:00.622+0000] {logging_mixin.py:188} INFO - [2026-08-12T05:41:00.621+0000] {dag.py:3954} INFO - Setting next_dagrun for load_ergast_data to None, run_after=None
[2026-08-12T05:41:00.652+0000] {processor.py:183} INFO - Processing /opt/airflow/dags/load_ergast_data.py took 1.229 seconds
[2026-08-12T05:41:31.500+0000] {processor.py:161} INFO - Started process (PID=7223) to work on /opt/airflow/dags/load_ergast_data.py
[2026-08-12T05:41:31.503+0000] {processor.py:830} INFO - Processing file /opt/airflow/dags/load_ergast_data.py for tasks to queue
[2026-08-12T05:41:31.505+0000] {logging_mixin.py:188} INFO - [2026-08-12T05:41:31.504+0000] {dagbag.py:545} INFO - Filling up the DagBag from /opt/airflow/dags/load_ergast_data.py
[2026-08-12T05:41:33.110+0000] {processor.py:840} INFO - DAG(s) 'load_ergast_data' retrieved from /opt/airflow/dags/load_ergast_data.py
[2026-08-12T05:41:33.136+0000] {logging_mixin.py:188} INFO - [2026-08-12T05:41:33.136+0000] {dag.py:3096} INFO - Sync 1 DAGs
[2026-08-12T05:41:33.149+0000] {logging_mixin.py:188} INFO - [2026-08-12T05:41:33.148+0000] {dag.py:3954} INFO - Setting next_dagrun for load_ergast_data to None, run_after=None
[2026-08-12T05:41:33.173+0000] {processor.py:183} INFO - Processing /opt/airflow/dags/load_ergast_data.py took 1.690 seconds
[2026-08-12T05:42:03.600+0000] {processor.py:161} INFO - Started process (PID=7234) to work on /opt/airflow/dags/load_ergast_data.py
[2026-08-12T05:42:03.615+0000] {processor.py:830} INFO - Processing file /opt/airflow/dags/load_ergast_data.py for tasks to queue
[2026-08-12T05:42:03.621+0000] {logging_mixin.py:188} INFO - [2026-08-12T05:42:03.618+0000] {dagbag.py:545} INFO - Filling up the DagBag from /opt/airflow/dags/load_ergast_data.py
[2026-08-12T05:42:05.005+0000] {processor.py:840} INFO - DAG(s) 'load_ergast_data' retrieved from /opt/airflow/dags/load_ergast_data.py
[2026-08-12T05:42:05.039+0000] {logging_mixin.py:188} INFO - [2026-08-12T05:42:05.038+0000] {dag.py:3096} INFO - Sync 1 DAGs
[2026-08-12T05:42:05.056+0000] {logging_mixin.py:188} INFO - [2026-08-12T05:42:05.056+0000] {dag.py:3954} INFO - Setting next_dagrun for load_ergast_data to None, run_after=None
[2026-08-12T05:42:05.083+0000] {processor.py:183} INFO - Processing /opt/airflow/dags/load_ergast_data.py took 1.571 seconds
[2026-08-12T05:42:36.558+0000] {processor.py:161} INFO - Started process (PID=7250) to work on /opt/airflow/dags/load_ergast_data.py
[2026-08-12T05:42:36.560+0000] {processor.py:830} INFO - Processing file /opt/airflow/dags/load_ergast_data.py for tasks to queue
[2026-08-12T05:42:36.562+0000] {logging_mixin.py:188} INFO - [2026-08-12T05:42:36.561+0000] {dagbag.py:545} INFO - Filling up the DagBag from /opt/airflow/dags/load_ergast_data.py
[2026-08-12T05:42:37.253+0000] {processor.py:840} INFO - DAG(s) 'load_ergast_data' retrieved from /opt/airflow/dags/load_ergast_data.py
[2026-08-12T05:42:37.295+0000] {logging_mixin.py:188} INFO - [2026-08-12T05:42:37.294+0000] {dag.py:3096} INFO - Sync 1 DAGs
[2026-08-12T05:42:37.317+0000] {logging_mixin.py:188} INFO - [2026-08-12T05:42:37.317+0000] {dag.py:3954} INFO - Setting next_dagrun for load_ergast_data to None, run_after=None
[2026-08-12T05:42:37.351+0000] {processor.py:183} INFO - Processing /opt/airflow/dags/load_ergast_data.py took 0.802 seconds
[2026-08-12T05:43:09.990+0000] {processor.py:161} INFO - Started process (PID=7266) to work on /opt/airflow/dags/load_ergast_data.py
[2026-08-12T05:43:09.993+0000] {processor.py:830} INFO - Processing file /opt/airflow/dags/load_ergast_data.py for tasks to queue
[2026-08-12T05:43:09.995+0000] {logging_mixin.py:188} INFO - [2026-08-12T05:43:09.994+0000] {dagbag.py:545} INFO - Filling up the DagBag from /opt/airflow/dags/load_ergast_data.py
[2026-08-12T05:43:10.924+0000] {processor.py:840} INFO - DAG(s) 'load_ergast_data' retrieved from /opt/airflow/dags/load_ergast_data.py
[2026-08-12T05:43:10.960+0000] {logging_mixin.py:188} INFO - [2026-08-12T05:43:10.959+0000] {dag.py:3096} INFO - Sync 1 DAGs
[2026-08-12T05:43:10.991+0000] {logging_mixin.py:188} INFO - [2026-08-12T05:43:10.990+0000] {dag.py:3954} INFO - Setting next_dagrun for load_ergast_data to None, run_after=None
[2026-08-12T05:43:11.045+0000] {processor.py:183} INFO - Processing /opt/airflow/dags/load_ergast_data.py took 1.066 seconds
[2026-08-12T05:43:43.690+0000] {processor.py:161} INFO - Started process (PID=7282) to work on /opt/airflow/dags/load_ergast_data.py
[2026-08-12T05:43:43.694+0000] {processor.py:830} INFO - Processing file /opt/airflow/dags/load_ergast_data.py for tasks to queue
[2026-08-12T05:43:43.700+0000] {logging_mixin.py:188} INFO - [2026-08-12T05:43:43.698+0000] {dagbag.py:545} INFO - Filling up the DagBag from /opt/airflow/dags/load_ergast_data.py
[2026-08-12T05:43:48.511+0000] {processor.py:840} INFO - DAG(s) 'load_ergast_data' retrieved from /opt/airflow/dags/load_ergast_data.py
[2026-08-12T05:43:48.613+0000] {logging_mixin.py:188} INFO - [2026-08-12T05:43:48.612+0000] {dag.py:3096} INFO - Sync 1 DAGs
[2026-08-12T05:43:48.642+0000] {logging_mixin.py:188} INFO - [2026-08-12T05:43:48.641+0000] {dag.py:3954} INFO - Setting next_dagrun for load_ergast_data to None, run_after=None
[2026-08-12T05:43:48.686+0000] {processor.py:183} INFO - Processing /opt/airflow/dags/load_ergast_data.py took 5.055 seconds
[2026-08-12T05:44:18.995+0000] {processor.py:161} INFO - Started process (PID=7305) to work on /opt/airflow/dags/load_ergast_data.py
[2026-08-12T05:44:18.997+0000] {processor.py:830} INFO - Processing file /opt/airflow/dags/load_ergast_data.py for tasks to queue
[2026-08-12T05:44:19.000+0000] {logging_mixin.py:188} INFO - [2026-08-12T05:44:18.999+0000] {dagbag.py:545} INFO - Filling up the DagBag from /opt/airflow/dags/load_ergast_data.py
[2026-08-12T05:44:20.012+0000] {processor.py:840} INFO - DAG(s) 'load_ergast_data' retrieved from /opt/airflow/dags/load_ergast_data.py
[2026-08-12T05:44:20.067+0000] {logging_mixin.py:188} INFO - [2026-08-12T05:44:20.067+0000] {dag.py:3096} INFO - Sync 1 DAGs
[2026-08-12T05:44:20.099+0000] {logging_mixin.py:188} INFO - [2026-08-12T05:44:20.098+0000] {dag.py:3954} INFO - Setting next_dagrun for load_ergast_data to None, run_after=None
[2026-08-12T05:44:20.136+0000] {processor.py:183} INFO - Processing /opt/airflow/dags/load_ergast_data.py took 1.174 seconds
[2026-08-12T05:44:50.928+0000] {processor.py:161} INFO - Started process (PID=7321) to work on /opt/airflow/dags/load_ergast_data.py
[2026-08-12T05:44:50.930+0000] {processor.py:830} INFO - Processing file /opt/airflow/dags/load_ergast_data.py for tasks to queue
[2026-08-12T05:44:50.932+0000] {logging_mixin.py:188} INFO - [2026-08-12T05:44:50.932+0000] {dagbag.py:545} INFO - Filling up the DagBag from /opt/airflow/dags/load_ergast_data.py
[2026-08-12T05:44:52.818+0000] {processor.py:840} INFO - DAG(s) 'load_ergast_data' retrieved from /opt/airflow/dags/load_ergast_data.py
[2026-08-12T05:44:52.848+0000] {logging_mixin.py:188} INFO - [2026-08-12T05:44:52.848+0000] {dag.py:3096} INFO - Sync 1 DAGs
[2026-08-12T05:44:52.880+0000] {logging_mixin.py:188} INFO - [2026-08-12T05:44:52.879+0000] {dag.py:3954} INFO - Setting next_dagrun for load_ergast_data to None, run_after=None
[2026-08-12T05:44:52.902+0000] {processor.py:183} INFO - Processing /opt/airflow/dags/load_ergast_data.py took 1.986 seconds
[2026-08-12T05:45:23.520+0000] {processor.py:161} INFO - Started process (PID=7330) to work on /opt/airflow/dags/load_ergast_data.py
[2026-08-12T05:45:23.521+0000] {processor.py:830} INFO - Processing file /opt/airflow/dags/load_ergast_data.py for tasks to queue
[2026-08-12T05:45:23.522+0000] {logging_mixin.py:188} INFO - [2026-08-12T05:45:23.522+0000] {dagbag.py:545} INFO - Filling up the DagBag from /opt/airflow/dags/load_ergast_data.py
[2026-08-12T05:45:24.388+0000] {processor.py:840} INFO - DAG(s) 'load_ergast_data' retrieved from /opt/airflow/dags/load_ergast_data.py
[2026-08-12T05:45:24.431+0000] {logging_mixin.py:188} INFO - [2026-08-12T05:45:24.431+0000] {dag.py:3096} INFO - Sync 1 DAGs
[2026-08-12T05:45:24.456+0000] {logging_mixin.py:188} INFO - [2026-08-12T05:45:24.456+0000] {dag.py:3954} INFO - Setting next_dagrun for load_ergast_data to None, run_after=None
[2026-08-12T05:45:24.473+0000] {processor.py:183} INFO - Processing /opt/airflow/dags/load_ergast_data.py took 0.960 seconds
[2026-08-12T05:45:56.046+0000] {processor.py:161} INFO - Started process (PID=7346) to work on /opt/airflow/dags/load_ergast_data.py
[2026-08-12T05:45:56.055+0000] {processor.py:830} INFO - Processing file /opt/airflow/dags/load_ergast_data.py for tasks to queue
[2026-08-12T05:45:56.059+0000] {logging_mixin.py:188} INFO - [2026-08-12T05:45:56.057+0000] {dagbag.py:545} INFO - Filling up the DagBag from /opt/airflow/dags/load_ergast_data.py
[2026-08-12T05:45:57.701+0000] {processor.py:840} INFO - DAG(s) 'load_ergast_data' retrieved from /opt/airflow/dags/load_ergast_data.py
[2026-08-12T05:45:58.644+0000] {logging_mixin.py:188} INFO - [2026-08-12T05:45:58.643+0000] {dag.py:3096} INFO - Sync 1 DAGs
[2026-08-12T05:45:58.667+0000] {logging_mixin.py:188} INFO - [2026-08-12T05:45:58.666+0000] {dag.py:3954} INFO - Setting next_dagrun for load_ergast_data to None, run_after=None
[2026-08-12T05:45:58.720+0000] {processor.py:183} INFO - Processing /opt/airflow/dags/load_ergast_data.py took 2.684 seconds
[2026-08-12T05:46:30.197+0000] {processor.py:161} INFO - Started process (PID=7362) to work on /opt/airflow/dags/load_ergast_data.py
[2026-08-12T05:46:30.199+0000] {processor.py:830} INFO - Processing file /opt/airflow/dags/load_ergast_data.py for tasks to queue
[2026-08-12T05:46:30.200+0000] {logging_mixin.py:188} INFO - [2026-08-12T05:46:30.200+0000] {dagbag.py:545} INFO - Filling up the DagBag from /opt/airflow/dags/load_ergast_data.py
[2026-08-12T05:46:31.530+0000] {processor.py:840} INFO - DAG(s) 'load_ergast_data' retrieved from /opt/airflow/dags/load_ergast_data.py
[2026-08-12T05:46:31.551+0000] {logging_mixin.py:188} INFO - [2026-08-12T05:46:31.551+0000] {dag.py:3096} INFO - Sync 1 DAGs
[2026-08-12T05:46:31.561+0000] {logging_mixin.py:188} INFO - [2026-08-12T05:46:31.561+0000] {dag.py:3954} INFO - Setting next_dagrun for load_ergast_data to None, run_after=None
[2026-08-12T05:46:31.589+0000] {processor.py:183} INFO - Processing /opt/airflow/dags/load_ergast_data.py took 1.399 seconds
[2026-08-12T05:47:03.790+0000] {processor.py:161} INFO - Started process (PID=7378) to work on /opt/airflow/dags/load_ergast_data.py
[2026-08-12T05:47:03.844+0000] {processor.py:830} INFO - Processing file /opt/airflow/dags/load_ergast_data.py for tasks to queue
[2026-08-12T05:47:03.847+0000] {logging_mixin.py:188} INFO - [2026-08-12T05:47:03.847+0000] {dagbag.py:545} INFO - Filling up the DagBag from /opt/airflow/dags/load_ergast_data.py
[2026-08-12T05:47:04.769+0000] {processor.py:840} INFO - DAG(s) 'load_ergast_data' retrieved from /opt/airflow/dags/load_ergast_data.py
[2026-08-12T05:47:04.810+0000] {logging_mixin.py:188} INFO - [2026-08-12T05:47:04.809+0000] {dag.py:3096} INFO - Sync 1 DAGs
[2026-08-12T05:47:04.827+0000] {logging_mixin.py:188} INFO - [2026-08-12T05:47:04.827+0000] {dag.py:3954} INFO - Setting next_dagrun for load_ergast_data to None, run_after=None
[2026-08-12T05:47:04.852+0000] {processor.py:183} INFO - Processing /opt/airflow/dags/load_ergast_data.py took 1.071 seconds
[2026-08-12T05:47:35.061+0000] {processor.py:161} INFO - Started process (PID=7401) to work on /opt/airflow/dags/load_ergast_data.py
[2026-08-12T05:47:35.063+0000] {processor.py:830} INFO - Processing file /opt/airflow/dags/load_ergast_data.py for tasks to queue
[2026-08-12T05:47:35.064+0000] {logging_mixin.py:188} INFO - [2026-08-12T05:47:35.064+0000] {dagbag.py:545} INFO - Filling up the DagBag from /opt/airflow/dags/load_ergast_data.py
[2026-08-12T05:47:35.696+0000] {processor.py:840} INFO - DAG(s) 'load_ergast_data' retrieved from /opt/airflow/dags/load_ergast_data.py
[2026-08-12T05:47:35.718+0000] {logging_mixin.py:188} INFO - [2026-08-12T05:47:35.718+0000] {dag.py:3096} INFO - Sync 1 DAGs
[2026-08-12T05:47:35.730+0000] {logging_mixin.py:188} INFO - [2026-08-12T05:47:35.729+0000] {dag.py:3954} INFO - Setting next_dagrun for load_ergast_data to None, run_after=None
[2026-08-12T05:47:35.750+0000] {processor.py:183} INFO - Processing /opt/airflow/dags/load_ergast_data.py took 0.696 seconds
[2026-08-12T05:48:06.706+0000] {processor.py:161} INFO - Started process (PID=7417) to work on /opt/airflow/dags/load_ergast_data.py
[2026-08-12T05:48:06.708+0000] {processor.py:830} INFO - Processing file /opt/airflow/dags/load_ergast_data.py for tasks to queue
[2026-08-12T05:48:06.709+0000] {logging_mixin.py:188} INFO - [2026-08-12T05:48:06.709+0000] {dagbag.py:545} INFO - Filling up the DagBag from /opt/airflow/dags/load_ergast_data.py
[2026-08-12T05:48:07.179+0000] {processor.py:840} INFO - DAG(s) 'load_ergast_data' retrieved from /opt/airflow/dags/load_ergast_data.py
[2026-08-12T05:48:07.202+0000] {logging_mixin.py:188} INFO - [2026-08-12T05:48:07.201+0000] {dag.py:3096} INFO - Sync 1 DAGs
[2026-08-12T05:48:07.212+0000] {logging_mixin.py:188} INFO - [2026-08-12T05:48:07.212+0000] {dag.py:3954} INFO - Setting next_dagrun for load_ergast_data to None, run_after=None
[2026-08-12T05:48:07.233+0000] {processor.py:183} INFO - Processing /opt/airflow/dags/load_ergast_data.py took 0.534 seconds
[2026-08-12T05:48:37.482+0000] {processor.py:161} INFO - Started process (PID=7433) to work on /opt/airflow/dags/load_ergast_data.py
[2026-08-12T05:48:37.485+0000] {processor.py:830} INFO - Processing file /opt/airflow/dags/load_ergast_data.py for tasks to queue
[2026-08-12T05:48:37.488+0000] {logging_mixin.py:188} INFO - [2026-08-12T05:48:37.487+0000] {dagbag.py:545} INFO - Filling up the DagBag from /opt/airflow/dags/load_ergast_data.py
[2026-08-12T05:48:38.322+0000] {processor.py:840} INFO - DAG(s) 'load_ergast_data' retrieved from /opt/airflow/dags/load_ergast_data.py
[2026-08-12T05:48:38.370+0000] {logging_mixin.py:188} INFO - [2026-08-12T05:48:38.369+0000] {dag.py:3096} INFO - Sync 1 DAGs
[2026-08-12T05:48:38.399+0000] {logging_mixin.py:188} INFO - [2026-08-12T05:48:38.398+0000] {dag.py:3954} INFO - Setting next_dagrun for load_ergast_data to None, run_after=None
[2026-08-12T05:48:38.448+0000] {processor.py:183} INFO - Processing /opt/airflow/dags/load_ergast_data.py took 0.991 seconds
[2026-08-12T05:49:09.016+0000] {processor.py:161} INFO - Started process (PID=7449) to work on /opt/airflow/dags/load_ergast_data.py
[2026-08-12T05:49:09.018+0000] {processor.py:830} INFO - Processing file /opt/airflow/dags/load_ergast_data.py for tasks to queue
[2026-08-12T05:49:09.020+0000] {logging_mixin.py:188} INFO - [2026-08-12T05:49:09.019+0000] {dagbag.py:545} INFO - Filling up the DagBag from /opt/airflow/dags/load_ergast_data.py
[2026-08-12T05:49:10.229+0000] {processor.py:840} INFO - DAG(s) 'load_ergast_data' retrieved from /opt/airflow/dags/load_ergast_data.py
[2026-08-12T05:49:10.341+0000] {logging_mixin.py:188} INFO - [2026-08-12T05:49:10.340+0000] {dag.py:3096} INFO - Sync 1 DAGs
[2026-08-12T05:49:10.380+0000] {logging_mixin.py:188} INFO - [2026-08-12T05:49:10.380+0000] {dag.py:3954} INFO - Setting next_dagrun for load_ergast_data to None, run_after=None
[2026-08-12T05:49:10.430+0000] {processor.py:183} INFO - Processing /opt/airflow/dags/load_ergast_data.py took 1.439 seconds
[2026-08-12T05:49:41.419+0000] {processor.py:161} INFO - Started process (PID=7465) to work on /opt/airflow/dags/load_ergast_data.py
[2026-08-12T05:49:41.432+0000] {processor.py:830} INFO - Processing file /opt/airflow/dags/load_ergast_data.py for tasks to queue
[2026-08-12T05:49:41.440+0000] {logging_mixin.py:188} INFO - [2026-08-12T05:49:41.437+0000] {dagbag.py:545} INFO - Filling up the DagBag from /opt/airflow/dags/load_ergast_data.py
[2026-08-12T05:49:45.375+0000] {processor.py:840} INFO - DAG(s) 'load_ergast_data' retrieved from /opt/airflow/dags/load_ergast_data.py
[2026-08-12T05:49:45.428+0000] {logging_mixin.py:188} INFO - [2026-08-12T05:49:45.428+0000] {dag.py:3096} INFO - Sync 1 DAGs
[2026-08-12T05:49:45.447+0000] {logging_mixin.py:188} INFO - [2026-08-12T05:49:45.447+0000] {dag.py:3954} INFO - Setting next_dagrun for load_ergast_data to None, run_after=None
[2026-08-12T05:49:45.474+0000] {processor.py:183} INFO - Processing /opt/airflow/dags/load_ergast_data.py took 4.145 seconds
[2026-08-12T05:50:16.329+0000] {processor.py:161} INFO - Started process (PID=7481) to work on /opt/airflow/dags/load_ergast_data.py
[2026-08-12T05:50:16.331+0000] {processor.py:830} INFO - Processing file /opt/airflow/dags/load_ergast_data.py for tasks to queue
[2026-08-12T05:50:16.333+0000] {logging_mixin.py:188} INFO - [2026-08-12T05:50:16.332+0000] {dagbag.py:545} INFO - Filling up the DagBag from /opt/airflow/dags/load_ergast_data.py
[2026-08-12T05:50:20.135+0000] {processor.py:840} INFO - DAG(s) 'load_ergast_data' retrieved from /opt/airflow/dags/load_ergast_data.py
[2026-08-12T05:50:20.288+0000] {logging_mixin.py:188} INFO - [2026-08-12T05:50:20.286+0000] {dag.py:3096} INFO - Sync 1 DAGs
[2026-08-12T05:50:20.347+0000] {logging_mixin.py:188} INFO - [2026-08-12T05:50:20.346+0000] {dag.py:3954} INFO - Setting next_dagrun for load_ergast_data to None, run_after=None
[2026-08-12T05:50:20.420+0000] {processor.py:183} INFO - Processing /opt/airflow/dags/load_ergast_data.py took 4.100 seconds
[2026-08-12T05:50:51.212+0000] {processor.py:161} INFO - Started process (PID=7497) to work on /opt/airflow/dags/load_ergast_data.py
[2026-08-12T05:50:51.225+0000] {processor.py:830} INFO - Processing file /opt/airflow/dags/load_ergast_data.py for tasks to queue
[2026-08-12T05:50:51.234+0000] {logging_mixin.py:188} INFO - [2026-08-12T05:50:51.230+0000] {dagbag.py:545} INFO - Filling up the DagBag from /opt/airflow/dags/load_ergast_data.py
[2026-08-12T05:50:53.828+0000] {processor.py:840} INFO - DAG(s) 'load_ergast_data' retrieved from /opt/airflow/dags/load_ergast_data.py
[2026-08-12T05:50:53.952+0000] {logging_mixin.py:188} INFO - [2026-08-12T05:50:53.951+0000] {dag.py:3096} INFO - Sync 1 DAGs
[2026-08-12T05:50:54.024+0000] {logging_mixin.py:188} INFO - [2026-08-12T05:50:54.024+0000] {dag.py:3954} INFO - Setting next_dagrun for load_ergast_data to None, run_after=None
[2026-08-12T05:50:54.095+0000] {processor.py:183} INFO - Processing /opt/airflow/dags/load_ergast_data.py took 2.925 seconds
[2026-08-12T05:51:24.391+0000] {processor.py:161} INFO - Started process (PID=7513) to work on /opt/airflow/dags/load_ergast_data.py
[2026-08-12T05:51:24.396+0000] {processor.py:830} INFO - Processing file /opt/airflow/dags/load_ergast_data.py for tasks to queue
[2026-08-12T05:51:24.401+0000] {logging_mixin.py:188} INFO - [2026-08-12T05:51:24.400+0000] {dagbag.py:545} INFO - Filling up the DagBag from /opt/airflow/dags/load_ergast_data.py
[2026-08-12T05:51:25.664+0000] {processor.py:840} INFO - DAG(s) 'load_ergast_data' retrieved from /opt/airflow/dags/load_ergast_data.py
[2026-08-12T05:51:25.726+0000] {logging_mixin.py:188} INFO - [2026-08-12T05:51:25.725+0000] {dag.py:3096} INFO - Sync 1 DAGs
[2026-08-12T05:51:25.788+0000] {logging_mixin.py:188} INFO - [2026-08-12T05:51:25.787+0000] {dag.py:3954} INFO - Setting next_dagrun for load_ergast_data to None, run_after=None
[2026-08-12T05:51:25.851+0000] {processor.py:183} INFO - Processing /opt/airflow/dags/load_ergast_data.py took 1.475 seconds
[2026-08-12T05:51:56.279+0000] {processor.py:161} INFO - Started process (PID=7529) to work on /opt/airflow/dags/load_ergast_data.py
[2026-08-12T05:51:56.282+0000] {processor.py:830} INFO - Processing file /opt/airflow/dags/load_ergast_data.py for tasks to queue
[2026-08-12T05:51:56.284+0000] {logging_mixin.py:188} INFO - [2026-08-12T05:51:56.283+0000] {dagbag.py:545} INFO - Filling up the DagBag from /opt/airflow/dags/load_ergast_data.py
[2026-08-12T05:51:57.564+0000] {processor.py:840} INFO - DAG(s) 'load_ergast_data' retrieved from /opt/airflow/dags/load_ergast_data.py
[2026-08-12T05:51:57.611+0000] {logging_mixin.py:188} INFO - [2026-08-12T05:51:57.610+0000] {dag.py:3096} INFO - Sync 1 DAGs
[2026-08-12T05:51:57.627+0000] {logging_mixin.py:188} INFO - [2026-08-12T05:51:57.627+0000] {dag.py:3954} INFO - Setting next_dagrun for load_ergast_data to None, run_after=None
[2026-08-12T05:51:57.658+0000] {processor.py:183} INFO - Processing /opt/airflow/dags/load_ergast_data.py took 1.389 seconds
[2026-08-12T05:52:27.837+0000] {processor.py:161} INFO - Started process (PID=7545) to work on /opt/airflow/dags/load_ergast_data.py
[2026-08-12T05:52:27.840+0000] {processor.py:830} INFO - Processing file /opt/airflow/dags/load_ergast_data.py for tasks to queue
[2026-08-12T05:52:27.842+0000] {logging_mixin.py:188} INFO - [2026-08-12T05:52:27.842+0000] {dagbag.py:545} INFO - Filling up the DagBag from /opt/airflow/dags/load_ergast_data.py
[2026-08-12T05:52:29.025+0000] {processor.py:840} INFO - DAG(s) 'load_ergast_data' retrieved from /opt/airflow/dags/load_ergast_data.py
[2026-08-12T05:52:29.069+0000] {logging_mixin.py:188} INFO - [2026-08-12T05:52:29.068+0000] {dag.py:3096} INFO - Sync 1 DAGs
[2026-08-12T05:52:29.108+0000] {logging_mixin.py:188} INFO - [2026-08-12T05:52:29.108+0000] {dag.py:3954} INFO - Setting next_dagrun for load_ergast_data to None, run_after=None
[2026-08-12T05:52:29.165+0000] {processor.py:183} INFO - Processing /opt/airflow/dags/load_ergast_data.py took 1.339 seconds
[2026-08-12T05:52:59.427+0000] {processor.py:161} INFO - Started process (PID=7561) to work on /opt/airflow/dags/load_ergast_data.py
[2026-08-12T05:52:59.432+0000] {processor.py:830} INFO - Processing file /opt/airflow/dags/load_ergast_data.py for tasks to queue
[2026-08-12T05:52:59.435+0000] {logging_mixin.py:188} INFO - [2026-08-12T05:52:59.434+0000] {dagbag.py:545} INFO - Filling up the DagBag from /opt/airflow/dags/load_ergast_data.py
[2026-08-12T05:53:01.099+0000] {processor.py:840} INFO - DAG(s) 'load_ergast_data' retrieved from /opt/airflow/dags/load_ergast_data.py
[2026-08-12T05:53:01.187+0000] {logging_mixin.py:188} INFO - [2026-08-12T05:53:01.186+0000] {dag.py:3096} INFO - Sync 1 DAGs
[2026-08-12T05:53:01.218+0000] {logging_mixin.py:188} INFO - [2026-08-12T05:53:01.218+0000] {dag.py:3954} INFO - Setting next_dagrun for load_ergast_data to None, run_after=None
[2026-08-12T05:53:01.266+0000] {processor.py:183} INFO - Processing /opt/airflow/dags/load_ergast_data.py took 1.860 seconds
[2026-08-12T05:53:32.138+0000] {processor.py:161} INFO - Started process (PID=7577) to work on /opt/airflow/dags/load_ergast_data.py
[2026-08-12T05:53:32.141+0000] {processor.py:830} INFO - Processing file /opt/airflow/dags/load_ergast_data.py for tasks to queue
[2026-08-12T05:53:32.142+0000] {logging_mixin.py:188} INFO - [2026-08-12T05:53:32.142+0000] {dagbag.py:545} INFO - Filling up the DagBag from /opt/airflow/dags/load_ergast_data.py
[2026-08-12T05:53:33.409+0000] {processor.py:840} INFO - DAG(s) 'load_ergast_data' retrieved from /opt/airflow/dags/load_ergast_data.py
[2026-08-12T05:53:33.447+0000] {logging_mixin.py:188} INFO - [2026-08-12T05:53:33.446+0000] {dag.py:3096} INFO - Sync 1 DAGs
[2026-08-12T05:53:33.471+0000] {logging_mixin.py:188} INFO - [2026-08-12T05:53:33.470+0000] {dag.py:3954} INFO - Setting next_dagrun for load_ergast_data to None, run_after=None
[2026-08-12T05:53:33.509+0000] {processor.py:183} INFO - Processing /opt/airflow/dags/load_ergast_data.py took 1.380 seconds
[2026-08-12T05:54:04.287+0000] {processor.py:161} INFO - Started process (PID=7593) to work on /opt/airflow/dags/load_ergast_data.py
[2026-08-12T05:54:04.290+0000] {processor.py:830} INFO - Processing file /opt/airflow/dags/load_ergast_data.py for tasks to queue
[2026-08-12T05:54:04.292+0000] {logging_mixin.py:188} INFO - [2026-08-12T05:54:04.292+0000] {dagbag.py:545} INFO - Filling up the DagBag from /opt/airflow/dags/load_ergast_data.py
[2026-08-12T05:54:05.708+0000] {processor.py:840} INFO - DAG(s) 'load_ergast_data' retrieved from /opt/airflow/dags/load_ergast_data.py
[2026-08-12T05:54:05.753+0000] {logging_mixin.py:188} INFO - [2026-08-12T05:54:05.752+0000] {dag.py:3096} INFO - Sync 1 DAGs
[2026-08-12T05:54:05.775+0000] {logging_mixin.py:188} INFO - [2026-08-12T05:54:05.774+0000] {dag.py:3954} INFO - Setting next_dagrun for load_ergast_data to None, run_after=None
[2026-08-12T05:54:05.816+0000] {processor.py:183} INFO - Processing /opt/airflow/dags/load_ergast_data.py took 1.546 seconds
[2026-08-12T05:54:36.162+0000] {processor.py:161} INFO - Started process (PID=7609) to work on /opt/airflow/dags/load_ergast_data.py
[2026-08-12T05:54:36.205+0000] {processor.py:830} INFO - Processing file /opt/airflow/dags/load_ergast_data.py for tasks to queue
[2026-08-12T05:54:36.211+0000] {logging_mixin.py:188} INFO - [2026-08-12T05:54:36.208+0000] {dagbag.py:545} INFO - Filling up the DagBag from /opt/airflow/dags/load_ergast_data.py
[2026-08-12T05:54:40.835+0000] {processor.py:840} INFO - DAG(s) 'load_ergast_data' retrieved from /opt/airflow/dags/load_ergast_data.py
[2026-08-12T05:54:41.333+0000] {logging_mixin.py:188} INFO - [2026-08-12T05:54:41.333+0000] {dag.py:3096} INFO - Sync 1 DAGs
[2026-08-12T05:54:41.811+0000] {logging_mixin.py:188} INFO - [2026-08-12T05:54:41.811+0000] {dag.py:3954} INFO - Setting next_dagrun for load_ergast_data to None, run_after=None
[2026-08-12T05:54:42.346+0000] {processor.py:183} INFO - Processing /opt/airflow/dags/load_ergast_data.py took 6.208 seconds
[2026-08-12T05:55:12.632+0000] {processor.py:161} INFO - Started process (PID=7625) to work on /opt/airflow/dags/load_ergast_data.py
[2026-08-12T05:55:12.736+0000] {processor.py:830} INFO - Processing file /opt/airflow/dags/load_ergast_data.py for tasks to queue
[2026-08-12T05:55:12.801+0000] {logging_mixin.py:188} INFO - [2026-08-12T05:55:12.738+0000] {dagbag.py:545} INFO - Filling up the DagBag from /opt/airflow/dags/load_ergast_data.py
[2026-08-12T05:55:14.863+0000] {processor.py:840} INFO - DAG(s) 'load_ergast_data' retrieved from /opt/airflow/dags/load_ergast_data.py
[2026-08-12T05:55:14.974+0000] {logging_mixin.py:188} INFO - [2026-08-12T05:55:14.974+0000] {dag.py:3096} INFO - Sync 1 DAGs
[2026-08-12T05:55:15.003+0000] {logging_mixin.py:188} INFO - [2026-08-12T05:55:15.003+0000] {dag.py:3954} INFO - Setting next_dagrun for load_ergast_data to None, run_after=None
[2026-08-12T05:55:15.052+0000] {processor.py:183} INFO - Processing /opt/airflow/dags/load_ergast_data.py took 2.324 seconds
[2026-08-12T05:55:45.325+0000] {processor.py:161} INFO - Started process (PID=7641) to work on /opt/airflow/dags/load_ergast_data.py
[2026-08-12T05:55:45.327+0000] {processor.py:830} INFO - Processing file /opt/airflow/dags/load_ergast_data.py for tasks to queue
[2026-08-12T05:55:45.329+0000] {logging_mixin.py:188} INFO - [2026-08-12T05:55:45.328+0000] {dagbag.py:545} INFO - Filling up the DagBag from /opt/airflow/dags/load_ergast_data.py
[2026-08-12T05:55:46.036+0000] {processor.py:840} INFO - DAG(s) 'load_ergast_data' retrieved from /opt/airflow/dags/load_ergast_data.py
[2026-08-12T05:55:46.092+0000] {logging_mixin.py:188} INFO - [2026-08-12T05:55:46.090+0000] {dag.py:3096} INFO - Sync 1 DAGs
[2026-08-12T05:55:46.143+0000] {logging_mixin.py:188} INFO - [2026-08-12T05:55:46.143+0000] {dag.py:3954} INFO - Setting next_dagrun for load_ergast_data to None, run_after=None
[2026-08-12T05:55:46.236+0000] {processor.py:183} INFO - Processing /opt/airflow/dags/load_ergast_data.py took 0.919 seconds
[2026-08-12T05:56:16.789+0000] {processor.py:161} INFO - Started process (PID=7657) to work on /opt/airflow/dags/load_ergast_data.py
[2026-08-12T05:56:16.792+0000] {processor.py:830} INFO - Processing file /opt/airflow/dags/load_ergast_data.py for tasks to queue
[2026-08-12T05:56:16.794+0000] {logging_mixin.py:188} INFO - [2026-08-12T05:56:16.793+0000] {dagbag.py:545} INFO - Filling up the DagBag from /opt/airflow/dags/load_ergast_data.py
[2026-08-12T05:56:18.008+0000] {processor.py:840} INFO - DAG(s) 'load_ergast_data' retrieved from /opt/airflow/dags/load_ergast_data.py
[2026-08-12T05:56:18.097+0000] {logging_mixin.py:188} INFO - [2026-08-12T05:56:18.096+0000] {dag.py:3096} INFO - Sync 1 DAGs
[2026-08-12T05:56:18.148+0000] {logging_mixin.py:188} INFO - [2026-08-12T05:56:18.147+0000] {dag.py:3954} INFO - Setting next_dagrun for load_ergast_data to None, run_after=None
[2026-08-12T05:56:18.204+0000] {processor.py:183} INFO - Processing /opt/airflow/dags/load_ergast_data.py took 1.428 seconds
[2026-08-12T05:56:48.676+0000] {processor.py:161} INFO - Started process (PID=7673) to work on /opt/airflow/dags/load_ergast_data.py
[2026-08-12T05:56:48.678+0000] {processor.py:830} INFO - Processing file /opt/airflow/dags/load_ergast_data.py for tasks to queue
[2026-08-12T05:56:48.679+0000] {logging_mixin.py:188} INFO - [2026-08-12T05:56:48.679+0000] {dagbag.py:545} INFO - Filling up the DagBag from /opt/airflow/dags/load_ergast_data.py
[2026-08-12T05:56:49.295+0000] {processor.py:840} INFO - DAG(s) 'load_ergast_data' retrieved from /opt/airflow/dags/load_ergast_data.py
[2026-08-12T05:56:49.330+0000] {logging_mixin.py:188} INFO - [2026-08-12T05:56:49.330+0000] {dag.py:3096} INFO - Sync 1 DAGs
[2026-08-12T05:56:49.348+0000] {logging_mixin.py:188} INFO - [2026-08-12T05:56:49.348+0000] {dag.py:3954} INFO - Setting next_dagrun for load_ergast_data to None, run_after=None
[2026-08-12T05:56:49.374+0000] {processor.py:183} INFO - Processing /opt/airflow/dags/load_ergast_data.py took 0.706 seconds
[2026-08-12T05:57:19.846+0000] {processor.py:161} INFO - Started process (PID=7689) to work on /opt/airflow/dags/load_ergast_data.py
[2026-08-12T05:57:19.847+0000] {processor.py:830} INFO - Processing file /opt/airflow/dags/load_ergast_data.py for tasks to queue
[2026-08-12T05:57:19.849+0000] {logging_mixin.py:188} INFO - [2026-08-12T05:57:19.848+0000] {dagbag.py:545} INFO - Filling up the DagBag from /opt/airflow/dags/load_ergast_data.py
[2026-08-12T05:57:20.285+0000] {processor.py:840} INFO - DAG(s) 'load_ergast_data' retrieved from /opt/airflow/dags/load_ergast_data.py
[2026-08-12T05:57:20.309+0000] {logging_mixin.py:188} INFO - [2026-08-12T05:57:20.308+0000] {dag.py:3096} INFO - Sync 1 DAGs
[2026-08-12T05:57:20.319+0000] {logging_mixin.py:188} INFO - [2026-08-12T05:57:20.319+0000] {dag.py:3954} INFO - Setting next_dagrun for load_ergast_data to None, run_after=None
[2026-08-12T05:57:20.340+0000] {processor.py:183} INFO - Processing /opt/airflow/dags/load_ergast_data.py took 0.500 seconds
[2026-08-12T05:57:50.639+0000] {processor.py:161} INFO - Started process (PID=7705) to work on /opt/airflow/dags/load_ergast_data.py
[2026-08-12T05:57:50.641+0000] {processor.py:830} INFO - Processing file /opt/airflow/dags/load_ergast_data.py for tasks to queue
[2026-08-12T05:57:50.643+0000] {logging_mixin.py:188} INFO - [2026-08-12T05:57:50.642+0000] {dagbag.py:545} INFO - Filling up the DagBag from /opt/airflow/dags/load_ergast_data.py
[2026-08-12T05:57:51.296+0000] {processor.py:840} INFO - DAG(s) 'load_ergast_data' retrieved from /opt/airflow/dags/load_ergast_data.py
[2026-08-12T05:57:51.324+0000] {logging_mixin.py:188} INFO - [2026-08-12T05:57:51.323+0000] {dag.py:3096} INFO - Sync 1 DAGs
[2026-08-12T05:57:51.335+0000] {logging_mixin.py:188} INFO - [2026-08-12T05:57:51.335+0000] {dag.py:3954} INFO - Setting next_dagrun for load_ergast_data to None, run_after=None
[2026-08-12T05:57:51.355+0000] {processor.py:183} INFO - Processing /opt/airflow/dags/load_ergast_data.py took 0.723 seconds
[2026-08-12T05:58:21.772+0000] {processor.py:161} INFO - Started process (PID=7721) to work on /opt/airflow/dags/load_ergast_data.py
[2026-08-12T05:58:21.774+0000] {processor.py:830} INFO - Processing file /opt/airflow/dags/load_ergast_data.py for tasks to queue
[2026-08-12T05:58:21.775+0000] {logging_mixin.py:188} INFO - [2026-08-12T05:58:21.775+0000] {dagbag.py:545} INFO - Filling up the DagBag from /opt/airflow/dags/load_ergast_data.py
[2026-08-12T05:58:22.236+0000] {processor.py:840} INFO - DAG(s) 'load_ergast_data' retrieved from /opt/airflow/dags/load_ergast_data.py
[2026-08-12T05:58:22.259+0000] {logging_mixin.py:188} INFO - [2026-08-12T05:58:22.258+0000] {dag.py:3096} INFO - Sync 1 DAGs
[2026-08-12T05:58:22.270+0000] {logging_mixin.py:188} INFO - [2026-08-12T05:58:22.269+0000] {dag.py:3954} INFO - Setting next_dagrun for load_ergast_data to None, run_after=None
[2026-08-12T05:58:22.294+0000] {processor.py:183} INFO - Processing /opt/airflow/dags/load_ergast_data.py took 0.531 seconds
[2026-08-12T05:58:52.567+0000] {processor.py:161} INFO - Started process (PID=7737) to work on /opt/airflow/dags/load_ergast_data.py
[2026-08-12T05:58:52.569+0000] {processor.py:830} INFO - Processing file /opt/airflow/dags/load_ergast_data.py for tasks to queue
[2026-08-12T05:58:52.571+0000] {logging_mixin.py:188} INFO - [2026-08-12T05:58:52.571+0000] {dagbag.py:545} INFO - Filling up the DagBag from /opt/airflow/dags/load_ergast_data.py
[2026-08-12T05:58:53.377+0000] {processor.py:840} INFO - DAG(s) 'load_ergast_data' retrieved from /opt/airflow/dags/load_ergast_data.py
[2026-08-12T05:58:53.424+0000] {logging_mixin.py:188} INFO - [2026-08-12T05:58:53.423+0000] {dag.py:3096} INFO - Sync 1 DAGs
[2026-08-12T05:58:53.445+0000] {logging_mixin.py:188} INFO - [2026-08-12T05:58:53.445+0000] {dag.py:3954} INFO - Setting next_dagrun for load_ergast_data to None, run_after=None
[2026-08-12T05:58:53.479+0000] {processor.py:183} INFO - Processing /opt/airflow/dags/load_ergast_data.py took 0.920 seconds
[2026-08-12T05:59:23.922+0000] {processor.py:161} INFO - Started process (PID=7753) to work on /opt/airflow/dags/load_ergast_data.py
[2026-08-12T05:59:23.923+0000] {processor.py:830} INFO - Processing file /opt/airflow/dags/load_ergast_data.py for tasks to queue
[2026-08-12T05:59:23.925+0000] {logging_mixin.py:188} INFO - [2026-08-12T05:59:23.925+0000] {dagbag.py:545} INFO - Filling up the DagBag from /opt/airflow/dags/load_ergast_data.py
[2026-08-12T05:59:24.643+0000] {processor.py:840} INFO - DAG(s) 'load_ergast_data' retrieved from /opt/airflow/dags/load_ergast_data.py
[2026-08-12T05:59:25.023+0000] {logging_mixin.py:188} INFO - [2026-08-12T05:59:25.022+0000] {dag.py:3096} INFO - Sync 1 DAGs
[2026-08-12T05:59:25.071+0000] {logging_mixin.py:188} INFO - [2026-08-12T05:59:25.071+0000] {dag.py:3954} INFO - Setting next_dagrun for load_ergast_data to None, run_after=None
[2026-08-12T05:59:25.111+0000] {processor.py:183} INFO - Processing /opt/airflow/dags/load_ergast_data.py took 1.195 seconds
[2026-08-12T05:59:55.704+0000] {processor.py:161} INFO - Started process (PID=7769) to work on /opt/airflow/dags/load_ergast_data.py
[2026-08-12T05:59:55.706+0000] {processor.py:830} INFO - Processing file /opt/airflow/dags/load_ergast_data.py for tasks to queue
[2026-08-12T05:59:55.707+0000] {logging_mixin.py:188} INFO - [2026-08-12T05:59:55.707+0000] {dagbag.py:545} INFO - Filling up the DagBag from /opt/airflow/dags/load_ergast_data.py
[2026-08-12T05:59:56.202+0000] {processor.py:840} INFO - DAG(s) 'load_ergast_data' retrieved from /opt/airflow/dags/load_ergast_data.py
[2026-08-12T05:59:56.224+0000] {logging_mixin.py:188} INFO - [2026-08-12T05:59:56.224+0000] {dag.py:3096} INFO - Sync 1 DAGs
[2026-08-12T05:59:56.233+0000] {logging_mixin.py:188} INFO - [2026-08-12T05:59:56.233+0000] {dag.py:3954} INFO - Setting next_dagrun for load_ergast_data to None, run_after=None
[2026-08-12T05:59:56.252+0000] {processor.py:183} INFO - Processing /opt/airflow/dags/load_ergast_data.py took 0.554 seconds
[2026-08-12T06:00:27.271+0000] {processor.py:161} INFO - Started process (PID=7785) to work on /opt/airflow/dags/load_ergast_data.py
[2026-08-12T06:00:27.273+0000] {processor.py:830} INFO - Processing file /opt/airflow/dags/load_ergast_data.py for tasks to queue
[2026-08-12T06:00:27.274+0000] {logging_mixin.py:188} INFO - [2026-08-12T06:00:27.274+0000] {dagbag.py:545} INFO - Filling up the DagBag from /opt/airflow/dags/load_ergast_data.py
[2026-08-12T06:00:27.757+0000] {processor.py:840} INFO - DAG(s) 'load_ergast_data' retrieved from /opt/airflow/dags/load_ergast_data.py
[2026-08-12T06:00:27.782+0000] {logging_mixin.py:188} INFO - [2026-08-12T06:00:27.781+0000] {dag.py:3096} INFO - Sync 1 DAGs
[2026-08-12T06:00:27.809+0000] {logging_mixin.py:188} INFO - [2026-08-12T06:00:27.809+0000] {dag.py:3954} INFO - Setting next_dagrun for load_ergast_data to None, run_after=None
[2026-08-12T06:00:27.836+0000] {processor.py:183} INFO - Processing /opt/airflow/dags/load_ergast_data.py took 0.572 seconds
[2026-08-12T06:00:58.588+0000] {processor.py:161} INFO - Started process (PID=7801) to work on /opt/airflow/dags/load_ergast_data.py
[2026-08-12T06:00:58.590+0000] {processor.py:830} INFO - Processing file /opt/airflow/dags/load_ergast_data.py for tasks to queue
[2026-08-12T06:00:58.593+0000] {logging_mixin.py:188} INFO - [2026-08-12T06:00:58.592+0000] {dagbag.py:545} INFO - Filling up the DagBag from /opt/airflow/dags/load_ergast_data.py
[2026-08-12T06:00:59.440+0000] {processor.py:840} INFO - DAG(s) 'load_ergast_data' retrieved from /opt/airflow/dags/load_ergast_data.py
[2026-08-12T06:00:59.481+0000] {logging_mixin.py:188} INFO - [2026-08-12T06:00:59.481+0000] {dag.py:3096} INFO - Sync 1 DAGs
[2026-08-12T06:00:59.497+0000] {logging_mixin.py:188} INFO - [2026-08-12T06:00:59.496+0000] {dag.py:3954} INFO - Setting next_dagrun for load_ergast_data to None, run_after=None
[2026-08-12T06:00:59.528+0000] {processor.py:183} INFO - Processing /opt/airflow/dags/load_ergast_data.py took 0.952 seconds
[2026-08-12T06:01:29.981+0000] {processor.py:161} INFO - Started process (PID=7817) to work on /opt/airflow/dags/load_ergast_data.py
[2026-08-12T06:01:29.984+0000] {processor.py:830} INFO - Processing file /opt/airflow/dags/load_ergast_data.py for tasks to queue
[2026-08-12T06:01:29.985+0000] {logging_mixin.py:188} INFO - [2026-08-12T06:01:29.985+0000] {dagbag.py:545} INFO - Filling up the DagBag from /opt/airflow/dags/load_ergast_data.py
[2026-08-12T06:01:30.719+0000] {processor.py:840} INFO - DAG(s) 'load_ergast_data' retrieved from /opt/airflow/dags/load_ergast_data.py
[2026-08-12T06:01:30.741+0000] {logging_mixin.py:188} INFO - [2026-08-12T06:01:30.740+0000] {dag.py:3096} INFO - Sync 1 DAGs
[2026-08-12T06:01:30.752+0000] {logging_mixin.py:188} INFO - [2026-08-12T06:01:30.752+0000] {dag.py:3954} INFO - Setting next_dagrun for load_ergast_data to None, run_after=None
[2026-08-12T06:01:30.771+0000] {processor.py:183} INFO - Processing /opt/airflow/dags/load_ergast_data.py took 0.800 seconds
[2026-08-12T06:02:01.723+0000] {processor.py:161} INFO - Started process (PID=7841) to work on /opt/airflow/dags/load_ergast_data.py
[2026-08-12T06:02:01.725+0000] {processor.py:830} INFO - Processing file /opt/airflow/dags/load_ergast_data.py for tasks to queue
[2026-08-12T06:02:01.726+0000] {logging_mixin.py:188} INFO - [2026-08-12T06:02:01.726+0000] {dagbag.py:545} INFO - Filling up the DagBag from /opt/airflow/dags/load_ergast_data.py
[2026-08-12T06:02:02.495+0000] {processor.py:840} INFO - DAG(s) 'load_ergast_data' retrieved from /opt/airflow/dags/load_ergast_data.py
[2026-08-12T06:02:02.530+0000] {logging_mixin.py:188} INFO - [2026-08-12T06:02:02.530+0000] {dag.py:3096} INFO - Sync 1 DAGs
[2026-08-12T06:02:02.551+0000] {logging_mixin.py:188} INFO - [2026-08-12T06:02:02.550+0000] {dag.py:3954} INFO - Setting next_dagrun for load_ergast_data to None, run_after=None
[2026-08-12T06:02:02.577+0000] {processor.py:183} INFO - Processing /opt/airflow/dags/load_ergast_data.py took 0.861 seconds
[2026-08-12T06:02:33.069+0000] {processor.py:161} INFO - Started process (PID=7859) to work on /opt/airflow/dags/load_ergast_data.py
[2026-08-12T06:02:33.070+0000] {processor.py:830} INFO - Processing file /opt/airflow/dags/load_ergast_data.py for tasks to queue
[2026-08-12T06:02:33.071+0000] {logging_mixin.py:188} INFO - [2026-08-12T06:02:33.071+0000] {dagbag.py:545} INFO - Filling up the DagBag from /opt/airflow/dags/load_ergast_data.py
[2026-08-12T06:02:33.488+0000] {processor.py:840} INFO - DAG(s) 'load_ergast_data' retrieved from /opt/airflow/dags/load_ergast_data.py
[2026-08-12T06:02:33.510+0000] {logging_mixin.py:188} INFO - [2026-08-12T06:02:33.510+0000] {dag.py:3096} INFO - Sync 1 DAGs
[2026-08-12T06:02:33.521+0000] {logging_mixin.py:188} INFO - [2026-08-12T06:02:33.520+0000] {dag.py:3954} INFO - Setting next_dagrun for load_ergast_data to None, run_after=None
[2026-08-12T06:02:33.540+0000] {processor.py:183} INFO - Processing /opt/airflow/dags/load_ergast_data.py took 0.478 seconds
[2026-08-12T06:03:03.723+0000] {processor.py:161} INFO - Started process (PID=7875) to work on /opt/airflow/dags/load_ergast_data.py
[2026-08-12T06:03:03.724+0000] {processor.py:830} INFO - Processing file /opt/airflow/dags/load_ergast_data.py for tasks to queue
[2026-08-12T06:03:03.726+0000] {logging_mixin.py:188} INFO - [2026-08-12T06:03:03.725+0000] {dagbag.py:545} INFO - Filling up the DagBag from /opt/airflow/dags/load_ergast_data.py
[2026-08-12T06:03:04.131+0000] {processor.py:840} INFO - DAG(s) 'load_ergast_data' retrieved from /opt/airflow/dags/load_ergast_data.py
[2026-08-12T06:03:04.154+0000] {logging_mixin.py:188} INFO - [2026-08-12T06:03:04.153+0000] {dag.py:3096} INFO - Sync 1 DAGs
[2026-08-12T06:03:04.165+0000] {logging_mixin.py:188} INFO - [2026-08-12T06:03:04.165+0000] {dag.py:3954} INFO - Setting next_dagrun for load_ergast_data to None, run_after=None
[2026-08-12T06:03:04.183+0000] {processor.py:183} INFO - Processing /opt/airflow/dags/load_ergast_data.py took 0.467 seconds
[2026-08-12T06:03:35.175+0000] {processor.py:161} INFO - Started process (PID=7891) to work on /opt/airflow/dags/load_ergast_data.py
[2026-08-12T06:03:35.177+0000] {processor.py:830} INFO - Processing file /opt/airflow/dags/load_ergast_data.py for tasks to queue
[2026-08-12T06:03:35.178+0000] {logging_mixin.py:188} INFO - [2026-08-12T06:03:35.177+0000] {dagbag.py:545} INFO - Filling up the DagBag from /opt/airflow/dags/load_ergast_data.py
[2026-08-12T06:03:35.610+0000] {processor.py:840} INFO - DAG(s) 'load_ergast_data' retrieved from /opt/airflow/dags/load_ergast_data.py
[2026-08-12T06:03:35.633+0000] {logging_mixin.py:188} INFO - [2026-08-12T06:03:35.633+0000] {dag.py:3096} INFO - Sync 1 DAGs
[2026-08-12T06:03:35.643+0000] {logging_mixin.py:188} INFO - [2026-08-12T06:03:35.643+0000] {dag.py:3954} INFO - Setting next_dagrun for load_ergast_data to None, run_after=None
[2026-08-12T06:03:35.661+0000] {processor.py:183} INFO - Processing /opt/airflow/dags/load_ergast_data.py took 0.492 seconds
[2026-08-12T06:04:06.671+0000] {processor.py:161} INFO - Started process (PID=7907) to work on /opt/airflow/dags/load_ergast_data.py
[2026-08-12T06:04:06.673+0000] {processor.py:830} INFO - Processing file /opt/airflow/dags/load_ergast_data.py for tasks to queue
[2026-08-12T06:04:06.675+0000] {logging_mixin.py:188} INFO - [2026-08-12T06:04:06.674+0000] {dagbag.py:545} INFO - Filling up the DagBag from /opt/airflow/dags/load_ergast_data.py
[2026-08-12T06:04:07.111+0000] {processor.py:840} INFO - DAG(s) 'load_ergast_data' retrieved from /opt/airflow/dags/load_ergast_data.py
[2026-08-12T06:04:07.130+0000] {logging_mixin.py:188} INFO - [2026-08-12T06:04:07.130+0000] {dag.py:3096} INFO - Sync 1 DAGs
[2026-08-12T06:04:07.139+0000] {logging_mixin.py:188} INFO - [2026-08-12T06:04:07.139+0000] {dag.py:3954} INFO - Setting next_dagrun for load_ergast_data to None, run_after=None
[2026-08-12T06:04:07.158+0000] {processor.py:183} INFO - Processing /opt/airflow/dags/load_ergast_data.py took 0.494 seconds
[2026-08-12T06:04:37.418+0000] {processor.py:161} INFO - Started process (PID=7923) to work on /opt/airflow/dags/load_ergast_data.py
[2026-08-12T06:04:37.421+0000] {processor.py:830} INFO - Processing file /opt/airflow/dags/load_ergast_data.py for tasks to queue
[2026-08-12T06:04:37.423+0000] {logging_mixin.py:188} INFO - [2026-08-12T06:04:37.422+0000] {dagbag.py:545} INFO - Filling up the DagBag from /opt/airflow/dags/load_ergast_data.py
[2026-08-12T06:04:38.193+0000] {processor.py:840} INFO - DAG(s) 'load_ergast_data' retrieved from /opt/airflow/dags/load_ergast_data.py
[2026-08-12T06:04:38.223+0000] {logging_mixin.py:188} INFO - [2026-08-12T06:04:38.222+0000] {dag.py:3096} INFO - Sync 1 DAGs
[2026-08-12T06:04:38.234+0000] {logging_mixin.py:188} INFO - [2026-08-12T06:04:38.233+0000] {dag.py:3954} INFO - Setting next_dagrun for load_ergast_data to None, run_after=None
[2026-08-12T06:04:38.259+0000] {processor.py:183} INFO - Processing /opt/airflow/dags/load_ergast_data.py took 0.852 seconds
[2026-08-12T06:05:08.788+0000] {processor.py:161} INFO - Started process (PID=7939) to work on /opt/airflow/dags/load_ergast_data.py
[2026-08-12T06:05:08.790+0000] {processor.py:830} INFO - Processing file /opt/airflow/dags/load_ergast_data.py for tasks to queue
[2026-08-12T06:05:08.792+0000] {logging_mixin.py:188} INFO - [2026-08-12T06:05:08.791+0000] {dagbag.py:545} INFO - Filling up the DagBag from /opt/airflow/dags/load_ergast_data.py
[2026-08-12T06:05:09.828+0000] {processor.py:840} INFO - DAG(s) 'load_ergast_data' retrieved from /opt/airflow/dags/load_ergast_data.py
[2026-08-12T06:05:09.851+0000] {logging_mixin.py:188} INFO - [2026-08-12T06:05:09.851+0000] {dag.py:3096} INFO - Sync 1 DAGs
[2026-08-12T06:05:09.864+0000] {logging_mixin.py:188} INFO - [2026-08-12T06:05:09.864+0000] {dag.py:3954} INFO - Setting next_dagrun for load_ergast_data to None, run_after=None
[2026-08-12T06:05:09.884+0000] {processor.py:183} INFO - Processing /opt/airflow/dags/load_ergast_data.py took 1.103 seconds
[2026-08-12T06:05:40.348+0000] {processor.py:161} INFO - Started process (PID=7955) to work on /opt/airflow/dags/load_ergast_data.py
[2026-08-12T06:05:40.350+0000] {processor.py:830} INFO - Processing file /opt/airflow/dags/load_ergast_data.py for tasks to queue
[2026-08-12T06:05:40.351+0000] {logging_mixin.py:188} INFO - [2026-08-12T06:05:40.351+0000] {dagbag.py:545} INFO - Filling up the DagBag from /opt/airflow/dags/load_ergast_data.py
[2026-08-12T06:05:40.834+0000] {processor.py:840} INFO - DAG(s) 'load_ergast_data' retrieved from /opt/airflow/dags/load_ergast_data.py
[2026-08-12T06:05:40.857+0000] {logging_mixin.py:188} INFO - [2026-08-12T06:05:40.857+0000] {dag.py:3096} INFO - Sync 1 DAGs
[2026-08-12T06:05:40.867+0000] {logging_mixin.py:188} INFO - [2026-08-12T06:05:40.867+0000] {dag.py:3954} INFO - Setting next_dagrun for load_ergast_data to None, run_after=None
[2026-08-12T06:05:40.886+0000] {processor.py:183} INFO - Processing /opt/airflow/dags/load_ergast_data.py took 0.546 seconds
[2026-08-12T06:06:11.860+0000] {processor.py:161} INFO - Started process (PID=7971) to work on /opt/airflow/dags/load_ergast_data.py
[2026-08-12T06:06:11.861+0000] {processor.py:830} INFO - Processing file /opt/airflow/dags/load_ergast_data.py for tasks to queue
[2026-08-12T06:06:11.863+0000] {logging_mixin.py:188} INFO - [2026-08-12T06:06:11.863+0000] {dagbag.py:545} INFO - Filling up the DagBag from /opt/airflow/dags/load_ergast_data.py
[2026-08-12T06:06:12.364+0000] {processor.py:840} INFO - DAG(s) 'load_ergast_data' retrieved from /opt/airflow/dags/load_ergast_data.py
[2026-08-12T06:06:12.388+0000] {logging_mixin.py:188} INFO - [2026-08-12T06:06:12.387+0000] {dag.py:3096} INFO - Sync 1 DAGs
[2026-08-12T06:06:12.399+0000] {logging_mixin.py:188} INFO - [2026-08-12T06:06:12.398+0000] {dag.py:3954} INFO - Setting next_dagrun for load_ergast_data to None, run_after=None
[2026-08-12T06:06:12.419+0000] {processor.py:183} INFO - Processing /opt/airflow/dags/load_ergast_data.py took 0.566 seconds
[2026-08-12T06:06:43.155+0000] {processor.py:161} INFO - Started process (PID=7987) to work on /opt/airflow/dags/load_ergast_data.py
[2026-08-12T06:06:43.157+0000] {processor.py:830} INFO - Processing file /opt/airflow/dags/load_ergast_data.py for tasks to queue
[2026-08-12T06:06:43.158+0000] {logging_mixin.py:188} INFO - [2026-08-12T06:06:43.158+0000] {dagbag.py:545} INFO - Filling up the DagBag from /opt/airflow/dags/load_ergast_data.py
[2026-08-12T06:06:43.597+0000] {processor.py:840} INFO - DAG(s) 'load_ergast_data' retrieved from /opt/airflow/dags/load_ergast_data.py
[2026-08-12T06:06:43.619+0000] {logging_mixin.py:188} INFO - [2026-08-12T06:06:43.619+0000] {dag.py:3096} INFO - Sync 1 DAGs
[2026-08-12T06:06:43.629+0000] {logging_mixin.py:188} INFO - [2026-08-12T06:06:43.628+0000] {dag.py:3954} INFO - Setting next_dagrun for load_ergast_data to None, run_after=None
[2026-08-12T06:06:43.650+0000] {processor.py:183} INFO - Processing /opt/airflow/dags/load_ergast_data.py took 0.501 seconds
[2026-08-12T06:07:13.812+0000] {processor.py:161} INFO - Started process (PID=8003) to work on /opt/airflow/dags/load_ergast_data.py
[2026-08-12T06:07:13.814+0000] {processor.py:830} INFO - Processing file /opt/airflow/dags/load_ergast_data.py for tasks to queue
[2026-08-12T06:07:13.815+0000] {logging_mixin.py:188} INFO - [2026-08-12T06:07:13.815+0000] {dagbag.py:545} INFO - Filling up the DagBag from /opt/airflow/dags/load_ergast_data.py
[2026-08-12T06:07:14.332+0000] {processor.py:840} INFO - DAG(s) 'load_ergast_data' retrieved from /opt/airflow/dags/load_ergast_data.py
[2026-08-12T06:07:14.391+0000] {logging_mixin.py:188} INFO - [2026-08-12T06:07:14.390+0000] {dag.py:3096} INFO - Sync 1 DAGs
[2026-08-12T06:07:14.417+0000] {logging_mixin.py:188} INFO - [2026-08-12T06:07:14.417+0000] {dag.py:3954} INFO - Setting next_dagrun for load_ergast_data to None, run_after=None
[2026-08-12T06:07:14.458+0000] {processor.py:183} INFO - Processing /opt/airflow/dags/load_ergast_data.py took 0.641 seconds
[2026-08-12T06:07:45.161+0000] {processor.py:161} INFO - Started process (PID=8019) to work on /opt/airflow/dags/load_ergast_data.py
[2026-08-12T06:07:45.169+0000] {processor.py:830} INFO - Processing file /opt/airflow/dags/load_ergast_data.py for tasks to queue
[2026-08-12T06:07:45.173+0000] {logging_mixin.py:188} INFO - [2026-08-12T06:07:45.171+0000] {dagbag.py:545} INFO - Filling up the DagBag from /opt/airflow/dags/load_ergast_data.py
[2026-08-12T06:07:46.035+0000] {processor.py:840} INFO - DAG(s) 'load_ergast_data' retrieved from /opt/airflow/dags/load_ergast_data.py
[2026-08-12T06:07:46.056+0000] {logging_mixin.py:188} INFO - [2026-08-12T06:07:46.055+0000] {dag.py:3096} INFO - Sync 1 DAGs
[2026-08-12T06:07:46.066+0000] {logging_mixin.py:188} INFO - [2026-08-12T06:07:46.066+0000] {dag.py:3954} INFO - Setting next_dagrun for load_ergast_data to None, run_after=None
[2026-08-12T06:07:46.085+0000] {processor.py:183} INFO - Processing /opt/airflow/dags/load_ergast_data.py took 0.997 seconds
[2026-08-12T06:08:16.382+0000] {processor.py:161} INFO - Started process (PID=8035) to work on /opt/airflow/dags/load_ergast_data.py
[2026-08-12T06:08:16.384+0000] {processor.py:830} INFO - Processing file /opt/airflow/dags/load_ergast_data.py for tasks to queue
[2026-08-12T06:08:16.385+0000] {logging_mixin.py:188} INFO - [2026-08-12T06:08:16.385+0000] {dagbag.py:545} INFO - Filling up the DagBag from /opt/airflow/dags/load_ergast_data.py
[2026-08-12T06:08:16.963+0000] {processor.py:840} INFO - DAG(s) 'load_ergast_data' retrieved from /opt/airflow/dags/load_ergast_data.py
[2026-08-12T06:08:16.986+0000] {logging_mixin.py:188} INFO - [2026-08-12T06:08:16.985+0000] {dag.py:3096} INFO - Sync 1 DAGs
[2026-08-12T06:08:16.995+0000] {logging_mixin.py:188} INFO - [2026-08-12T06:08:16.995+0000] {dag.py:3954} INFO - Setting next_dagrun for load_ergast_data to None, run_after=None
[2026-08-12T06:08:17.015+0000] {processor.py:183} INFO - Processing /opt/airflow/dags/load_ergast_data.py took 0.640 seconds
[2026-08-12T06:08:47.213+0000] {processor.py:161} INFO - Started process (PID=8051) to work on /opt/airflow/dags/load_ergast_data.py
[2026-08-12T06:08:47.214+0000] {processor.py:830} INFO - Processing file /opt/airflow/dags/load_ergast_data.py for tasks to queue
[2026-08-12T06:08:47.216+0000] {logging_mixin.py:188} INFO - [2026-08-12T06:08:47.215+0000] {dagbag.py:545} INFO - Filling up the DagBag from /opt/airflow/dags/load_ergast_data.py
[2026-08-12T06:08:47.716+0000] {processor.py:840} INFO - DAG(s) 'load_ergast_data' retrieved from /opt/airflow/dags/load_ergast_data.py
[2026-08-12T06:08:47.739+0000] {logging_mixin.py:188} INFO - [2026-08-12T06:08:47.739+0000] {dag.py:3096} INFO - Sync 1 DAGs
[2026-08-12T06:08:47.750+0000] {logging_mixin.py:188} INFO - [2026-08-12T06:08:47.749+0000] {dag.py:3954} INFO - Setting next_dagrun for load_ergast_data to None, run_after=None
[2026-08-12T06:08:47.771+0000] {processor.py:183} INFO - Processing /opt/airflow/dags/load_ergast_data.py took 0.565 seconds
[2026-08-12T06:09:18.572+0000] {processor.py:161} INFO - Started process (PID=8067) to work on /opt/airflow/dags/load_ergast_data.py
[2026-08-12T06:09:18.574+0000] {processor.py:830} INFO - Processing file /opt/airflow/dags/load_ergast_data.py for tasks to queue
[2026-08-12T06:09:18.576+0000] {logging_mixin.py:188} INFO - [2026-08-12T06:09:18.576+0000] {dagbag.py:545} INFO - Filling up the DagBag from /opt/airflow/dags/load_ergast_data.py
[2026-08-12T06:09:19.099+0000] {processor.py:840} INFO - DAG(s) 'load_ergast_data' retrieved from /opt/airflow/dags/load_ergast_data.py
[2026-08-12T06:09:19.120+0000] {logging_mixin.py:188} INFO - [2026-08-12T06:09:19.119+0000] {dag.py:3096} INFO - Sync 1 DAGs
[2026-08-12T06:09:19.131+0000] {logging_mixin.py:188} INFO - [2026-08-12T06:09:19.131+0000] {dag.py:3954} INFO - Setting next_dagrun for load_ergast_data to None, run_after=None
[2026-08-12T06:09:19.152+0000] {processor.py:183} INFO - Processing /opt/airflow/dags/load_ergast_data.py took 0.591 seconds
[2026-08-12T06:09:49.247+0000] {processor.py:161} INFO - Started process (PID=8083) to work on /opt/airflow/dags/load_ergast_data.py
[2026-08-12T06:09:49.249+0000] {processor.py:830} INFO - Processing file /opt/airflow/dags/load_ergast_data.py for tasks to queue
[2026-08-12T06:09:49.251+0000] {logging_mixin.py:188} INFO - [2026-08-12T06:09:49.250+0000] {dagbag.py:545} INFO - Filling up the DagBag from /opt/airflow/dags/load_ergast_data.py
[2026-08-12T06:09:49.679+0000] {processor.py:840} INFO - DAG(s) 'load_ergast_data' retrieved from /opt/airflow/dags/load_ergast_data.py
[2026-08-12T06:09:49.700+0000] {logging_mixin.py:188} INFO - [2026-08-12T06:09:49.699+0000] {dag.py:3096} INFO - Sync 1 DAGs
[2026-08-12T06:09:49.710+0000] {logging_mixin.py:188} INFO - [2026-08-12T06:09:49.710+0000] {dag.py:3954} INFO - Setting next_dagrun for load_ergast_data to None, run_after=None
[2026-08-12T06:09:49.730+0000] {processor.py:183} INFO - Processing /opt/airflow/dags/load_ergast_data.py took 0.490 seconds
[2026-08-12T06:10:20.762+0000] {processor.py:161} INFO - Started process (PID=8099) to work on /opt/airflow/dags/load_ergast_data.py
[2026-08-12T06:10:20.763+0000] {processor.py:830} INFO - Processing file /opt/airflow/dags/load_ergast_data.py for tasks to queue
[2026-08-12T06:10:20.765+0000] {logging_mixin.py:188} INFO - [2026-08-12T06:10:20.764+0000] {dagbag.py:545} INFO - Filling up the DagBag from /opt/airflow/dags/load_ergast_data.py
[2026-08-12T06:10:21.205+0000] {processor.py:840} INFO - DAG(s) 'load_ergast_data' retrieved from /opt/airflow/dags/load_ergast_data.py
[2026-08-12T06:10:21.226+0000] {logging_mixin.py:188} INFO - [2026-08-12T06:10:21.225+0000] {dag.py:3096} INFO - Sync 1 DAGs
[2026-08-12T06:10:21.236+0000] {logging_mixin.py:188} INFO - [2026-08-12T06:10:21.236+0000] {dag.py:3954} INFO - Setting next_dagrun for load_ergast_data to None, run_after=None
[2026-08-12T06:10:21.262+0000] {processor.py:183} INFO - Processing /opt/airflow/dags/load_ergast_data.py took 0.506 seconds
[2026-08-12T06:10:52.032+0000] {processor.py:161} INFO - Started process (PID=8115) to work on /opt/airflow/dags/load_ergast_data.py
[2026-08-12T06:10:52.034+0000] {processor.py:830} INFO - Processing file /opt/airflow/dags/load_ergast_data.py for tasks to queue
[2026-08-12T06:10:52.035+0000] {logging_mixin.py:188} INFO - [2026-08-12T06:10:52.035+0000] {dagbag.py:545} INFO - Filling up the DagBag from /opt/airflow/dags/load_ergast_data.py
[2026-08-12T06:10:52.440+0000] {processor.py:840} INFO - DAG(s) 'load_ergast_data' retrieved from /opt/airflow/dags/load_ergast_data.py
[2026-08-12T06:10:52.462+0000] {logging_mixin.py:188} INFO - [2026-08-12T06:10:52.461+0000] {dag.py:3096} INFO - Sync 1 DAGs
[2026-08-12T06:10:52.473+0000] {logging_mixin.py:188} INFO - [2026-08-12T06:10:52.473+0000] {dag.py:3954} INFO - Setting next_dagrun for load_ergast_data to None, run_after=None
[2026-08-12T06:10:52.491+0000] {processor.py:183} INFO - Processing /opt/airflow/dags/load_ergast_data.py took 0.466 seconds
[2026-08-12T06:11:22.641+0000] {processor.py:161} INFO - Started process (PID=8131) to work on /opt/airflow/dags/load_ergast_data.py
[2026-08-12T06:11:22.642+0000] {processor.py:830} INFO - Processing file /opt/airflow/dags/load_ergast_data.py for tasks to queue
[2026-08-12T06:11:22.644+0000] {logging_mixin.py:188} INFO - [2026-08-12T06:11:22.643+0000] {dagbag.py:545} INFO - Filling up the DagBag from /opt/airflow/dags/load_ergast_data.py
[2026-08-12T06:11:23.056+0000] {processor.py:840} INFO - DAG(s) 'load_ergast_data' retrieved from /opt/airflow/dags/load_ergast_data.py
[2026-08-12T06:11:23.077+0000] {logging_mixin.py:188} INFO - [2026-08-12T06:11:23.076+0000] {dag.py:3096} INFO - Sync 1 DAGs
[2026-08-12T06:11:23.088+0000] {logging_mixin.py:188} INFO - [2026-08-12T06:11:23.087+0000] {dag.py:3954} INFO - Setting next_dagrun for load_ergast_data to None, run_after=None
[2026-08-12T06:11:23.108+0000] {processor.py:183} INFO - Processing /opt/airflow/dags/load_ergast_data.py took 0.474 seconds
[2026-08-12T06:11:54.088+0000] {processor.py:161} INFO - Started process (PID=8147) to work on /opt/airflow/dags/load_ergast_data.py
[2026-08-12T06:11:54.089+0000] {processor.py:830} INFO - Processing file /opt/airflow/dags/load_ergast_data.py for tasks to queue
[2026-08-12T06:11:54.091+0000] {logging_mixin.py:188} INFO - [2026-08-12T06:11:54.090+0000] {dagbag.py:545} INFO - Filling up the DagBag from /opt/airflow/dags/load_ergast_data.py
[2026-08-12T06:11:54.493+0000] {processor.py:840} INFO - DAG(s) 'load_ergast_data' retrieved from /opt/airflow/dags/load_ergast_data.py
[2026-08-12T06:11:54.513+0000] {logging_mixin.py:188} INFO - [2026-08-12T06:11:54.513+0000] {dag.py:3096} INFO - Sync 1 DAGs
[2026-08-12T06:11:54.523+0000] {logging_mixin.py:188} INFO - [2026-08-12T06:11:54.522+0000] {dag.py:3954} INFO - Setting next_dagrun for load_ergast_data to None, run_after=None
[2026-08-12T06:11:54.539+0000] {processor.py:183} INFO - Processing /opt/airflow/dags/load_ergast_data.py took 0.457 seconds
[2026-08-12T06:31:53.368+0000] {processor.py:161} INFO - Started process (PID=8165) to work on /opt/airflow/dags/load_ergast_data.py
[2026-08-12T06:31:53.386+0000] {processor.py:830} INFO - Processing file /opt/airflow/dags/load_ergast_data.py for tasks to queue
[2026-08-12T06:31:53.400+0000] {logging_mixin.py:188} INFO - [2026-08-12T06:31:53.394+0000] {dagbag.py:545} INFO - Filling up the DagBag from /opt/airflow/dags/load_ergast_data.py
[2026-08-12T06:32:23.934+0000] {logging_mixin.py:188} INFO - [2026-08-12T06:32:23.784+0000] {timeout.py:68} ERROR - Process timed out, PID: 8165
[2026-08-12T06:32:57.569+0000] {processor.py:161} INFO - Started process (PID=8182) to work on /opt/airflow/dags/load_ergast_data.py
[2026-08-12T06:32:57.593+0000] {processor.py:830} INFO - Processing file /opt/airflow/dags/load_ergast_data.py for tasks to queue
[2026-08-12T06:32:57.609+0000] {logging_mixin.py:188} INFO - [2026-08-12T06:32:57.601+0000] {dagbag.py:545} INFO - Filling up the DagBag from /opt/airflow/dags/load_ergast_data.py
[2026-08-12T06:33:05.667+0000] {processor.py:840} INFO - DAG(s) 'load_ergast_data' retrieved from /opt/airflow/dags/load_ergast_data.py
[2026-08-12T06:33:05.988+0000] {logging_mixin.py:188} INFO - [2026-08-12T06:33:05.987+0000] {dag.py:3096} INFO - Sync 1 DAGs
[2026-08-12T06:33:06.009+0000] {logging_mixin.py:188} INFO - [2026-08-12T06:33:06.009+0000] {dag.py:3954} INFO - Setting next_dagrun for load_ergast_data to None, run_after=None
[2026-08-12T06:33:06.075+0000] {processor.py:183} INFO - Processing /opt/airflow/dags/load_ergast_data.py took 8.716 seconds
[2026-08-12T06:33:37.119+0000] {processor.py:161} INFO - Started process (PID=8205) to work on /opt/airflow/dags/load_ergast_data.py
[2026-08-12T06:33:37.127+0000] {processor.py:830} INFO - Processing file /opt/airflow/dags/load_ergast_data.py for tasks to queue
[2026-08-12T06:33:37.165+0000] {logging_mixin.py:188} INFO - [2026-08-12T06:33:37.164+0000] {dagbag.py:545} INFO - Filling up the DagBag from /opt/airflow/dags/load_ergast_data.py
[2026-08-12T06:33:38.592+0000] {processor.py:840} INFO - DAG(s) 'load_ergast_data' retrieved from /opt/airflow/dags/load_ergast_data.py
[2026-08-12T06:33:38.627+0000] {logging_mixin.py:188} INFO - [2026-08-12T06:33:38.626+0000] {dag.py:3096} INFO - Sync 1 DAGs
[2026-08-12T06:33:38.644+0000] {logging_mixin.py:188} INFO - [2026-08-12T06:33:38.643+0000] {dag.py:3954} INFO - Setting next_dagrun for load_ergast_data to None, run_after=None
[2026-08-12T06:33:38.665+0000] {processor.py:183} INFO - Processing /opt/airflow/dags/load_ergast_data.py took 1.552 seconds
[2026-08-12T06:34:08.807+0000] {processor.py:161} INFO - Started process (PID=8221) to work on /opt/airflow/dags/load_ergast_data.py
[2026-08-12T06:34:08.814+0000] {processor.py:830} INFO - Processing file /opt/airflow/dags/load_ergast_data.py for tasks to queue
[2026-08-12T06:34:08.817+0000] {logging_mixin.py:188} INFO - [2026-08-12T06:34:08.816+0000] {dagbag.py:545} INFO - Filling up the DagBag from /opt/airflow/dags/load_ergast_data.py
[2026-08-12T06:34:10.443+0000] {processor.py:840} INFO - DAG(s) 'load_ergast_data' retrieved from /opt/airflow/dags/load_ergast_data.py
[2026-08-12T06:34:10.473+0000] {logging_mixin.py:188} INFO - [2026-08-12T06:34:10.472+0000] {dag.py:3096} INFO - Sync 1 DAGs
[2026-08-12T06:34:10.484+0000] {logging_mixin.py:188} INFO - [2026-08-12T06:34:10.484+0000] {dag.py:3954} INFO - Setting next_dagrun for load_ergast_data to None, run_after=None
[2026-08-12T06:34:10.518+0000] {processor.py:183} INFO - Processing /opt/airflow/dags/load_ergast_data.py took 1.719 seconds
[2026-08-12T06:34:41.304+0000] {processor.py:161} INFO - Started process (PID=8237) to work on /opt/airflow/dags/load_ergast_data.py
[2026-08-12T06:34:41.306+0000] {processor.py:830} INFO - Processing file /opt/airflow/dags/load_ergast_data.py for tasks to queue
[2026-08-12T06:34:41.307+0000] {logging_mixin.py:188} INFO - [2026-08-12T06:34:41.307+0000] {dagbag.py:545} INFO - Filling up the DagBag from /opt/airflow/dags/load_ergast_data.py
[2026-08-12T06:34:41.806+0000] {processor.py:840} INFO - DAG(s) 'load_ergast_data' retrieved from /opt/airflow/dags/load_ergast_data.py
[2026-08-12T06:34:41.826+0000] {logging_mixin.py:188} INFO - [2026-08-12T06:34:41.826+0000] {dag.py:3096} INFO - Sync 1 DAGs
[2026-08-12T06:34:41.841+0000] {logging_mixin.py:188} INFO - [2026-08-12T06:34:41.841+0000] {dag.py:3954} INFO - Setting next_dagrun for load_ergast_data to None, run_after=None
[2026-08-12T06:34:41.859+0000] {processor.py:183} INFO - Processing /opt/airflow/dags/load_ergast_data.py took 0.561 seconds
[2026-08-12T06:35:12.246+0000] {processor.py:161} INFO - Started process (PID=8253) to work on /opt/airflow/dags/load_ergast_data.py
[2026-08-12T06:35:12.249+0000] {processor.py:830} INFO - Processing file /opt/airflow/dags/load_ergast_data.py for tasks to queue
[2026-08-12T06:35:12.251+0000] {logging_mixin.py:188} INFO - [2026-08-12T06:35:12.251+0000] {dagbag.py:545} INFO - Filling up the DagBag from /opt/airflow/dags/load_ergast_data.py
[2026-08-12T06:35:13.311+0000] {processor.py:840} INFO - DAG(s) 'load_ergast_data' retrieved from /opt/airflow/dags/load_ergast_data.py
[2026-08-12T06:35:13.340+0000] {logging_mixin.py:188} INFO - [2026-08-12T06:35:13.339+0000] {dag.py:3096} INFO - Sync 1 DAGs
[2026-08-12T06:35:13.352+0000] {logging_mixin.py:188} INFO - [2026-08-12T06:35:13.352+0000] {dag.py:3954} INFO - Setting next_dagrun for load_ergast_data to None, run_after=None
[2026-08-12T06:35:13.373+0000] {processor.py:183} INFO - Processing /opt/airflow/dags/load_ergast_data.py took 1.146 seconds
[2026-08-12T06:35:43.997+0000] {processor.py:161} INFO - Started process (PID=8269) to work on /opt/airflow/dags/load_ergast_data.py
[2026-08-12T06:35:43.998+0000] {processor.py:830} INFO - Processing file /opt/airflow/dags/load_ergast_data.py for tasks to queue
[2026-08-12T06:35:44.000+0000] {logging_mixin.py:188} INFO - [2026-08-12T06:35:43.999+0000] {dagbag.py:545} INFO - Filling up the DagBag from /opt/airflow/dags/load_ergast_data.py
[2026-08-12T06:35:44.532+0000] {processor.py:840} INFO - DAG(s) 'load_ergast_data' retrieved from /opt/airflow/dags/load_ergast_data.py
[2026-08-12T06:35:44.554+0000] {logging_mixin.py:188} INFO - [2026-08-12T06:35:44.553+0000] {dag.py:3096} INFO - Sync 1 DAGs
[2026-08-12T06:35:44.565+0000] {logging_mixin.py:188} INFO - [2026-08-12T06:35:44.565+0000] {dag.py:3954} INFO - Setting next_dagrun for load_ergast_data to None, run_after=None
[2026-08-12T06:35:44.584+0000] {processor.py:183} INFO - Processing /opt/airflow/dags/load_ergast_data.py took 0.594 seconds
[2026-08-12T06:36:14.652+0000] {processor.py:161} INFO - Started process (PID=8285) to work on /opt/airflow/dags/load_ergast_data.py
[2026-08-12T06:36:14.654+0000] {processor.py:830} INFO - Processing file /opt/airflow/dags/load_ergast_data.py for tasks to queue
[2026-08-12T06:36:14.655+0000] {logging_mixin.py:188} INFO - [2026-08-12T06:36:14.655+0000] {dagbag.py:545} INFO - Filling up the DagBag from /opt/airflow/dags/load_ergast_data.py
[2026-08-12T06:36:15.163+0000] {processor.py:840} INFO - DAG(s) 'load_ergast_data' retrieved from /opt/airflow/dags/load_ergast_data.py
[2026-08-12T06:36:15.187+0000] {logging_mixin.py:188} INFO - [2026-08-12T06:36:15.187+0000] {dag.py:3096} INFO - Sync 1 DAGs
[2026-08-12T06:36:15.200+0000] {logging_mixin.py:188} INFO - [2026-08-12T06:36:15.199+0000] {dag.py:3954} INFO - Setting next_dagrun for load_ergast_data to None, run_after=None
[2026-08-12T06:36:15.226+0000] {processor.py:183} INFO - Processing /opt/airflow/dags/load_ergast_data.py took 0.581 seconds
[2026-08-12T06:36:45.698+0000] {processor.py:161} INFO - Started process (PID=8301) to work on /opt/airflow/dags/load_ergast_data.py
[2026-08-12T06:36:45.711+0000] {processor.py:830} INFO - Processing file /opt/airflow/dags/load_ergast_data.py for tasks to queue
[2026-08-12T06:36:45.716+0000] {logging_mixin.py:188} INFO - [2026-08-12T06:36:45.714+0000] {dagbag.py:545} INFO - Filling up the DagBag from /opt/airflow/dags/load_ergast_data.py
[2026-08-12T06:36:47.546+0000] {processor.py:840} INFO - DAG(s) 'load_ergast_data' retrieved from /opt/airflow/dags/load_ergast_data.py
[2026-08-12T06:36:47.586+0000] {logging_mixin.py:188} INFO - [2026-08-12T06:36:47.586+0000] {dag.py:3096} INFO - Sync 1 DAGs
[2026-08-12T06:36:47.607+0000] {logging_mixin.py:188} INFO - [2026-08-12T06:36:47.607+0000] {dag.py:3954} INFO - Setting next_dagrun for load_ergast_data to None, run_after=None
[2026-08-12T06:36:47.632+0000] {processor.py:183} INFO - Processing /opt/airflow/dags/load_ergast_data.py took 1.994 seconds
[2026-08-12T06:37:18.411+0000] {processor.py:161} INFO - Started process (PID=8317) to work on /opt/airflow/dags/load_ergast_data.py
[2026-08-12T06:37:18.413+0000] {processor.py:830} INFO - Processing file /opt/airflow/dags/load_ergast_data.py for tasks to queue
[2026-08-12T06:37:18.415+0000] {logging_mixin.py:188} INFO - [2026-08-12T06:37:18.414+0000] {dagbag.py:545} INFO - Filling up the DagBag from /opt/airflow/dags/load_ergast_data.py
[2026-08-12T06:37:19.240+0000] {processor.py:840} INFO - DAG(s) 'load_ergast_data' retrieved from /opt/airflow/dags/load_ergast_data.py
[2026-08-12T06:37:19.297+0000] {logging_mixin.py:188} INFO - [2026-08-12T06:37:19.296+0000] {dag.py:3096} INFO - Sync 1 DAGs
[2026-08-12T06:37:19.333+0000] {logging_mixin.py:188} INFO - [2026-08-12T06:37:19.333+0000] {dag.py:3954} INFO - Setting next_dagrun for load_ergast_data to None, run_after=None
[2026-08-12T06:37:19.375+0000] {processor.py:183} INFO - Processing /opt/airflow/dags/load_ergast_data.py took 0.975 seconds
[2026-08-12T06:37:49.548+0000] {processor.py:161} INFO - Started process (PID=8333) to work on /opt/airflow/dags/load_ergast_data.py
[2026-08-12T06:37:49.551+0000] {processor.py:830} INFO - Processing file /opt/airflow/dags/load_ergast_data.py for tasks to queue
[2026-08-12T06:37:49.553+0000] {logging_mixin.py:188} INFO - [2026-08-12T06:37:49.552+0000] {dagbag.py:545} INFO - Filling up the DagBag from /opt/airflow/dags/load_ergast_data.py
[2026-08-12T06:37:50.863+0000] {processor.py:840} INFO - DAG(s) 'load_ergast_data' retrieved from /opt/airflow/dags/load_ergast_data.py
[2026-08-12T06:37:50.886+0000] {logging_mixin.py:188} INFO - [2026-08-12T06:37:50.886+0000] {dag.py:3096} INFO - Sync 1 DAGs
[2026-08-12T06:37:50.906+0000] {logging_mixin.py:188} INFO - [2026-08-12T06:37:50.906+0000] {dag.py:3954} INFO - Setting next_dagrun for load_ergast_data to None, run_after=None
[2026-08-12T06:37:50.934+0000] {processor.py:183} INFO - Processing /opt/airflow/dags/load_ergast_data.py took 1.392 seconds
[2026-08-12T06:38:21.438+0000] {processor.py:161} INFO - Started process (PID=8349) to work on /opt/airflow/dags/load_ergast_data.py
[2026-08-12T06:38:21.440+0000] {processor.py:830} INFO - Processing file /opt/airflow/dags/load_ergast_data.py for tasks to queue
[2026-08-12T06:38:21.441+0000] {logging_mixin.py:188} INFO - [2026-08-12T06:38:21.441+0000] {dagbag.py:545} INFO - Filling up the DagBag from /opt/airflow/dags/load_ergast_data.py
[2026-08-12T06:38:21.990+0000] {processor.py:840} INFO - DAG(s) 'load_ergast_data' retrieved from /opt/airflow/dags/load_ergast_data.py
[2026-08-12T06:38:22.013+0000] {logging_mixin.py:188} INFO - [2026-08-12T06:38:22.012+0000] {dag.py:3096} INFO - Sync 1 DAGs
[2026-08-12T06:38:22.024+0000] {logging_mixin.py:188} INFO - [2026-08-12T06:38:22.024+0000] {dag.py:3954} INFO - Setting next_dagrun for load_ergast_data to None, run_after=None
[2026-08-12T06:38:22.046+0000] {processor.py:183} INFO - Processing /opt/airflow/dags/load_ergast_data.py took 0.614 seconds
[2026-08-12T06:38:52.524+0000] {processor.py:161} INFO - Started process (PID=8365) to work on /opt/airflow/dags/load_ergast_data.py
[2026-08-12T06:38:52.525+0000] {processor.py:830} INFO - Processing file /opt/airflow/dags/load_ergast_data.py for tasks to queue
[2026-08-12T06:38:52.526+0000] {logging_mixin.py:188} INFO - [2026-08-12T06:38:52.526+0000] {dagbag.py:545} INFO - Filling up the DagBag from /opt/airflow/dags/load_ergast_data.py
[2026-08-12T06:38:52.948+0000] {processor.py:840} INFO - DAG(s) 'load_ergast_data' retrieved from /opt/airflow/dags/load_ergast_data.py
[2026-08-12T06:38:52.970+0000] {logging_mixin.py:188} INFO - [2026-08-12T06:38:52.969+0000] {dag.py:3096} INFO - Sync 1 DAGs
[2026-08-12T06:38:52.980+0000] {logging_mixin.py:188} INFO - [2026-08-12T06:38:52.980+0000] {dag.py:3954} INFO - Setting next_dagrun for load_ergast_data to None, run_after=None
[2026-08-12T06:38:52.999+0000] {processor.py:183} INFO - Processing /opt/airflow/dags/load_ergast_data.py took 0.482 seconds
[2026-08-12T06:39:23.263+0000] {processor.py:161} INFO - Started process (PID=8381) to work on /opt/airflow/dags/load_ergast_data.py
[2026-08-12T06:39:23.264+0000] {processor.py:830} INFO - Processing file /opt/airflow/dags/load_ergast_data.py for tasks to queue
[2026-08-12T06:39:23.266+0000] {logging_mixin.py:188} INFO - [2026-08-12T06:39:23.265+0000] {dagbag.py:545} INFO - Filling up the DagBag from /opt/airflow/dags/load_ergast_data.py
[2026-08-12T06:39:23.680+0000] {processor.py:840} INFO - DAG(s) 'load_ergast_data' retrieved from /opt/airflow/dags/load_ergast_data.py
[2026-08-12T06:39:23.701+0000] {logging_mixin.py:188} INFO - [2026-08-12T06:39:23.700+0000] {dag.py:3096} INFO - Sync 1 DAGs
[2026-08-12T06:39:23.713+0000] {logging_mixin.py:188} INFO - [2026-08-12T06:39:23.713+0000] {dag.py:3954} INFO - Setting next_dagrun for load_ergast_data to None, run_after=None
[2026-08-12T06:39:23.732+0000] {processor.py:183} INFO - Processing /opt/airflow/dags/load_ergast_data.py took 0.476 seconds
[2026-08-12T06:39:53.872+0000] {processor.py:161} INFO - Started process (PID=8397) to work on /opt/airflow/dags/load_ergast_data.py
[2026-08-12T06:39:53.874+0000] {processor.py:830} INFO - Processing file /opt/airflow/dags/load_ergast_data.py for tasks to queue
[2026-08-12T06:39:53.875+0000] {logging_mixin.py:188} INFO - [2026-08-12T06:39:53.875+0000] {dagbag.py:545} INFO - Filling up the DagBag from /opt/airflow/dags/load_ergast_data.py
[2026-08-12T06:39:54.502+0000] {processor.py:840} INFO - DAG(s) 'load_ergast_data' retrieved from /opt/airflow/dags/load_ergast_data.py
[2026-08-12T06:39:54.531+0000] {logging_mixin.py:188} INFO - [2026-08-12T06:39:54.530+0000] {dag.py:3096} INFO - Sync 1 DAGs
[2026-08-12T06:39:54.546+0000] {logging_mixin.py:188} INFO - [2026-08-12T06:39:54.545+0000] {dag.py:3954} INFO - Setting next_dagrun for load_ergast_data to None, run_after=None
[2026-08-12T06:39:54.568+0000] {processor.py:183} INFO - Processing /opt/airflow/dags/load_ergast_data.py took 0.702 seconds
[2026-08-12T06:40:25.235+0000] {processor.py:161} INFO - Started process (PID=8413) to work on /opt/airflow/dags/load_ergast_data.py
[2026-08-12T06:40:25.236+0000] {processor.py:830} INFO - Processing file /opt/airflow/dags/load_ergast_data.py for tasks to queue
[2026-08-12T06:40:25.238+0000] {logging_mixin.py:188} INFO - [2026-08-12T06:40:25.237+0000] {dagbag.py:545} INFO - Filling up the DagBag from /opt/airflow/dags/load_ergast_data.py
[2026-08-12T06:40:25.644+0000] {processor.py:840} INFO - DAG(s) 'load_ergast_data' retrieved from /opt/airflow/dags/load_ergast_data.py
[2026-08-12T06:40:25.666+0000] {logging_mixin.py:188} INFO - [2026-08-12T06:40:25.666+0000] {dag.py:3096} INFO - Sync 1 DAGs
[2026-08-12T06:40:25.675+0000] {logging_mixin.py:188} INFO - [2026-08-12T06:40:25.675+0000] {dag.py:3954} INFO - Setting next_dagrun for load_ergast_data to None, run_after=None
[2026-08-12T06:40:25.693+0000] {processor.py:183} INFO - Processing /opt/airflow/dags/load_ergast_data.py took 0.464 seconds
[2026-08-12T06:40:55.796+0000] {processor.py:161} INFO - Started process (PID=8429) to work on /opt/airflow/dags/load_ergast_data.py
[2026-08-12T06:40:55.798+0000] {processor.py:830} INFO - Processing file /opt/airflow/dags/load_ergast_data.py for tasks to queue
[2026-08-12T06:40:55.799+0000] {logging_mixin.py:188} INFO - [2026-08-12T06:40:55.799+0000] {dagbag.py:545} INFO - Filling up the DagBag from /opt/airflow/dags/load_ergast_data.py
[2026-08-12T06:40:56.207+0000] {processor.py:840} INFO - DAG(s) 'load_ergast_data' retrieved from /opt/airflow/dags/load_ergast_data.py
[2026-08-12T06:40:56.227+0000] {logging_mixin.py:188} INFO - [2026-08-12T06:40:56.227+0000] {dag.py:3096} INFO - Sync 1 DAGs
[2026-08-12T06:40:56.236+0000] {logging_mixin.py:188} INFO - [2026-08-12T06:40:56.236+0000] {dag.py:3954} INFO - Setting next_dagrun for load_ergast_data to None, run_after=None
[2026-08-12T06:40:56.254+0000] {processor.py:183} INFO - Processing /opt/airflow/dags/load_ergast_data.py took 0.464 seconds
[2026-08-12T06:41:26.519+0000] {processor.py:161} INFO - Started process (PID=8445) to work on /opt/airflow/dags/load_ergast_data.py
[2026-08-12T06:41:26.520+0000] {processor.py:830} INFO - Processing file /opt/airflow/dags/load_ergast_data.py for tasks to queue
[2026-08-12T06:41:26.522+0000] {logging_mixin.py:188} INFO - [2026-08-12T06:41:26.521+0000] {dagbag.py:545} INFO - Filling up the DagBag from /opt/airflow/dags/load_ergast_data.py
[2026-08-12T06:41:26.979+0000] {processor.py:840} INFO - DAG(s) 'load_ergast_data' retrieved from /opt/airflow/dags/load_ergast_data.py
[2026-08-12T06:41:27.004+0000] {logging_mixin.py:188} INFO - [2026-08-12T06:41:27.003+0000] {dag.py:3096} INFO - Sync 1 DAGs
[2026-08-12T06:41:27.015+0000] {logging_mixin.py:188} INFO - [2026-08-12T06:41:27.015+0000] {dag.py:3954} INFO - Setting next_dagrun for load_ergast_data to None, run_after=None
[2026-08-12T06:41:27.035+0000] {processor.py:183} INFO - Processing /opt/airflow/dags/load_ergast_data.py took 0.523 seconds
[2026-08-12T08:11:30.868+0000] {processor.py:161} INFO - Started process (PID=8462) to work on /opt/airflow/dags/load_ergast_data.py
[2026-08-12T08:11:30.888+0000] {processor.py:830} INFO - Processing file /opt/airflow/dags/load_ergast_data.py for tasks to queue
[2026-08-12T08:11:30.922+0000] {logging_mixin.py:188} INFO - [2026-08-12T08:11:30.908+0000] {dagbag.py:545} INFO - Filling up the DagBag from /opt/airflow/dags/load_ergast_data.py
[2026-08-12T08:11:55.305+0000] {processor.py:840} INFO - DAG(s) 'load_ergast_data' retrieved from /opt/airflow/dags/load_ergast_data.py
[2026-08-12T08:11:55.473+0000] {logging_mixin.py:188} INFO - [2026-08-12T08:11:55.473+0000] {dag.py:3096} INFO - Sync 1 DAGs
[2026-08-12T08:11:55.527+0000] {logging_mixin.py:188} INFO - [2026-08-12T08:11:55.526+0000] {dag.py:3954} INFO - Setting next_dagrun for load_ergast_data to None, run_after=None
[2026-08-12T08:11:56.011+0000] {processor.py:183} INFO - Processing /opt/airflow/dags/load_ergast_data.py took 25.479 seconds
[2026-08-12T08:12:29.638+0000] {processor.py:161} INFO - Started process (PID=8487) to work on /opt/airflow/dags/load_ergast_data.py
[2026-08-12T08:12:29.641+0000] {processor.py:830} INFO - Processing file /opt/airflow/dags/load_ergast_data.py for tasks to queue
[2026-08-12T08:12:29.644+0000] {logging_mixin.py:188} INFO - [2026-08-12T08:12:29.644+0000] {dagbag.py:545} INFO - Filling up the DagBag from /opt/airflow/dags/load_ergast_data.py
[2026-08-12T08:12:55.912+0000] {processor.py:840} INFO - DAG(s) 'load_ergast_data' retrieved from /opt/airflow/dags/load_ergast_data.py
[2026-08-12T08:12:56.107+0000] {logging_mixin.py:188} INFO - [2026-08-12T08:12:56.106+0000] {dag.py:3096} INFO - Sync 1 DAGs
[2026-08-12T08:12:56.194+0000] {logging_mixin.py:188} INFO - [2026-08-12T08:12:56.193+0000] {dag.py:3954} INFO - Setting next_dagrun for load_ergast_data to None, run_after=None
[2026-08-12T08:12:56.291+0000] {processor.py:183} INFO - Processing /opt/airflow/dags/load_ergast_data.py took 26.792 seconds
[2026-08-12T08:13:27.639+0000] {processor.py:161} INFO - Started process (PID=8503) to work on /opt/airflow/dags/load_ergast_data.py
[2026-08-12T08:13:27.647+0000] {processor.py:830} INFO - Processing file /opt/airflow/dags/load_ergast_data.py for tasks to queue
[2026-08-12T08:13:27.663+0000] {logging_mixin.py:188} INFO - [2026-08-12T08:13:27.653+0000] {dagbag.py:545} INFO - Filling up the DagBag from /opt/airflow/dags/load_ergast_data.py
[2026-08-12T08:13:43.558+0000] {processor.py:840} INFO - DAG(s) 'load_ergast_data' retrieved from /opt/airflow/dags/load_ergast_data.py
[2026-08-12T08:13:43.820+0000] {logging_mixin.py:188} INFO - [2026-08-12T08:13:43.819+0000] {dag.py:3096} INFO - Sync 1 DAGs
[2026-08-12T08:13:43.872+0000] {logging_mixin.py:188} INFO - [2026-08-12T08:13:43.871+0000] {dag.py:3954} INFO - Setting next_dagrun for load_ergast_data to None, run_after=None
[2026-08-12T08:13:43.911+0000] {processor.py:183} INFO - Processing /opt/airflow/dags/load_ergast_data.py took 16.390 seconds
[2026-08-12T08:14:16.713+0000] {processor.py:161} INFO - Started process (PID=8522) to work on /opt/airflow/dags/load_ergast_data.py
[2026-08-12T08:14:16.721+0000] {processor.py:830} INFO - Processing file /opt/airflow/dags/load_ergast_data.py for tasks to queue
[2026-08-12T08:14:16.723+0000] {logging_mixin.py:188} INFO - [2026-08-12T08:14:16.723+0000] {dagbag.py:545} INFO - Filling up the DagBag from /opt/airflow/dags/load_ergast_data.py
[2026-08-12T08:14:23.352+0000] {processor.py:840} INFO - DAG(s) 'load_ergast_data' retrieved from /opt/airflow/dags/load_ergast_data.py
[2026-08-12T08:14:23.428+0000] {logging_mixin.py:188} INFO - [2026-08-12T08:14:23.427+0000] {dag.py:3096} INFO - Sync 1 DAGs
[2026-08-12T08:14:23.464+0000] {logging_mixin.py:188} INFO - [2026-08-12T08:14:23.463+0000] {dag.py:3954} INFO - Setting next_dagrun for load_ergast_data to None, run_after=None
[2026-08-12T08:14:23.534+0000] {processor.py:183} INFO - Processing /opt/airflow/dags/load_ergast_data.py took 6.800 seconds
[2026-08-12T08:14:54.287+0000] {processor.py:161} INFO - Started process (PID=8545) to work on /opt/airflow/dags/load_ergast_data.py
[2026-08-12T08:14:54.289+0000] {processor.py:830} INFO - Processing file /opt/airflow/dags/load_ergast_data.py for tasks to queue
[2026-08-12T08:14:54.291+0000] {logging_mixin.py:188} INFO - [2026-08-12T08:14:54.291+0000] {dagbag.py:545} INFO - Filling up the DagBag from /opt/airflow/dags/load_ergast_data.py
[2026-08-12T08:14:55.885+0000] {processor.py:840} INFO - DAG(s) 'load_ergast_data' retrieved from /opt/airflow/dags/load_ergast_data.py
[2026-08-12T08:14:55.946+0000] {logging_mixin.py:188} INFO - [2026-08-12T08:14:55.945+0000] {dag.py:3096} INFO - Sync 1 DAGs
[2026-08-12T08:14:55.976+0000] {logging_mixin.py:188} INFO - [2026-08-12T08:14:55.976+0000] {dag.py:3954} INFO - Setting next_dagrun for load_ergast_data to None, run_after=None
[2026-08-12T08:14:56.015+0000] {processor.py:183} INFO - Processing /opt/airflow/dags/load_ergast_data.py took 1.735 seconds
[2026-08-12T08:15:26.631+0000] {processor.py:161} INFO - Started process (PID=8561) to work on /opt/airflow/dags/load_ergast_data.py
[2026-08-12T08:15:26.633+0000] {processor.py:830} INFO - Processing file /opt/airflow/dags/load_ergast_data.py for tasks to queue
[2026-08-12T08:15:26.634+0000] {logging_mixin.py:188} INFO - [2026-08-12T08:15:26.634+0000] {dagbag.py:545} INFO - Filling up the DagBag from /opt/airflow/dags/load_ergast_data.py
[2026-08-12T08:15:27.555+0000] {processor.py:840} INFO - DAG(s) 'load_ergast_data' retrieved from /opt/airflow/dags/load_ergast_data.py
[2026-08-12T08:15:27.579+0000] {logging_mixin.py:188} INFO - [2026-08-12T08:15:27.579+0000] {dag.py:3096} INFO - Sync 1 DAGs
[2026-08-12T08:15:27.590+0000] {logging_mixin.py:188} INFO - [2026-08-12T08:15:27.589+0000] {dag.py:3954} INFO - Setting next_dagrun for load_ergast_data to None, run_after=None
[2026-08-12T08:15:27.612+0000] {processor.py:183} INFO - Processing /opt/airflow/dags/load_ergast_data.py took 0.990 seconds
[2026-08-12T08:15:58.231+0000] {processor.py:161} INFO - Started process (PID=8577) to work on /opt/airflow/dags/load_ergast_data.py
[2026-08-12T08:15:58.232+0000] {processor.py:830} INFO - Processing file /opt/airflow/dags/load_ergast_data.py for tasks to queue
[2026-08-12T08:15:58.234+0000] {logging_mixin.py:188} INFO - [2026-08-12T08:15:58.233+0000] {dagbag.py:545} INFO - Filling up the DagBag from /opt/airflow/dags/load_ergast_data.py
[2026-08-12T08:15:58.710+0000] {processor.py:840} INFO - DAG(s) 'load_ergast_data' retrieved from /opt/airflow/dags/load_ergast_data.py
[2026-08-12T08:15:58.736+0000] {logging_mixin.py:188} INFO - [2026-08-12T08:15:58.735+0000] {dag.py:3096} INFO - Sync 1 DAGs
[2026-08-12T08:15:58.748+0000] {logging_mixin.py:188} INFO - [2026-08-12T08:15:58.747+0000] {dag.py:3954} INFO - Setting next_dagrun for load_ergast_data to None, run_after=None
[2026-08-12T08:15:58.769+0000] {processor.py:183} INFO - Processing /opt/airflow/dags/load_ergast_data.py took 0.545 seconds
[2026-08-12T08:16:28.863+0000] {processor.py:161} INFO - Started process (PID=8593) to work on /opt/airflow/dags/load_ergast_data.py
[2026-08-12T08:16:28.865+0000] {processor.py:830} INFO - Processing file /opt/airflow/dags/load_ergast_data.py for tasks to queue
[2026-08-12T08:16:28.868+0000] {logging_mixin.py:188} INFO - [2026-08-12T08:16:28.867+0000] {dagbag.py:545} INFO - Filling up the DagBag from /opt/airflow/dags/load_ergast_data.py
[2026-08-12T08:16:30.109+0000] {processor.py:840} INFO - DAG(s) 'load_ergast_data' retrieved from /opt/airflow/dags/load_ergast_data.py
[2026-08-12T08:16:30.134+0000] {logging_mixin.py:188} INFO - [2026-08-12T08:16:30.134+0000] {dag.py:3096} INFO - Sync 1 DAGs
[2026-08-12T08:16:30.148+0000] {logging_mixin.py:188} INFO - [2026-08-12T08:16:30.147+0000] {dag.py:3954} INFO - Setting next_dagrun for load_ergast_data to None, run_after=None
[2026-08-12T08:16:30.170+0000] {processor.py:183} INFO - Processing /opt/airflow/dags/load_ergast_data.py took 1.318 seconds
[2026-08-12T08:17:00.653+0000] {processor.py:161} INFO - Started process (PID=8609) to work on /opt/airflow/dags/load_ergast_data.py
[2026-08-12T08:17:00.672+0000] {processor.py:830} INFO - Processing file /opt/airflow/dags/load_ergast_data.py for tasks to queue
[2026-08-12T08:17:00.674+0000] {logging_mixin.py:188} INFO - [2026-08-12T08:17:00.673+0000] {dagbag.py:545} INFO - Filling up the DagBag from /opt/airflow/dags/load_ergast_data.py
[2026-08-12T08:17:01.881+0000] {processor.py:840} INFO - DAG(s) 'load_ergast_data' retrieved from /opt/airflow/dags/load_ergast_data.py
[2026-08-12T08:17:01.902+0000] {logging_mixin.py:188} INFO - [2026-08-12T08:17:01.901+0000] {dag.py:3096} INFO - Sync 1 DAGs
[2026-08-12T08:17:01.913+0000] {logging_mixin.py:188} INFO - [2026-08-12T08:17:01.913+0000] {dag.py:3954} INFO - Setting next_dagrun for load_ergast_data to None, run_after=None
[2026-08-12T08:17:01.944+0000] {processor.py:183} INFO - Processing /opt/airflow/dags/load_ergast_data.py took 1.297 seconds
[2026-08-12T08:17:32.268+0000] {processor.py:161} INFO - Started process (PID=8625) to work on /opt/airflow/dags/load_ergast_data.py
[2026-08-12T08:17:32.270+0000] {processor.py:830} INFO - Processing file /opt/airflow/dags/load_ergast_data.py for tasks to queue
[2026-08-12T08:17:32.271+0000] {logging_mixin.py:188} INFO - [2026-08-12T08:17:32.271+0000] {dagbag.py:545} INFO - Filling up the DagBag from /opt/airflow/dags/load_ergast_data.py
[2026-08-12T08:17:33.686+0000] {processor.py:840} INFO - DAG(s) 'load_ergast_data' retrieved from /opt/airflow/dags/load_ergast_data.py
[2026-08-12T08:17:33.819+0000] {logging_mixin.py:188} INFO - [2026-08-12T08:17:33.818+0000] {dag.py:3096} INFO - Sync 1 DAGs
[2026-08-12T08:17:33.859+0000] {logging_mixin.py:188} INFO - [2026-08-12T08:17:33.859+0000] {dag.py:3954} INFO - Setting next_dagrun for load_ergast_data to None, run_after=None
[2026-08-12T08:17:33.899+0000] {processor.py:183} INFO - Processing /opt/airflow/dags/load_ergast_data.py took 1.640 seconds
[2026-08-12T08:18:04.341+0000] {processor.py:161} INFO - Started process (PID=8641) to work on /opt/airflow/dags/load_ergast_data.py
[2026-08-12T08:18:04.343+0000] {processor.py:830} INFO - Processing file /opt/airflow/dags/load_ergast_data.py for tasks to queue
[2026-08-12T08:18:04.345+0000] {logging_mixin.py:188} INFO - [2026-08-12T08:18:04.344+0000] {dagbag.py:545} INFO - Filling up the DagBag from /opt/airflow/dags/load_ergast_data.py
[2026-08-12T08:18:04.817+0000] {processor.py:840} INFO - DAG(s) 'load_ergast_data' retrieved from /opt/airflow/dags/load_ergast_data.py
[2026-08-12T08:18:04.855+0000] {logging_mixin.py:188} INFO - [2026-08-12T08:18:04.855+0000] {dag.py:3096} INFO - Sync 1 DAGs
[2026-08-12T08:18:04.871+0000] {logging_mixin.py:188} INFO - [2026-08-12T08:18:04.871+0000] {dag.py:3954} INFO - Setting next_dagrun for load_ergast_data to None, run_after=None
[2026-08-12T08:18:04.895+0000] {processor.py:183} INFO - Processing /opt/airflow/dags/load_ergast_data.py took 0.562 seconds
[2026-08-12T08:18:35.173+0000] {processor.py:161} INFO - Started process (PID=8657) to work on /opt/airflow/dags/load_ergast_data.py
[2026-08-12T08:18:35.175+0000] {processor.py:830} INFO - Processing file /opt/airflow/dags/load_ergast_data.py for tasks to queue
[2026-08-12T08:18:35.177+0000] {logging_mixin.py:188} INFO - [2026-08-12T08:18:35.177+0000] {dagbag.py:545} INFO - Filling up the DagBag from /opt/airflow/dags/load_ergast_data.py
[2026-08-12T08:18:35.893+0000] {processor.py:840} INFO - DAG(s) 'load_ergast_data' retrieved from /opt/airflow/dags/load_ergast_data.py
[2026-08-12T08:18:35.922+0000] {logging_mixin.py:188} INFO - [2026-08-12T08:18:35.922+0000] {dag.py:3096} INFO - Sync 1 DAGs
[2026-08-12T08:18:35.937+0000] {logging_mixin.py:188} INFO - [2026-08-12T08:18:35.937+0000] {dag.py:3954} INFO - Setting next_dagrun for load_ergast_data to None, run_after=None
[2026-08-12T08:18:35.962+0000] {processor.py:183} INFO - Processing /opt/airflow/dags/load_ergast_data.py took 0.798 seconds
[2026-08-12T08:19:06.079+0000] {processor.py:161} INFO - Started process (PID=8673) to work on /opt/airflow/dags/load_ergast_data.py
[2026-08-12T08:19:06.080+0000] {processor.py:830} INFO - Processing file /opt/airflow/dags/load_ergast_data.py for tasks to queue
[2026-08-12T08:19:06.083+0000] {logging_mixin.py:188} INFO - [2026-08-12T08:19:06.083+0000] {dagbag.py:545} INFO - Filling up the DagBag from /opt/airflow/dags/load_ergast_data.py
[2026-08-12T08:19:06.542+0000] {processor.py:840} INFO - DAG(s) 'load_ergast_data' retrieved from /opt/airflow/dags/load_ergast_data.py
[2026-08-12T08:19:06.567+0000] {logging_mixin.py:188} INFO - [2026-08-12T08:19:06.566+0000] {dag.py:3096} INFO - Sync 1 DAGs
[2026-08-12T08:19:06.579+0000] {logging_mixin.py:188} INFO - [2026-08-12T08:19:06.579+0000] {dag.py:3954} INFO - Setting next_dagrun for load_ergast_data to None, run_after=None
[2026-08-12T08:19:06.601+0000] {processor.py:183} INFO - Processing /opt/airflow/dags/load_ergast_data.py took 0.530 seconds
[2026-08-12T09:21:15.308+0000] {processor.py:161} INFO - Started process (PID=8690) to work on /opt/airflow/dags/load_ergast_data.py
[2026-08-12T09:21:15.365+0000] {processor.py:830} INFO - Processing file /opt/airflow/dags/load_ergast_data.py for tasks to queue
[2026-08-12T09:21:15.588+0000] {logging_mixin.py:188} INFO - [2026-08-12T09:21:15.470+0000] {dagbag.py:545} INFO - Filling up the DagBag from /opt/airflow/dags/load_ergast_data.py
[2026-08-12T09:21:28.326+0000] {processor.py:840} INFO - DAG(s) 'load_ergast_data' retrieved from /opt/airflow/dags/load_ergast_data.py
[2026-08-12T09:21:28.671+0000] {logging_mixin.py:188} INFO - [2026-08-12T09:21:28.670+0000] {dag.py:3096} INFO - Sync 1 DAGs
[2026-08-12T09:21:28.714+0000] {logging_mixin.py:188} INFO - [2026-08-12T09:21:28.714+0000] {dag.py:3954} INFO - Setting next_dagrun for load_ergast_data to None, run_after=None
[2026-08-12T09:21:29.201+0000] {processor.py:183} INFO - Processing /opt/airflow/dags/load_ergast_data.py took 14.598 seconds
[2026-08-12T11:26:45.453+0000] {processor.py:161} INFO - Started process (PID=8706) to work on /opt/airflow/dags/load_ergast_data.py
[2026-08-12T11:26:45.464+0000] {processor.py:830} INFO - Processing file /opt/airflow/dags/load_ergast_data.py for tasks to queue
[2026-08-12T11:26:45.499+0000] {logging_mixin.py:188} INFO - [2026-08-12T11:26:45.487+0000] {dagbag.py:545} INFO - Filling up the DagBag from /opt/airflow/dags/load_ergast_data.py
[2026-08-12T11:26:55.652+0000] {processor.py:840} INFO - DAG(s) 'load_ergast_data' retrieved from /opt/airflow/dags/load_ergast_data.py
[2026-08-12T11:26:55.701+0000] {logging_mixin.py:188} INFO - [2026-08-12T11:26:55.701+0000] {dag.py:3096} INFO - Sync 1 DAGs
[2026-08-12T11:26:55.713+0000] {logging_mixin.py:188} INFO - [2026-08-12T11:26:55.713+0000] {dag.py:3954} INFO - Setting next_dagrun for load_ergast_data to None, run_after=None
[2026-08-12T11:26:55.557+0000] {processor.py:183} INFO - Processing /opt/airflow/dags/load_ergast_data.py took 10.995 seconds
[2026-08-12T11:27:27.878+0000] {processor.py:161} INFO - Started process (PID=8723) to work on /opt/airflow/dags/load_ergast_data.py
[2026-08-12T11:27:27.965+0000] {processor.py:830} INFO - Processing file /opt/airflow/dags/load_ergast_data.py for tasks to queue
[2026-08-12T11:27:28.024+0000] {logging_mixin.py:188} INFO - [2026-08-12T11:27:27.977+0000] {dagbag.py:545} INFO - Filling up the DagBag from /opt/airflow/dags/load_ergast_data.py
[2026-08-12T11:27:40.408+0000] {processor.py:840} INFO - DAG(s) 'load_ergast_data' retrieved from /opt/airflow/dags/load_ergast_data.py
[2026-08-12T11:27:40.514+0000] {logging_mixin.py:188} INFO - [2026-08-12T11:27:40.513+0000] {dag.py:3096} INFO - Sync 1 DAGs
[2026-08-12T11:27:40.573+0000] {logging_mixin.py:188} INFO - [2026-08-12T11:27:40.572+0000] {dag.py:3954} INFO - Setting next_dagrun for load_ergast_data to None, run_after=None
[2026-08-12T11:27:40.665+0000] {processor.py:183} INFO - Processing /opt/airflow/dags/load_ergast_data.py took 13.361 seconds
[2026-08-12T11:28:11.520+0000] {processor.py:161} INFO - Started process (PID=8747) to work on /opt/airflow/dags/load_ergast_data.py
[2026-08-12T11:28:11.531+0000] {processor.py:830} INFO - Processing file /opt/airflow/dags/load_ergast_data.py for tasks to queue
[2026-08-12T11:28:11.550+0000] {logging_mixin.py:188} INFO - [2026-08-12T11:28:11.542+0000] {dagbag.py:545} INFO - Filling up the DagBag from /opt/airflow/dags/load_ergast_data.py
[2026-08-12T11:28:44.398+0000] {logging_mixin.py:188} INFO - [2026-08-12T11:28:44.397+0000] {timeout.py:68} ERROR - Process timed out, PID: 8747
[2026-08-12T11:28:44.401+0000] {logging_mixin.py:188} WARNING - Exception ignored in: <function WeakKeyDictionary.__init__.<locals>.remove at 0x7bc3cf558ae0>
[2026-08-12T11:28:44.406+0000] {logging_mixin.py:188} WARNING - Traceback (most recent call last):
[2026-08-12T11:28:44.409+0000] {logging_mixin.py:188} WARNING -   File "/usr/local/lib/python3.12/weakref.py", line 369, in remove
[2026-08-12T11:28:44.421+0000] {logging_mixin.py:188} WARNING -     def remove(k, selfref=ref(self)):
[2026-08-12T11:28:44.444+0000] {logging_mixin.py:188} WARNING -   File "/home/airflow/.local/lib/python3.12/site-packages/airflow/utils/timeout.py", line 69, in handle_timeout
[2026-08-12T11:28:44.449+0000] {logging_mixin.py:188} WARNING -     raise AirflowTaskTimeout(self.error_message)
[2026-08-12T11:28:44.455+0000] {logging_mixin.py:188} WARNING - airflow.exceptions.AirflowTaskTimeout: DagBag import timeout for /opt/airflow/dags/load_ergast_data.py after 30.0s.
Please take a look at these docs to improve your DAG import time:
* https://airflow.apache.org/docs/apache-airflow/2.9.1/best-practices.html#top-level-python-code
* https://airflow.apache.org/docs/apache-airflow/2.9.1/best-practices.html#reducing-dag-complexity, PID: 8747
[2026-08-12T11:28:47.030+0000] {processor.py:840} INFO - DAG(s) 'load_ergast_data' retrieved from /opt/airflow/dags/load_ergast_data.py
[2026-08-12T11:28:47.289+0000] {logging_mixin.py:188} INFO - [2026-08-12T11:28:47.278+0000] {dag.py:3096} INFO - Sync 1 DAGs
[2026-08-12T11:28:47.380+0000] {logging_mixin.py:188} INFO - [2026-08-12T11:28:47.380+0000] {dag.py:3954} INFO - Setting next_dagrun for load_ergast_data to None, run_after=None
[2026-08-12T11:28:47.486+0000] {processor.py:183} INFO - Processing /opt/airflow/dags/load_ergast_data.py took 35.625 seconds
[2026-08-12T11:29:19.279+0000] {processor.py:161} INFO - Started process (PID=8766) to work on /opt/airflow/dags/load_ergast_data.py
[2026-08-12T11:29:19.301+0000] {processor.py:830} INFO - Processing file /opt/airflow/dags/load_ergast_data.py for tasks to queue
[2026-08-12T11:29:19.311+0000] {logging_mixin.py:188} INFO - [2026-08-12T11:29:19.309+0000] {dagbag.py:545} INFO - Filling up the DagBag from /opt/airflow/dags/load_ergast_data.py
[2026-08-12T11:29:59.777+0000] {logging_mixin.py:188} INFO - [2026-08-12T11:29:59.679+0000] {timeout.py:68} ERROR - Process timed out, PID: 8766
[2026-08-12T11:29:59.811+0000] {logging_mixin.py:188} WARNING - Exception ignored in: <function WeakKeyDictionary.__init__.<locals>.remove at 0x7bc3cf558ae0>
[2026-08-12T11:29:59.829+0000] {logging_mixin.py:188} WARNING - Traceback (most recent call last):
[2026-08-12T11:29:59.833+0000] {logging_mixin.py:188} WARNING -   File "/usr/local/lib/python3.12/weakref.py", line 369, in remove
[2026-08-12T11:29:59.497+0000] {logging_mixin.py:188} WARNING -     def remove(k, selfref=ref(self)):
[2026-08-12T11:29:59.533+0000] {logging_mixin.py:188} WARNING -   File "/home/airflow/.local/lib/python3.12/site-packages/airflow/utils/timeout.py", line 69, in handle_timeout
[2026-08-12T11:29:59.580+0000] {logging_mixin.py:188} WARNING -     raise AirflowTaskTimeout(self.error_message)
[2026-08-12T11:29:59.612+0000] {logging_mixin.py:188} WARNING - airflow.exceptions.AirflowTaskTimeout: DagBag import timeout for /opt/airflow/dags/load_ergast_data.py after 30.0s.
Please take a look at these docs to improve your DAG import time:
* https://airflow.apache.org/docs/apache-airflow/2.9.1/best-practices.html#top-level-python-code
* https://airflow.apache.org/docs/apache-airflow/2.9.1/best-practices.html#reducing-dag-complexity, PID: 8766
[2026-08-12T11:30:05.310+0000] {processor.py:840} INFO - DAG(s) 'load_ergast_data' retrieved from /opt/airflow/dags/load_ergast_data.py
[2026-08-12T11:30:06.100+0000] {logging_mixin.py:188} INFO - [2026-08-12T11:30:06.094+0000] {dag.py:3096} INFO - Sync 1 DAGs
[2026-08-12T11:30:06.212+0000] {logging_mixin.py:188} INFO - [2026-08-12T11:30:06.211+0000] {dag.py:3954} INFO - Setting next_dagrun for load_ergast_data to None, run_after=None
[2026-08-12T11:30:06.331+0000] {processor.py:183} INFO - Processing /opt/airflow/dags/load_ergast_data.py took 46.350 seconds
[2026-08-12T11:30:36.956+0000] {processor.py:161} INFO - Started process (PID=8789) to work on /opt/airflow/dags/load_ergast_data.py
[2026-08-12T11:30:36.959+0000] {processor.py:830} INFO - Processing file /opt/airflow/dags/load_ergast_data.py for tasks to queue
[2026-08-12T11:30:36.961+0000] {logging_mixin.py:188} INFO - [2026-08-12T11:30:36.961+0000] {dagbag.py:545} INFO - Filling up the DagBag from /opt/airflow/dags/load_ergast_data.py
[2026-08-12T11:30:42.727+0000] {processor.py:840} INFO - DAG(s) 'load_ergast_data' retrieved from /opt/airflow/dags/load_ergast_data.py
[2026-08-12T11:30:42.760+0000] {logging_mixin.py:188} INFO - [2026-08-12T11:30:42.760+0000] {dag.py:3096} INFO - Sync 1 DAGs
[2026-08-12T11:30:42.780+0000] {logging_mixin.py:188} INFO - [2026-08-12T11:30:42.780+0000] {dag.py:3954} INFO - Setting next_dagrun for load_ergast_data to None, run_after=None
[2026-08-12T11:30:42.814+0000] {processor.py:183} INFO - Processing /opt/airflow/dags/load_ergast_data.py took 5.864 seconds
[2026-08-12T11:31:13.772+0000] {processor.py:161} INFO - Started process (PID=8808) to work on /opt/airflow/dags/load_ergast_data.py
[2026-08-12T11:31:13.796+0000] {processor.py:830} INFO - Processing file /opt/airflow/dags/load_ergast_data.py for tasks to queue
[2026-08-12T11:31:13.800+0000] {logging_mixin.py:188} INFO - [2026-08-12T11:31:13.800+0000] {dagbag.py:545} INFO - Filling up the DagBag from /opt/airflow/dags/load_ergast_data.py
[2026-08-12T11:31:23.595+0000] {processor.py:840} INFO - DAG(s) 'load_ergast_data' retrieved from /opt/airflow/dags/load_ergast_data.py
[2026-08-12T11:31:23.667+0000] {logging_mixin.py:188} INFO - [2026-08-12T11:31:23.666+0000] {dag.py:3096} INFO - Sync 1 DAGs
[2026-08-12T11:31:23.739+0000] {logging_mixin.py:188} INFO - [2026-08-12T11:31:23.739+0000] {dag.py:3954} INFO - Setting next_dagrun for load_ergast_data to None, run_after=None
[2026-08-12T11:31:23.787+0000] {processor.py:183} INFO - Processing /opt/airflow/dags/load_ergast_data.py took 10.060 seconds
[2026-08-12T11:31:54.551+0000] {processor.py:161} INFO - Started process (PID=8826) to work on /opt/airflow/dags/load_ergast_data.py
[2026-08-12T11:31:54.553+0000] {processor.py:830} INFO - Processing file /opt/airflow/dags/load_ergast_data.py for tasks to queue
[2026-08-12T11:31:54.554+0000] {logging_mixin.py:188} INFO - [2026-08-12T11:31:54.554+0000] {dagbag.py:545} INFO - Filling up the DagBag from /opt/airflow/dags/load_ergast_data.py
[2026-08-12T11:31:55.617+0000] {processor.py:840} INFO - DAG(s) 'load_ergast_data' retrieved from /opt/airflow/dags/load_ergast_data.py
[2026-08-12T11:31:55.639+0000] {logging_mixin.py:188} INFO - [2026-08-12T11:31:55.639+0000] {dag.py:3096} INFO - Sync 1 DAGs
[2026-08-12T11:31:55.649+0000] {logging_mixin.py:188} INFO - [2026-08-12T11:31:55.649+0000] {dag.py:3954} INFO - Setting next_dagrun for load_ergast_data to None, run_after=None
[2026-08-12T11:31:55.667+0000] {processor.py:183} INFO - Processing /opt/airflow/dags/load_ergast_data.py took 1.123 seconds
