[2026-06-19T16:17:25.746+0000] {processor.py:161} INFO - Started process (PID=236) to work on /opt/airflow/dags/load_ergast_data.py
[2026-06-19T16:17:25.755+0000] {processor.py:830} INFO - Processing file /opt/airflow/dags/load_ergast_data.py for tasks to queue
[2026-06-19T16:17:25.783+0000] {logging_mixin.py:188} INFO - [2026-06-19T16:17:25.777+0000] {dagbag.py:545} INFO - Filling up the DagBag from /opt/airflow/dags/load_ergast_data.py
[2026-06-19T16:17:29.177+0000] {processor.py:840} INFO - DAG(s) 'load_ergast_data' retrieved from /opt/airflow/dags/load_ergast_data.py
[2026-06-19T16:17:29.370+0000] {logging_mixin.py:188} INFO - [2026-06-19T16:17:29.368+0000] {dag.py:3096} INFO - Sync 1 DAGs
[2026-06-19T16:17:29.461+0000] {logging_mixin.py:188} INFO - [2026-06-19T16:17:29.461+0000] {dag.py:3954} INFO - Setting next_dagrun for load_ergast_data to None, run_after=None
[2026-06-19T16:17:29.575+0000] {processor.py:183} INFO - Processing /opt/airflow/dags/load_ergast_data.py took 2.671 seconds
[2026-06-19T16:17:59.899+0000] {processor.py:161} INFO - Started process (PID=261) to work on /opt/airflow/dags/load_ergast_data.py
[2026-06-19T16:17:59.946+0000] {processor.py:830} INFO - Processing file /opt/airflow/dags/load_ergast_data.py for tasks to queue
[2026-06-19T16:17:59.967+0000] {logging_mixin.py:188} INFO - [2026-06-19T16:17:59.965+0000] {dagbag.py:545} INFO - Filling up the DagBag from /opt/airflow/dags/load_ergast_data.py
[2026-06-19T16:18:02.419+0000] {processor.py:840} INFO - DAG(s) 'load_ergast_data' retrieved from /opt/airflow/dags/load_ergast_data.py
[2026-06-19T16:18:04.580+0000] {logging_mixin.py:188} INFO - [2026-06-19T16:18:04.579+0000] {dag.py:3096} INFO - Sync 1 DAGs
[2026-06-19T16:18:04.639+0000] {logging_mixin.py:188} INFO - [2026-06-19T16:18:04.639+0000] {dag.py:3954} INFO - Setting next_dagrun for load_ergast_data to None, run_after=None
[2026-06-19T16:18:04.691+0000] {processor.py:183} INFO - Processing /opt/airflow/dags/load_ergast_data.py took 4.838 seconds
[2026-06-19T16:18:35.185+0000] {processor.py:161} INFO - Started process (PID=270) to work on /opt/airflow/dags/load_ergast_data.py
[2026-06-19T16:18:35.188+0000] {processor.py:830} INFO - Processing file /opt/airflow/dags/load_ergast_data.py for tasks to queue
[2026-06-19T16:18:35.191+0000] {logging_mixin.py:188} INFO - [2026-06-19T16:18:35.191+0000] {dagbag.py:545} INFO - Filling up the DagBag from /opt/airflow/dags/load_ergast_data.py
[2026-06-19T16:18:35.507+0000] {processor.py:840} INFO - DAG(s) 'load_ergast_data' retrieved from /opt/airflow/dags/load_ergast_data.py
[2026-06-19T16:18:35.539+0000] {logging_mixin.py:188} INFO - [2026-06-19T16:18:35.538+0000] {dag.py:3096} INFO - Sync 1 DAGs
[2026-06-19T16:18:35.560+0000] {logging_mixin.py:188} INFO - [2026-06-19T16:18:35.559+0000] {dag.py:3954} INFO - Setting next_dagrun for load_ergast_data to None, run_after=None
[2026-06-19T16:18:35.583+0000] {processor.py:183} INFO - Processing /opt/airflow/dags/load_ergast_data.py took 0.404 seconds
[2026-06-19T16:19:05.869+0000] {processor.py:161} INFO - Started process (PID=276) to work on /opt/airflow/dags/load_ergast_data.py
[2026-06-19T16:19:05.877+0000] {processor.py:830} INFO - Processing file /opt/airflow/dags/load_ergast_data.py for tasks to queue
[2026-06-19T16:19:05.912+0000] {logging_mixin.py:188} INFO - [2026-06-19T16:19:05.909+0000] {dagbag.py:545} INFO - Filling up the DagBag from /opt/airflow/dags/load_ergast_data.py
[2026-06-19T16:19:07.846+0000] {processor.py:840} INFO - DAG(s) 'load_ergast_data' retrieved from /opt/airflow/dags/load_ergast_data.py
[2026-06-19T16:19:07.962+0000] {logging_mixin.py:188} INFO - [2026-06-19T16:19:07.961+0000] {dag.py:3096} INFO - Sync 1 DAGs
[2026-06-19T16:19:08.013+0000] {logging_mixin.py:188} INFO - [2026-06-19T16:19:08.010+0000] {dag.py:3954} INFO - Setting next_dagrun for load_ergast_data to None, run_after=None
[2026-06-19T16:19:08.096+0000] {processor.py:183} INFO - Processing /opt/airflow/dags/load_ergast_data.py took 2.265 seconds
[2026-06-19T16:19:38.540+0000] {processor.py:161} INFO - Started process (PID=282) to work on /opt/airflow/dags/load_ergast_data.py
[2026-06-19T16:19:38.542+0000] {processor.py:830} INFO - Processing file /opt/airflow/dags/load_ergast_data.py for tasks to queue
[2026-06-19T16:19:38.546+0000] {logging_mixin.py:188} INFO - [2026-06-19T16:19:38.546+0000] {dagbag.py:545} INFO - Filling up the DagBag from /opt/airflow/dags/load_ergast_data.py
[2026-06-19T16:19:38.814+0000] {processor.py:840} INFO - DAG(s) 'load_ergast_data' retrieved from /opt/airflow/dags/load_ergast_data.py
[2026-06-19T16:19:38.844+0000] {logging_mixin.py:188} INFO - [2026-06-19T16:19:38.843+0000] {dag.py:3096} INFO - Sync 1 DAGs
[2026-06-19T16:19:38.855+0000] {logging_mixin.py:188} INFO - [2026-06-19T16:19:38.855+0000] {dag.py:3954} INFO - Setting next_dagrun for load_ergast_data to None, run_after=None
[2026-06-19T16:19:38.878+0000] {processor.py:183} INFO - Processing /opt/airflow/dags/load_ergast_data.py took 0.347 seconds
[2026-06-19T16:20:09.262+0000] {processor.py:161} INFO - Started process (PID=288) to work on /opt/airflow/dags/load_ergast_data.py
[2026-06-19T16:20:09.264+0000] {processor.py:830} INFO - Processing file /opt/airflow/dags/load_ergast_data.py for tasks to queue
[2026-06-19T16:20:09.267+0000] {logging_mixin.py:188} INFO - [2026-06-19T16:20:09.266+0000] {dagbag.py:545} INFO - Filling up the DagBag from /opt/airflow/dags/load_ergast_data.py
[2026-06-19T16:20:09.723+0000] {processor.py:840} INFO - DAG(s) 'load_ergast_data' retrieved from /opt/airflow/dags/load_ergast_data.py
[2026-06-19T16:20:09.747+0000] {logging_mixin.py:188} INFO - [2026-06-19T16:20:09.747+0000] {dag.py:3096} INFO - Sync 1 DAGs
[2026-06-19T16:20:09.761+0000] {logging_mixin.py:188} INFO - [2026-06-19T16:20:09.760+0000] {dag.py:3954} INFO - Setting next_dagrun for load_ergast_data to None, run_after=None
[2026-06-19T16:20:10.034+0000] {processor.py:183} INFO - Processing /opt/airflow/dags/load_ergast_data.py took 0.781 seconds
[2026-06-19T16:20:40.727+0000] {processor.py:161} INFO - Started process (PID=294) to work on /opt/airflow/dags/load_ergast_data.py
[2026-06-19T16:20:40.742+0000] {processor.py:830} INFO - Processing file /opt/airflow/dags/load_ergast_data.py for tasks to queue
[2026-06-19T16:20:40.773+0000] {logging_mixin.py:188} INFO - [2026-06-19T16:20:40.771+0000] {dagbag.py:545} INFO - Filling up the DagBag from /opt/airflow/dags/load_ergast_data.py
[2026-06-19T16:20:42.095+0000] {processor.py:840} INFO - DAG(s) 'load_ergast_data' retrieved from /opt/airflow/dags/load_ergast_data.py
[2026-06-19T16:20:42.205+0000] {logging_mixin.py:188} INFO - [2026-06-19T16:20:42.202+0000] {dag.py:3096} INFO - Sync 1 DAGs
[2026-06-19T16:20:42.243+0000] {logging_mixin.py:188} INFO - [2026-06-19T16:20:42.242+0000] {dag.py:3954} INFO - Setting next_dagrun for load_ergast_data to None, run_after=None
[2026-06-19T16:20:42.294+0000] {processor.py:183} INFO - Processing /opt/airflow/dags/load_ergast_data.py took 1.615 seconds
[2026-06-19T16:21:12.904+0000] {processor.py:161} INFO - Started process (PID=303) to work on /opt/airflow/dags/load_ergast_data.py
[2026-06-19T16:21:12.909+0000] {processor.py:830} INFO - Processing file /opt/airflow/dags/load_ergast_data.py for tasks to queue
[2026-06-19T16:21:12.917+0000] {logging_mixin.py:188} INFO - [2026-06-19T16:21:12.916+0000] {dagbag.py:545} INFO - Filling up the DagBag from /opt/airflow/dags/load_ergast_data.py
[2026-06-19T16:21:13.291+0000] {processor.py:840} INFO - DAG(s) 'load_ergast_data' retrieved from /opt/airflow/dags/load_ergast_data.py
[2026-06-19T16:21:13.351+0000] {logging_mixin.py:188} INFO - [2026-06-19T16:21:13.350+0000] {dag.py:3096} INFO - Sync 1 DAGs
[2026-06-19T16:21:13.371+0000] {logging_mixin.py:188} INFO - [2026-06-19T16:21:13.371+0000] {dag.py:3954} INFO - Setting next_dagrun for load_ergast_data to None, run_after=None
[2026-06-19T16:21:13.409+0000] {processor.py:183} INFO - Processing /opt/airflow/dags/load_ergast_data.py took 0.522 seconds
[2026-06-19T16:21:44.093+0000] {processor.py:161} INFO - Started process (PID=312) to work on /opt/airflow/dags/load_ergast_data.py
[2026-06-19T16:21:44.099+0000] {processor.py:830} INFO - Processing file /opt/airflow/dags/load_ergast_data.py for tasks to queue
[2026-06-19T16:21:44.108+0000] {logging_mixin.py:188} INFO - [2026-06-19T16:21:44.107+0000] {dagbag.py:545} INFO - Filling up the DagBag from /opt/airflow/dags/load_ergast_data.py
[2026-06-19T16:21:44.660+0000] {processor.py:840} INFO - DAG(s) 'load_ergast_data' retrieved from /opt/airflow/dags/load_ergast_data.py
[2026-06-19T16:21:44.705+0000] {logging_mixin.py:188} INFO - [2026-06-19T16:21:44.705+0000] {dag.py:3096} INFO - Sync 1 DAGs
[2026-06-19T16:21:44.760+0000] {logging_mixin.py:188} INFO - [2026-06-19T16:21:44.759+0000] {dag.py:3954} INFO - Setting next_dagrun for load_ergast_data to None, run_after=None
[2026-06-19T16:21:44.800+0000] {processor.py:183} INFO - Processing /opt/airflow/dags/load_ergast_data.py took 0.728 seconds
[2026-06-19T16:22:15.326+0000] {processor.py:161} INFO - Started process (PID=318) to work on /opt/airflow/dags/load_ergast_data.py
[2026-06-19T16:22:15.327+0000] {processor.py:830} INFO - Processing file /opt/airflow/dags/load_ergast_data.py for tasks to queue
[2026-06-19T16:22:15.330+0000] {logging_mixin.py:188} INFO - [2026-06-19T16:22:15.329+0000] {dagbag.py:545} INFO - Filling up the DagBag from /opt/airflow/dags/load_ergast_data.py
[2026-06-19T16:22:15.933+0000] {processor.py:840} INFO - DAG(s) 'load_ergast_data' retrieved from /opt/airflow/dags/load_ergast_data.py
[2026-06-19T16:22:16.024+0000] {logging_mixin.py:188} INFO - [2026-06-19T16:22:16.023+0000] {dag.py:3096} INFO - Sync 1 DAGs
[2026-06-19T16:22:16.040+0000] {logging_mixin.py:188} INFO - [2026-06-19T16:22:16.040+0000] {dag.py:3954} INFO - Setting next_dagrun for load_ergast_data to None, run_after=None
[2026-06-19T16:22:16.171+0000] {processor.py:183} INFO - Processing /opt/airflow/dags/load_ergast_data.py took 0.851 seconds
[2026-06-19T16:22:46.298+0000] {processor.py:161} INFO - Started process (PID=324) to work on /opt/airflow/dags/load_ergast_data.py
[2026-06-19T16:22:46.300+0000] {processor.py:830} INFO - Processing file /opt/airflow/dags/load_ergast_data.py for tasks to queue
[2026-06-19T16:22:46.303+0000] {logging_mixin.py:188} INFO - [2026-06-19T16:22:46.303+0000] {dagbag.py:545} INFO - Filling up the DagBag from /opt/airflow/dags/load_ergast_data.py
[2026-06-19T16:22:46.634+0000] {processor.py:840} INFO - DAG(s) 'load_ergast_data' retrieved from /opt/airflow/dags/load_ergast_data.py
[2026-06-19T16:22:46.672+0000] {logging_mixin.py:188} INFO - [2026-06-19T16:22:46.671+0000] {dag.py:3096} INFO - Sync 1 DAGs
[2026-06-19T16:22:46.690+0000] {logging_mixin.py:188} INFO - [2026-06-19T16:22:46.689+0000] {dag.py:3954} INFO - Setting next_dagrun for load_ergast_data to None, run_after=None
[2026-06-19T16:22:46.708+0000] {processor.py:183} INFO - Processing /opt/airflow/dags/load_ergast_data.py took 0.418 seconds
[2026-06-19T16:23:16.877+0000] {processor.py:161} INFO - Started process (PID=330) to work on /opt/airflow/dags/load_ergast_data.py
[2026-06-19T16:23:16.879+0000] {processor.py:830} INFO - Processing file /opt/airflow/dags/load_ergast_data.py for tasks to queue
[2026-06-19T16:23:16.882+0000] {logging_mixin.py:188} INFO - [2026-06-19T16:23:16.881+0000] {dagbag.py:545} INFO - Filling up the DagBag from /opt/airflow/dags/load_ergast_data.py
[2026-06-19T16:23:17.169+0000] {processor.py:840} INFO - DAG(s) 'load_ergast_data' retrieved from /opt/airflow/dags/load_ergast_data.py
[2026-06-19T16:23:17.207+0000] {logging_mixin.py:188} INFO - [2026-06-19T16:23:17.207+0000] {dag.py:3096} INFO - Sync 1 DAGs
[2026-06-19T16:23:17.222+0000] {logging_mixin.py:188} INFO - [2026-06-19T16:23:17.222+0000] {dag.py:3954} INFO - Setting next_dagrun for load_ergast_data to None, run_after=None
[2026-06-19T16:23:17.680+0000] {processor.py:183} INFO - Processing /opt/airflow/dags/load_ergast_data.py took 0.814 seconds
[2026-06-19T16:23:47.815+0000] {processor.py:161} INFO - Started process (PID=336) to work on /opt/airflow/dags/load_ergast_data.py
[2026-06-19T16:23:47.816+0000] {processor.py:830} INFO - Processing file /opt/airflow/dags/load_ergast_data.py for tasks to queue
[2026-06-19T16:23:47.818+0000] {logging_mixin.py:188} INFO - [2026-06-19T16:23:47.818+0000] {dagbag.py:545} INFO - Filling up the DagBag from /opt/airflow/dags/load_ergast_data.py
[2026-06-19T16:23:48.082+0000] {processor.py:840} INFO - DAG(s) 'load_ergast_data' retrieved from /opt/airflow/dags/load_ergast_data.py
[2026-06-19T16:23:48.108+0000] {logging_mixin.py:188} INFO - [2026-06-19T16:23:48.107+0000] {dag.py:3096} INFO - Sync 1 DAGs
[2026-06-19T16:23:48.127+0000] {logging_mixin.py:188} INFO - [2026-06-19T16:23:48.127+0000] {dag.py:3954} INFO - Setting next_dagrun for load_ergast_data to None, run_after=None
[2026-06-19T16:23:48.148+0000] {processor.py:183} INFO - Processing /opt/airflow/dags/load_ergast_data.py took 0.339 seconds
[2026-06-19T16:24:11.993+0000] {processor.py:161} INFO - Started process (PID=342) to work on /opt/airflow/dags/load_ergast_data.py
[2026-06-19T16:24:11.996+0000] {processor.py:830} INFO - Processing file /opt/airflow/dags/load_ergast_data.py for tasks to queue
[2026-06-19T16:24:12.003+0000] {logging_mixin.py:188} INFO - [2026-06-19T16:24:12.003+0000] {dagbag.py:545} INFO - Filling up the DagBag from /opt/airflow/dags/load_ergast_data.py
[2026-06-19T16:24:12.445+0000] {processor.py:840} INFO - DAG(s) 'load_ergast_data' retrieved from /opt/airflow/dags/load_ergast_data.py
[2026-06-19T16:24:12.474+0000] {logging_mixin.py:188} INFO - [2026-06-19T16:24:12.473+0000] {dag.py:3096} INFO - Sync 1 DAGs
[2026-06-19T16:24:12.491+0000] {logging_mixin.py:188} INFO - [2026-06-19T16:24:12.490+0000] {dag.py:3954} INFO - Setting next_dagrun for load_ergast_data to None, run_after=None
[2026-06-19T16:24:12.526+0000] {processor.py:183} INFO - Processing /opt/airflow/dags/load_ergast_data.py took 0.542 seconds
[2026-06-19T16:24:14.905+0000] {processor.py:161} INFO - Started process (PID=348) to work on /opt/airflow/dags/load_ergast_data.py
[2026-06-19T16:24:14.907+0000] {processor.py:830} INFO - Processing file /opt/airflow/dags/load_ergast_data.py for tasks to queue
[2026-06-19T16:24:14.912+0000] {logging_mixin.py:188} INFO - [2026-06-19T16:24:14.912+0000] {dagbag.py:545} INFO - Filling up the DagBag from /opt/airflow/dags/load_ergast_data.py
[2026-06-19T16:24:15.354+0000] {processor.py:840} INFO - DAG(s) 'load_ergast_data' retrieved from /opt/airflow/dags/load_ergast_data.py
[2026-06-19T16:24:15.393+0000] {logging_mixin.py:188} INFO - [2026-06-19T16:24:15.391+0000] {dag.py:3096} INFO - Sync 1 DAGs
[2026-06-19T16:24:15.416+0000] {logging_mixin.py:188} INFO - [2026-06-19T16:24:15.416+0000] {dag.py:3954} INFO - Setting next_dagrun for load_ergast_data to None, run_after=None
[2026-06-19T16:24:15.441+0000] {processor.py:183} INFO - Processing /opt/airflow/dags/load_ergast_data.py took 0.545 seconds
[2026-06-19T16:24:46.050+0000] {processor.py:161} INFO - Started process (PID=357) to work on /opt/airflow/dags/load_ergast_data.py
[2026-06-19T16:24:46.052+0000] {processor.py:830} INFO - Processing file /opt/airflow/dags/load_ergast_data.py for tasks to queue
[2026-06-19T16:24:46.060+0000] {logging_mixin.py:188} INFO - [2026-06-19T16:24:46.059+0000] {dagbag.py:545} INFO - Filling up the DagBag from /opt/airflow/dags/load_ergast_data.py
[2026-06-19T16:24:46.436+0000] {processor.py:840} INFO - DAG(s) 'load_ergast_data' retrieved from /opt/airflow/dags/load_ergast_data.py
[2026-06-19T16:24:46.470+0000] {logging_mixin.py:188} INFO - [2026-06-19T16:24:46.469+0000] {dag.py:3096} INFO - Sync 1 DAGs
[2026-06-19T16:24:46.484+0000] {logging_mixin.py:188} INFO - [2026-06-19T16:24:46.484+0000] {dag.py:3954} INFO - Setting next_dagrun for load_ergast_data to None, run_after=None
[2026-06-19T16:24:46.504+0000] {processor.py:183} INFO - Processing /opt/airflow/dags/load_ergast_data.py took 0.464 seconds
[2026-06-19T16:25:17.054+0000] {processor.py:161} INFO - Started process (PID=363) to work on /opt/airflow/dags/load_ergast_data.py
[2026-06-19T16:25:17.055+0000] {processor.py:830} INFO - Processing file /opt/airflow/dags/load_ergast_data.py for tasks to queue
[2026-06-19T16:25:17.058+0000] {logging_mixin.py:188} INFO - [2026-06-19T16:25:17.058+0000] {dagbag.py:545} INFO - Filling up the DagBag from /opt/airflow/dags/load_ergast_data.py
[2026-06-19T16:25:17.627+0000] {processor.py:840} INFO - DAG(s) 'load_ergast_data' retrieved from /opt/airflow/dags/load_ergast_data.py
[2026-06-19T16:25:17.677+0000] {logging_mixin.py:188} INFO - [2026-06-19T16:25:17.677+0000] {dag.py:3096} INFO - Sync 1 DAGs
[2026-06-19T16:25:17.732+0000] {logging_mixin.py:188} INFO - [2026-06-19T16:25:17.731+0000] {dag.py:3954} INFO - Setting next_dagrun for load_ergast_data to None, run_after=None
[2026-06-19T16:25:17.802+0000] {processor.py:183} INFO - Processing /opt/airflow/dags/load_ergast_data.py took 0.756 seconds
[2026-06-19T16:25:48.365+0000] {processor.py:161} INFO - Started process (PID=369) to work on /opt/airflow/dags/load_ergast_data.py
[2026-06-19T16:25:48.367+0000] {processor.py:830} INFO - Processing file /opt/airflow/dags/load_ergast_data.py for tasks to queue
[2026-06-19T16:25:48.370+0000] {logging_mixin.py:188} INFO - [2026-06-19T16:25:48.370+0000] {dagbag.py:545} INFO - Filling up the DagBag from /opt/airflow/dags/load_ergast_data.py
[2026-06-19T16:25:48.728+0000] {processor.py:840} INFO - DAG(s) 'load_ergast_data' retrieved from /opt/airflow/dags/load_ergast_data.py
[2026-06-19T16:25:48.775+0000] {logging_mixin.py:188} INFO - [2026-06-19T16:25:48.775+0000] {dag.py:3096} INFO - Sync 1 DAGs
[2026-06-19T16:25:48.802+0000] {logging_mixin.py:188} INFO - [2026-06-19T16:25:48.802+0000] {dag.py:3954} INFO - Setting next_dagrun for load_ergast_data to None, run_after=None
[2026-06-19T16:25:48.855+0000] {processor.py:183} INFO - Processing /opt/airflow/dags/load_ergast_data.py took 0.513 seconds
[2026-06-19T16:26:20.061+0000] {processor.py:161} INFO - Started process (PID=375) to work on /opt/airflow/dags/load_ergast_data.py
[2026-06-19T16:26:20.065+0000] {processor.py:830} INFO - Processing file /opt/airflow/dags/load_ergast_data.py for tasks to queue
[2026-06-19T16:26:20.068+0000] {logging_mixin.py:188} INFO - [2026-06-19T16:26:20.067+0000] {dagbag.py:545} INFO - Filling up the DagBag from /opt/airflow/dags/load_ergast_data.py
[2026-06-19T16:26:20.394+0000] {processor.py:840} INFO - DAG(s) 'load_ergast_data' retrieved from /opt/airflow/dags/load_ergast_data.py
[2026-06-19T16:26:20.421+0000] {logging_mixin.py:188} INFO - [2026-06-19T16:26:20.420+0000] {dag.py:3096} INFO - Sync 1 DAGs
[2026-06-19T16:26:20.440+0000] {logging_mixin.py:188} INFO - [2026-06-19T16:26:20.439+0000] {dag.py:3954} INFO - Setting next_dagrun for load_ergast_data to None, run_after=None
[2026-06-19T16:26:20.461+0000] {processor.py:183} INFO - Processing /opt/airflow/dags/load_ergast_data.py took 0.414 seconds
[2026-06-19T16:26:47.591+0000] {processor.py:161} INFO - Started process (PID=381) to work on /opt/airflow/dags/load_ergast_data.py
[2026-06-19T16:26:47.593+0000] {processor.py:830} INFO - Processing file /opt/airflow/dags/load_ergast_data.py for tasks to queue
[2026-06-19T16:26:47.596+0000] {logging_mixin.py:188} INFO - [2026-06-19T16:26:47.595+0000] {dagbag.py:545} INFO - Filling up the DagBag from /opt/airflow/dags/load_ergast_data.py
[2026-06-19T16:26:47.891+0000] {processor.py:840} INFO - DAG(s) 'load_ergast_data' retrieved from /opt/airflow/dags/load_ergast_data.py
[2026-06-19T16:26:47.942+0000] {logging_mixin.py:188} INFO - [2026-06-19T16:26:47.942+0000] {dag.py:3096} INFO - Sync 1 DAGs
[2026-06-19T16:26:47.959+0000] {logging_mixin.py:188} INFO - [2026-06-19T16:26:47.958+0000] {dag.py:3954} INFO - Setting next_dagrun for load_ergast_data to None, run_after=None
[2026-06-19T16:26:49.098+0000] {processor.py:183} INFO - Processing /opt/airflow/dags/load_ergast_data.py took 1.515 seconds
[2026-06-19T16:27:19.206+0000] {processor.py:161} INFO - Started process (PID=387) to work on /opt/airflow/dags/load_ergast_data.py
[2026-06-19T16:27:19.208+0000] {processor.py:830} INFO - Processing file /opt/airflow/dags/load_ergast_data.py for tasks to queue
[2026-06-19T16:27:19.211+0000] {logging_mixin.py:188} INFO - [2026-06-19T16:27:19.211+0000] {dagbag.py:545} INFO - Filling up the DagBag from /opt/airflow/dags/load_ergast_data.py
[2026-06-19T16:27:19.518+0000] {processor.py:840} INFO - DAG(s) 'load_ergast_data' retrieved from /opt/airflow/dags/load_ergast_data.py
[2026-06-19T16:27:19.550+0000] {logging_mixin.py:188} INFO - [2026-06-19T16:27:19.549+0000] {dag.py:3096} INFO - Sync 1 DAGs
[2026-06-19T16:27:19.581+0000] {logging_mixin.py:188} INFO - [2026-06-19T16:27:19.580+0000] {dag.py:3954} INFO - Setting next_dagrun for load_ergast_data to None, run_after=None
[2026-06-19T16:27:19.601+0000] {processor.py:183} INFO - Processing /opt/airflow/dags/load_ergast_data.py took 0.401 seconds
[2026-06-19T16:27:49.800+0000] {processor.py:161} INFO - Started process (PID=393) to work on /opt/airflow/dags/load_ergast_data.py
[2026-06-19T16:27:49.803+0000] {processor.py:830} INFO - Processing file /opt/airflow/dags/load_ergast_data.py for tasks to queue
[2026-06-19T16:27:49.808+0000] {logging_mixin.py:188} INFO - [2026-06-19T16:27:49.807+0000] {dagbag.py:545} INFO - Filling up the DagBag from /opt/airflow/dags/load_ergast_data.py
[2026-06-19T16:27:50.339+0000] {processor.py:840} INFO - DAG(s) 'load_ergast_data' retrieved from /opt/airflow/dags/load_ergast_data.py
[2026-06-19T16:27:50.387+0000] {logging_mixin.py:188} INFO - [2026-06-19T16:27:50.385+0000] {dag.py:3096} INFO - Sync 1 DAGs
[2026-06-19T16:27:50.443+0000] {logging_mixin.py:188} INFO - [2026-06-19T16:27:50.443+0000] {dag.py:3954} INFO - Setting next_dagrun for load_ergast_data to None, run_after=None
[2026-06-19T16:27:50.476+0000] {processor.py:183} INFO - Processing /opt/airflow/dags/load_ergast_data.py took 0.702 seconds
[2026-06-19T16:28:20.747+0000] {processor.py:161} INFO - Started process (PID=399) to work on /opt/airflow/dags/load_ergast_data.py
[2026-06-19T16:28:20.756+0000] {processor.py:830} INFO - Processing file /opt/airflow/dags/load_ergast_data.py for tasks to queue
[2026-06-19T16:28:20.779+0000] {logging_mixin.py:188} INFO - [2026-06-19T16:28:20.777+0000] {dagbag.py:545} INFO - Filling up the DagBag from /opt/airflow/dags/load_ergast_data.py
[2026-06-19T16:28:22.631+0000] {processor.py:840} INFO - DAG(s) 'load_ergast_data' retrieved from /opt/airflow/dags/load_ergast_data.py
[2026-06-19T16:28:22.746+0000] {logging_mixin.py:188} INFO - [2026-06-19T16:28:22.745+0000] {dag.py:3096} INFO - Sync 1 DAGs
[2026-06-19T16:28:22.848+0000] {logging_mixin.py:188} INFO - [2026-06-19T16:28:22.847+0000] {dag.py:3954} INFO - Setting next_dagrun for load_ergast_data to None, run_after=None
[2026-06-19T16:28:22.926+0000] {processor.py:183} INFO - Processing /opt/airflow/dags/load_ergast_data.py took 2.207 seconds
[2026-06-19T16:28:53.264+0000] {processor.py:161} INFO - Started process (PID=411) to work on /opt/airflow/dags/load_ergast_data.py
[2026-06-19T16:28:53.265+0000] {processor.py:830} INFO - Processing file /opt/airflow/dags/load_ergast_data.py for tasks to queue
[2026-06-19T16:28:53.271+0000] {logging_mixin.py:188} INFO - [2026-06-19T16:28:53.271+0000] {dagbag.py:545} INFO - Filling up the DagBag from /opt/airflow/dags/load_ergast_data.py
[2026-06-19T16:28:53.631+0000] {processor.py:840} INFO - DAG(s) 'load_ergast_data' retrieved from /opt/airflow/dags/load_ergast_data.py
[2026-06-19T16:28:53.659+0000] {logging_mixin.py:188} INFO - [2026-06-19T16:28:53.658+0000] {dag.py:3096} INFO - Sync 1 DAGs
[2026-06-19T16:28:53.671+0000] {logging_mixin.py:188} INFO - [2026-06-19T16:28:53.671+0000] {dag.py:3954} INFO - Setting next_dagrun for load_ergast_data to None, run_after=None
[2026-06-19T16:28:53.708+0000] {processor.py:183} INFO - Processing /opt/airflow/dags/load_ergast_data.py took 0.452 seconds
[2026-06-19T16:29:24.146+0000] {processor.py:161} INFO - Started process (PID=417) to work on /opt/airflow/dags/load_ergast_data.py
[2026-06-19T16:29:24.149+0000] {processor.py:830} INFO - Processing file /opt/airflow/dags/load_ergast_data.py for tasks to queue
[2026-06-19T16:29:24.165+0000] {logging_mixin.py:188} INFO - [2026-06-19T16:29:24.164+0000] {dagbag.py:545} INFO - Filling up the DagBag from /opt/airflow/dags/load_ergast_data.py
[2026-06-19T16:29:24.793+0000] {processor.py:840} INFO - DAG(s) 'load_ergast_data' retrieved from /opt/airflow/dags/load_ergast_data.py
[2026-06-19T16:29:24.879+0000] {logging_mixin.py:188} INFO - [2026-06-19T16:29:24.877+0000] {dag.py:3096} INFO - Sync 1 DAGs
[2026-06-19T16:29:24.930+0000] {logging_mixin.py:188} INFO - [2026-06-19T16:29:24.929+0000] {dag.py:3954} INFO - Setting next_dagrun for load_ergast_data to None, run_after=None
[2026-06-19T16:29:24.971+0000] {processor.py:183} INFO - Processing /opt/airflow/dags/load_ergast_data.py took 0.844 seconds
[2026-06-19T16:29:55.585+0000] {processor.py:161} INFO - Started process (PID=423) to work on /opt/airflow/dags/load_ergast_data.py
[2026-06-19T16:29:55.586+0000] {processor.py:830} INFO - Processing file /opt/airflow/dags/load_ergast_data.py for tasks to queue
[2026-06-19T16:29:55.589+0000] {logging_mixin.py:188} INFO - [2026-06-19T16:29:55.588+0000] {dagbag.py:545} INFO - Filling up the DagBag from /opt/airflow/dags/load_ergast_data.py
[2026-06-19T16:29:55.945+0000] {processor.py:840} INFO - DAG(s) 'load_ergast_data' retrieved from /opt/airflow/dags/load_ergast_data.py
[2026-06-19T16:29:55.992+0000] {logging_mixin.py:188} INFO - [2026-06-19T16:29:55.991+0000] {dag.py:3096} INFO - Sync 1 DAGs
[2026-06-19T16:29:56.011+0000] {logging_mixin.py:188} INFO - [2026-06-19T16:29:56.011+0000] {dag.py:3954} INFO - Setting next_dagrun for load_ergast_data to None, run_after=None
[2026-06-19T16:29:56.778+0000] {processor.py:183} INFO - Processing /opt/airflow/dags/load_ergast_data.py took 1.199 seconds
[2026-06-19T16:30:27.133+0000] {processor.py:161} INFO - Started process (PID=429) to work on /opt/airflow/dags/load_ergast_data.py
[2026-06-19T16:30:27.134+0000] {processor.py:830} INFO - Processing file /opt/airflow/dags/load_ergast_data.py for tasks to queue
[2026-06-19T16:30:27.137+0000] {logging_mixin.py:188} INFO - [2026-06-19T16:30:27.136+0000] {dagbag.py:545} INFO - Filling up the DagBag from /opt/airflow/dags/load_ergast_data.py
[2026-06-19T16:30:27.623+0000] {processor.py:840} INFO - DAG(s) 'load_ergast_data' retrieved from /opt/airflow/dags/load_ergast_data.py
[2026-06-19T16:30:27.671+0000] {logging_mixin.py:188} INFO - [2026-06-19T16:30:27.669+0000] {dag.py:3096} INFO - Sync 1 DAGs
[2026-06-19T16:30:27.736+0000] {logging_mixin.py:188} INFO - [2026-06-19T16:30:27.736+0000] {dag.py:3954} INFO - Setting next_dagrun for load_ergast_data to None, run_after=None
[2026-06-19T16:30:27.771+0000] {processor.py:183} INFO - Processing /opt/airflow/dags/load_ergast_data.py took 0.653 seconds
[2026-06-19T16:30:57.868+0000] {processor.py:161} INFO - Started process (PID=435) to work on /opt/airflow/dags/load_ergast_data.py
[2026-06-19T16:30:57.870+0000] {processor.py:830} INFO - Processing file /opt/airflow/dags/load_ergast_data.py for tasks to queue
[2026-06-19T16:30:57.874+0000] {logging_mixin.py:188} INFO - [2026-06-19T16:30:57.873+0000] {dagbag.py:545} INFO - Filling up the DagBag from /opt/airflow/dags/load_ergast_data.py
[2026-06-19T16:30:58.544+0000] {processor.py:840} INFO - DAG(s) 'load_ergast_data' retrieved from /opt/airflow/dags/load_ergast_data.py
[2026-06-19T16:30:58.625+0000] {logging_mixin.py:188} INFO - [2026-06-19T16:30:58.623+0000] {dag.py:3096} INFO - Sync 1 DAGs
[2026-06-19T16:30:58.697+0000] {logging_mixin.py:188} INFO - [2026-06-19T16:30:58.696+0000] {dag.py:3954} INFO - Setting next_dagrun for load_ergast_data to None, run_after=None
[2026-06-19T16:30:58.754+0000] {processor.py:183} INFO - Processing /opt/airflow/dags/load_ergast_data.py took 0.906 seconds
[2026-06-19T16:31:28.982+0000] {processor.py:161} INFO - Started process (PID=441) to work on /opt/airflow/dags/load_ergast_data.py
[2026-06-19T16:31:28.987+0000] {processor.py:830} INFO - Processing file /opt/airflow/dags/load_ergast_data.py for tasks to queue
[2026-06-19T16:31:28.996+0000] {logging_mixin.py:188} INFO - [2026-06-19T16:31:28.995+0000] {dagbag.py:545} INFO - Filling up the DagBag from /opt/airflow/dags/load_ergast_data.py
[2026-06-19T16:31:29.629+0000] {processor.py:840} INFO - DAG(s) 'load_ergast_data' retrieved from /opt/airflow/dags/load_ergast_data.py
[2026-06-19T16:31:29.672+0000] {logging_mixin.py:188} INFO - [2026-06-19T16:31:29.671+0000] {dag.py:3096} INFO - Sync 1 DAGs
[2026-06-19T16:31:29.728+0000] {logging_mixin.py:188} INFO - [2026-06-19T16:31:29.727+0000] {dag.py:3954} INFO - Setting next_dagrun for load_ergast_data to None, run_after=None
[2026-06-19T16:31:29.762+0000] {processor.py:183} INFO - Processing /opt/airflow/dags/load_ergast_data.py took 0.798 seconds
[2026-06-19T16:31:59.878+0000] {processor.py:161} INFO - Started process (PID=447) to work on /opt/airflow/dags/load_ergast_data.py
[2026-06-19T16:31:59.880+0000] {processor.py:830} INFO - Processing file /opt/airflow/dags/load_ergast_data.py for tasks to queue
[2026-06-19T16:31:59.882+0000] {logging_mixin.py:188} INFO - [2026-06-19T16:31:59.882+0000] {dagbag.py:545} INFO - Filling up the DagBag from /opt/airflow/dags/load_ergast_data.py
[2026-06-19T16:32:00.373+0000] {processor.py:840} INFO - DAG(s) 'load_ergast_data' retrieved from /opt/airflow/dags/load_ergast_data.py
[2026-06-19T16:32:00.423+0000] {logging_mixin.py:188} INFO - [2026-06-19T16:32:00.423+0000] {dag.py:3096} INFO - Sync 1 DAGs
[2026-06-19T16:32:00.450+0000] {logging_mixin.py:188} INFO - [2026-06-19T16:32:00.450+0000] {dag.py:3954} INFO - Setting next_dagrun for load_ergast_data to None, run_after=None
[2026-06-19T16:32:00.480+0000] {processor.py:183} INFO - Processing /opt/airflow/dags/load_ergast_data.py took 0.607 seconds
[2026-06-19T16:32:31.025+0000] {processor.py:161} INFO - Started process (PID=456) to work on /opt/airflow/dags/load_ergast_data.py
[2026-06-19T16:32:31.027+0000] {processor.py:830} INFO - Processing file /opt/airflow/dags/load_ergast_data.py for tasks to queue
[2026-06-19T16:32:31.030+0000] {logging_mixin.py:188} INFO - [2026-06-19T16:32:31.030+0000] {dagbag.py:545} INFO - Filling up the DagBag from /opt/airflow/dags/load_ergast_data.py
[2026-06-19T16:32:31.371+0000] {processor.py:840} INFO - DAG(s) 'load_ergast_data' retrieved from /opt/airflow/dags/load_ergast_data.py
[2026-06-19T16:32:31.401+0000] {logging_mixin.py:188} INFO - [2026-06-19T16:32:31.401+0000] {dag.py:3096} INFO - Sync 1 DAGs
[2026-06-19T16:32:31.420+0000] {logging_mixin.py:188} INFO - [2026-06-19T16:32:31.420+0000] {dag.py:3954} INFO - Setting next_dagrun for load_ergast_data to None, run_after=None
[2026-06-19T16:32:31.444+0000] {processor.py:183} INFO - Processing /opt/airflow/dags/load_ergast_data.py took 0.432 seconds
[2026-06-19T16:33:01.611+0000] {processor.py:161} INFO - Started process (PID=462) to work on /opt/airflow/dags/load_ergast_data.py
[2026-06-19T16:33:01.612+0000] {processor.py:830} INFO - Processing file /opt/airflow/dags/load_ergast_data.py for tasks to queue
[2026-06-19T16:33:01.620+0000] {logging_mixin.py:188} INFO - [2026-06-19T16:33:01.619+0000] {dagbag.py:545} INFO - Filling up the DagBag from /opt/airflow/dags/load_ergast_data.py
[2026-06-19T16:33:01.886+0000] {processor.py:840} INFO - DAG(s) 'load_ergast_data' retrieved from /opt/airflow/dags/load_ergast_data.py
[2026-06-19T16:33:01.914+0000] {logging_mixin.py:188} INFO - [2026-06-19T16:33:01.914+0000] {dag.py:3096} INFO - Sync 1 DAGs
[2026-06-19T16:33:01.929+0000] {logging_mixin.py:188} INFO - [2026-06-19T16:33:01.929+0000] {dag.py:3954} INFO - Setting next_dagrun for load_ergast_data to None, run_after=None
[2026-06-19T16:33:02.395+0000] {processor.py:183} INFO - Processing /opt/airflow/dags/load_ergast_data.py took 0.790 seconds
[2026-06-19T16:33:32.617+0000] {processor.py:161} INFO - Started process (PID=468) to work on /opt/airflow/dags/load_ergast_data.py
[2026-06-19T16:33:32.620+0000] {processor.py:830} INFO - Processing file /opt/airflow/dags/load_ergast_data.py for tasks to queue
[2026-06-19T16:33:32.624+0000] {logging_mixin.py:188} INFO - [2026-06-19T16:33:32.623+0000] {dagbag.py:545} INFO - Filling up the DagBag from /opt/airflow/dags/load_ergast_data.py
[2026-06-19T16:33:32.993+0000] {processor.py:840} INFO - DAG(s) 'load_ergast_data' retrieved from /opt/airflow/dags/load_ergast_data.py
[2026-06-19T16:33:33.021+0000] {logging_mixin.py:188} INFO - [2026-06-19T16:33:33.020+0000] {dag.py:3096} INFO - Sync 1 DAGs
[2026-06-19T16:33:33.298+0000] {logging_mixin.py:188} INFO - [2026-06-19T16:33:33.298+0000] {dag.py:3954} INFO - Setting next_dagrun for load_ergast_data to None, run_after=None
[2026-06-19T16:33:33.325+0000] {processor.py:183} INFO - Processing /opt/airflow/dags/load_ergast_data.py took 0.715 seconds
[2026-06-19T16:33:41.812+0000] {processor.py:161} INFO - Started process (PID=474) to work on /opt/airflow/dags/load_ergast_data.py
[2026-06-19T16:33:41.815+0000] {processor.py:830} INFO - Processing file /opt/airflow/dags/load_ergast_data.py for tasks to queue
[2026-06-19T16:33:41.823+0000] {logging_mixin.py:188} INFO - [2026-06-19T16:33:41.821+0000] {dagbag.py:545} INFO - Filling up the DagBag from /opt/airflow/dags/load_ergast_data.py
[2026-06-19T16:33:42.413+0000] {processor.py:840} INFO - DAG(s) 'load_ergast_data' retrieved from /opt/airflow/dags/load_ergast_data.py
[2026-06-19T16:33:42.443+0000] {logging_mixin.py:188} INFO - [2026-06-19T16:33:42.441+0000] {dag.py:3096} INFO - Sync 1 DAGs
[2026-06-19T16:33:42.662+0000] {logging_mixin.py:188} INFO - [2026-06-19T16:33:42.662+0000] {dag.py:3954} INFO - Setting next_dagrun for load_ergast_data to None, run_after=None
[2026-06-19T16:33:42.699+0000] {processor.py:183} INFO - Processing /opt/airflow/dags/load_ergast_data.py took 0.904 seconds
[2026-06-19T16:33:46.416+0000] {processor.py:161} INFO - Started process (PID=480) to work on /opt/airflow/dags/load_ergast_data.py
[2026-06-19T16:33:46.429+0000] {processor.py:830} INFO - Processing file /opt/airflow/dags/load_ergast_data.py for tasks to queue
[2026-06-19T16:33:46.435+0000] {logging_mixin.py:188} INFO - [2026-06-19T16:33:46.435+0000] {dagbag.py:545} INFO - Filling up the DagBag from /opt/airflow/dags/load_ergast_data.py
[2026-06-19T16:33:46.755+0000] {processor.py:840} INFO - DAG(s) 'load_ergast_data' retrieved from /opt/airflow/dags/load_ergast_data.py
[2026-06-19T16:33:46.794+0000] {logging_mixin.py:188} INFO - [2026-06-19T16:33:46.793+0000] {dag.py:3096} INFO - Sync 1 DAGs
[2026-06-19T16:33:46.808+0000] {logging_mixin.py:188} INFO - [2026-06-19T16:33:46.808+0000] {dag.py:3954} INFO - Setting next_dagrun for load_ergast_data to None, run_after=None
[2026-06-19T16:33:46.892+0000] {processor.py:183} INFO - Processing /opt/airflow/dags/load_ergast_data.py took 0.485 seconds
[2026-06-19T16:34:17.461+0000] {processor.py:161} INFO - Started process (PID=489) to work on /opt/airflow/dags/load_ergast_data.py
[2026-06-19T16:34:17.464+0000] {processor.py:830} INFO - Processing file /opt/airflow/dags/load_ergast_data.py for tasks to queue
[2026-06-19T16:34:17.475+0000] {logging_mixin.py:188} INFO - [2026-06-19T16:34:17.467+0000] {dagbag.py:545} INFO - Filling up the DagBag from /opt/airflow/dags/load_ergast_data.py
[2026-06-19T16:34:17.904+0000] {processor.py:840} INFO - DAG(s) 'load_ergast_data' retrieved from /opt/airflow/dags/load_ergast_data.py
[2026-06-19T16:34:17.969+0000] {logging_mixin.py:188} INFO - [2026-06-19T16:34:17.968+0000] {dag.py:3096} INFO - Sync 1 DAGs
[2026-06-19T16:34:17.986+0000] {logging_mixin.py:188} INFO - [2026-06-19T16:34:17.986+0000] {dag.py:3954} INFO - Setting next_dagrun for load_ergast_data to None, run_after=None
[2026-06-19T16:34:18.009+0000] {processor.py:183} INFO - Processing /opt/airflow/dags/load_ergast_data.py took 0.563 seconds
[2026-06-19T16:34:48.143+0000] {processor.py:161} INFO - Started process (PID=495) to work on /opt/airflow/dags/load_ergast_data.py
[2026-06-19T16:34:48.145+0000] {processor.py:830} INFO - Processing file /opt/airflow/dags/load_ergast_data.py for tasks to queue
[2026-06-19T16:34:48.151+0000] {logging_mixin.py:188} INFO - [2026-06-19T16:34:48.150+0000] {dagbag.py:545} INFO - Filling up the DagBag from /opt/airflow/dags/load_ergast_data.py
[2026-06-19T16:34:48.519+0000] {processor.py:840} INFO - DAG(s) 'load_ergast_data' retrieved from /opt/airflow/dags/load_ergast_data.py
[2026-06-19T16:34:48.554+0000] {logging_mixin.py:188} INFO - [2026-06-19T16:34:48.554+0000] {dag.py:3096} INFO - Sync 1 DAGs
[2026-06-19T16:34:48.566+0000] {logging_mixin.py:188} INFO - [2026-06-19T16:34:48.566+0000] {dag.py:3954} INFO - Setting next_dagrun for load_ergast_data to None, run_after=None
[2026-06-19T16:34:48.588+0000] {processor.py:183} INFO - Processing /opt/airflow/dags/load_ergast_data.py took 0.478 seconds
[2026-06-19T16:35:19.241+0000] {processor.py:161} INFO - Started process (PID=501) to work on /opt/airflow/dags/load_ergast_data.py
[2026-06-19T16:35:19.242+0000] {processor.py:830} INFO - Processing file /opt/airflow/dags/load_ergast_data.py for tasks to queue
[2026-06-19T16:35:19.245+0000] {logging_mixin.py:188} INFO - [2026-06-19T16:35:19.245+0000] {dagbag.py:545} INFO - Filling up the DagBag from /opt/airflow/dags/load_ergast_data.py
[2026-06-19T16:35:19.834+0000] {processor.py:840} INFO - DAG(s) 'load_ergast_data' retrieved from /opt/airflow/dags/load_ergast_data.py
[2026-06-19T16:35:19.875+0000] {logging_mixin.py:188} INFO - [2026-06-19T16:35:19.874+0000] {dag.py:3096} INFO - Sync 1 DAGs
[2026-06-19T16:35:19.888+0000] {logging_mixin.py:188} INFO - [2026-06-19T16:35:19.888+0000] {dag.py:3954} INFO - Setting next_dagrun for load_ergast_data to None, run_after=None
[2026-06-19T16:35:19.913+0000] {processor.py:183} INFO - Processing /opt/airflow/dags/load_ergast_data.py took 0.679 seconds
[2026-06-19T16:35:50.545+0000] {processor.py:161} INFO - Started process (PID=507) to work on /opt/airflow/dags/load_ergast_data.py
[2026-06-19T16:35:50.548+0000] {processor.py:830} INFO - Processing file /opt/airflow/dags/load_ergast_data.py for tasks to queue
[2026-06-19T16:35:50.552+0000] {logging_mixin.py:188} INFO - [2026-06-19T16:35:50.552+0000] {dagbag.py:545} INFO - Filling up the DagBag from /opt/airflow/dags/load_ergast_data.py
[2026-06-19T16:35:51.054+0000] {processor.py:840} INFO - DAG(s) 'load_ergast_data' retrieved from /opt/airflow/dags/load_ergast_data.py
[2026-06-19T16:35:51.102+0000] {logging_mixin.py:188} INFO - [2026-06-19T16:35:51.101+0000] {dag.py:3096} INFO - Sync 1 DAGs
[2026-06-19T16:35:51.172+0000] {logging_mixin.py:188} INFO - [2026-06-19T16:35:51.172+0000] {dag.py:3954} INFO - Setting next_dagrun for load_ergast_data to None, run_after=None
[2026-06-19T16:35:51.217+0000] {processor.py:183} INFO - Processing /opt/airflow/dags/load_ergast_data.py took 0.682 seconds
[2026-06-19T16:35:59.909+0000] {processor.py:161} INFO - Started process (PID=513) to work on /opt/airflow/dags/load_ergast_data.py
[2026-06-19T16:35:59.911+0000] {processor.py:830} INFO - Processing file /opt/airflow/dags/load_ergast_data.py for tasks to queue
[2026-06-19T16:35:59.915+0000] {logging_mixin.py:188} INFO - [2026-06-19T16:35:59.914+0000] {dagbag.py:545} INFO - Filling up the DagBag from /opt/airflow/dags/load_ergast_data.py
[2026-06-19T16:36:00.260+0000] {processor.py:840} INFO - DAG(s) 'load_ergast_data' retrieved from /opt/airflow/dags/load_ergast_data.py
[2026-06-19T16:36:00.294+0000] {logging_mixin.py:188} INFO - [2026-06-19T16:36:00.294+0000] {dag.py:3096} INFO - Sync 1 DAGs
[2026-06-19T16:36:00.312+0000] {logging_mixin.py:188} INFO - [2026-06-19T16:36:00.312+0000] {dag.py:3954} INFO - Setting next_dagrun for load_ergast_data to None, run_after=None
[2026-06-19T16:36:00.342+0000] {processor.py:183} INFO - Processing /opt/airflow/dags/load_ergast_data.py took 0.442 seconds
[2026-06-19T16:36:30.876+0000] {processor.py:161} INFO - Started process (PID=519) to work on /opt/airflow/dags/load_ergast_data.py
[2026-06-19T16:36:30.878+0000] {processor.py:830} INFO - Processing file /opt/airflow/dags/load_ergast_data.py for tasks to queue
[2026-06-19T16:36:30.880+0000] {logging_mixin.py:188} INFO - [2026-06-19T16:36:30.879+0000] {dagbag.py:545} INFO - Filling up the DagBag from /opt/airflow/dags/load_ergast_data.py
[2026-06-19T16:36:31.150+0000] {processor.py:840} INFO - DAG(s) 'load_ergast_data' retrieved from /opt/airflow/dags/load_ergast_data.py
[2026-06-19T16:36:31.175+0000] {logging_mixin.py:188} INFO - [2026-06-19T16:36:31.175+0000] {dag.py:3096} INFO - Sync 1 DAGs
[2026-06-19T16:36:31.188+0000] {logging_mixin.py:188} INFO - [2026-06-19T16:36:31.188+0000] {dag.py:3954} INFO - Setting next_dagrun for load_ergast_data to None, run_after=None
[2026-06-19T16:36:32.525+0000] {processor.py:183} INFO - Processing /opt/airflow/dags/load_ergast_data.py took 1.655 seconds
[2026-06-19T16:37:03.146+0000] {processor.py:161} INFO - Started process (PID=525) to work on /opt/airflow/dags/load_ergast_data.py
[2026-06-19T16:37:03.149+0000] {processor.py:830} INFO - Processing file /opt/airflow/dags/load_ergast_data.py for tasks to queue
[2026-06-19T16:37:03.154+0000] {logging_mixin.py:188} INFO - [2026-06-19T16:37:03.153+0000] {dagbag.py:545} INFO - Filling up the DagBag from /opt/airflow/dags/load_ergast_data.py
[2026-06-19T16:37:03.447+0000] {processor.py:840} INFO - DAG(s) 'load_ergast_data' retrieved from /opt/airflow/dags/load_ergast_data.py
[2026-06-19T16:37:03.494+0000] {logging_mixin.py:188} INFO - [2026-06-19T16:37:03.492+0000] {dag.py:3096} INFO - Sync 1 DAGs
[2026-06-19T16:37:03.520+0000] {logging_mixin.py:188} INFO - [2026-06-19T16:37:03.520+0000] {dag.py:3954} INFO - Setting next_dagrun for load_ergast_data to None, run_after=None
[2026-06-19T16:37:03.541+0000] {processor.py:183} INFO - Processing /opt/airflow/dags/load_ergast_data.py took 0.407 seconds
[2026-06-19T16:37:34.086+0000] {processor.py:161} INFO - Started process (PID=531) to work on /opt/airflow/dags/load_ergast_data.py
[2026-06-19T16:37:34.087+0000] {processor.py:830} INFO - Processing file /opt/airflow/dags/load_ergast_data.py for tasks to queue
[2026-06-19T16:37:34.089+0000] {logging_mixin.py:188} INFO - [2026-06-19T16:37:34.089+0000] {dagbag.py:545} INFO - Filling up the DagBag from /opt/airflow/dags/load_ergast_data.py
[2026-06-19T16:37:34.349+0000] {processor.py:840} INFO - DAG(s) 'load_ergast_data' retrieved from /opt/airflow/dags/load_ergast_data.py
[2026-06-19T16:37:34.377+0000] {logging_mixin.py:188} INFO - [2026-06-19T16:37:34.377+0000] {dag.py:3096} INFO - Sync 1 DAGs
[2026-06-19T16:37:34.392+0000] {logging_mixin.py:188} INFO - [2026-06-19T16:37:34.392+0000] {dag.py:3954} INFO - Setting next_dagrun for load_ergast_data to None, run_after=None
[2026-06-19T16:37:34.417+0000] {processor.py:183} INFO - Processing /opt/airflow/dags/load_ergast_data.py took 0.337 seconds
[2026-06-19T16:37:58.713+0000] {processor.py:161} INFO - Started process (PID=537) to work on /opt/airflow/dags/load_ergast_data.py
[2026-06-19T16:37:58.715+0000] {processor.py:830} INFO - Processing file /opt/airflow/dags/load_ergast_data.py for tasks to queue
[2026-06-19T16:37:58.718+0000] {logging_mixin.py:188} INFO - [2026-06-19T16:37:58.717+0000] {dagbag.py:545} INFO - Filling up the DagBag from /opt/airflow/dags/load_ergast_data.py
[2026-06-19T16:37:58.742+0000] {logging_mixin.py:188} INFO - [2026-06-19T16:37:58.737+0000] {dagbag.py:355} ERROR - Failed to import: /opt/airflow/dags/load_ergast_data.py
Traceback (most recent call last):
  File "/home/airflow/.local/lib/python3.12/site-packages/airflow/models/dagbag.py", line 351, in parse
    loader.exec_module(new_module)
  File "<frozen importlib._bootstrap_external>", line 991, in exec_module
  File "<frozen importlib._bootstrap_external>", line 1129, in get_code
  File "<frozen importlib._bootstrap_external>", line 1059, in source_to_code
  File "<frozen importlib._bootstrap>", line 488, in _call_with_frames_removed
  File "/opt/airflow/dags/load_ergast_data.py", line 22
    cur.execute("""
               ^
SyntaxError: '(' was never closed
[2026-06-19T16:37:58.744+0000] {processor.py:842} WARNING - No viable dags retrieved from /opt/airflow/dags/load_ergast_data.py
[2026-06-19T16:37:58.783+0000] {processor.py:183} INFO - Processing /opt/airflow/dags/load_ergast_data.py took 0.078 seconds
[2026-06-19T16:38:04.926+0000] {processor.py:161} INFO - Started process (PID=542) to work on /opt/airflow/dags/load_ergast_data.py
[2026-06-19T16:38:04.930+0000] {processor.py:830} INFO - Processing file /opt/airflow/dags/load_ergast_data.py for tasks to queue
[2026-06-19T16:38:04.933+0000] {logging_mixin.py:188} INFO - [2026-06-19T16:38:04.933+0000] {dagbag.py:545} INFO - Filling up the DagBag from /opt/airflow/dags/load_ergast_data.py
[2026-06-19T16:38:04.954+0000] {logging_mixin.py:188} INFO - [2026-06-19T16:38:04.952+0000] {dagbag.py:355} ERROR - Failed to import: /opt/airflow/dags/load_ergast_data.py
Traceback (most recent call last):
  File "/home/airflow/.local/lib/python3.12/site-packages/airflow/models/dagbag.py", line 351, in parse
    loader.exec_module(new_module)
  File "<frozen importlib._bootstrap_external>", line 991, in exec_module
  File "<frozen importlib._bootstrap_external>", line 1129, in get_code
  File "<frozen importlib._bootstrap_external>", line 1059, in source_to_code
  File "<frozen importlib._bootstrap>", line 488, in _call_with_frames_removed
  File "/opt/airflow/dags/load_ergast_data.py", line 26
    """,         """, (
                 ^
SyntaxError: unterminated triple-quoted string literal (detected at line 49)
[2026-06-19T16:38:04.956+0000] {processor.py:842} WARNING - No viable dags retrieved from /opt/airflow/dags/load_ergast_data.py
[2026-06-19T16:38:04.989+0000] {processor.py:183} INFO - Processing /opt/airflow/dags/load_ergast_data.py took 0.082 seconds
[2026-06-19T16:38:33.551+0000] {processor.py:161} INFO - Started process (PID=547) to work on /opt/airflow/dags/load_ergast_data.py
[2026-06-19T16:38:33.554+0000] {processor.py:830} INFO - Processing file /opt/airflow/dags/load_ergast_data.py for tasks to queue
[2026-06-19T16:38:33.560+0000] {logging_mixin.py:188} INFO - [2026-06-19T16:38:33.559+0000] {dagbag.py:545} INFO - Filling up the DagBag from /opt/airflow/dags/load_ergast_data.py
[2026-06-19T16:38:33.577+0000] {logging_mixin.py:188} INFO - [2026-06-19T16:38:33.576+0000] {dagbag.py:355} ERROR - Failed to import: /opt/airflow/dags/load_ergast_data.py
Traceback (most recent call last):
  File "/home/airflow/.local/lib/python3.12/site-packages/airflow/models/dagbag.py", line 351, in parse
    loader.exec_module(new_module)
  File "<frozen importlib._bootstrap_external>", line 991, in exec_module
  File "<frozen importlib._bootstrap_external>", line 1129, in get_code
  File "<frozen importlib._bootstrap_external>", line 1059, in source_to_code
  File "<frozen importlib._bootstrap>", line 488, in _call_with_frames_removed
  File "/opt/airflow/dags/load_ergast_data.py", line 22
    cur.execute("""
               ^
SyntaxError: '(' was never closed
[2026-06-19T16:38:33.579+0000] {processor.py:842} WARNING - No viable dags retrieved from /opt/airflow/dags/load_ergast_data.py
[2026-06-19T16:38:33.604+0000] {processor.py:183} INFO - Processing /opt/airflow/dags/load_ergast_data.py took 0.063 seconds
[2026-06-19T16:38:39.710+0000] {processor.py:161} INFO - Started process (PID=552) to work on /opt/airflow/dags/load_ergast_data.py
[2026-06-19T16:38:39.715+0000] {processor.py:830} INFO - Processing file /opt/airflow/dags/load_ergast_data.py for tasks to queue
[2026-06-19T16:38:39.720+0000] {logging_mixin.py:188} INFO - [2026-06-19T16:38:39.720+0000] {dagbag.py:545} INFO - Filling up the DagBag from /opt/airflow/dags/load_ergast_data.py
[2026-06-19T16:38:40.307+0000] {processor.py:840} INFO - DAG(s) 'load_ergast_data' retrieved from /opt/airflow/dags/load_ergast_data.py
[2026-06-19T16:38:40.348+0000] {logging_mixin.py:188} INFO - [2026-06-19T16:38:40.347+0000] {dag.py:3096} INFO - Sync 1 DAGs
[2026-06-19T16:38:40.367+0000] {logging_mixin.py:188} INFO - [2026-06-19T16:38:40.367+0000] {dag.py:3954} INFO - Setting next_dagrun for load_ergast_data to None, run_after=None
[2026-06-19T16:38:40.406+0000] {processor.py:183} INFO - Processing /opt/airflow/dags/load_ergast_data.py took 0.705 seconds
[2026-06-19T16:39:11.070+0000] {processor.py:161} INFO - Started process (PID=558) to work on /opt/airflow/dags/load_ergast_data.py
[2026-06-19T16:39:11.075+0000] {processor.py:830} INFO - Processing file /opt/airflow/dags/load_ergast_data.py for tasks to queue
[2026-06-19T16:39:11.084+0000] {logging_mixin.py:188} INFO - [2026-06-19T16:39:11.083+0000] {dagbag.py:545} INFO - Filling up the DagBag from /opt/airflow/dags/load_ergast_data.py
[2026-06-19T16:39:11.560+0000] {processor.py:840} INFO - DAG(s) 'load_ergast_data' retrieved from /opt/airflow/dags/load_ergast_data.py
[2026-06-19T16:39:11.612+0000] {logging_mixin.py:188} INFO - [2026-06-19T16:39:11.612+0000] {dag.py:3096} INFO - Sync 1 DAGs
[2026-06-19T16:39:11.659+0000] {logging_mixin.py:188} INFO - [2026-06-19T16:39:11.659+0000] {dag.py:3954} INFO - Setting next_dagrun for load_ergast_data to None, run_after=None
[2026-06-19T16:39:11.684+0000] {processor.py:183} INFO - Processing /opt/airflow/dags/load_ergast_data.py took 0.634 seconds
[2026-06-19T16:39:42.011+0000] {processor.py:161} INFO - Started process (PID=567) to work on /opt/airflow/dags/load_ergast_data.py
[2026-06-19T16:39:42.014+0000] {processor.py:830} INFO - Processing file /opt/airflow/dags/load_ergast_data.py for tasks to queue
[2026-06-19T16:39:42.020+0000] {logging_mixin.py:188} INFO - [2026-06-19T16:39:42.020+0000] {dagbag.py:545} INFO - Filling up the DagBag from /opt/airflow/dags/load_ergast_data.py
[2026-06-19T16:39:42.309+0000] {processor.py:840} INFO - DAG(s) 'load_ergast_data' retrieved from /opt/airflow/dags/load_ergast_data.py
[2026-06-19T16:39:42.334+0000] {logging_mixin.py:188} INFO - [2026-06-19T16:39:42.334+0000] {dag.py:3096} INFO - Sync 1 DAGs
[2026-06-19T16:39:42.347+0000] {logging_mixin.py:188} INFO - [2026-06-19T16:39:42.346+0000] {dag.py:3954} INFO - Setting next_dagrun for load_ergast_data to None, run_after=None
[2026-06-19T16:39:42.617+0000] {processor.py:183} INFO - Processing /opt/airflow/dags/load_ergast_data.py took 0.613 seconds
[2026-06-19T16:40:13.012+0000] {processor.py:161} INFO - Started process (PID=573) to work on /opt/airflow/dags/load_ergast_data.py
[2026-06-19T16:40:13.014+0000] {processor.py:830} INFO - Processing file /opt/airflow/dags/load_ergast_data.py for tasks to queue
[2026-06-19T16:40:13.016+0000] {logging_mixin.py:188} INFO - [2026-06-19T16:40:13.016+0000] {dagbag.py:545} INFO - Filling up the DagBag from /opt/airflow/dags/load_ergast_data.py
[2026-06-19T16:40:13.270+0000] {processor.py:840} INFO - DAG(s) 'load_ergast_data' retrieved from /opt/airflow/dags/load_ergast_data.py
[2026-06-19T16:40:13.294+0000] {logging_mixin.py:188} INFO - [2026-06-19T16:40:13.292+0000] {dag.py:3096} INFO - Sync 1 DAGs
[2026-06-19T16:40:13.305+0000] {logging_mixin.py:188} INFO - [2026-06-19T16:40:13.305+0000] {dag.py:3954} INFO - Setting next_dagrun for load_ergast_data to None, run_after=None
[2026-06-19T16:40:13.324+0000] {processor.py:183} INFO - Processing /opt/airflow/dags/load_ergast_data.py took 0.318 seconds
[2026-06-19T16:40:43.883+0000] {processor.py:161} INFO - Started process (PID=579) to work on /opt/airflow/dags/load_ergast_data.py
[2026-06-19T16:40:43.884+0000] {processor.py:830} INFO - Processing file /opt/airflow/dags/load_ergast_data.py for tasks to queue
[2026-06-19T16:40:43.886+0000] {logging_mixin.py:188} INFO - [2026-06-19T16:40:43.886+0000] {dagbag.py:545} INFO - Filling up the DagBag from /opt/airflow/dags/load_ergast_data.py
[2026-06-19T16:40:44.140+0000] {processor.py:840} INFO - DAG(s) 'load_ergast_data' retrieved from /opt/airflow/dags/load_ergast_data.py
[2026-06-19T16:40:44.164+0000] {logging_mixin.py:188} INFO - [2026-06-19T16:40:44.164+0000] {dag.py:3096} INFO - Sync 1 DAGs
[2026-06-19T16:40:44.176+0000] {logging_mixin.py:188} INFO - [2026-06-19T16:40:44.176+0000] {dag.py:3954} INFO - Setting next_dagrun for load_ergast_data to None, run_after=None
[2026-06-19T16:40:44.196+0000] {processor.py:183} INFO - Processing /opt/airflow/dags/load_ergast_data.py took 0.319 seconds
[2026-06-19T16:41:14.662+0000] {processor.py:161} INFO - Started process (PID=585) to work on /opt/airflow/dags/load_ergast_data.py
[2026-06-19T16:41:14.663+0000] {processor.py:830} INFO - Processing file /opt/airflow/dags/load_ergast_data.py for tasks to queue
[2026-06-19T16:41:14.665+0000] {logging_mixin.py:188} INFO - [2026-06-19T16:41:14.665+0000] {dagbag.py:545} INFO - Filling up the DagBag from /opt/airflow/dags/load_ergast_data.py
[2026-06-19T16:41:14.924+0000] {processor.py:840} INFO - DAG(s) 'load_ergast_data' retrieved from /opt/airflow/dags/load_ergast_data.py
[2026-06-19T16:41:14.950+0000] {logging_mixin.py:188} INFO - [2026-06-19T16:41:14.950+0000] {dag.py:3096} INFO - Sync 1 DAGs
[2026-06-19T16:41:14.963+0000] {logging_mixin.py:188} INFO - [2026-06-19T16:41:14.963+0000] {dag.py:3954} INFO - Setting next_dagrun for load_ergast_data to None, run_after=None
[2026-06-19T16:41:14.981+0000] {processor.py:183} INFO - Processing /opt/airflow/dags/load_ergast_data.py took 0.326 seconds
[2026-06-19T16:41:45.586+0000] {processor.py:161} INFO - Started process (PID=591) to work on /opt/airflow/dags/load_ergast_data.py
[2026-06-19T16:41:45.587+0000] {processor.py:830} INFO - Processing file /opt/airflow/dags/load_ergast_data.py for tasks to queue
[2026-06-19T16:41:45.589+0000] {logging_mixin.py:188} INFO - [2026-06-19T16:41:45.589+0000] {dagbag.py:545} INFO - Filling up the DagBag from /opt/airflow/dags/load_ergast_data.py
[2026-06-19T16:41:45.831+0000] {processor.py:840} INFO - DAG(s) 'load_ergast_data' retrieved from /opt/airflow/dags/load_ergast_data.py
[2026-06-19T16:41:45.855+0000] {logging_mixin.py:188} INFO - [2026-06-19T16:41:45.854+0000] {dag.py:3096} INFO - Sync 1 DAGs
[2026-06-19T16:41:45.866+0000] {logging_mixin.py:188} INFO - [2026-06-19T16:41:45.866+0000] {dag.py:3954} INFO - Setting next_dagrun for load_ergast_data to None, run_after=None
[2026-06-19T16:41:45.884+0000] {processor.py:183} INFO - Processing /opt/airflow/dags/load_ergast_data.py took 0.303 seconds
[2026-06-19T16:42:16.236+0000] {processor.py:161} INFO - Started process (PID=597) to work on /opt/airflow/dags/load_ergast_data.py
[2026-06-19T16:42:16.238+0000] {processor.py:830} INFO - Processing file /opt/airflow/dags/load_ergast_data.py for tasks to queue
[2026-06-19T16:42:16.240+0000] {logging_mixin.py:188} INFO - [2026-06-19T16:42:16.239+0000] {dagbag.py:545} INFO - Filling up the DagBag from /opt/airflow/dags/load_ergast_data.py
[2026-06-19T16:42:16.498+0000] {processor.py:840} INFO - DAG(s) 'load_ergast_data' retrieved from /opt/airflow/dags/load_ergast_data.py
[2026-06-19T16:42:16.521+0000] {logging_mixin.py:188} INFO - [2026-06-19T16:42:16.520+0000] {dag.py:3096} INFO - Sync 1 DAGs
[2026-06-19T16:42:16.533+0000] {logging_mixin.py:188} INFO - [2026-06-19T16:42:16.532+0000] {dag.py:3954} INFO - Setting next_dagrun for load_ergast_data to None, run_after=None
[2026-06-19T16:42:16.554+0000] {processor.py:183} INFO - Processing /opt/airflow/dags/load_ergast_data.py took 0.324 seconds
[2026-06-19T16:42:47.193+0000] {processor.py:161} INFO - Started process (PID=603) to work on /opt/airflow/dags/load_ergast_data.py
[2026-06-19T16:42:47.194+0000] {processor.py:830} INFO - Processing file /opt/airflow/dags/load_ergast_data.py for tasks to queue
[2026-06-19T16:42:47.197+0000] {logging_mixin.py:188} INFO - [2026-06-19T16:42:47.196+0000] {dagbag.py:545} INFO - Filling up the DagBag from /opt/airflow/dags/load_ergast_data.py
[2026-06-19T16:42:47.437+0000] {processor.py:840} INFO - DAG(s) 'load_ergast_data' retrieved from /opt/airflow/dags/load_ergast_data.py
[2026-06-19T16:42:47.463+0000] {logging_mixin.py:188} INFO - [2026-06-19T16:42:47.463+0000] {dag.py:3096} INFO - Sync 1 DAGs
[2026-06-19T16:42:47.476+0000] {logging_mixin.py:188} INFO - [2026-06-19T16:42:47.476+0000] {dag.py:3954} INFO - Setting next_dagrun for load_ergast_data to None, run_after=None
[2026-06-19T16:42:47.694+0000] {processor.py:183} INFO - Processing /opt/airflow/dags/load_ergast_data.py took 0.507 seconds
[2026-06-19T16:43:17.897+0000] {processor.py:161} INFO - Started process (PID=609) to work on /opt/airflow/dags/load_ergast_data.py
[2026-06-19T16:43:17.898+0000] {processor.py:830} INFO - Processing file /opt/airflow/dags/load_ergast_data.py for tasks to queue
[2026-06-19T16:43:17.901+0000] {logging_mixin.py:188} INFO - [2026-06-19T16:43:17.900+0000] {dagbag.py:545} INFO - Filling up the DagBag from /opt/airflow/dags/load_ergast_data.py
[2026-06-19T16:43:18.204+0000] {processor.py:840} INFO - DAG(s) 'load_ergast_data' retrieved from /opt/airflow/dags/load_ergast_data.py
[2026-06-19T16:43:18.228+0000] {logging_mixin.py:188} INFO - [2026-06-19T16:43:18.227+0000] {dag.py:3096} INFO - Sync 1 DAGs
[2026-06-19T16:43:18.240+0000] {logging_mixin.py:188} INFO - [2026-06-19T16:43:18.239+0000] {dag.py:3954} INFO - Setting next_dagrun for load_ergast_data to None, run_after=None
[2026-06-19T16:43:18.258+0000] {processor.py:183} INFO - Processing /opt/airflow/dags/load_ergast_data.py took 0.369 seconds
[2026-06-19T16:43:48.730+0000] {processor.py:161} INFO - Started process (PID=615) to work on /opt/airflow/dags/load_ergast_data.py
[2026-06-19T16:43:48.731+0000] {processor.py:830} INFO - Processing file /opt/airflow/dags/load_ergast_data.py for tasks to queue
[2026-06-19T16:43:48.734+0000] {logging_mixin.py:188} INFO - [2026-06-19T16:43:48.733+0000] {dagbag.py:545} INFO - Filling up the DagBag from /opt/airflow/dags/load_ergast_data.py
[2026-06-19T16:43:49.069+0000] {processor.py:840} INFO - DAG(s) 'load_ergast_data' retrieved from /opt/airflow/dags/load_ergast_data.py
[2026-06-19T16:43:49.145+0000] {logging_mixin.py:188} INFO - [2026-06-19T16:43:49.144+0000] {dag.py:3096} INFO - Sync 1 DAGs
[2026-06-19T16:43:49.179+0000] {logging_mixin.py:188} INFO - [2026-06-19T16:43:49.178+0000] {dag.py:3954} INFO - Setting next_dagrun for load_ergast_data to None, run_after=None
[2026-06-19T16:43:49.209+0000] {processor.py:183} INFO - Processing /opt/airflow/dags/load_ergast_data.py took 0.484 seconds
[2026-06-19T16:44:19.770+0000] {processor.py:161} INFO - Started process (PID=621) to work on /opt/airflow/dags/load_ergast_data.py
[2026-06-19T16:44:19.772+0000] {processor.py:830} INFO - Processing file /opt/airflow/dags/load_ergast_data.py for tasks to queue
[2026-06-19T16:44:19.775+0000] {logging_mixin.py:188} INFO - [2026-06-19T16:44:19.774+0000] {dagbag.py:545} INFO - Filling up the DagBag from /opt/airflow/dags/load_ergast_data.py
[2026-06-19T16:44:20.072+0000] {processor.py:840} INFO - DAG(s) 'load_ergast_data' retrieved from /opt/airflow/dags/load_ergast_data.py
[2026-06-19T16:44:20.103+0000] {logging_mixin.py:188} INFO - [2026-06-19T16:44:20.102+0000] {dag.py:3096} INFO - Sync 1 DAGs
[2026-06-19T16:44:20.135+0000] {logging_mixin.py:188} INFO - [2026-06-19T16:44:20.134+0000] {dag.py:3954} INFO - Setting next_dagrun for load_ergast_data to None, run_after=None
[2026-06-19T16:44:20.159+0000] {processor.py:183} INFO - Processing /opt/airflow/dags/load_ergast_data.py took 0.397 seconds
[2026-06-19T16:44:50.492+0000] {processor.py:161} INFO - Started process (PID=627) to work on /opt/airflow/dags/load_ergast_data.py
[2026-06-19T16:44:50.495+0000] {processor.py:830} INFO - Processing file /opt/airflow/dags/load_ergast_data.py for tasks to queue
[2026-06-19T16:44:50.498+0000] {logging_mixin.py:188} INFO - [2026-06-19T16:44:50.497+0000] {dagbag.py:545} INFO - Filling up the DagBag from /opt/airflow/dags/load_ergast_data.py
[2026-06-19T16:44:50.803+0000] {processor.py:840} INFO - DAG(s) 'load_ergast_data' retrieved from /opt/airflow/dags/load_ergast_data.py
[2026-06-19T16:44:50.833+0000] {logging_mixin.py:188} INFO - [2026-06-19T16:44:50.832+0000] {dag.py:3096} INFO - Sync 1 DAGs
[2026-06-19T16:44:50.848+0000] {logging_mixin.py:188} INFO - [2026-06-19T16:44:50.847+0000] {dag.py:3954} INFO - Setting next_dagrun for load_ergast_data to None, run_after=None
[2026-06-19T16:44:50.874+0000] {processor.py:183} INFO - Processing /opt/airflow/dags/load_ergast_data.py took 0.388 seconds
[2026-06-19T16:45:21.578+0000] {processor.py:161} INFO - Started process (PID=633) to work on /opt/airflow/dags/load_ergast_data.py
[2026-06-19T16:45:21.582+0000] {processor.py:830} INFO - Processing file /opt/airflow/dags/load_ergast_data.py for tasks to queue
[2026-06-19T16:45:21.588+0000] {logging_mixin.py:188} INFO - [2026-06-19T16:45:21.587+0000] {dagbag.py:545} INFO - Filling up the DagBag from /opt/airflow/dags/load_ergast_data.py
[2026-06-19T16:45:22.134+0000] {processor.py:840} INFO - DAG(s) 'load_ergast_data' retrieved from /opt/airflow/dags/load_ergast_data.py
[2026-06-19T16:45:22.206+0000] {logging_mixin.py:188} INFO - [2026-06-19T16:45:22.206+0000] {dag.py:3096} INFO - Sync 1 DAGs
[2026-06-19T16:45:22.225+0000] {logging_mixin.py:188} INFO - [2026-06-19T16:45:22.225+0000] {dag.py:3954} INFO - Setting next_dagrun for load_ergast_data to None, run_after=None
[2026-06-19T16:45:22.271+0000] {processor.py:183} INFO - Processing /opt/airflow/dags/load_ergast_data.py took 0.708 seconds
[2026-06-19T16:45:52.465+0000] {processor.py:161} INFO - Started process (PID=639) to work on /opt/airflow/dags/load_ergast_data.py
[2026-06-19T16:45:52.468+0000] {processor.py:830} INFO - Processing file /opt/airflow/dags/load_ergast_data.py for tasks to queue
[2026-06-19T16:45:52.472+0000] {logging_mixin.py:188} INFO - [2026-06-19T16:45:52.471+0000] {dagbag.py:545} INFO - Filling up the DagBag from /opt/airflow/dags/load_ergast_data.py
[2026-06-19T16:45:53.179+0000] {processor.py:840} INFO - DAG(s) 'load_ergast_data' retrieved from /opt/airflow/dags/load_ergast_data.py
[2026-06-19T16:45:53.205+0000] {logging_mixin.py:188} INFO - [2026-06-19T16:45:53.205+0000] {dag.py:3096} INFO - Sync 1 DAGs
[2026-06-19T16:45:53.219+0000] {logging_mixin.py:188} INFO - [2026-06-19T16:45:53.219+0000] {dag.py:3954} INFO - Setting next_dagrun for load_ergast_data to None, run_after=None
[2026-06-19T16:45:54.043+0000] {processor.py:183} INFO - Processing /opt/airflow/dags/load_ergast_data.py took 1.589 seconds
[2026-06-19T16:46:24.686+0000] {processor.py:161} INFO - Started process (PID=645) to work on /opt/airflow/dags/load_ergast_data.py
[2026-06-19T16:46:24.688+0000] {processor.py:830} INFO - Processing file /opt/airflow/dags/load_ergast_data.py for tasks to queue
[2026-06-19T16:46:24.690+0000] {logging_mixin.py:188} INFO - [2026-06-19T16:46:24.690+0000] {dagbag.py:545} INFO - Filling up the DagBag from /opt/airflow/dags/load_ergast_data.py
[2026-06-19T16:46:25.233+0000] {processor.py:840} INFO - DAG(s) 'load_ergast_data' retrieved from /opt/airflow/dags/load_ergast_data.py
[2026-06-19T16:46:25.261+0000] {logging_mixin.py:188} INFO - [2026-06-19T16:46:25.260+0000] {dag.py:3096} INFO - Sync 1 DAGs
[2026-06-19T16:46:25.645+0000] {logging_mixin.py:188} INFO - [2026-06-19T16:46:25.644+0000] {dag.py:3954} INFO - Setting next_dagrun for load_ergast_data to None, run_after=None
[2026-06-19T16:46:25.665+0000] {processor.py:183} INFO - Processing /opt/airflow/dags/load_ergast_data.py took 0.985 seconds
[2026-06-19T16:46:56.350+0000] {processor.py:161} INFO - Started process (PID=651) to work on /opt/airflow/dags/load_ergast_data.py
[2026-06-19T16:46:56.352+0000] {processor.py:830} INFO - Processing file /opt/airflow/dags/load_ergast_data.py for tasks to queue
[2026-06-19T16:46:56.354+0000] {logging_mixin.py:188} INFO - [2026-06-19T16:46:56.354+0000] {dagbag.py:545} INFO - Filling up the DagBag from /opt/airflow/dags/load_ergast_data.py
[2026-06-19T16:46:56.622+0000] {processor.py:840} INFO - DAG(s) 'load_ergast_data' retrieved from /opt/airflow/dags/load_ergast_data.py
[2026-06-19T16:46:56.654+0000] {logging_mixin.py:188} INFO - [2026-06-19T16:46:56.653+0000] {dag.py:3096} INFO - Sync 1 DAGs
[2026-06-19T16:46:56.671+0000] {logging_mixin.py:188} INFO - [2026-06-19T16:46:56.671+0000] {dag.py:3954} INFO - Setting next_dagrun for load_ergast_data to None, run_after=None
[2026-06-19T16:46:56.789+0000] {processor.py:183} INFO - Processing /opt/airflow/dags/load_ergast_data.py took 0.444 seconds
[2026-06-19T16:47:27.110+0000] {processor.py:161} INFO - Started process (PID=657) to work on /opt/airflow/dags/load_ergast_data.py
[2026-06-19T16:47:27.112+0000] {processor.py:830} INFO - Processing file /opt/airflow/dags/load_ergast_data.py for tasks to queue
[2026-06-19T16:47:27.115+0000] {logging_mixin.py:188} INFO - [2026-06-19T16:47:27.114+0000] {dagbag.py:545} INFO - Filling up the DagBag from /opt/airflow/dags/load_ergast_data.py
[2026-06-19T16:47:27.407+0000] {processor.py:840} INFO - DAG(s) 'load_ergast_data' retrieved from /opt/airflow/dags/load_ergast_data.py
[2026-06-19T16:47:27.443+0000] {logging_mixin.py:188} INFO - [2026-06-19T16:47:27.443+0000] {dag.py:3096} INFO - Sync 1 DAGs
[2026-06-19T16:47:27.458+0000] {logging_mixin.py:188} INFO - [2026-06-19T16:47:27.458+0000] {dag.py:3954} INFO - Setting next_dagrun for load_ergast_data to None, run_after=None
[2026-06-19T16:47:27.483+0000] {processor.py:183} INFO - Processing /opt/airflow/dags/load_ergast_data.py took 0.381 seconds
[2026-06-19T16:47:58.239+0000] {processor.py:161} INFO - Started process (PID=663) to work on /opt/airflow/dags/load_ergast_data.py
[2026-06-19T16:47:58.245+0000] {processor.py:830} INFO - Processing file /opt/airflow/dags/load_ergast_data.py for tasks to queue
[2026-06-19T16:47:58.250+0000] {logging_mixin.py:188} INFO - [2026-06-19T16:47:58.250+0000] {dagbag.py:545} INFO - Filling up the DagBag from /opt/airflow/dags/load_ergast_data.py
[2026-06-19T16:47:58.744+0000] {processor.py:840} INFO - DAG(s) 'load_ergast_data' retrieved from /opt/airflow/dags/load_ergast_data.py
[2026-06-19T16:47:58.780+0000] {logging_mixin.py:188} INFO - [2026-06-19T16:47:58.779+0000] {dag.py:3096} INFO - Sync 1 DAGs
[2026-06-19T16:47:58.806+0000] {logging_mixin.py:188} INFO - [2026-06-19T16:47:58.806+0000] {dag.py:3954} INFO - Setting next_dagrun for load_ergast_data to None, run_after=None
[2026-06-19T16:47:58.836+0000] {processor.py:183} INFO - Processing /opt/airflow/dags/load_ergast_data.py took 0.610 seconds
[2026-06-19T16:48:29.533+0000] {processor.py:161} INFO - Started process (PID=669) to work on /opt/airflow/dags/load_ergast_data.py
[2026-06-19T16:48:29.536+0000] {processor.py:830} INFO - Processing file /opt/airflow/dags/load_ergast_data.py for tasks to queue
[2026-06-19T16:48:29.539+0000] {logging_mixin.py:188} INFO - [2026-06-19T16:48:29.538+0000] {dagbag.py:545} INFO - Filling up the DagBag from /opt/airflow/dags/load_ergast_data.py
[2026-06-19T16:48:29.937+0000] {processor.py:840} INFO - DAG(s) 'load_ergast_data' retrieved from /opt/airflow/dags/load_ergast_data.py
[2026-06-19T16:48:29.969+0000] {logging_mixin.py:188} INFO - [2026-06-19T16:48:29.968+0000] {dag.py:3096} INFO - Sync 1 DAGs
[2026-06-19T16:48:29.987+0000] {logging_mixin.py:188} INFO - [2026-06-19T16:48:29.987+0000] {dag.py:3954} INFO - Setting next_dagrun for load_ergast_data to None, run_after=None
[2026-06-19T16:48:30.058+0000] {processor.py:183} INFO - Processing /opt/airflow/dags/load_ergast_data.py took 0.533 seconds
[2026-06-19T16:49:00.540+0000] {processor.py:161} INFO - Started process (PID=675) to work on /opt/airflow/dags/load_ergast_data.py
[2026-06-19T16:49:00.542+0000] {processor.py:830} INFO - Processing file /opt/airflow/dags/load_ergast_data.py for tasks to queue
[2026-06-19T16:49:00.544+0000] {logging_mixin.py:188} INFO - [2026-06-19T16:49:00.544+0000] {dagbag.py:545} INFO - Filling up the DagBag from /opt/airflow/dags/load_ergast_data.py
[2026-06-19T16:49:00.849+0000] {processor.py:840} INFO - DAG(s) 'load_ergast_data' retrieved from /opt/airflow/dags/load_ergast_data.py
[2026-06-19T16:49:00.887+0000] {logging_mixin.py:188} INFO - [2026-06-19T16:49:00.886+0000] {dag.py:3096} INFO - Sync 1 DAGs
[2026-06-19T16:49:00.906+0000] {logging_mixin.py:188} INFO - [2026-06-19T16:49:00.905+0000] {dag.py:3954} INFO - Setting next_dagrun for load_ergast_data to None, run_after=None
[2026-06-19T16:49:01.808+0000] {processor.py:183} INFO - Processing /opt/airflow/dags/load_ergast_data.py took 1.275 seconds
[2026-06-19T16:49:32.446+0000] {processor.py:161} INFO - Started process (PID=681) to work on /opt/airflow/dags/load_ergast_data.py
[2026-06-19T16:49:32.448+0000] {processor.py:830} INFO - Processing file /opt/airflow/dags/load_ergast_data.py for tasks to queue
[2026-06-19T16:49:32.450+0000] {logging_mixin.py:188} INFO - [2026-06-19T16:49:32.450+0000] {dagbag.py:545} INFO - Filling up the DagBag from /opt/airflow/dags/load_ergast_data.py
[2026-06-19T16:49:32.776+0000] {processor.py:840} INFO - DAG(s) 'load_ergast_data' retrieved from /opt/airflow/dags/load_ergast_data.py
[2026-06-19T16:49:32.810+0000] {logging_mixin.py:188} INFO - [2026-06-19T16:49:32.808+0000] {dag.py:3096} INFO - Sync 1 DAGs
[2026-06-19T16:49:33.252+0000] {logging_mixin.py:188} INFO - [2026-06-19T16:49:33.252+0000] {dag.py:3954} INFO - Setting next_dagrun for load_ergast_data to None, run_after=None
[2026-06-19T16:49:33.274+0000] {processor.py:183} INFO - Processing /opt/airflow/dags/load_ergast_data.py took 0.835 seconds
[2026-06-19T16:50:03.994+0000] {processor.py:161} INFO - Started process (PID=687) to work on /opt/airflow/dags/load_ergast_data.py
[2026-06-19T16:50:03.996+0000] {processor.py:830} INFO - Processing file /opt/airflow/dags/load_ergast_data.py for tasks to queue
[2026-06-19T16:50:03.998+0000] {logging_mixin.py:188} INFO - [2026-06-19T16:50:03.998+0000] {dagbag.py:545} INFO - Filling up the DagBag from /opt/airflow/dags/load_ergast_data.py
[2026-06-19T16:50:04.410+0000] {processor.py:840} INFO - DAG(s) 'load_ergast_data' retrieved from /opt/airflow/dags/load_ergast_data.py
[2026-06-19T16:50:04.443+0000] {logging_mixin.py:188} INFO - [2026-06-19T16:50:04.443+0000] {dag.py:3096} INFO - Sync 1 DAGs
[2026-06-19T16:50:04.459+0000] {logging_mixin.py:188} INFO - [2026-06-19T16:50:04.459+0000] {dag.py:3954} INFO - Setting next_dagrun for load_ergast_data to None, run_after=None
[2026-06-19T16:50:04.483+0000] {processor.py:183} INFO - Processing /opt/airflow/dags/load_ergast_data.py took 0.495 seconds
[2026-06-19T16:50:34.901+0000] {processor.py:161} INFO - Started process (PID=693) to work on /opt/airflow/dags/load_ergast_data.py
[2026-06-19T16:50:34.903+0000] {processor.py:830} INFO - Processing file /opt/airflow/dags/load_ergast_data.py for tasks to queue
[2026-06-19T16:50:34.906+0000] {logging_mixin.py:188} INFO - [2026-06-19T16:50:34.905+0000] {dagbag.py:545} INFO - Filling up the DagBag from /opt/airflow/dags/load_ergast_data.py
[2026-06-19T16:50:35.178+0000] {processor.py:840} INFO - DAG(s) 'load_ergast_data' retrieved from /opt/airflow/dags/load_ergast_data.py
[2026-06-19T16:50:35.203+0000] {logging_mixin.py:188} INFO - [2026-06-19T16:50:35.203+0000] {dag.py:3096} INFO - Sync 1 DAGs
[2026-06-19T16:50:35.220+0000] {logging_mixin.py:188} INFO - [2026-06-19T16:50:35.220+0000] {dag.py:3954} INFO - Setting next_dagrun for load_ergast_data to None, run_after=None
[2026-06-19T16:50:35.243+0000] {processor.py:183} INFO - Processing /opt/airflow/dags/load_ergast_data.py took 0.348 seconds
[2026-06-19T16:51:05.843+0000] {processor.py:161} INFO - Started process (PID=699) to work on /opt/airflow/dags/load_ergast_data.py
[2026-06-19T16:51:05.844+0000] {processor.py:830} INFO - Processing file /opt/airflow/dags/load_ergast_data.py for tasks to queue
[2026-06-19T16:51:05.846+0000] {logging_mixin.py:188} INFO - [2026-06-19T16:51:05.846+0000] {dagbag.py:545} INFO - Filling up the DagBag from /opt/airflow/dags/load_ergast_data.py
[2026-06-19T16:51:06.142+0000] {processor.py:840} INFO - DAG(s) 'load_ergast_data' retrieved from /opt/airflow/dags/load_ergast_data.py
[2026-06-19T16:51:06.167+0000] {logging_mixin.py:188} INFO - [2026-06-19T16:51:06.166+0000] {dag.py:3096} INFO - Sync 1 DAGs
[2026-06-19T16:51:06.184+0000] {logging_mixin.py:188} INFO - [2026-06-19T16:51:06.184+0000] {dag.py:3954} INFO - Setting next_dagrun for load_ergast_data to None, run_after=None
[2026-06-19T16:51:06.205+0000] {processor.py:183} INFO - Processing /opt/airflow/dags/load_ergast_data.py took 0.368 seconds
[2026-06-19T16:51:36.568+0000] {processor.py:161} INFO - Started process (PID=705) to work on /opt/airflow/dags/load_ergast_data.py
[2026-06-19T16:51:36.569+0000] {processor.py:830} INFO - Processing file /opt/airflow/dags/load_ergast_data.py for tasks to queue
[2026-06-19T16:51:36.572+0000] {logging_mixin.py:188} INFO - [2026-06-19T16:51:36.571+0000] {dagbag.py:545} INFO - Filling up the DagBag from /opt/airflow/dags/load_ergast_data.py
[2026-06-19T16:51:36.822+0000] {processor.py:840} INFO - DAG(s) 'load_ergast_data' retrieved from /opt/airflow/dags/load_ergast_data.py
[2026-06-19T16:51:36.847+0000] {logging_mixin.py:188} INFO - [2026-06-19T16:51:36.847+0000] {dag.py:3096} INFO - Sync 1 DAGs
[2026-06-19T16:51:36.859+0000] {logging_mixin.py:188} INFO - [2026-06-19T16:51:36.859+0000] {dag.py:3954} INFO - Setting next_dagrun for load_ergast_data to None, run_after=None
[2026-06-19T16:51:36.881+0000] {processor.py:183} INFO - Processing /opt/airflow/dags/load_ergast_data.py took 0.318 seconds
[2026-06-19T16:52:07.736+0000] {processor.py:161} INFO - Started process (PID=711) to work on /opt/airflow/dags/load_ergast_data.py
[2026-06-19T16:52:07.741+0000] {processor.py:830} INFO - Processing file /opt/airflow/dags/load_ergast_data.py for tasks to queue
[2026-06-19T16:52:07.751+0000] {logging_mixin.py:188} INFO - [2026-06-19T16:52:07.750+0000] {dagbag.py:545} INFO - Filling up the DagBag from /opt/airflow/dags/load_ergast_data.py
[2026-06-19T16:52:10.593+0000] {processor.py:840} INFO - DAG(s) 'load_ergast_data' retrieved from /opt/airflow/dags/load_ergast_data.py
[2026-06-19T16:52:10.902+0000] {logging_mixin.py:188} INFO - [2026-06-19T16:52:10.899+0000] {dag.py:3096} INFO - Sync 1 DAGs
[2026-06-19T16:52:11.288+0000] {logging_mixin.py:188} INFO - [2026-06-19T16:52:11.287+0000] {dag.py:3954} INFO - Setting next_dagrun for load_ergast_data to None, run_after=None
[2026-06-19T16:54:51.039+0000] {processor.py:183} INFO - Processing /opt/airflow/dags/load_ergast_data.py took 10.861 seconds
[2026-06-19T16:55:22.721+0000] {processor.py:161} INFO - Started process (PID=717) to work on /opt/airflow/dags/load_ergast_data.py
[2026-06-19T16:55:22.723+0000] {processor.py:830} INFO - Processing file /opt/airflow/dags/load_ergast_data.py for tasks to queue
[2026-06-19T16:55:22.727+0000] {logging_mixin.py:188} INFO - [2026-06-19T16:55:22.726+0000] {dagbag.py:545} INFO - Filling up the DagBag from /opt/airflow/dags/load_ergast_data.py
[2026-06-19T16:55:23.624+0000] {processor.py:840} INFO - DAG(s) 'load_ergast_data' retrieved from /opt/airflow/dags/load_ergast_data.py
[2026-06-19T16:55:25.034+0000] {logging_mixin.py:188} INFO - [2026-06-19T16:55:25.033+0000] {dag.py:3096} INFO - Sync 1 DAGs
[2026-06-19T16:55:25.081+0000] {logging_mixin.py:188} INFO - [2026-06-19T16:55:25.081+0000] {dag.py:3954} INFO - Setting next_dagrun for load_ergast_data to None, run_after=None
[2026-06-19T16:55:25.175+0000] {processor.py:183} INFO - Processing /opt/airflow/dags/load_ergast_data.py took 2.477 seconds
[2026-06-19T16:55:55.338+0000] {processor.py:161} INFO - Started process (PID=723) to work on /opt/airflow/dags/load_ergast_data.py
[2026-06-19T16:55:55.340+0000] {processor.py:830} INFO - Processing file /opt/airflow/dags/load_ergast_data.py for tasks to queue
[2026-06-19T16:55:55.341+0000] {logging_mixin.py:188} INFO - [2026-06-19T16:55:55.341+0000] {dagbag.py:545} INFO - Filling up the DagBag from /opt/airflow/dags/load_ergast_data.py
[2026-06-19T16:55:55.876+0000] {processor.py:840} INFO - DAG(s) 'load_ergast_data' retrieved from /opt/airflow/dags/load_ergast_data.py
[2026-06-19T16:55:55.902+0000] {logging_mixin.py:188} INFO - [2026-06-19T16:55:55.902+0000] {dag.py:3096} INFO - Sync 1 DAGs
[2026-06-19T16:55:55.916+0000] {logging_mixin.py:188} INFO - [2026-06-19T16:55:55.915+0000] {dag.py:3954} INFO - Setting next_dagrun for load_ergast_data to None, run_after=None
[2026-06-19T16:55:55.935+0000] {processor.py:183} INFO - Processing /opt/airflow/dags/load_ergast_data.py took 0.605 seconds
[2026-06-19T16:56:26.516+0000] {processor.py:161} INFO - Started process (PID=729) to work on /opt/airflow/dags/load_ergast_data.py
[2026-06-19T16:56:26.517+0000] {processor.py:830} INFO - Processing file /opt/airflow/dags/load_ergast_data.py for tasks to queue
[2026-06-19T16:56:26.519+0000] {logging_mixin.py:188} INFO - [2026-06-19T16:56:26.518+0000] {dagbag.py:545} INFO - Filling up the DagBag from /opt/airflow/dags/load_ergast_data.py
[2026-06-19T16:56:26.821+0000] {processor.py:840} INFO - DAG(s) 'load_ergast_data' retrieved from /opt/airflow/dags/load_ergast_data.py
[2026-06-19T16:56:26.853+0000] {logging_mixin.py:188} INFO - [2026-06-19T16:56:26.853+0000] {dag.py:3096} INFO - Sync 1 DAGs
[2026-06-19T16:56:26.869+0000] {logging_mixin.py:188} INFO - [2026-06-19T16:56:26.869+0000] {dag.py:3954} INFO - Setting next_dagrun for load_ergast_data to None, run_after=None
[2026-06-19T16:56:26.892+0000] {processor.py:183} INFO - Processing /opt/airflow/dags/load_ergast_data.py took 0.382 seconds
[2026-06-19T16:56:57.233+0000] {processor.py:161} INFO - Started process (PID=735) to work on /opt/airflow/dags/load_ergast_data.py
[2026-06-19T16:56:57.234+0000] {processor.py:830} INFO - Processing file /opt/airflow/dags/load_ergast_data.py for tasks to queue
[2026-06-19T16:56:57.236+0000] {logging_mixin.py:188} INFO - [2026-06-19T16:56:57.235+0000] {dagbag.py:545} INFO - Filling up the DagBag from /opt/airflow/dags/load_ergast_data.py
[2026-06-19T16:56:57.488+0000] {processor.py:840} INFO - DAG(s) 'load_ergast_data' retrieved from /opt/airflow/dags/load_ergast_data.py
[2026-06-19T16:56:57.515+0000] {logging_mixin.py:188} INFO - [2026-06-19T16:56:57.515+0000] {dag.py:3096} INFO - Sync 1 DAGs
[2026-06-19T16:56:57.529+0000] {logging_mixin.py:188} INFO - [2026-06-19T16:56:57.529+0000] {dag.py:3954} INFO - Setting next_dagrun for load_ergast_data to None, run_after=None
[2026-06-19T16:56:57.548+0000] {processor.py:183} INFO - Processing /opt/airflow/dags/load_ergast_data.py took 0.326 seconds
[2026-06-19T16:57:28.090+0000] {processor.py:161} INFO - Started process (PID=741) to work on /opt/airflow/dags/load_ergast_data.py
[2026-06-19T16:57:28.091+0000] {processor.py:830} INFO - Processing file /opt/airflow/dags/load_ergast_data.py for tasks to queue
[2026-06-19T16:57:28.092+0000] {logging_mixin.py:188} INFO - [2026-06-19T16:57:28.092+0000] {dagbag.py:545} INFO - Filling up the DagBag from /opt/airflow/dags/load_ergast_data.py
[2026-06-19T16:57:28.354+0000] {processor.py:840} INFO - DAG(s) 'load_ergast_data' retrieved from /opt/airflow/dags/load_ergast_data.py
[2026-06-19T16:57:28.379+0000] {logging_mixin.py:188} INFO - [2026-06-19T16:57:28.379+0000] {dag.py:3096} INFO - Sync 1 DAGs
[2026-06-19T16:57:28.392+0000] {logging_mixin.py:188} INFO - [2026-06-19T16:57:28.392+0000] {dag.py:3954} INFO - Setting next_dagrun for load_ergast_data to None, run_after=None
[2026-06-19T16:57:28.414+0000] {processor.py:183} INFO - Processing /opt/airflow/dags/load_ergast_data.py took 0.331 seconds
[2026-06-19T16:57:58.955+0000] {processor.py:161} INFO - Started process (PID=747) to work on /opt/airflow/dags/load_ergast_data.py
[2026-06-19T16:57:58.956+0000] {processor.py:830} INFO - Processing file /opt/airflow/dags/load_ergast_data.py for tasks to queue
[2026-06-19T16:57:58.958+0000] {logging_mixin.py:188} INFO - [2026-06-19T16:57:58.957+0000] {dagbag.py:545} INFO - Filling up the DagBag from /opt/airflow/dags/load_ergast_data.py
[2026-06-19T16:57:59.301+0000] {processor.py:840} INFO - DAG(s) 'load_ergast_data' retrieved from /opt/airflow/dags/load_ergast_data.py
[2026-06-19T16:57:59.331+0000] {logging_mixin.py:188} INFO - [2026-06-19T16:57:59.330+0000] {dag.py:3096} INFO - Sync 1 DAGs
[2026-06-19T16:57:59.347+0000] {logging_mixin.py:188} INFO - [2026-06-19T16:57:59.347+0000] {dag.py:3954} INFO - Setting next_dagrun for load_ergast_data to None, run_after=None
[2026-06-19T16:58:00.484+0000] {processor.py:183} INFO - Processing /opt/airflow/dags/load_ergast_data.py took 1.536 seconds
[2026-06-19T16:58:31.013+0000] {processor.py:161} INFO - Started process (PID=753) to work on /opt/airflow/dags/load_ergast_data.py
[2026-06-19T16:58:31.015+0000] {processor.py:830} INFO - Processing file /opt/airflow/dags/load_ergast_data.py for tasks to queue
[2026-06-19T16:58:31.016+0000] {logging_mixin.py:188} INFO - [2026-06-19T16:58:31.016+0000] {dagbag.py:545} INFO - Filling up the DagBag from /opt/airflow/dags/load_ergast_data.py
[2026-06-19T16:58:31.443+0000] {processor.py:840} INFO - DAG(s) 'load_ergast_data' retrieved from /opt/airflow/dags/load_ergast_data.py
[2026-06-19T16:58:31.472+0000] {logging_mixin.py:188} INFO - [2026-06-19T16:58:31.471+0000] {dag.py:3096} INFO - Sync 1 DAGs
[2026-06-19T16:58:31.702+0000] {logging_mixin.py:188} INFO - [2026-06-19T16:58:31.702+0000] {dag.py:3954} INFO - Setting next_dagrun for load_ergast_data to None, run_after=None
[2026-06-19T16:58:31.727+0000] {processor.py:183} INFO - Processing /opt/airflow/dags/load_ergast_data.py took 0.721 seconds
[2026-06-19T16:59:01.886+0000] {processor.py:161} INFO - Started process (PID=759) to work on /opt/airflow/dags/load_ergast_data.py
[2026-06-19T16:59:01.888+0000] {processor.py:830} INFO - Processing file /opt/airflow/dags/load_ergast_data.py for tasks to queue
[2026-06-19T16:59:01.890+0000] {logging_mixin.py:188} INFO - [2026-06-19T16:59:01.890+0000] {dagbag.py:545} INFO - Filling up the DagBag from /opt/airflow/dags/load_ergast_data.py
[2026-06-19T16:59:02.256+0000] {processor.py:840} INFO - DAG(s) 'load_ergast_data' retrieved from /opt/airflow/dags/load_ergast_data.py
[2026-06-19T16:59:02.283+0000] {logging_mixin.py:188} INFO - [2026-06-19T16:59:02.282+0000] {dag.py:3096} INFO - Sync 1 DAGs
[2026-06-19T16:59:02.295+0000] {logging_mixin.py:188} INFO - [2026-06-19T16:59:02.295+0000] {dag.py:3954} INFO - Setting next_dagrun for load_ergast_data to None, run_after=None
[2026-06-19T16:59:02.323+0000] {processor.py:183} INFO - Processing /opt/airflow/dags/load_ergast_data.py took 0.447 seconds
[2026-06-19T16:59:32.963+0000] {processor.py:161} INFO - Started process (PID=765) to work on /opt/airflow/dags/load_ergast_data.py
[2026-06-19T16:59:32.965+0000] {processor.py:830} INFO - Processing file /opt/airflow/dags/load_ergast_data.py for tasks to queue
[2026-06-19T16:59:32.966+0000] {logging_mixin.py:188} INFO - [2026-06-19T16:59:32.966+0000] {dagbag.py:545} INFO - Filling up the DagBag from /opt/airflow/dags/load_ergast_data.py
[2026-06-19T16:59:33.214+0000] {processor.py:840} INFO - DAG(s) 'load_ergast_data' retrieved from /opt/airflow/dags/load_ergast_data.py
[2026-06-19T16:59:33.239+0000] {logging_mixin.py:188} INFO - [2026-06-19T16:59:33.239+0000] {dag.py:3096} INFO - Sync 1 DAGs
[2026-06-19T16:59:33.251+0000] {logging_mixin.py:188} INFO - [2026-06-19T16:59:33.250+0000] {dag.py:3954} INFO - Setting next_dagrun for load_ergast_data to None, run_after=None
[2026-06-19T16:59:33.268+0000] {processor.py:183} INFO - Processing /opt/airflow/dags/load_ergast_data.py took 0.311 seconds
[2026-06-19T17:00:03.620+0000] {processor.py:161} INFO - Started process (PID=771) to work on /opt/airflow/dags/load_ergast_data.py
[2026-06-19T17:00:03.621+0000] {processor.py:830} INFO - Processing file /opt/airflow/dags/load_ergast_data.py for tasks to queue
[2026-06-19T17:00:03.622+0000] {logging_mixin.py:188} INFO - [2026-06-19T17:00:03.622+0000] {dagbag.py:545} INFO - Filling up the DagBag from /opt/airflow/dags/load_ergast_data.py
[2026-06-19T17:00:04.316+0000] {processor.py:840} INFO - DAG(s) 'load_ergast_data' retrieved from /opt/airflow/dags/load_ergast_data.py
[2026-06-19T17:00:04.360+0000] {logging_mixin.py:188} INFO - [2026-06-19T17:00:04.359+0000] {dag.py:3096} INFO - Sync 1 DAGs
[2026-06-19T17:00:04.423+0000] {logging_mixin.py:188} INFO - [2026-06-19T17:00:04.422+0000] {dag.py:3954} INFO - Setting next_dagrun for load_ergast_data to None, run_after=None
[2026-06-19T17:00:04.493+0000] {processor.py:183} INFO - Processing /opt/airflow/dags/load_ergast_data.py took 0.880 seconds
[2026-06-19T17:00:34.578+0000] {processor.py:161} INFO - Started process (PID=777) to work on /opt/airflow/dags/load_ergast_data.py
[2026-06-19T17:00:34.580+0000] {processor.py:830} INFO - Processing file /opt/airflow/dags/load_ergast_data.py for tasks to queue
[2026-06-19T17:00:34.581+0000] {logging_mixin.py:188} INFO - [2026-06-19T17:00:34.581+0000] {dagbag.py:545} INFO - Filling up the DagBag from /opt/airflow/dags/load_ergast_data.py
[2026-06-19T17:00:35.028+0000] {processor.py:840} INFO - DAG(s) 'load_ergast_data' retrieved from /opt/airflow/dags/load_ergast_data.py
[2026-06-19T17:00:35.061+0000] {logging_mixin.py:188} INFO - [2026-06-19T17:00:35.061+0000] {dag.py:3096} INFO - Sync 1 DAGs
[2026-06-19T17:00:35.076+0000] {logging_mixin.py:188} INFO - [2026-06-19T17:00:35.076+0000] {dag.py:3954} INFO - Setting next_dagrun for load_ergast_data to None, run_after=None
[2026-06-19T17:00:35.098+0000] {processor.py:183} INFO - Processing /opt/airflow/dags/load_ergast_data.py took 0.525 seconds
[2026-06-19T17:01:05.235+0000] {processor.py:161} INFO - Started process (PID=783) to work on /opt/airflow/dags/load_ergast_data.py
[2026-06-19T17:01:05.237+0000] {processor.py:830} INFO - Processing file /opt/airflow/dags/load_ergast_data.py for tasks to queue
[2026-06-19T17:01:05.239+0000] {logging_mixin.py:188} INFO - [2026-06-19T17:01:05.238+0000] {dagbag.py:545} INFO - Filling up the DagBag from /opt/airflow/dags/load_ergast_data.py
[2026-06-19T17:01:05.530+0000] {processor.py:840} INFO - DAG(s) 'load_ergast_data' retrieved from /opt/airflow/dags/load_ergast_data.py
[2026-06-19T17:01:05.559+0000] {logging_mixin.py:188} INFO - [2026-06-19T17:01:05.558+0000] {dag.py:3096} INFO - Sync 1 DAGs
[2026-06-19T17:01:05.573+0000] {logging_mixin.py:188} INFO - [2026-06-19T17:01:05.572+0000] {dag.py:3954} INFO - Setting next_dagrun for load_ergast_data to None, run_after=None
[2026-06-19T17:01:06.067+0000] {processor.py:183} INFO - Processing /opt/airflow/dags/load_ergast_data.py took 0.839 seconds
[2026-06-19T17:01:36.461+0000] {processor.py:161} INFO - Started process (PID=789) to work on /opt/airflow/dags/load_ergast_data.py
[2026-06-19T17:01:36.463+0000] {processor.py:830} INFO - Processing file /opt/airflow/dags/load_ergast_data.py for tasks to queue
[2026-06-19T17:01:36.464+0000] {logging_mixin.py:188} INFO - [2026-06-19T17:01:36.464+0000] {dagbag.py:545} INFO - Filling up the DagBag from /opt/airflow/dags/load_ergast_data.py
[2026-06-19T17:01:36.782+0000] {processor.py:840} INFO - DAG(s) 'load_ergast_data' retrieved from /opt/airflow/dags/load_ergast_data.py
[2026-06-19T17:01:36.810+0000] {logging_mixin.py:188} INFO - [2026-06-19T17:01:36.810+0000] {dag.py:3096} INFO - Sync 1 DAGs
[2026-06-19T17:01:37.049+0000] {logging_mixin.py:188} INFO - [2026-06-19T17:01:37.049+0000] {dag.py:3954} INFO - Setting next_dagrun for load_ergast_data to None, run_after=None
[2026-06-19T17:01:37.066+0000] {processor.py:183} INFO - Processing /opt/airflow/dags/load_ergast_data.py took 0.611 seconds
[2026-06-19T17:02:07.527+0000] {processor.py:161} INFO - Started process (PID=795) to work on /opt/airflow/dags/load_ergast_data.py
[2026-06-19T17:02:07.529+0000] {processor.py:830} INFO - Processing file /opt/airflow/dags/load_ergast_data.py for tasks to queue
[2026-06-19T17:02:07.530+0000] {logging_mixin.py:188} INFO - [2026-06-19T17:02:07.530+0000] {dagbag.py:545} INFO - Filling up the DagBag from /opt/airflow/dags/load_ergast_data.py
[2026-06-19T17:02:07.839+0000] {processor.py:840} INFO - DAG(s) 'load_ergast_data' retrieved from /opt/airflow/dags/load_ergast_data.py
[2026-06-19T17:02:07.866+0000] {logging_mixin.py:188} INFO - [2026-06-19T17:02:07.866+0000] {dag.py:3096} INFO - Sync 1 DAGs
[2026-06-19T17:02:07.884+0000] {logging_mixin.py:188} INFO - [2026-06-19T17:02:07.884+0000] {dag.py:3954} INFO - Setting next_dagrun for load_ergast_data to None, run_after=None
[2026-06-19T17:02:07.903+0000] {processor.py:183} INFO - Processing /opt/airflow/dags/load_ergast_data.py took 0.384 seconds
[2026-06-19T17:02:38.621+0000] {processor.py:161} INFO - Started process (PID=801) to work on /opt/airflow/dags/load_ergast_data.py
[2026-06-19T17:02:38.622+0000] {processor.py:830} INFO - Processing file /opt/airflow/dags/load_ergast_data.py for tasks to queue
[2026-06-19T17:02:38.624+0000] {logging_mixin.py:188} INFO - [2026-06-19T17:02:38.624+0000] {dagbag.py:545} INFO - Filling up the DagBag from /opt/airflow/dags/load_ergast_data.py
[2026-06-19T17:02:38.918+0000] {processor.py:840} INFO - DAG(s) 'load_ergast_data' retrieved from /opt/airflow/dags/load_ergast_data.py
[2026-06-19T17:02:38.941+0000] {logging_mixin.py:188} INFO - [2026-06-19T17:02:38.940+0000] {dag.py:3096} INFO - Sync 1 DAGs
[2026-06-19T17:02:38.954+0000] {logging_mixin.py:188} INFO - [2026-06-19T17:02:38.954+0000] {dag.py:3954} INFO - Setting next_dagrun for load_ergast_data to None, run_after=None
[2026-06-19T17:02:38.976+0000] {processor.py:183} INFO - Processing /opt/airflow/dags/load_ergast_data.py took 0.361 seconds
[2026-06-19T17:03:09.300+0000] {processor.py:161} INFO - Started process (PID=807) to work on /opt/airflow/dags/load_ergast_data.py
[2026-06-19T17:03:09.303+0000] {processor.py:830} INFO - Processing file /opt/airflow/dags/load_ergast_data.py for tasks to queue
[2026-06-19T17:03:09.306+0000] {logging_mixin.py:188} INFO - [2026-06-19T17:03:09.305+0000] {dagbag.py:545} INFO - Filling up the DagBag from /opt/airflow/dags/load_ergast_data.py
[2026-06-19T17:03:09.654+0000] {processor.py:840} INFO - DAG(s) 'load_ergast_data' retrieved from /opt/airflow/dags/load_ergast_data.py
[2026-06-19T17:03:09.682+0000] {logging_mixin.py:188} INFO - [2026-06-19T17:03:09.682+0000] {dag.py:3096} INFO - Sync 1 DAGs
[2026-06-19T17:03:09.696+0000] {logging_mixin.py:188} INFO - [2026-06-19T17:03:09.695+0000] {dag.py:3954} INFO - Setting next_dagrun for load_ergast_data to None, run_after=None
[2026-06-19T17:03:09.715+0000] {processor.py:183} INFO - Processing /opt/airflow/dags/load_ergast_data.py took 0.429 seconds
[2026-06-19T17:03:40.273+0000] {processor.py:161} INFO - Started process (PID=813) to work on /opt/airflow/dags/load_ergast_data.py
[2026-06-19T17:03:40.276+0000] {processor.py:830} INFO - Processing file /opt/airflow/dags/load_ergast_data.py for tasks to queue
[2026-06-19T17:03:40.278+0000] {logging_mixin.py:188} INFO - [2026-06-19T17:03:40.277+0000] {dagbag.py:545} INFO - Filling up the DagBag from /opt/airflow/dags/load_ergast_data.py
[2026-06-19T17:03:40.673+0000] {processor.py:840} INFO - DAG(s) 'load_ergast_data' retrieved from /opt/airflow/dags/load_ergast_data.py
[2026-06-19T17:03:40.696+0000] {logging_mixin.py:188} INFO - [2026-06-19T17:03:40.696+0000] {dag.py:3096} INFO - Sync 1 DAGs
[2026-06-19T17:03:40.708+0000] {logging_mixin.py:188} INFO - [2026-06-19T17:03:40.708+0000] {dag.py:3954} INFO - Setting next_dagrun for load_ergast_data to None, run_after=None
[2026-06-19T17:03:40.729+0000] {processor.py:183} INFO - Processing /opt/airflow/dags/load_ergast_data.py took 0.463 seconds
[2026-06-19T17:04:11.028+0000] {processor.py:161} INFO - Started process (PID=819) to work on /opt/airflow/dags/load_ergast_data.py
[2026-06-19T17:04:11.030+0000] {processor.py:830} INFO - Processing file /opt/airflow/dags/load_ergast_data.py for tasks to queue
[2026-06-19T17:04:11.031+0000] {logging_mixin.py:188} INFO - [2026-06-19T17:04:11.031+0000] {dagbag.py:545} INFO - Filling up the DagBag from /opt/airflow/dags/load_ergast_data.py
[2026-06-19T17:04:11.285+0000] {processor.py:840} INFO - DAG(s) 'load_ergast_data' retrieved from /opt/airflow/dags/load_ergast_data.py
[2026-06-19T17:04:11.311+0000] {logging_mixin.py:188} INFO - [2026-06-19T17:04:11.310+0000] {dag.py:3096} INFO - Sync 1 DAGs
[2026-06-19T17:04:11.323+0000] {logging_mixin.py:188} INFO - [2026-06-19T17:04:11.323+0000] {dag.py:3954} INFO - Setting next_dagrun for load_ergast_data to None, run_after=None
[2026-06-19T17:04:11.681+0000] {processor.py:183} INFO - Processing /opt/airflow/dags/load_ergast_data.py took 0.658 seconds
[2026-06-19T17:04:42.193+0000] {processor.py:161} INFO - Started process (PID=825) to work on /opt/airflow/dags/load_ergast_data.py
[2026-06-19T17:04:42.194+0000] {processor.py:830} INFO - Processing file /opt/airflow/dags/load_ergast_data.py for tasks to queue
[2026-06-19T17:04:42.196+0000] {logging_mixin.py:188} INFO - [2026-06-19T17:04:42.195+0000] {dagbag.py:545} INFO - Filling up the DagBag from /opt/airflow/dags/load_ergast_data.py
[2026-06-19T17:04:42.505+0000] {processor.py:840} INFO - DAG(s) 'load_ergast_data' retrieved from /opt/airflow/dags/load_ergast_data.py
[2026-06-19T17:04:42.534+0000] {logging_mixin.py:188} INFO - [2026-06-19T17:04:42.534+0000] {dag.py:3096} INFO - Sync 1 DAGs
[2026-06-19T17:04:42.885+0000] {logging_mixin.py:188} INFO - [2026-06-19T17:04:42.885+0000] {dag.py:3954} INFO - Setting next_dagrun for load_ergast_data to None, run_after=None
[2026-06-19T17:04:42.905+0000] {processor.py:183} INFO - Processing /opt/airflow/dags/load_ergast_data.py took 0.717 seconds
[2026-06-19T17:05:13.209+0000] {processor.py:161} INFO - Started process (PID=831) to work on /opt/airflow/dags/load_ergast_data.py
[2026-06-19T17:05:13.211+0000] {processor.py:830} INFO - Processing file /opt/airflow/dags/load_ergast_data.py for tasks to queue
[2026-06-19T17:05:13.212+0000] {logging_mixin.py:188} INFO - [2026-06-19T17:05:13.212+0000] {dagbag.py:545} INFO - Filling up the DagBag from /opt/airflow/dags/load_ergast_data.py
[2026-06-19T17:05:13.550+0000] {processor.py:840} INFO - DAG(s) 'load_ergast_data' retrieved from /opt/airflow/dags/load_ergast_data.py
[2026-06-19T17:05:13.578+0000] {logging_mixin.py:188} INFO - [2026-06-19T17:05:13.577+0000] {dag.py:3096} INFO - Sync 1 DAGs
[2026-06-19T17:05:13.593+0000] {logging_mixin.py:188} INFO - [2026-06-19T17:05:13.593+0000] {dag.py:3954} INFO - Setting next_dagrun for load_ergast_data to None, run_after=None
[2026-06-19T17:05:13.611+0000] {processor.py:183} INFO - Processing /opt/airflow/dags/load_ergast_data.py took 0.407 seconds
[2026-06-19T17:05:44.347+0000] {processor.py:161} INFO - Started process (PID=837) to work on /opt/airflow/dags/load_ergast_data.py
[2026-06-19T17:05:44.348+0000] {processor.py:830} INFO - Processing file /opt/airflow/dags/load_ergast_data.py for tasks to queue
[2026-06-19T17:05:44.349+0000] {logging_mixin.py:188} INFO - [2026-06-19T17:05:44.349+0000] {dagbag.py:545} INFO - Filling up the DagBag from /opt/airflow/dags/load_ergast_data.py
[2026-06-19T17:05:44.594+0000] {processor.py:840} INFO - DAG(s) 'load_ergast_data' retrieved from /opt/airflow/dags/load_ergast_data.py
[2026-06-19T17:05:44.618+0000] {logging_mixin.py:188} INFO - [2026-06-19T17:05:44.617+0000] {dag.py:3096} INFO - Sync 1 DAGs
[2026-06-19T17:05:44.629+0000] {logging_mixin.py:188} INFO - [2026-06-19T17:05:44.629+0000] {dag.py:3954} INFO - Setting next_dagrun for load_ergast_data to None, run_after=None
[2026-06-19T17:05:44.649+0000] {processor.py:183} INFO - Processing /opt/airflow/dags/load_ergast_data.py took 0.307 seconds
[2026-06-19T17:06:15.081+0000] {processor.py:161} INFO - Started process (PID=843) to work on /opt/airflow/dags/load_ergast_data.py
[2026-06-19T17:06:15.084+0000] {processor.py:830} INFO - Processing file /opt/airflow/dags/load_ergast_data.py for tasks to queue
[2026-06-19T17:06:15.085+0000] {logging_mixin.py:188} INFO - [2026-06-19T17:06:15.085+0000] {dagbag.py:545} INFO - Filling up the DagBag from /opt/airflow/dags/load_ergast_data.py
[2026-06-19T17:06:15.346+0000] {processor.py:840} INFO - DAG(s) 'load_ergast_data' retrieved from /opt/airflow/dags/load_ergast_data.py
[2026-06-19T17:06:15.372+0000] {logging_mixin.py:188} INFO - [2026-06-19T17:06:15.371+0000] {dag.py:3096} INFO - Sync 1 DAGs
[2026-06-19T17:06:15.386+0000] {logging_mixin.py:188} INFO - [2026-06-19T17:06:15.385+0000] {dag.py:3954} INFO - Setting next_dagrun for load_ergast_data to None, run_after=None
[2026-06-19T17:06:15.408+0000] {processor.py:183} INFO - Processing /opt/airflow/dags/load_ergast_data.py took 0.334 seconds
[2026-06-19T17:06:46.154+0000] {processor.py:161} INFO - Started process (PID=849) to work on /opt/airflow/dags/load_ergast_data.py
[2026-06-19T17:06:46.156+0000] {processor.py:830} INFO - Processing file /opt/airflow/dags/load_ergast_data.py for tasks to queue
[2026-06-19T17:06:46.157+0000] {logging_mixin.py:188} INFO - [2026-06-19T17:06:46.157+0000] {dagbag.py:545} INFO - Filling up the DagBag from /opt/airflow/dags/load_ergast_data.py
[2026-06-19T17:06:46.409+0000] {processor.py:840} INFO - DAG(s) 'load_ergast_data' retrieved from /opt/airflow/dags/load_ergast_data.py
[2026-06-19T17:06:46.433+0000] {logging_mixin.py:188} INFO - [2026-06-19T17:06:46.433+0000] {dag.py:3096} INFO - Sync 1 DAGs
[2026-06-19T17:06:46.445+0000] {logging_mixin.py:188} INFO - [2026-06-19T17:06:46.445+0000] {dag.py:3954} INFO - Setting next_dagrun for load_ergast_data to None, run_after=None
[2026-06-19T17:06:46.466+0000] {processor.py:183} INFO - Processing /opt/airflow/dags/load_ergast_data.py took 0.318 seconds
[2026-06-19T17:07:16.984+0000] {processor.py:161} INFO - Started process (PID=855) to work on /opt/airflow/dags/load_ergast_data.py
[2026-06-19T17:07:16.986+0000] {processor.py:830} INFO - Processing file /opt/airflow/dags/load_ergast_data.py for tasks to queue
[2026-06-19T17:07:16.987+0000] {logging_mixin.py:188} INFO - [2026-06-19T17:07:16.987+0000] {dagbag.py:545} INFO - Filling up the DagBag from /opt/airflow/dags/load_ergast_data.py
[2026-06-19T17:07:17.245+0000] {processor.py:840} INFO - DAG(s) 'load_ergast_data' retrieved from /opt/airflow/dags/load_ergast_data.py
[2026-06-19T17:07:17.269+0000] {logging_mixin.py:188} INFO - [2026-06-19T17:07:17.269+0000] {dag.py:3096} INFO - Sync 1 DAGs
[2026-06-19T17:07:17.282+0000] {logging_mixin.py:188} INFO - [2026-06-19T17:07:17.282+0000] {dag.py:3954} INFO - Setting next_dagrun for load_ergast_data to None, run_after=None
[2026-06-19T17:07:17.478+0000] {processor.py:183} INFO - Processing /opt/airflow/dags/load_ergast_data.py took 0.500 seconds
[2026-06-19T17:07:47.929+0000] {processor.py:161} INFO - Started process (PID=861) to work on /opt/airflow/dags/load_ergast_data.py
[2026-06-19T17:07:47.931+0000] {processor.py:830} INFO - Processing file /opt/airflow/dags/load_ergast_data.py for tasks to queue
[2026-06-19T17:07:47.933+0000] {logging_mixin.py:188} INFO - [2026-06-19T17:07:47.932+0000] {dagbag.py:545} INFO - Filling up the DagBag from /opt/airflow/dags/load_ergast_data.py
[2026-06-19T17:07:48.253+0000] {processor.py:840} INFO - DAG(s) 'load_ergast_data' retrieved from /opt/airflow/dags/load_ergast_data.py
[2026-06-19T17:07:48.277+0000] {logging_mixin.py:188} INFO - [2026-06-19T17:07:48.277+0000] {dag.py:3096} INFO - Sync 1 DAGs
[2026-06-19T17:07:48.454+0000] {logging_mixin.py:188} INFO - [2026-06-19T17:07:48.453+0000] {dag.py:3954} INFO - Setting next_dagrun for load_ergast_data to None, run_after=None
[2026-06-19T17:07:48.478+0000] {processor.py:183} INFO - Processing /opt/airflow/dags/load_ergast_data.py took 0.557 seconds
[2026-06-19T17:08:18.904+0000] {processor.py:161} INFO - Started process (PID=867) to work on /opt/airflow/dags/load_ergast_data.py
[2026-06-19T17:08:18.905+0000] {processor.py:830} INFO - Processing file /opt/airflow/dags/load_ergast_data.py for tasks to queue
[2026-06-19T17:08:18.907+0000] {logging_mixin.py:188} INFO - [2026-06-19T17:08:18.906+0000] {dagbag.py:545} INFO - Filling up the DagBag from /opt/airflow/dags/load_ergast_data.py
[2026-06-19T17:08:19.258+0000] {processor.py:840} INFO - DAG(s) 'load_ergast_data' retrieved from /opt/airflow/dags/load_ergast_data.py
[2026-06-19T17:08:19.455+0000] {logging_mixin.py:188} INFO - [2026-06-19T17:08:19.455+0000] {dag.py:3096} INFO - Sync 1 DAGs
[2026-06-19T17:08:19.466+0000] {logging_mixin.py:188} INFO - [2026-06-19T17:08:19.465+0000] {dag.py:3954} INFO - Setting next_dagrun for load_ergast_data to None, run_after=None
[2026-06-19T17:08:19.485+0000] {processor.py:183} INFO - Processing /opt/airflow/dags/load_ergast_data.py took 0.588 seconds
[2026-06-19T17:08:50.015+0000] {processor.py:161} INFO - Started process (PID=873) to work on /opt/airflow/dags/load_ergast_data.py
[2026-06-19T17:08:50.017+0000] {processor.py:830} INFO - Processing file /opt/airflow/dags/load_ergast_data.py for tasks to queue
[2026-06-19T17:08:50.019+0000] {logging_mixin.py:188} INFO - [2026-06-19T17:08:50.018+0000] {dagbag.py:545} INFO - Filling up the DagBag from /opt/airflow/dags/load_ergast_data.py
[2026-06-19T17:08:50.297+0000] {processor.py:840} INFO - DAG(s) 'load_ergast_data' retrieved from /opt/airflow/dags/load_ergast_data.py
[2026-06-19T17:08:50.320+0000] {logging_mixin.py:188} INFO - [2026-06-19T17:08:50.320+0000] {dag.py:3096} INFO - Sync 1 DAGs
[2026-06-19T17:08:50.333+0000] {logging_mixin.py:188} INFO - [2026-06-19T17:08:50.332+0000] {dag.py:3954} INFO - Setting next_dagrun for load_ergast_data to None, run_after=None
[2026-06-19T17:08:50.351+0000] {processor.py:183} INFO - Processing /opt/airflow/dags/load_ergast_data.py took 0.344 seconds
[2026-06-19T17:09:20.926+0000] {processor.py:161} INFO - Started process (PID=879) to work on /opt/airflow/dags/load_ergast_data.py
[2026-06-19T17:09:20.928+0000] {processor.py:830} INFO - Processing file /opt/airflow/dags/load_ergast_data.py for tasks to queue
[2026-06-19T17:09:20.929+0000] {logging_mixin.py:188} INFO - [2026-06-19T17:09:20.929+0000] {dagbag.py:545} INFO - Filling up the DagBag from /opt/airflow/dags/load_ergast_data.py
[2026-06-19T17:09:21.219+0000] {processor.py:840} INFO - DAG(s) 'load_ergast_data' retrieved from /opt/airflow/dags/load_ergast_data.py
[2026-06-19T17:09:21.243+0000] {logging_mixin.py:188} INFO - [2026-06-19T17:09:21.242+0000] {dag.py:3096} INFO - Sync 1 DAGs
[2026-06-19T17:09:21.255+0000] {logging_mixin.py:188} INFO - [2026-06-19T17:09:21.255+0000] {dag.py:3954} INFO - Setting next_dagrun for load_ergast_data to None, run_after=None
[2026-06-19T17:09:21.275+0000] {processor.py:183} INFO - Processing /opt/airflow/dags/load_ergast_data.py took 0.355 seconds
[2026-06-19T17:09:51.713+0000] {processor.py:161} INFO - Started process (PID=885) to work on /opt/airflow/dags/load_ergast_data.py
[2026-06-19T17:09:51.714+0000] {processor.py:830} INFO - Processing file /opt/airflow/dags/load_ergast_data.py for tasks to queue
[2026-06-19T17:09:51.715+0000] {logging_mixin.py:188} INFO - [2026-06-19T17:09:51.715+0000] {dagbag.py:545} INFO - Filling up the DagBag from /opt/airflow/dags/load_ergast_data.py
[2026-06-19T17:09:52.036+0000] {processor.py:840} INFO - DAG(s) 'load_ergast_data' retrieved from /opt/airflow/dags/load_ergast_data.py
[2026-06-19T17:09:52.060+0000] {logging_mixin.py:188} INFO - [2026-06-19T17:09:52.059+0000] {dag.py:3096} INFO - Sync 1 DAGs
[2026-06-19T17:09:52.073+0000] {logging_mixin.py:188} INFO - [2026-06-19T17:09:52.073+0000] {dag.py:3954} INFO - Setting next_dagrun for load_ergast_data to None, run_after=None
[2026-06-19T17:09:52.094+0000] {processor.py:183} INFO - Processing /opt/airflow/dags/load_ergast_data.py took 0.388 seconds
[2026-06-19T17:10:22.746+0000] {processor.py:161} INFO - Started process (PID=891) to work on /opt/airflow/dags/load_ergast_data.py
[2026-06-19T17:10:22.748+0000] {processor.py:830} INFO - Processing file /opt/airflow/dags/load_ergast_data.py for tasks to queue
[2026-06-19T17:10:22.749+0000] {logging_mixin.py:188} INFO - [2026-06-19T17:10:22.749+0000] {dagbag.py:545} INFO - Filling up the DagBag from /opt/airflow/dags/load_ergast_data.py
[2026-06-19T17:10:23.099+0000] {processor.py:840} INFO - DAG(s) 'load_ergast_data' retrieved from /opt/airflow/dags/load_ergast_data.py
[2026-06-19T17:10:23.129+0000] {logging_mixin.py:188} INFO - [2026-06-19T17:10:23.129+0000] {dag.py:3096} INFO - Sync 1 DAGs
[2026-06-19T17:10:23.937+0000] {logging_mixin.py:188} INFO - [2026-06-19T17:10:23.937+0000] {dag.py:3954} INFO - Setting next_dagrun for load_ergast_data to None, run_after=None
[2026-06-19T17:10:23.957+0000] {processor.py:183} INFO - Processing /opt/airflow/dags/load_ergast_data.py took 1.217 seconds
[2026-06-19T17:10:54.605+0000] {processor.py:161} INFO - Started process (PID=897) to work on /opt/airflow/dags/load_ergast_data.py
[2026-06-19T17:10:54.607+0000] {processor.py:830} INFO - Processing file /opt/airflow/dags/load_ergast_data.py for tasks to queue
[2026-06-19T17:10:54.609+0000] {logging_mixin.py:188} INFO - [2026-06-19T17:10:54.609+0000] {dagbag.py:545} INFO - Filling up the DagBag from /opt/airflow/dags/load_ergast_data.py
[2026-06-19T17:10:55.243+0000] {processor.py:840} INFO - DAG(s) 'load_ergast_data' retrieved from /opt/airflow/dags/load_ergast_data.py
[2026-06-19T17:10:55.313+0000] {logging_mixin.py:188} INFO - [2026-06-19T17:10:55.312+0000] {dag.py:3096} INFO - Sync 1 DAGs
[2026-06-19T17:10:55.664+0000] {logging_mixin.py:188} INFO - [2026-06-19T17:10:55.663+0000] {dag.py:3954} INFO - Setting next_dagrun for load_ergast_data to None, run_after=None
[2026-06-19T17:10:55.688+0000] {processor.py:183} INFO - Processing /opt/airflow/dags/load_ergast_data.py took 1.090 seconds
[2026-06-19T17:11:26.381+0000] {processor.py:161} INFO - Started process (PID=903) to work on /opt/airflow/dags/load_ergast_data.py
[2026-06-19T17:11:26.382+0000] {processor.py:830} INFO - Processing file /opt/airflow/dags/load_ergast_data.py for tasks to queue
[2026-06-19T17:11:26.384+0000] {logging_mixin.py:188} INFO - [2026-06-19T17:11:26.383+0000] {dagbag.py:545} INFO - Filling up the DagBag from /opt/airflow/dags/load_ergast_data.py
[2026-06-19T17:11:26.677+0000] {processor.py:840} INFO - DAG(s) 'load_ergast_data' retrieved from /opt/airflow/dags/load_ergast_data.py
[2026-06-19T17:11:26.914+0000] {logging_mixin.py:188} INFO - [2026-06-19T17:11:26.913+0000] {dag.py:3096} INFO - Sync 1 DAGs
[2026-06-19T17:11:26.925+0000] {logging_mixin.py:188} INFO - [2026-06-19T17:11:26.924+0000] {dag.py:3954} INFO - Setting next_dagrun for load_ergast_data to None, run_after=None
[2026-06-19T17:11:26.945+0000] {processor.py:183} INFO - Processing /opt/airflow/dags/load_ergast_data.py took 0.572 seconds
[2026-06-19T17:11:57.259+0000] {processor.py:161} INFO - Started process (PID=909) to work on /opt/airflow/dags/load_ergast_data.py
[2026-06-19T17:11:57.262+0000] {processor.py:830} INFO - Processing file /opt/airflow/dags/load_ergast_data.py for tasks to queue
[2026-06-19T17:11:57.265+0000] {logging_mixin.py:188} INFO - [2026-06-19T17:11:57.264+0000] {dagbag.py:545} INFO - Filling up the DagBag from /opt/airflow/dags/load_ergast_data.py
[2026-06-19T17:11:57.696+0000] {processor.py:840} INFO - DAG(s) 'load_ergast_data' retrieved from /opt/airflow/dags/load_ergast_data.py
[2026-06-19T17:11:57.731+0000] {logging_mixin.py:188} INFO - [2026-06-19T17:11:57.730+0000] {dag.py:3096} INFO - Sync 1 DAGs
[2026-06-19T17:11:57.747+0000] {logging_mixin.py:188} INFO - [2026-06-19T17:11:57.747+0000] {dag.py:3954} INFO - Setting next_dagrun for load_ergast_data to None, run_after=None
[2026-06-19T17:11:57.780+0000] {processor.py:183} INFO - Processing /opt/airflow/dags/load_ergast_data.py took 0.530 seconds
[2026-06-19T17:12:28.507+0000] {processor.py:161} INFO - Started process (PID=915) to work on /opt/airflow/dags/load_ergast_data.py
[2026-06-19T17:12:28.508+0000] {processor.py:830} INFO - Processing file /opt/airflow/dags/load_ergast_data.py for tasks to queue
[2026-06-19T17:12:28.510+0000] {logging_mixin.py:188} INFO - [2026-06-19T17:12:28.509+0000] {dagbag.py:545} INFO - Filling up the DagBag from /opt/airflow/dags/load_ergast_data.py
[2026-06-19T17:12:28.837+0000] {processor.py:840} INFO - DAG(s) 'load_ergast_data' retrieved from /opt/airflow/dags/load_ergast_data.py
[2026-06-19T17:12:28.860+0000] {logging_mixin.py:188} INFO - [2026-06-19T17:12:28.860+0000] {dag.py:3096} INFO - Sync 1 DAGs
[2026-06-19T17:12:28.872+0000] {logging_mixin.py:188} INFO - [2026-06-19T17:12:28.872+0000] {dag.py:3954} INFO - Setting next_dagrun for load_ergast_data to None, run_after=None
[2026-06-19T17:12:28.903+0000] {processor.py:183} INFO - Processing /opt/airflow/dags/load_ergast_data.py took 0.402 seconds
[2026-06-19T17:12:59.328+0000] {processor.py:161} INFO - Started process (PID=921) to work on /opt/airflow/dags/load_ergast_data.py
[2026-06-19T17:12:59.330+0000] {processor.py:830} INFO - Processing file /opt/airflow/dags/load_ergast_data.py for tasks to queue
[2026-06-19T17:12:59.332+0000] {logging_mixin.py:188} INFO - [2026-06-19T17:12:59.331+0000] {dagbag.py:545} INFO - Filling up the DagBag from /opt/airflow/dags/load_ergast_data.py
[2026-06-19T17:12:59.694+0000] {processor.py:840} INFO - DAG(s) 'load_ergast_data' retrieved from /opt/airflow/dags/load_ergast_data.py
[2026-06-19T17:12:59.749+0000] {logging_mixin.py:188} INFO - [2026-06-19T17:12:59.748+0000] {dag.py:3096} INFO - Sync 1 DAGs
[2026-06-19T17:12:59.767+0000] {logging_mixin.py:188} INFO - [2026-06-19T17:12:59.766+0000] {dag.py:3954} INFO - Setting next_dagrun for load_ergast_data to None, run_after=None
[2026-06-19T17:12:59.804+0000] {processor.py:183} INFO - Processing /opt/airflow/dags/load_ergast_data.py took 0.484 seconds
[2026-06-19T17:13:30.453+0000] {processor.py:161} INFO - Started process (PID=927) to work on /opt/airflow/dags/load_ergast_data.py
[2026-06-19T17:13:30.455+0000] {processor.py:830} INFO - Processing file /opt/airflow/dags/load_ergast_data.py for tasks to queue
[2026-06-19T17:13:30.456+0000] {logging_mixin.py:188} INFO - [2026-06-19T17:13:30.456+0000] {dagbag.py:545} INFO - Filling up the DagBag from /opt/airflow/dags/load_ergast_data.py
[2026-06-19T17:13:30.727+0000] {processor.py:840} INFO - DAG(s) 'load_ergast_data' retrieved from /opt/airflow/dags/load_ergast_data.py
[2026-06-19T17:13:30.751+0000] {logging_mixin.py:188} INFO - [2026-06-19T17:13:30.751+0000] {dag.py:3096} INFO - Sync 1 DAGs
[2026-06-19T17:13:30.764+0000] {logging_mixin.py:188} INFO - [2026-06-19T17:13:30.764+0000] {dag.py:3954} INFO - Setting next_dagrun for load_ergast_data to None, run_after=None
[2026-06-19T17:13:31.018+0000] {processor.py:183} INFO - Processing /opt/airflow/dags/load_ergast_data.py took 0.572 seconds
[2026-06-19T17:14:01.371+0000] {processor.py:161} INFO - Started process (PID=933) to work on /opt/airflow/dags/load_ergast_data.py
[2026-06-19T17:14:01.373+0000] {processor.py:830} INFO - Processing file /opt/airflow/dags/load_ergast_data.py for tasks to queue
[2026-06-19T17:14:01.375+0000] {logging_mixin.py:188} INFO - [2026-06-19T17:14:01.374+0000] {dagbag.py:545} INFO - Filling up the DagBag from /opt/airflow/dags/load_ergast_data.py
[2026-06-19T17:14:01.677+0000] {processor.py:840} INFO - DAG(s) 'load_ergast_data' retrieved from /opt/airflow/dags/load_ergast_data.py
[2026-06-19T17:14:01.706+0000] {logging_mixin.py:188} INFO - [2026-06-19T17:14:01.706+0000] {dag.py:3096} INFO - Sync 1 DAGs
[2026-06-19T17:14:01.907+0000] {logging_mixin.py:188} INFO - [2026-06-19T17:14:01.907+0000] {dag.py:3954} INFO - Setting next_dagrun for load_ergast_data to None, run_after=None
[2026-06-19T17:14:01.937+0000] {processor.py:183} INFO - Processing /opt/airflow/dags/load_ergast_data.py took 0.577 seconds
[2026-06-19T17:14:32.597+0000] {processor.py:161} INFO - Started process (PID=939) to work on /opt/airflow/dags/load_ergast_data.py
[2026-06-19T17:14:32.598+0000] {processor.py:830} INFO - Processing file /opt/airflow/dags/load_ergast_data.py for tasks to queue
[2026-06-19T17:14:32.600+0000] {logging_mixin.py:188} INFO - [2026-06-19T17:14:32.599+0000] {dagbag.py:545} INFO - Filling up the DagBag from /opt/airflow/dags/load_ergast_data.py
[2026-06-19T17:14:32.876+0000] {processor.py:840} INFO - DAG(s) 'load_ergast_data' retrieved from /opt/airflow/dags/load_ergast_data.py
[2026-06-19T17:14:33.080+0000] {logging_mixin.py:188} INFO - [2026-06-19T17:14:33.080+0000] {dag.py:3096} INFO - Sync 1 DAGs
[2026-06-19T17:14:33.090+0000] {logging_mixin.py:188} INFO - [2026-06-19T17:14:33.089+0000] {dag.py:3954} INFO - Setting next_dagrun for load_ergast_data to None, run_after=None
[2026-06-19T17:14:33.111+0000] {processor.py:183} INFO - Processing /opt/airflow/dags/load_ergast_data.py took 0.522 seconds
[2026-06-19T17:15:03.560+0000] {processor.py:161} INFO - Started process (PID=945) to work on /opt/airflow/dags/load_ergast_data.py
[2026-06-19T17:15:03.561+0000] {processor.py:830} INFO - Processing file /opt/airflow/dags/load_ergast_data.py for tasks to queue
[2026-06-19T17:15:03.562+0000] {logging_mixin.py:188} INFO - [2026-06-19T17:15:03.562+0000] {dagbag.py:545} INFO - Filling up the DagBag from /opt/airflow/dags/load_ergast_data.py
[2026-06-19T17:15:03.826+0000] {processor.py:840} INFO - DAG(s) 'load_ergast_data' retrieved from /opt/airflow/dags/load_ergast_data.py
[2026-06-19T17:15:03.853+0000] {logging_mixin.py:188} INFO - [2026-06-19T17:15:03.852+0000] {dag.py:3096} INFO - Sync 1 DAGs
[2026-06-19T17:15:03.866+0000] {logging_mixin.py:188} INFO - [2026-06-19T17:15:03.866+0000] {dag.py:3954} INFO - Setting next_dagrun for load_ergast_data to None, run_after=None
[2026-06-19T17:15:03.885+0000] {processor.py:183} INFO - Processing /opt/airflow/dags/load_ergast_data.py took 0.331 seconds
[2026-06-19T17:15:34.250+0000] {processor.py:161} INFO - Started process (PID=951) to work on /opt/airflow/dags/load_ergast_data.py
[2026-06-19T17:15:34.251+0000] {processor.py:830} INFO - Processing file /opt/airflow/dags/load_ergast_data.py for tasks to queue
[2026-06-19T17:15:34.252+0000] {logging_mixin.py:188} INFO - [2026-06-19T17:15:34.252+0000] {dagbag.py:545} INFO - Filling up the DagBag from /opt/airflow/dags/load_ergast_data.py
[2026-06-19T17:15:34.515+0000] {processor.py:840} INFO - DAG(s) 'load_ergast_data' retrieved from /opt/airflow/dags/load_ergast_data.py
[2026-06-19T17:15:34.544+0000] {logging_mixin.py:188} INFO - [2026-06-19T17:15:34.544+0000] {dag.py:3096} INFO - Sync 1 DAGs
[2026-06-19T17:15:34.559+0000] {logging_mixin.py:188} INFO - [2026-06-19T17:15:34.558+0000] {dag.py:3954} INFO - Setting next_dagrun for load_ergast_data to None, run_after=None
[2026-06-19T17:15:34.577+0000] {processor.py:183} INFO - Processing /opt/airflow/dags/load_ergast_data.py took 0.334 seconds
[2026-06-19T17:16:06.326+0000] {processor.py:161} INFO - Started process (PID=957) to work on /opt/airflow/dags/load_ergast_data.py
[2026-06-19T17:16:06.327+0000] {processor.py:830} INFO - Processing file /opt/airflow/dags/load_ergast_data.py for tasks to queue
[2026-06-19T17:16:06.328+0000] {logging_mixin.py:188} INFO - [2026-06-19T17:16:06.328+0000] {dagbag.py:545} INFO - Filling up the DagBag from /opt/airflow/dags/load_ergast_data.py
[2026-06-19T17:16:06.597+0000] {processor.py:840} INFO - DAG(s) 'load_ergast_data' retrieved from /opt/airflow/dags/load_ergast_data.py
[2026-06-19T17:16:06.621+0000] {logging_mixin.py:188} INFO - [2026-06-19T17:16:06.620+0000] {dag.py:3096} INFO - Sync 1 DAGs
[2026-06-19T17:16:06.633+0000] {logging_mixin.py:188} INFO - [2026-06-19T17:16:06.633+0000] {dag.py:3954} INFO - Setting next_dagrun for load_ergast_data to None, run_after=None
[2026-06-19T17:16:06.652+0000] {processor.py:183} INFO - Processing /opt/airflow/dags/load_ergast_data.py took 0.332 seconds
[2026-06-19T17:16:37.442+0000] {processor.py:161} INFO - Started process (PID=963) to work on /opt/airflow/dags/load_ergast_data.py
[2026-06-19T17:16:37.443+0000] {processor.py:830} INFO - Processing file /opt/airflow/dags/load_ergast_data.py for tasks to queue
[2026-06-19T17:16:37.444+0000] {logging_mixin.py:188} INFO - [2026-06-19T17:16:37.444+0000] {dagbag.py:545} INFO - Filling up the DagBag from /opt/airflow/dags/load_ergast_data.py
[2026-06-19T17:16:37.703+0000] {processor.py:840} INFO - DAG(s) 'load_ergast_data' retrieved from /opt/airflow/dags/load_ergast_data.py
[2026-06-19T17:16:37.732+0000] {logging_mixin.py:188} INFO - [2026-06-19T17:16:37.731+0000] {dag.py:3096} INFO - Sync 1 DAGs
[2026-06-19T17:16:37.745+0000] {logging_mixin.py:188} INFO - [2026-06-19T17:16:37.745+0000] {dag.py:3954} INFO - Setting next_dagrun for load_ergast_data to None, run_after=None
[2026-06-19T17:16:38.101+0000] {processor.py:183} INFO - Processing /opt/airflow/dags/load_ergast_data.py took 0.665 seconds
[2026-06-19T17:17:09.950+0000] {processor.py:161} INFO - Started process (PID=969) to work on /opt/airflow/dags/load_ergast_data.py
[2026-06-19T17:17:09.952+0000] {processor.py:830} INFO - Processing file /opt/airflow/dags/load_ergast_data.py for tasks to queue
[2026-06-19T17:17:09.954+0000] {logging_mixin.py:188} INFO - [2026-06-19T17:17:09.953+0000] {dagbag.py:545} INFO - Filling up the DagBag from /opt/airflow/dags/load_ergast_data.py
[2026-06-19T17:17:10.437+0000] {processor.py:840} INFO - DAG(s) 'load_ergast_data' retrieved from /opt/airflow/dags/load_ergast_data.py
[2026-06-19T17:17:10.465+0000] {logging_mixin.py:188} INFO - [2026-06-19T17:17:10.465+0000] {dag.py:3096} INFO - Sync 1 DAGs
[2026-06-19T17:17:11.069+0000] {logging_mixin.py:188} INFO - [2026-06-19T17:17:11.068+0000] {dag.py:3954} INFO - Setting next_dagrun for load_ergast_data to None, run_after=None
[2026-06-19T17:17:11.117+0000] {processor.py:183} INFO - Processing /opt/airflow/dags/load_ergast_data.py took 1.172 seconds
[2026-06-19T17:17:41.736+0000] {processor.py:161} INFO - Started process (PID=975) to work on /opt/airflow/dags/load_ergast_data.py
[2026-06-19T17:17:41.738+0000] {processor.py:830} INFO - Processing file /opt/airflow/dags/load_ergast_data.py for tasks to queue
[2026-06-19T17:17:41.740+0000] {logging_mixin.py:188} INFO - [2026-06-19T17:17:41.740+0000] {dagbag.py:545} INFO - Filling up the DagBag from /opt/airflow/dags/load_ergast_data.py
[2026-06-19T17:17:42.177+0000] {processor.py:840} INFO - DAG(s) 'load_ergast_data' retrieved from /opt/airflow/dags/load_ergast_data.py
[2026-06-19T17:17:42.429+0000] {logging_mixin.py:188} INFO - [2026-06-19T17:17:42.429+0000] {dag.py:3096} INFO - Sync 1 DAGs
[2026-06-19T17:17:42.443+0000] {logging_mixin.py:188} INFO - [2026-06-19T17:17:42.442+0000] {dag.py:3954} INFO - Setting next_dagrun for load_ergast_data to None, run_after=None
[2026-06-19T17:17:42.464+0000] {processor.py:183} INFO - Processing /opt/airflow/dags/load_ergast_data.py took 0.735 seconds
[2026-06-19T17:18:12.668+0000] {processor.py:161} INFO - Started process (PID=981) to work on /opt/airflow/dags/load_ergast_data.py
[2026-06-19T17:18:12.670+0000] {processor.py:830} INFO - Processing file /opt/airflow/dags/load_ergast_data.py for tasks to queue
[2026-06-19T17:18:12.671+0000] {logging_mixin.py:188} INFO - [2026-06-19T17:18:12.671+0000] {dagbag.py:545} INFO - Filling up the DagBag from /opt/airflow/dags/load_ergast_data.py
[2026-06-19T17:18:12.949+0000] {processor.py:840} INFO - DAG(s) 'load_ergast_data' retrieved from /opt/airflow/dags/load_ergast_data.py
[2026-06-19T17:18:12.976+0000] {logging_mixin.py:188} INFO - [2026-06-19T17:18:12.975+0000] {dag.py:3096} INFO - Sync 1 DAGs
[2026-06-19T17:18:12.990+0000] {logging_mixin.py:188} INFO - [2026-06-19T17:18:12.990+0000] {dag.py:3954} INFO - Setting next_dagrun for load_ergast_data to None, run_after=None
[2026-06-19T17:18:13.012+0000] {processor.py:183} INFO - Processing /opt/airflow/dags/load_ergast_data.py took 0.351 seconds
[2026-06-19T17:18:44.426+0000] {processor.py:161} INFO - Started process (PID=987) to work on /opt/airflow/dags/load_ergast_data.py
[2026-06-19T17:18:44.427+0000] {processor.py:830} INFO - Processing file /opt/airflow/dags/load_ergast_data.py for tasks to queue
[2026-06-19T17:18:44.429+0000] {logging_mixin.py:188} INFO - [2026-06-19T17:18:44.428+0000] {dagbag.py:545} INFO - Filling up the DagBag from /opt/airflow/dags/load_ergast_data.py
[2026-06-19T17:18:44.763+0000] {processor.py:840} INFO - DAG(s) 'load_ergast_data' retrieved from /opt/airflow/dags/load_ergast_data.py
[2026-06-19T17:18:44.796+0000] {logging_mixin.py:188} INFO - [2026-06-19T17:18:44.796+0000] {dag.py:3096} INFO - Sync 1 DAGs
[2026-06-19T17:18:44.814+0000] {logging_mixin.py:188} INFO - [2026-06-19T17:18:44.814+0000] {dag.py:3954} INFO - Setting next_dagrun for load_ergast_data to None, run_after=None
[2026-06-19T17:18:44.842+0000] {processor.py:183} INFO - Processing /opt/airflow/dags/load_ergast_data.py took 0.423 seconds
[2026-06-19T17:19:15.533+0000] {processor.py:161} INFO - Started process (PID=993) to work on /opt/airflow/dags/load_ergast_data.py
[2026-06-19T17:19:15.534+0000] {processor.py:830} INFO - Processing file /opt/airflow/dags/load_ergast_data.py for tasks to queue
[2026-06-19T17:19:15.535+0000] {logging_mixin.py:188} INFO - [2026-06-19T17:19:15.535+0000] {dagbag.py:545} INFO - Filling up the DagBag from /opt/airflow/dags/load_ergast_data.py
[2026-06-19T17:19:15.816+0000] {processor.py:840} INFO - DAG(s) 'load_ergast_data' retrieved from /opt/airflow/dags/load_ergast_data.py
[2026-06-19T17:19:15.849+0000] {logging_mixin.py:188} INFO - [2026-06-19T17:19:15.848+0000] {dag.py:3096} INFO - Sync 1 DAGs
[2026-06-19T17:19:15.867+0000] {logging_mixin.py:188} INFO - [2026-06-19T17:19:15.867+0000] {dag.py:3954} INFO - Setting next_dagrun for load_ergast_data to None, run_after=None
[2026-06-19T17:19:15.895+0000] {processor.py:183} INFO - Processing /opt/airflow/dags/load_ergast_data.py took 0.369 seconds
[2026-06-19T17:19:47.375+0000] {processor.py:161} INFO - Started process (PID=999) to work on /opt/airflow/dags/load_ergast_data.py
[2026-06-19T17:19:47.376+0000] {processor.py:830} INFO - Processing file /opt/airflow/dags/load_ergast_data.py for tasks to queue
[2026-06-19T17:19:47.378+0000] {logging_mixin.py:188} INFO - [2026-06-19T17:19:47.377+0000] {dagbag.py:545} INFO - Filling up the DagBag from /opt/airflow/dags/load_ergast_data.py
[2026-06-19T17:19:47.731+0000] {processor.py:840} INFO - DAG(s) 'load_ergast_data' retrieved from /opt/airflow/dags/load_ergast_data.py
[2026-06-19T17:19:47.767+0000] {logging_mixin.py:188} INFO - [2026-06-19T17:19:47.767+0000] {dag.py:3096} INFO - Sync 1 DAGs
[2026-06-19T17:19:47.787+0000] {logging_mixin.py:188} INFO - [2026-06-19T17:19:47.786+0000] {dag.py:3954} INFO - Setting next_dagrun for load_ergast_data to None, run_after=None
[2026-06-19T17:19:48.009+0000] {processor.py:183} INFO - Processing /opt/airflow/dags/load_ergast_data.py took 0.639 seconds
[2026-06-19T18:11:20.597+0000] {processor.py:161} INFO - Started process (PID=1005) to work on /opt/airflow/dags/load_ergast_data.py
[2026-06-19T18:11:20.698+0000] {processor.py:830} INFO - Processing file /opt/airflow/dags/load_ergast_data.py for tasks to queue
[2026-06-19T18:11:20.729+0000] {logging_mixin.py:188} INFO - [2026-06-19T18:11:20.716+0000] {dagbag.py:545} INFO - Filling up the DagBag from /opt/airflow/dags/load_ergast_data.py
[2026-06-19T18:11:31.025+0000] {processor.py:840} INFO - DAG(s) 'load_ergast_data' retrieved from /opt/airflow/dags/load_ergast_data.py
[2026-06-19T18:11:31.306+0000] {logging_mixin.py:188} INFO - [2026-06-19T18:11:31.304+0000] {dag.py:3096} INFO - Sync 1 DAGs
[2026-06-19T18:11:37.254+0000] {logging_mixin.py:188} INFO - [2026-06-19T18:11:37.253+0000] {dag.py:3954} INFO - Setting next_dagrun for load_ergast_data to None, run_after=None
[2026-06-19T18:11:37.828+0000] {processor.py:183} INFO - Processing /opt/airflow/dags/load_ergast_data.py took 18.808 seconds
[2026-06-19T18:12:09.300+0000] {processor.py:161} INFO - Started process (PID=1011) to work on /opt/airflow/dags/load_ergast_data.py
[2026-06-19T18:12:09.304+0000] {processor.py:830} INFO - Processing file /opt/airflow/dags/load_ergast_data.py for tasks to queue
[2026-06-19T18:12:09.309+0000] {logging_mixin.py:188} INFO - [2026-06-19T18:12:09.307+0000] {dagbag.py:545} INFO - Filling up the DagBag from /opt/airflow/dags/load_ergast_data.py
[2026-06-19T18:12:10.264+0000] {processor.py:840} INFO - DAG(s) 'load_ergast_data' retrieved from /opt/airflow/dags/load_ergast_data.py
[2026-06-19T18:12:11.158+0000] {logging_mixin.py:188} INFO - [2026-06-19T18:12:11.157+0000] {dag.py:3096} INFO - Sync 1 DAGs
[2026-06-19T18:12:11.175+0000] {logging_mixin.py:188} INFO - [2026-06-19T18:12:11.174+0000] {dag.py:3954} INFO - Setting next_dagrun for load_ergast_data to None, run_after=None
[2026-06-19T18:12:11.208+0000] {processor.py:183} INFO - Processing /opt/airflow/dags/load_ergast_data.py took 1.974 seconds
[2026-06-19T18:12:42.031+0000] {processor.py:161} INFO - Started process (PID=1017) to work on /opt/airflow/dags/load_ergast_data.py
[2026-06-19T18:12:42.033+0000] {processor.py:830} INFO - Processing file /opt/airflow/dags/load_ergast_data.py for tasks to queue
[2026-06-19T18:12:42.035+0000] {logging_mixin.py:188} INFO - [2026-06-19T18:12:42.034+0000] {dagbag.py:545} INFO - Filling up the DagBag from /opt/airflow/dags/load_ergast_data.py
[2026-06-19T18:12:42.301+0000] {processor.py:840} INFO - DAG(s) 'load_ergast_data' retrieved from /opt/airflow/dags/load_ergast_data.py
[2026-06-19T18:12:42.326+0000] {logging_mixin.py:188} INFO - [2026-06-19T18:12:42.325+0000] {dag.py:3096} INFO - Sync 1 DAGs
[2026-06-19T18:12:42.338+0000] {logging_mixin.py:188} INFO - [2026-06-19T18:12:42.337+0000] {dag.py:3954} INFO - Setting next_dagrun for load_ergast_data to None, run_after=None
[2026-06-19T18:12:42.356+0000] {processor.py:183} INFO - Processing /opt/airflow/dags/load_ergast_data.py took 0.331 seconds
[2026-06-19T18:13:12.968+0000] {processor.py:161} INFO - Started process (PID=1023) to work on /opt/airflow/dags/load_ergast_data.py
[2026-06-19T18:13:12.970+0000] {processor.py:830} INFO - Processing file /opt/airflow/dags/load_ergast_data.py for tasks to queue
[2026-06-19T18:13:12.972+0000] {logging_mixin.py:188} INFO - [2026-06-19T18:13:12.971+0000] {dagbag.py:545} INFO - Filling up the DagBag from /opt/airflow/dags/load_ergast_data.py
[2026-06-19T18:13:13.300+0000] {processor.py:840} INFO - DAG(s) 'load_ergast_data' retrieved from /opt/airflow/dags/load_ergast_data.py
[2026-06-19T18:13:13.329+0000] {logging_mixin.py:188} INFO - [2026-06-19T18:13:13.328+0000] {dag.py:3096} INFO - Sync 1 DAGs
[2026-06-19T18:13:13.343+0000] {logging_mixin.py:188} INFO - [2026-06-19T18:13:13.342+0000] {dag.py:3954} INFO - Setting next_dagrun for load_ergast_data to None, run_after=None
[2026-06-19T18:13:13.362+0000] {processor.py:183} INFO - Processing /opt/airflow/dags/load_ergast_data.py took 0.401 seconds
[2026-06-19T18:13:44.265+0000] {processor.py:161} INFO - Started process (PID=1029) to work on /opt/airflow/dags/load_ergast_data.py
[2026-06-19T18:13:44.267+0000] {processor.py:830} INFO - Processing file /opt/airflow/dags/load_ergast_data.py for tasks to queue
[2026-06-19T18:13:44.269+0000] {logging_mixin.py:188} INFO - [2026-06-19T18:13:44.269+0000] {dagbag.py:545} INFO - Filling up the DagBag from /opt/airflow/dags/load_ergast_data.py
[2026-06-19T18:13:44.631+0000] {processor.py:840} INFO - DAG(s) 'load_ergast_data' retrieved from /opt/airflow/dags/load_ergast_data.py
[2026-06-19T18:13:44.668+0000] {logging_mixin.py:188} INFO - [2026-06-19T18:13:44.667+0000] {dag.py:3096} INFO - Sync 1 DAGs
[2026-06-19T18:13:44.693+0000] {logging_mixin.py:188} INFO - [2026-06-19T18:13:44.693+0000] {dag.py:3954} INFO - Setting next_dagrun for load_ergast_data to None, run_after=None
[2026-06-19T18:13:44.728+0000] {processor.py:183} INFO - Processing /opt/airflow/dags/load_ergast_data.py took 0.468 seconds
