[2026-08-11T09:01:04.552+0000] {processor.py:161} INFO - Started process (PID=209) to work on /opt/airflow/dags/constructor_standings.py
[2026-08-11T09:01:04.559+0000] {processor.py:830} INFO - Processing file /opt/airflow/dags/constructor_standings.py for tasks to queue
[2026-08-11T09:01:04.580+0000] {logging_mixin.py:188} INFO - [2026-08-11T09:01:04.577+0000] {dagbag.py:545} INFO - Filling up the DagBag from /opt/airflow/dags/constructor_standings.py
[2026-08-11T09:01:05.462+0000] {processor.py:840} INFO - DAG(s) 'constructor_standings' retrieved from /opt/airflow/dags/constructor_standings.py
[2026-08-11T09:01:05.643+0000] {logging_mixin.py:188} INFO - [2026-08-11T09:01:05.642+0000] {dag.py:3096} INFO - Sync 1 DAGs
[2026-08-11T09:01:05.695+0000] {logging_mixin.py:188} INFO - [2026-08-11T09:01:05.695+0000] {dag.py:3954} INFO - Setting next_dagrun for constructor_standings to None, run_after=None
[2026-08-11T09:01:05.768+0000] {processor.py:183} INFO - Processing /opt/airflow/dags/constructor_standings.py took 1.264 seconds
[2026-08-11T09:01:36.417+0000] {processor.py:161} INFO - Started process (PID=235) to work on /opt/airflow/dags/constructor_standings.py
[2026-08-11T09:01:36.421+0000] {processor.py:830} INFO - Processing file /opt/airflow/dags/constructor_standings.py for tasks to queue
[2026-08-11T09:01:36.440+0000] {logging_mixin.py:188} INFO - [2026-08-11T09:01:36.439+0000] {dagbag.py:545} INFO - Filling up the DagBag from /opt/airflow/dags/constructor_standings.py
[2026-08-11T09:01:36.766+0000] {processor.py:840} INFO - DAG(s) 'constructor_standings' retrieved from /opt/airflow/dags/constructor_standings.py
[2026-08-11T09:01:37.274+0000] {logging_mixin.py:188} INFO - [2026-08-11T09:01:37.274+0000] {dag.py:3096} INFO - Sync 1 DAGs
[2026-08-11T09:01:37.306+0000] {logging_mixin.py:188} INFO - [2026-08-11T09:01:37.305+0000] {dag.py:3954} INFO - Setting next_dagrun for constructor_standings to None, run_after=None
[2026-08-11T09:01:37.343+0000] {processor.py:183} INFO - Processing /opt/airflow/dags/constructor_standings.py took 1.016 seconds
[2026-08-11T09:02:09.883+0000] {processor.py:161} INFO - Started process (PID=260) to work on /opt/airflow/dags/constructor_standings.py
[2026-08-11T09:02:10.101+0000] {processor.py:830} INFO - Processing file /opt/airflow/dags/constructor_standings.py for tasks to queue
[2026-08-11T09:02:10.108+0000] {logging_mixin.py:188} INFO - [2026-08-11T09:02:10.107+0000] {dagbag.py:545} INFO - Filling up the DagBag from /opt/airflow/dags/constructor_standings.py
[2026-08-11T09:02:15.961+0000] {processor.py:840} INFO - DAG(s) 'constructor_standings' retrieved from /opt/airflow/dags/constructor_standings.py
[2026-08-11T09:02:16.085+0000] {logging_mixin.py:188} INFO - [2026-08-11T09:02:16.083+0000] {dag.py:3096} INFO - Sync 1 DAGs
[2026-08-11T09:02:16.220+0000] {logging_mixin.py:188} INFO - [2026-08-11T09:02:16.220+0000] {dag.py:3954} INFO - Setting next_dagrun for constructor_standings to None, run_after=None
[2026-08-11T09:02:16.284+0000] {processor.py:183} INFO - Processing /opt/airflow/dags/constructor_standings.py took 5.646 seconds
[2026-08-11T09:02:47.625+0000] {processor.py:161} INFO - Started process (PID=276) to work on /opt/airflow/dags/constructor_standings.py
[2026-08-11T09:02:47.628+0000] {processor.py:830} INFO - Processing file /opt/airflow/dags/constructor_standings.py for tasks to queue
[2026-08-11T09:02:47.632+0000] {logging_mixin.py:188} INFO - [2026-08-11T09:02:47.631+0000] {dagbag.py:545} INFO - Filling up the DagBag from /opt/airflow/dags/constructor_standings.py
[2026-08-11T09:02:47.809+0000] {processor.py:840} INFO - DAG(s) 'constructor_standings' retrieved from /opt/airflow/dags/constructor_standings.py
[2026-08-11T09:02:47.840+0000] {logging_mixin.py:188} INFO - [2026-08-11T09:02:47.839+0000] {dag.py:3096} INFO - Sync 1 DAGs
[2026-08-11T09:02:47.854+0000] {logging_mixin.py:188} INFO - [2026-08-11T09:02:47.854+0000] {dag.py:3954} INFO - Setting next_dagrun for constructor_standings to None, run_after=None
[2026-08-11T09:02:47.876+0000] {processor.py:183} INFO - Processing /opt/airflow/dags/constructor_standings.py took 0.262 seconds
[2026-08-11T09:03:18.830+0000] {processor.py:161} INFO - Started process (PID=292) to work on /opt/airflow/dags/constructor_standings.py
[2026-08-11T09:03:18.833+0000] {processor.py:830} INFO - Processing file /opt/airflow/dags/constructor_standings.py for tasks to queue
[2026-08-11T09:03:18.837+0000] {logging_mixin.py:188} INFO - [2026-08-11T09:03:18.837+0000] {dagbag.py:545} INFO - Filling up the DagBag from /opt/airflow/dags/constructor_standings.py
[2026-08-11T09:03:19.084+0000] {processor.py:840} INFO - DAG(s) 'constructor_standings' retrieved from /opt/airflow/dags/constructor_standings.py
[2026-08-11T09:03:19.221+0000] {logging_mixin.py:188} INFO - [2026-08-11T09:03:19.220+0000] {dag.py:3096} INFO - Sync 1 DAGs
[2026-08-11T09:03:19.258+0000] {logging_mixin.py:188} INFO - [2026-08-11T09:03:19.258+0000] {dag.py:3954} INFO - Setting next_dagrun for constructor_standings to None, run_after=None
[2026-08-11T09:03:19.335+0000] {processor.py:183} INFO - Processing /opt/airflow/dags/constructor_standings.py took 0.514 seconds
[2026-08-11T09:03:50.358+0000] {processor.py:161} INFO - Started process (PID=308) to work on /opt/airflow/dags/constructor_standings.py
[2026-08-11T09:03:50.360+0000] {processor.py:830} INFO - Processing file /opt/airflow/dags/constructor_standings.py for tasks to queue
[2026-08-11T09:03:50.363+0000] {logging_mixin.py:188} INFO - [2026-08-11T09:03:50.362+0000] {dagbag.py:545} INFO - Filling up the DagBag from /opt/airflow/dags/constructor_standings.py
[2026-08-11T09:03:50.604+0000] {processor.py:840} INFO - DAG(s) 'constructor_standings' retrieved from /opt/airflow/dags/constructor_standings.py
[2026-08-11T09:03:50.673+0000] {logging_mixin.py:188} INFO - [2026-08-11T09:03:50.673+0000] {dag.py:3096} INFO - Sync 1 DAGs
[2026-08-11T09:03:50.712+0000] {logging_mixin.py:188} INFO - [2026-08-11T09:03:50.712+0000] {dag.py:3954} INFO - Setting next_dagrun for constructor_standings to None, run_after=None
[2026-08-11T09:03:50.738+0000] {processor.py:183} INFO - Processing /opt/airflow/dags/constructor_standings.py took 0.388 seconds
[2026-08-11T09:04:21.422+0000] {processor.py:161} INFO - Started process (PID=324) to work on /opt/airflow/dags/constructor_standings.py
[2026-08-11T09:04:21.424+0000] {processor.py:830} INFO - Processing file /opt/airflow/dags/constructor_standings.py for tasks to queue
[2026-08-11T09:04:21.427+0000] {logging_mixin.py:188} INFO - [2026-08-11T09:04:21.426+0000] {dagbag.py:545} INFO - Filling up the DagBag from /opt/airflow/dags/constructor_standings.py
[2026-08-11T09:04:21.630+0000] {processor.py:840} INFO - DAG(s) 'constructor_standings' retrieved from /opt/airflow/dags/constructor_standings.py
[2026-08-11T09:04:21.748+0000] {logging_mixin.py:188} INFO - [2026-08-11T09:04:21.748+0000] {dag.py:3096} INFO - Sync 1 DAGs
[2026-08-11T09:04:21.826+0000] {logging_mixin.py:188} INFO - [2026-08-11T09:04:21.826+0000] {dag.py:3954} INFO - Setting next_dagrun for constructor_standings to None, run_after=None
[2026-08-11T09:04:21.849+0000] {processor.py:183} INFO - Processing /opt/airflow/dags/constructor_standings.py took 0.435 seconds
[2026-08-11T09:04:52.655+0000] {processor.py:161} INFO - Started process (PID=340) to work on /opt/airflow/dags/constructor_standings.py
[2026-08-11T09:04:52.657+0000] {processor.py:830} INFO - Processing file /opt/airflow/dags/constructor_standings.py for tasks to queue
[2026-08-11T09:04:52.660+0000] {logging_mixin.py:188} INFO - [2026-08-11T09:04:52.660+0000] {dagbag.py:545} INFO - Filling up the DagBag from /opt/airflow/dags/constructor_standings.py
[2026-08-11T09:04:52.791+0000] {processor.py:840} INFO - DAG(s) 'constructor_standings' retrieved from /opt/airflow/dags/constructor_standings.py
[2026-08-11T09:04:52.828+0000] {logging_mixin.py:188} INFO - [2026-08-11T09:04:52.828+0000] {dag.py:3096} INFO - Sync 1 DAGs
[2026-08-11T09:04:52.845+0000] {logging_mixin.py:188} INFO - [2026-08-11T09:04:52.845+0000] {dag.py:3954} INFO - Setting next_dagrun for constructor_standings to None, run_after=None
[2026-08-11T09:04:52.867+0000] {processor.py:183} INFO - Processing /opt/airflow/dags/constructor_standings.py took 0.221 seconds
[2026-08-11T09:05:23.875+0000] {processor.py:161} INFO - Started process (PID=356) to work on /opt/airflow/dags/constructor_standings.py
[2026-08-11T09:05:23.876+0000] {processor.py:830} INFO - Processing file /opt/airflow/dags/constructor_standings.py for tasks to queue
[2026-08-11T09:05:23.882+0000] {logging_mixin.py:188} INFO - [2026-08-11T09:05:23.881+0000] {dagbag.py:545} INFO - Filling up the DagBag from /opt/airflow/dags/constructor_standings.py
[2026-08-11T09:05:23.993+0000] {processor.py:840} INFO - DAG(s) 'constructor_standings' retrieved from /opt/airflow/dags/constructor_standings.py
[2026-08-11T09:05:24.038+0000] {logging_mixin.py:188} INFO - [2026-08-11T09:05:24.037+0000] {dag.py:3096} INFO - Sync 1 DAGs
[2026-08-11T09:05:24.058+0000] {logging_mixin.py:188} INFO - [2026-08-11T09:05:24.057+0000] {dag.py:3954} INFO - Setting next_dagrun for constructor_standings to None, run_after=None
[2026-08-11T09:05:24.080+0000] {processor.py:183} INFO - Processing /opt/airflow/dags/constructor_standings.py took 0.215 seconds
[2026-08-11T09:05:55.147+0000] {processor.py:161} INFO - Started process (PID=372) to work on /opt/airflow/dags/constructor_standings.py
[2026-08-11T09:05:55.149+0000] {processor.py:830} INFO - Processing file /opt/airflow/dags/constructor_standings.py for tasks to queue
[2026-08-11T09:05:55.151+0000] {logging_mixin.py:188} INFO - [2026-08-11T09:05:55.151+0000] {dagbag.py:545} INFO - Filling up the DagBag from /opt/airflow/dags/constructor_standings.py
[2026-08-11T09:05:55.247+0000] {processor.py:840} INFO - DAG(s) 'constructor_standings' retrieved from /opt/airflow/dags/constructor_standings.py
[2026-08-11T09:05:55.275+0000] {logging_mixin.py:188} INFO - [2026-08-11T09:05:55.275+0000] {dag.py:3096} INFO - Sync 1 DAGs
[2026-08-11T09:05:55.294+0000] {logging_mixin.py:188} INFO - [2026-08-11T09:05:55.294+0000] {dag.py:3954} INFO - Setting next_dagrun for constructor_standings to None, run_after=None
[2026-08-11T09:05:55.319+0000] {processor.py:183} INFO - Processing /opt/airflow/dags/constructor_standings.py took 0.179 seconds
[2026-08-11T09:06:25.569+0000] {processor.py:161} INFO - Started process (PID=388) to work on /opt/airflow/dags/constructor_standings.py
[2026-08-11T09:06:25.571+0000] {processor.py:830} INFO - Processing file /opt/airflow/dags/constructor_standings.py for tasks to queue
[2026-08-11T09:06:25.574+0000] {logging_mixin.py:188} INFO - [2026-08-11T09:06:25.574+0000] {dagbag.py:545} INFO - Filling up the DagBag from /opt/airflow/dags/constructor_standings.py
[2026-08-11T09:06:26.562+0000] {processor.py:840} INFO - DAG(s) 'constructor_standings' retrieved from /opt/airflow/dags/constructor_standings.py
[2026-08-11T09:06:26.601+0000] {logging_mixin.py:188} INFO - [2026-08-11T09:06:26.600+0000] {dag.py:3096} INFO - Sync 1 DAGs
[2026-08-11T09:06:26.628+0000] {logging_mixin.py:188} INFO - [2026-08-11T09:06:26.628+0000] {dag.py:3954} INFO - Setting next_dagrun for constructor_standings to None, run_after=None
[2026-08-11T09:06:26.656+0000] {processor.py:183} INFO - Processing /opt/airflow/dags/constructor_standings.py took 0.275 seconds
[2026-08-11T09:06:56.899+0000] {processor.py:161} INFO - Started process (PID=404) to work on /opt/airflow/dags/constructor_standings.py
[2026-08-11T09:06:56.901+0000] {processor.py:830} INFO - Processing file /opt/airflow/dags/constructor_standings.py for tasks to queue
[2026-08-11T09:06:56.904+0000] {logging_mixin.py:188} INFO - [2026-08-11T09:06:56.904+0000] {dagbag.py:545} INFO - Filling up the DagBag from /opt/airflow/dags/constructor_standings.py
[2026-08-11T09:06:57.015+0000] {processor.py:840} INFO - DAG(s) 'constructor_standings' retrieved from /opt/airflow/dags/constructor_standings.py
[2026-08-11T09:06:57.048+0000] {logging_mixin.py:188} INFO - [2026-08-11T09:06:57.047+0000] {dag.py:3096} INFO - Sync 1 DAGs
[2026-08-11T09:06:57.064+0000] {logging_mixin.py:188} INFO - [2026-08-11T09:06:57.064+0000] {dag.py:3954} INFO - Setting next_dagrun for constructor_standings to None, run_after=None
[2026-08-11T09:06:57.914+0000] {processor.py:183} INFO - Processing /opt/airflow/dags/constructor_standings.py took 0.201 seconds
[2026-08-11T09:07:29.689+0000] {processor.py:161} INFO - Started process (PID=420) to work on /opt/airflow/dags/constructor_standings.py
[2026-08-11T09:07:29.690+0000] {processor.py:830} INFO - Processing file /opt/airflow/dags/constructor_standings.py for tasks to queue
[2026-08-11T09:07:29.693+0000] {logging_mixin.py:188} INFO - [2026-08-11T09:07:29.692+0000] {dagbag.py:545} INFO - Filling up the DagBag from /opt/airflow/dags/constructor_standings.py
[2026-08-11T09:07:29.808+0000] {processor.py:840} INFO - DAG(s) 'constructor_standings' retrieved from /opt/airflow/dags/constructor_standings.py
[2026-08-11T09:07:29.840+0000] {logging_mixin.py:188} INFO - [2026-08-11T09:07:29.839+0000] {dag.py:3096} INFO - Sync 1 DAGs
[2026-08-11T09:07:29.861+0000] {logging_mixin.py:188} INFO - [2026-08-11T09:07:29.861+0000] {dag.py:3954} INFO - Setting next_dagrun for constructor_standings to None, run_after=None
[2026-08-11T09:07:29.882+0000] {processor.py:183} INFO - Processing /opt/airflow/dags/constructor_standings.py took 0.200 seconds
[2026-08-11T09:08:00.976+0000] {processor.py:161} INFO - Started process (PID=436) to work on /opt/airflow/dags/constructor_standings.py
[2026-08-11T09:08:00.993+0000] {processor.py:830} INFO - Processing file /opt/airflow/dags/constructor_standings.py for tasks to queue
[2026-08-11T09:08:01.029+0000] {logging_mixin.py:188} INFO - [2026-08-11T09:08:01.025+0000] {dagbag.py:545} INFO - Filling up the DagBag from /opt/airflow/dags/constructor_standings.py
[2026-08-11T09:08:01.489+0000] {processor.py:840} INFO - DAG(s) 'constructor_standings' retrieved from /opt/airflow/dags/constructor_standings.py
[2026-08-11T09:08:01.554+0000] {logging_mixin.py:188} INFO - [2026-08-11T09:08:01.553+0000] {dag.py:3096} INFO - Sync 1 DAGs
[2026-08-11T09:08:01.593+0000] {logging_mixin.py:188} INFO - [2026-08-11T09:08:01.592+0000] {dag.py:3954} INFO - Setting next_dagrun for constructor_standings to None, run_after=None
[2026-08-11T09:08:01.628+0000] {processor.py:183} INFO - Processing /opt/airflow/dags/constructor_standings.py took 0.695 seconds
[2026-08-11T09:08:35.336+0000] {processor.py:161} INFO - Started process (PID=576) to work on /opt/airflow/dags/constructor_standings.py
[2026-08-11T09:08:35.343+0000] {processor.py:830} INFO - Processing file /opt/airflow/dags/constructor_standings.py for tasks to queue
[2026-08-11T09:08:35.386+0000] {logging_mixin.py:188} INFO - [2026-08-11T09:08:35.380+0000] {dagbag.py:545} INFO - Filling up the DagBag from /opt/airflow/dags/constructor_standings.py
[2026-08-11T09:08:37.919+0000] {processor.py:840} INFO - DAG(s) 'constructor_standings' retrieved from /opt/airflow/dags/constructor_standings.py
[2026-08-11T09:08:38.649+0000] {logging_mixin.py:188} INFO - [2026-08-11T09:08:38.648+0000] {dag.py:3096} INFO - Sync 1 DAGs
[2026-08-11T09:08:39.338+0000] {logging_mixin.py:188} INFO - [2026-08-11T09:08:39.338+0000] {dag.py:3954} INFO - Setting next_dagrun for constructor_standings to None, run_after=None
[2026-08-11T09:08:39.563+0000] {processor.py:183} INFO - Processing /opt/airflow/dags/constructor_standings.py took 4.358 seconds
[2026-08-11T09:09:12.341+0000] {processor.py:161} INFO - Started process (PID=685) to work on /opt/airflow/dags/constructor_standings.py
[2026-08-11T09:09:12.419+0000] {processor.py:830} INFO - Processing file /opt/airflow/dags/constructor_standings.py for tasks to queue
[2026-08-11T09:09:12.532+0000] {logging_mixin.py:188} INFO - [2026-08-11T09:09:12.498+0000] {dagbag.py:545} INFO - Filling up the DagBag from /opt/airflow/dags/constructor_standings.py
[2026-08-11T09:09:20.871+0000] {processor.py:840} INFO - DAG(s) 'constructor_standings' retrieved from /opt/airflow/dags/constructor_standings.py
[2026-08-11T09:09:23.044+0000] {logging_mixin.py:188} INFO - [2026-08-11T09:09:23.039+0000] {dag.py:3096} INFO - Sync 1 DAGs
[2026-08-11T09:09:24.991+0000] {logging_mixin.py:188} INFO - [2026-08-11T09:09:24.990+0000] {dag.py:3954} INFO - Setting next_dagrun for constructor_standings to None, run_after=None
[2026-08-11T09:09:26.581+0000] {processor.py:183} INFO - Processing /opt/airflow/dags/constructor_standings.py took 14.740 seconds
[2026-08-11T09:10:01.512+0000] {processor.py:161} INFO - Started process (PID=800) to work on /opt/airflow/dags/constructor_standings.py
[2026-08-11T09:10:01.728+0000] {processor.py:830} INFO - Processing file /opt/airflow/dags/constructor_standings.py for tasks to queue
[2026-08-11T09:10:01.923+0000] {logging_mixin.py:188} INFO - [2026-08-11T09:10:01.876+0000] {dagbag.py:545} INFO - Filling up the DagBag from /opt/airflow/dags/constructor_standings.py
[2026-08-11T09:10:11.749+0000] {processor.py:840} INFO - DAG(s) 'constructor_standings' retrieved from /opt/airflow/dags/constructor_standings.py
[2026-08-11T09:10:13.450+0000] {logging_mixin.py:188} INFO - [2026-08-11T09:10:13.448+0000] {dag.py:3096} INFO - Sync 1 DAGs
[2026-08-11T09:10:14.675+0000] {logging_mixin.py:188} INFO - [2026-08-11T09:10:14.675+0000] {dag.py:3954} INFO - Setting next_dagrun for constructor_standings to None, run_after=None
[2026-08-11T09:10:14.968+0000] {processor.py:183} INFO - Processing /opt/airflow/dags/constructor_standings.py took 12.984 seconds
[2026-08-11T09:10:48.825+0000] {processor.py:161} INFO - Started process (PID=928) to work on /opt/airflow/dags/constructor_standings.py
[2026-08-11T09:10:48.897+0000] {processor.py:830} INFO - Processing file /opt/airflow/dags/constructor_standings.py for tasks to queue
[2026-08-11T09:10:48.947+0000] {logging_mixin.py:188} INFO - [2026-08-11T09:10:48.945+0000] {dagbag.py:545} INFO - Filling up the DagBag from /opt/airflow/dags/constructor_standings.py
[2026-08-11T09:10:49.343+0000] {processor.py:840} INFO - DAG(s) 'constructor_standings' retrieved from /opt/airflow/dags/constructor_standings.py
[2026-08-11T09:10:49.386+0000] {logging_mixin.py:188} INFO - [2026-08-11T09:10:49.386+0000] {dag.py:3096} INFO - Sync 1 DAGs
[2026-08-11T09:10:49.423+0000] {logging_mixin.py:188} INFO - [2026-08-11T09:10:49.422+0000] {dag.py:3954} INFO - Setting next_dagrun for constructor_standings to None, run_after=None
[2026-08-11T09:10:49.471+0000] {processor.py:183} INFO - Processing /opt/airflow/dags/constructor_standings.py took 2.187 seconds
[2026-08-11T09:11:19.640+0000] {processor.py:161} INFO - Started process (PID=944) to work on /opt/airflow/dags/constructor_standings.py
[2026-08-11T09:11:19.642+0000] {processor.py:830} INFO - Processing file /opt/airflow/dags/constructor_standings.py for tasks to queue
[2026-08-11T09:11:19.646+0000] {logging_mixin.py:188} INFO - [2026-08-11T09:11:19.645+0000] {dagbag.py:545} INFO - Filling up the DagBag from /opt/airflow/dags/constructor_standings.py
[2026-08-11T09:11:20.357+0000] {processor.py:840} INFO - DAG(s) 'constructor_standings' retrieved from /opt/airflow/dags/constructor_standings.py
[2026-08-11T09:11:20.546+0000] {logging_mixin.py:188} INFO - [2026-08-11T09:11:20.545+0000] {dag.py:3096} INFO - Sync 1 DAGs
[2026-08-11T09:11:20.639+0000] {logging_mixin.py:188} INFO - [2026-08-11T09:11:20.639+0000] {dag.py:3954} INFO - Setting next_dagrun for constructor_standings to None, run_after=None
[2026-08-11T09:11:20.718+0000] {processor.py:183} INFO - Processing /opt/airflow/dags/constructor_standings.py took 1.086 seconds
[2026-08-11T09:11:51.430+0000] {processor.py:161} INFO - Started process (PID=965) to work on /opt/airflow/dags/constructor_standings.py
[2026-08-11T09:11:51.431+0000] {processor.py:830} INFO - Processing file /opt/airflow/dags/constructor_standings.py for tasks to queue
[2026-08-11T09:11:51.433+0000] {logging_mixin.py:188} INFO - [2026-08-11T09:11:51.433+0000] {dagbag.py:545} INFO - Filling up the DagBag from /opt/airflow/dags/constructor_standings.py
[2026-08-11T09:11:51.536+0000] {processor.py:840} INFO - DAG(s) 'constructor_standings' retrieved from /opt/airflow/dags/constructor_standings.py
[2026-08-11T09:11:51.622+0000] {logging_mixin.py:188} INFO - [2026-08-11T09:11:51.621+0000] {dag.py:3096} INFO - Sync 1 DAGs
[2026-08-11T09:11:51.762+0000] {logging_mixin.py:188} INFO - [2026-08-11T09:11:51.762+0000] {dag.py:3954} INFO - Setting next_dagrun for constructor_standings to None, run_after=None
[2026-08-11T09:11:51.788+0000] {processor.py:183} INFO - Processing /opt/airflow/dags/constructor_standings.py took 0.365 seconds
[2026-08-11T09:12:22.330+0000] {processor.py:161} INFO - Started process (PID=981) to work on /opt/airflow/dags/constructor_standings.py
[2026-08-11T09:12:22.346+0000] {processor.py:830} INFO - Processing file /opt/airflow/dags/constructor_standings.py for tasks to queue
[2026-08-11T09:12:22.376+0000] {logging_mixin.py:188} INFO - [2026-08-11T09:12:22.373+0000] {dagbag.py:545} INFO - Filling up the DagBag from /opt/airflow/dags/constructor_standings.py
[2026-08-11T09:12:22.490+0000] {processor.py:840} INFO - DAG(s) 'constructor_standings' retrieved from /opt/airflow/dags/constructor_standings.py
[2026-08-11T09:12:22.521+0000] {logging_mixin.py:188} INFO - [2026-08-11T09:12:22.520+0000] {dag.py:3096} INFO - Sync 1 DAGs
[2026-08-11T09:12:22.543+0000] {logging_mixin.py:188} INFO - [2026-08-11T09:12:22.542+0000] {dag.py:3954} INFO - Setting next_dagrun for constructor_standings to None, run_after=None
[2026-08-11T09:12:22.589+0000] {processor.py:183} INFO - Processing /opt/airflow/dags/constructor_standings.py took 0.338 seconds
[2026-08-11T09:12:54.140+0000] {processor.py:161} INFO - Started process (PID=995) to work on /opt/airflow/dags/constructor_standings.py
[2026-08-11T09:12:54.142+0000] {processor.py:830} INFO - Processing file /opt/airflow/dags/constructor_standings.py for tasks to queue
[2026-08-11T09:12:54.147+0000] {logging_mixin.py:188} INFO - [2026-08-11T09:12:54.146+0000] {dagbag.py:545} INFO - Filling up the DagBag from /opt/airflow/dags/constructor_standings.py
[2026-08-11T09:12:54.462+0000] {processor.py:840} INFO - DAG(s) 'constructor_standings' retrieved from /opt/airflow/dags/constructor_standings.py
[2026-08-11T09:12:54.608+0000] {logging_mixin.py:188} INFO - [2026-08-11T09:12:54.608+0000] {dag.py:3096} INFO - Sync 1 DAGs
[2026-08-11T09:12:54.641+0000] {logging_mixin.py:188} INFO - [2026-08-11T09:12:54.641+0000] {dag.py:3954} INFO - Setting next_dagrun for constructor_standings to None, run_after=None
[2026-08-11T09:12:54.806+0000] {processor.py:183} INFO - Processing /opt/airflow/dags/constructor_standings.py took 0.753 seconds
[2026-08-11T09:13:26.931+0000] {processor.py:161} INFO - Started process (PID=1008) to work on /opt/airflow/dags/constructor_standings.py
[2026-08-11T09:13:27.011+0000] {processor.py:830} INFO - Processing file /opt/airflow/dags/constructor_standings.py for tasks to queue
[2026-08-11T09:13:27.114+0000] {logging_mixin.py:188} INFO - [2026-08-11T09:13:27.113+0000] {dagbag.py:545} INFO - Filling up the DagBag from /opt/airflow/dags/constructor_standings.py
[2026-08-11T09:13:31.898+0000] {processor.py:840} INFO - DAG(s) 'constructor_standings' retrieved from /opt/airflow/dags/constructor_standings.py
[2026-08-11T09:13:32.185+0000] {logging_mixin.py:188} INFO - [2026-08-11T09:13:32.184+0000] {dag.py:3096} INFO - Sync 1 DAGs
[2026-08-11T09:13:32.301+0000] {logging_mixin.py:188} INFO - [2026-08-11T09:13:32.300+0000] {dag.py:3954} INFO - Setting next_dagrun for constructor_standings to None, run_after=None
[2026-08-11T09:13:32.452+0000] {processor.py:183} INFO - Processing /opt/airflow/dags/constructor_standings.py took 5.533 seconds
[2026-08-11T09:14:03.428+0000] {processor.py:161} INFO - Started process (PID=1024) to work on /opt/airflow/dags/constructor_standings.py
[2026-08-11T09:14:03.430+0000] {processor.py:830} INFO - Processing file /opt/airflow/dags/constructor_standings.py for tasks to queue
[2026-08-11T09:14:03.434+0000] {logging_mixin.py:188} INFO - [2026-08-11T09:14:03.433+0000] {dagbag.py:545} INFO - Filling up the DagBag from /opt/airflow/dags/constructor_standings.py
[2026-08-11T09:14:03.575+0000] {processor.py:840} INFO - DAG(s) 'constructor_standings' retrieved from /opt/airflow/dags/constructor_standings.py
[2026-08-11T09:14:03.605+0000] {logging_mixin.py:188} INFO - [2026-08-11T09:14:03.605+0000] {dag.py:3096} INFO - Sync 1 DAGs
[2026-08-11T09:14:03.620+0000] {logging_mixin.py:188} INFO - [2026-08-11T09:14:03.620+0000] {dag.py:3954} INFO - Setting next_dagrun for constructor_standings to None, run_after=None
[2026-08-11T09:14:03.646+0000] {processor.py:183} INFO - Processing /opt/airflow/dags/constructor_standings.py took 0.236 seconds
[2026-08-11T09:14:33.882+0000] {processor.py:161} INFO - Started process (PID=1040) to work on /opt/airflow/dags/constructor_standings.py
[2026-08-11T09:14:33.885+0000] {processor.py:830} INFO - Processing file /opt/airflow/dags/constructor_standings.py for tasks to queue
[2026-08-11T09:14:33.887+0000] {logging_mixin.py:188} INFO - [2026-08-11T09:14:33.887+0000] {dagbag.py:545} INFO - Filling up the DagBag from /opt/airflow/dags/constructor_standings.py
[2026-08-11T09:14:34.009+0000] {processor.py:840} INFO - DAG(s) 'constructor_standings' retrieved from /opt/airflow/dags/constructor_standings.py
[2026-08-11T09:14:34.042+0000] {logging_mixin.py:188} INFO - [2026-08-11T09:14:34.041+0000] {dag.py:3096} INFO - Sync 1 DAGs
[2026-08-11T09:14:34.058+0000] {logging_mixin.py:188} INFO - [2026-08-11T09:14:34.057+0000] {dag.py:3954} INFO - Setting next_dagrun for constructor_standings to None, run_after=None
[2026-08-11T09:14:34.083+0000] {processor.py:183} INFO - Processing /opt/airflow/dags/constructor_standings.py took 0.207 seconds
[2026-08-11T09:15:04.214+0000] {processor.py:161} INFO - Started process (PID=1056) to work on /opt/airflow/dags/constructor_standings.py
[2026-08-11T09:15:04.219+0000] {processor.py:830} INFO - Processing file /opt/airflow/dags/constructor_standings.py for tasks to queue
[2026-08-11T09:15:04.222+0000] {logging_mixin.py:188} INFO - [2026-08-11T09:15:04.222+0000] {dagbag.py:545} INFO - Filling up the DagBag from /opt/airflow/dags/constructor_standings.py
[2026-08-11T09:15:04.352+0000] {processor.py:840} INFO - DAG(s) 'constructor_standings' retrieved from /opt/airflow/dags/constructor_standings.py
[2026-08-11T09:15:04.382+0000] {logging_mixin.py:188} INFO - [2026-08-11T09:15:04.382+0000] {dag.py:3096} INFO - Sync 1 DAGs
[2026-08-11T09:15:04.397+0000] {logging_mixin.py:188} INFO - [2026-08-11T09:15:04.396+0000] {dag.py:3954} INFO - Setting next_dagrun for constructor_standings to None, run_after=None
[2026-08-11T09:15:04.419+0000] {processor.py:183} INFO - Processing /opt/airflow/dags/constructor_standings.py took 0.212 seconds
[2026-08-11T09:15:34.531+0000] {processor.py:161} INFO - Started process (PID=1072) to work on /opt/airflow/dags/constructor_standings.py
[2026-08-11T09:15:34.532+0000] {processor.py:830} INFO - Processing file /opt/airflow/dags/constructor_standings.py for tasks to queue
[2026-08-11T09:15:34.534+0000] {logging_mixin.py:188} INFO - [2026-08-11T09:15:34.534+0000] {dagbag.py:545} INFO - Filling up the DagBag from /opt/airflow/dags/constructor_standings.py
[2026-08-11T09:15:34.637+0000] {processor.py:840} INFO - DAG(s) 'constructor_standings' retrieved from /opt/airflow/dags/constructor_standings.py
[2026-08-11T09:15:34.694+0000] {logging_mixin.py:188} INFO - [2026-08-11T09:15:34.694+0000] {dag.py:3096} INFO - Sync 1 DAGs
[2026-08-11T09:15:34.716+0000] {logging_mixin.py:188} INFO - [2026-08-11T09:15:34.716+0000] {dag.py:3954} INFO - Setting next_dagrun for constructor_standings to None, run_after=None
[2026-08-11T09:15:34.744+0000] {processor.py:183} INFO - Processing /opt/airflow/dags/constructor_standings.py took 0.219 seconds
[2026-08-11T09:16:05.186+0000] {processor.py:161} INFO - Started process (PID=1088) to work on /opt/airflow/dags/constructor_standings.py
[2026-08-11T09:16:05.191+0000] {processor.py:830} INFO - Processing file /opt/airflow/dags/constructor_standings.py for tasks to queue
[2026-08-11T09:16:05.195+0000] {logging_mixin.py:188} INFO - [2026-08-11T09:16:05.195+0000] {dagbag.py:545} INFO - Filling up the DagBag from /opt/airflow/dags/constructor_standings.py
[2026-08-11T09:16:05.338+0000] {processor.py:840} INFO - DAG(s) 'constructor_standings' retrieved from /opt/airflow/dags/constructor_standings.py
[2026-08-11T09:16:05.366+0000] {logging_mixin.py:188} INFO - [2026-08-11T09:16:05.366+0000] {dag.py:3096} INFO - Sync 1 DAGs
[2026-08-11T09:16:05.384+0000] {logging_mixin.py:188} INFO - [2026-08-11T09:16:05.384+0000] {dag.py:3954} INFO - Setting next_dagrun for constructor_standings to None, run_after=None
[2026-08-11T09:16:05.414+0000] {processor.py:183} INFO - Processing /opt/airflow/dags/constructor_standings.py took 0.239 seconds
[2026-08-11T09:16:35.596+0000] {processor.py:161} INFO - Started process (PID=1104) to work on /opt/airflow/dags/constructor_standings.py
[2026-08-11T09:16:35.598+0000] {processor.py:830} INFO - Processing file /opt/airflow/dags/constructor_standings.py for tasks to queue
[2026-08-11T09:16:35.600+0000] {logging_mixin.py:188} INFO - [2026-08-11T09:16:35.600+0000] {dagbag.py:545} INFO - Filling up the DagBag from /opt/airflow/dags/constructor_standings.py
[2026-08-11T09:16:35.805+0000] {processor.py:840} INFO - DAG(s) 'constructor_standings' retrieved from /opt/airflow/dags/constructor_standings.py
[2026-08-11T09:16:35.831+0000] {logging_mixin.py:188} INFO - [2026-08-11T09:16:35.831+0000] {dag.py:3096} INFO - Sync 1 DAGs
[2026-08-11T09:16:35.845+0000] {logging_mixin.py:188} INFO - [2026-08-11T09:16:35.845+0000] {dag.py:3954} INFO - Setting next_dagrun for constructor_standings to None, run_after=None
[2026-08-11T09:16:35.866+0000] {processor.py:183} INFO - Processing /opt/airflow/dags/constructor_standings.py took 0.278 seconds
[2026-08-11T09:17:06.319+0000] {processor.py:161} INFO - Started process (PID=1120) to work on /opt/airflow/dags/constructor_standings.py
[2026-08-11T09:17:06.320+0000] {processor.py:830} INFO - Processing file /opt/airflow/dags/constructor_standings.py for tasks to queue
[2026-08-11T09:17:06.323+0000] {logging_mixin.py:188} INFO - [2026-08-11T09:17:06.322+0000] {dagbag.py:545} INFO - Filling up the DagBag from /opt/airflow/dags/constructor_standings.py
[2026-08-11T09:17:06.430+0000] {processor.py:840} INFO - DAG(s) 'constructor_standings' retrieved from /opt/airflow/dags/constructor_standings.py
[2026-08-11T09:17:06.463+0000] {logging_mixin.py:188} INFO - [2026-08-11T09:17:06.462+0000] {dag.py:3096} INFO - Sync 1 DAGs
[2026-08-11T09:17:06.477+0000] {logging_mixin.py:188} INFO - [2026-08-11T09:17:06.477+0000] {dag.py:3954} INFO - Setting next_dagrun for constructor_standings to None, run_after=None
[2026-08-11T09:17:06.499+0000] {processor.py:183} INFO - Processing /opt/airflow/dags/constructor_standings.py took 0.187 seconds
[2026-08-11T09:17:36.716+0000] {processor.py:161} INFO - Started process (PID=1136) to work on /opt/airflow/dags/constructor_standings.py
[2026-08-11T09:17:36.718+0000] {processor.py:830} INFO - Processing file /opt/airflow/dags/constructor_standings.py for tasks to queue
[2026-08-11T09:17:36.721+0000] {logging_mixin.py:188} INFO - [2026-08-11T09:17:36.720+0000] {dagbag.py:545} INFO - Filling up the DagBag from /opt/airflow/dags/constructor_standings.py
[2026-08-11T09:17:36.835+0000] {processor.py:840} INFO - DAG(s) 'constructor_standings' retrieved from /opt/airflow/dags/constructor_standings.py
[2026-08-11T09:17:36.866+0000] {logging_mixin.py:188} INFO - [2026-08-11T09:17:36.866+0000] {dag.py:3096} INFO - Sync 1 DAGs
[2026-08-11T09:17:36.881+0000] {logging_mixin.py:188} INFO - [2026-08-11T09:17:36.881+0000] {dag.py:3954} INFO - Setting next_dagrun for constructor_standings to None, run_after=None
[2026-08-11T09:17:36.904+0000] {processor.py:183} INFO - Processing /opt/airflow/dags/constructor_standings.py took 0.196 seconds
[2026-08-11T09:18:07.098+0000] {processor.py:161} INFO - Started process (PID=1152) to work on /opt/airflow/dags/constructor_standings.py
[2026-08-11T09:18:07.103+0000] {processor.py:830} INFO - Processing file /opt/airflow/dags/constructor_standings.py for tasks to queue
[2026-08-11T09:18:07.116+0000] {logging_mixin.py:188} INFO - [2026-08-11T09:18:07.115+0000] {dagbag.py:545} INFO - Filling up the DagBag from /opt/airflow/dags/constructor_standings.py
[2026-08-11T09:18:07.292+0000] {processor.py:840} INFO - DAG(s) 'constructor_standings' retrieved from /opt/airflow/dags/constructor_standings.py
[2026-08-11T09:18:07.339+0000] {logging_mixin.py:188} INFO - [2026-08-11T09:18:07.338+0000] {dag.py:3096} INFO - Sync 1 DAGs
[2026-08-11T09:18:07.375+0000] {logging_mixin.py:188} INFO - [2026-08-11T09:18:07.375+0000] {dag.py:3954} INFO - Setting next_dagrun for constructor_standings to None, run_after=None
[2026-08-11T09:18:07.449+0000] {processor.py:183} INFO - Processing /opt/airflow/dags/constructor_standings.py took 0.396 seconds
[2026-08-11T09:18:38.266+0000] {processor.py:161} INFO - Started process (PID=1168) to work on /opt/airflow/dags/constructor_standings.py
[2026-08-11T09:18:38.268+0000] {processor.py:830} INFO - Processing file /opt/airflow/dags/constructor_standings.py for tasks to queue
[2026-08-11T09:18:38.272+0000] {logging_mixin.py:188} INFO - [2026-08-11T09:18:38.271+0000] {dagbag.py:545} INFO - Filling up the DagBag from /opt/airflow/dags/constructor_standings.py
[2026-08-11T09:18:38.409+0000] {processor.py:840} INFO - DAG(s) 'constructor_standings' retrieved from /opt/airflow/dags/constructor_standings.py
[2026-08-11T09:18:38.454+0000] {logging_mixin.py:188} INFO - [2026-08-11T09:18:38.453+0000] {dag.py:3096} INFO - Sync 1 DAGs
[2026-08-11T09:18:38.470+0000] {logging_mixin.py:188} INFO - [2026-08-11T09:18:38.470+0000] {dag.py:3954} INFO - Setting next_dagrun for constructor_standings to None, run_after=None
[2026-08-11T09:18:38.505+0000] {processor.py:183} INFO - Processing /opt/airflow/dags/constructor_standings.py took 0.246 seconds
[2026-08-11T09:19:09.003+0000] {processor.py:161} INFO - Started process (PID=1184) to work on /opt/airflow/dags/constructor_standings.py
[2026-08-11T09:19:09.005+0000] {processor.py:830} INFO - Processing file /opt/airflow/dags/constructor_standings.py for tasks to queue
[2026-08-11T09:19:09.010+0000] {logging_mixin.py:188} INFO - [2026-08-11T09:19:09.009+0000] {dagbag.py:545} INFO - Filling up the DagBag from /opt/airflow/dags/constructor_standings.py
[2026-08-11T09:19:09.273+0000] {processor.py:840} INFO - DAG(s) 'constructor_standings' retrieved from /opt/airflow/dags/constructor_standings.py
[2026-08-11T09:19:09.339+0000] {logging_mixin.py:188} INFO - [2026-08-11T09:19:09.339+0000] {dag.py:3096} INFO - Sync 1 DAGs
[2026-08-11T09:19:09.374+0000] {logging_mixin.py:188} INFO - [2026-08-11T09:19:09.374+0000] {dag.py:3954} INFO - Setting next_dagrun for constructor_standings to None, run_after=None
[2026-08-11T09:19:09.424+0000] {processor.py:183} INFO - Processing /opt/airflow/dags/constructor_standings.py took 0.433 seconds
[2026-08-11T09:19:39.626+0000] {processor.py:161} INFO - Started process (PID=1200) to work on /opt/airflow/dags/constructor_standings.py
[2026-08-11T09:19:39.628+0000] {processor.py:830} INFO - Processing file /opt/airflow/dags/constructor_standings.py for tasks to queue
[2026-08-11T09:19:39.632+0000] {logging_mixin.py:188} INFO - [2026-08-11T09:19:39.631+0000] {dagbag.py:545} INFO - Filling up the DagBag from /opt/airflow/dags/constructor_standings.py
[2026-08-11T09:19:39.788+0000] {processor.py:840} INFO - DAG(s) 'constructor_standings' retrieved from /opt/airflow/dags/constructor_standings.py
[2026-08-11T09:19:39.820+0000] {logging_mixin.py:188} INFO - [2026-08-11T09:19:39.820+0000] {dag.py:3096} INFO - Sync 1 DAGs
[2026-08-11T09:19:39.836+0000] {logging_mixin.py:188} INFO - [2026-08-11T09:19:39.836+0000] {dag.py:3954} INFO - Setting next_dagrun for constructor_standings to None, run_after=None
[2026-08-11T09:19:39.861+0000] {processor.py:183} INFO - Processing /opt/airflow/dags/constructor_standings.py took 0.245 seconds
[2026-08-11T09:20:10.340+0000] {processor.py:161} INFO - Started process (PID=1216) to work on /opt/airflow/dags/constructor_standings.py
[2026-08-11T09:20:10.342+0000] {processor.py:830} INFO - Processing file /opt/airflow/dags/constructor_standings.py for tasks to queue
[2026-08-11T09:20:10.345+0000] {logging_mixin.py:188} INFO - [2026-08-11T09:20:10.345+0000] {dagbag.py:545} INFO - Filling up the DagBag from /opt/airflow/dags/constructor_standings.py
[2026-08-11T09:20:10.458+0000] {processor.py:840} INFO - DAG(s) 'constructor_standings' retrieved from /opt/airflow/dags/constructor_standings.py
[2026-08-11T09:20:10.491+0000] {logging_mixin.py:188} INFO - [2026-08-11T09:20:10.491+0000] {dag.py:3096} INFO - Sync 1 DAGs
[2026-08-11T09:20:10.504+0000] {logging_mixin.py:188} INFO - [2026-08-11T09:20:10.504+0000] {dag.py:3954} INFO - Setting next_dagrun for constructor_standings to None, run_after=None
[2026-08-11T09:20:10.525+0000] {processor.py:183} INFO - Processing /opt/airflow/dags/constructor_standings.py took 0.194 seconds
[2026-08-11T09:20:40.743+0000] {processor.py:161} INFO - Started process (PID=1232) to work on /opt/airflow/dags/constructor_standings.py
[2026-08-11T09:20:40.745+0000] {processor.py:830} INFO - Processing file /opt/airflow/dags/constructor_standings.py for tasks to queue
[2026-08-11T09:20:40.749+0000] {logging_mixin.py:188} INFO - [2026-08-11T09:20:40.748+0000] {dagbag.py:545} INFO - Filling up the DagBag from /opt/airflow/dags/constructor_standings.py
[2026-08-11T09:20:40.866+0000] {processor.py:840} INFO - DAG(s) 'constructor_standings' retrieved from /opt/airflow/dags/constructor_standings.py
[2026-08-11T09:20:40.896+0000] {logging_mixin.py:188} INFO - [2026-08-11T09:20:40.896+0000] {dag.py:3096} INFO - Sync 1 DAGs
[2026-08-11T09:20:40.911+0000] {logging_mixin.py:188} INFO - [2026-08-11T09:20:40.910+0000] {dag.py:3954} INFO - Setting next_dagrun for constructor_standings to None, run_after=None
[2026-08-11T09:20:40.937+0000] {processor.py:183} INFO - Processing /opt/airflow/dags/constructor_standings.py took 0.203 seconds
[2026-08-11T09:21:11.768+0000] {processor.py:161} INFO - Started process (PID=1248) to work on /opt/airflow/dags/constructor_standings.py
[2026-08-11T09:21:11.769+0000] {processor.py:830} INFO - Processing file /opt/airflow/dags/constructor_standings.py for tasks to queue
[2026-08-11T09:21:11.772+0000] {logging_mixin.py:188} INFO - [2026-08-11T09:21:11.772+0000] {dagbag.py:545} INFO - Filling up the DagBag from /opt/airflow/dags/constructor_standings.py
[2026-08-11T09:21:11.878+0000] {processor.py:840} INFO - DAG(s) 'constructor_standings' retrieved from /opt/airflow/dags/constructor_standings.py
[2026-08-11T09:21:11.908+0000] {logging_mixin.py:188} INFO - [2026-08-11T09:21:11.908+0000] {dag.py:3096} INFO - Sync 1 DAGs
[2026-08-11T09:21:11.921+0000] {logging_mixin.py:188} INFO - [2026-08-11T09:21:11.921+0000] {dag.py:3954} INFO - Setting next_dagrun for constructor_standings to None, run_after=None
[2026-08-11T09:21:11.943+0000] {processor.py:183} INFO - Processing /opt/airflow/dags/constructor_standings.py took 0.183 seconds
[2026-08-11T09:21:42.740+0000] {processor.py:161} INFO - Started process (PID=1264) to work on /opt/airflow/dags/constructor_standings.py
[2026-08-11T09:21:42.741+0000] {processor.py:830} INFO - Processing file /opt/airflow/dags/constructor_standings.py for tasks to queue
[2026-08-11T09:21:42.745+0000] {logging_mixin.py:188} INFO - [2026-08-11T09:21:42.744+0000] {dagbag.py:545} INFO - Filling up the DagBag from /opt/airflow/dags/constructor_standings.py
[2026-08-11T09:21:42.862+0000] {processor.py:840} INFO - DAG(s) 'constructor_standings' retrieved from /opt/airflow/dags/constructor_standings.py
[2026-08-11T09:21:42.891+0000] {logging_mixin.py:188} INFO - [2026-08-11T09:21:42.891+0000] {dag.py:3096} INFO - Sync 1 DAGs
[2026-08-11T09:21:42.904+0000] {logging_mixin.py:188} INFO - [2026-08-11T09:21:42.904+0000] {dag.py:3954} INFO - Setting next_dagrun for constructor_standings to None, run_after=None
[2026-08-11T09:21:42.927+0000] {processor.py:183} INFO - Processing /opt/airflow/dags/constructor_standings.py took 0.195 seconds
[2026-08-11T09:22:14.046+0000] {processor.py:161} INFO - Started process (PID=1280) to work on /opt/airflow/dags/constructor_standings.py
[2026-08-11T09:22:14.047+0000] {processor.py:830} INFO - Processing file /opt/airflow/dags/constructor_standings.py for tasks to queue
[2026-08-11T09:22:14.049+0000] {logging_mixin.py:188} INFO - [2026-08-11T09:22:14.049+0000] {dagbag.py:545} INFO - Filling up the DagBag from /opt/airflow/dags/constructor_standings.py
[2026-08-11T09:22:14.147+0000] {processor.py:840} INFO - DAG(s) 'constructor_standings' retrieved from /opt/airflow/dags/constructor_standings.py
[2026-08-11T09:22:14.173+0000] {logging_mixin.py:188} INFO - [2026-08-11T09:22:14.173+0000] {dag.py:3096} INFO - Sync 1 DAGs
[2026-08-11T09:22:14.187+0000] {logging_mixin.py:188} INFO - [2026-08-11T09:22:14.187+0000] {dag.py:3954} INFO - Setting next_dagrun for constructor_standings to None, run_after=None
[2026-08-11T09:22:14.210+0000] {processor.py:183} INFO - Processing /opt/airflow/dags/constructor_standings.py took 0.171 seconds
[2026-08-11T09:22:45.370+0000] {processor.py:161} INFO - Started process (PID=1296) to work on /opt/airflow/dags/constructor_standings.py
[2026-08-11T09:22:45.372+0000] {processor.py:830} INFO - Processing file /opt/airflow/dags/constructor_standings.py for tasks to queue
[2026-08-11T09:22:45.375+0000] {logging_mixin.py:188} INFO - [2026-08-11T09:22:45.374+0000] {dagbag.py:545} INFO - Filling up the DagBag from /opt/airflow/dags/constructor_standings.py
[2026-08-11T09:22:45.495+0000] {processor.py:840} INFO - DAG(s) 'constructor_standings' retrieved from /opt/airflow/dags/constructor_standings.py
[2026-08-11T09:22:45.527+0000] {logging_mixin.py:188} INFO - [2026-08-11T09:22:45.527+0000] {dag.py:3096} INFO - Sync 1 DAGs
[2026-08-11T09:22:45.543+0000] {logging_mixin.py:188} INFO - [2026-08-11T09:22:45.543+0000] {dag.py:3954} INFO - Setting next_dagrun for constructor_standings to None, run_after=None
[2026-08-11T09:22:45.568+0000] {processor.py:183} INFO - Processing /opt/airflow/dags/constructor_standings.py took 0.206 seconds
[2026-08-11T09:23:17.003+0000] {processor.py:161} INFO - Started process (PID=1312) to work on /opt/airflow/dags/constructor_standings.py
[2026-08-11T09:23:17.004+0000] {processor.py:830} INFO - Processing file /opt/airflow/dags/constructor_standings.py for tasks to queue
[2026-08-11T09:23:17.007+0000] {logging_mixin.py:188} INFO - [2026-08-11T09:23:17.006+0000] {dagbag.py:545} INFO - Filling up the DagBag from /opt/airflow/dags/constructor_standings.py
[2026-08-11T09:23:17.110+0000] {processor.py:840} INFO - DAG(s) 'constructor_standings' retrieved from /opt/airflow/dags/constructor_standings.py
[2026-08-11T09:23:17.136+0000] {logging_mixin.py:188} INFO - [2026-08-11T09:23:17.136+0000] {dag.py:3096} INFO - Sync 1 DAGs
[2026-08-11T09:23:17.149+0000] {logging_mixin.py:188} INFO - [2026-08-11T09:23:17.149+0000] {dag.py:3954} INFO - Setting next_dagrun for constructor_standings to None, run_after=None
[2026-08-11T09:23:17.172+0000] {processor.py:183} INFO - Processing /opt/airflow/dags/constructor_standings.py took 0.174 seconds
[2026-08-11T09:23:48.321+0000] {processor.py:161} INFO - Started process (PID=1328) to work on /opt/airflow/dags/constructor_standings.py
[2026-08-11T09:23:48.323+0000] {processor.py:830} INFO - Processing file /opt/airflow/dags/constructor_standings.py for tasks to queue
[2026-08-11T09:23:48.327+0000] {logging_mixin.py:188} INFO - [2026-08-11T09:23:48.327+0000] {dagbag.py:545} INFO - Filling up the DagBag from /opt/airflow/dags/constructor_standings.py
[2026-08-11T09:23:48.505+0000] {processor.py:840} INFO - DAG(s) 'constructor_standings' retrieved from /opt/airflow/dags/constructor_standings.py
[2026-08-11T09:23:48.541+0000] {logging_mixin.py:188} INFO - [2026-08-11T09:23:48.540+0000] {dag.py:3096} INFO - Sync 1 DAGs
[2026-08-11T09:23:48.560+0000] {logging_mixin.py:188} INFO - [2026-08-11T09:23:48.559+0000] {dag.py:3954} INFO - Setting next_dagrun for constructor_standings to None, run_after=None
[2026-08-11T09:23:48.592+0000] {processor.py:183} INFO - Processing /opt/airflow/dags/constructor_standings.py took 0.280 seconds
[2026-08-11T09:24:19.788+0000] {processor.py:161} INFO - Started process (PID=1344) to work on /opt/airflow/dags/constructor_standings.py
[2026-08-11T09:24:19.791+0000] {processor.py:830} INFO - Processing file /opt/airflow/dags/constructor_standings.py for tasks to queue
[2026-08-11T09:24:19.795+0000] {logging_mixin.py:188} INFO - [2026-08-11T09:24:19.795+0000] {dagbag.py:545} INFO - Filling up the DagBag from /opt/airflow/dags/constructor_standings.py
[2026-08-11T09:24:19.919+0000] {processor.py:840} INFO - DAG(s) 'constructor_standings' retrieved from /opt/airflow/dags/constructor_standings.py
[2026-08-11T09:24:19.949+0000] {logging_mixin.py:188} INFO - [2026-08-11T09:24:19.949+0000] {dag.py:3096} INFO - Sync 1 DAGs
[2026-08-11T09:24:19.966+0000] {logging_mixin.py:188} INFO - [2026-08-11T09:24:19.966+0000] {dag.py:3954} INFO - Setting next_dagrun for constructor_standings to None, run_after=None
[2026-08-11T09:24:19.992+0000] {processor.py:183} INFO - Processing /opt/airflow/dags/constructor_standings.py took 0.213 seconds
[2026-08-11T09:24:51.569+0000] {processor.py:161} INFO - Started process (PID=1360) to work on /opt/airflow/dags/constructor_standings.py
[2026-08-11T09:24:51.572+0000] {processor.py:830} INFO - Processing file /opt/airflow/dags/constructor_standings.py for tasks to queue
[2026-08-11T09:24:51.577+0000] {logging_mixin.py:188} INFO - [2026-08-11T09:24:51.576+0000] {dagbag.py:545} INFO - Filling up the DagBag from /opt/airflow/dags/constructor_standings.py
[2026-08-11T09:24:51.776+0000] {processor.py:840} INFO - DAG(s) 'constructor_standings' retrieved from /opt/airflow/dags/constructor_standings.py
[2026-08-11T09:24:51.850+0000] {logging_mixin.py:188} INFO - [2026-08-11T09:24:51.850+0000] {dag.py:3096} INFO - Sync 1 DAGs
[2026-08-11T09:24:51.885+0000] {logging_mixin.py:188} INFO - [2026-08-11T09:24:51.884+0000] {dag.py:3954} INFO - Setting next_dagrun for constructor_standings to None, run_after=None
[2026-08-11T09:24:51.920+0000] {processor.py:183} INFO - Processing /opt/airflow/dags/constructor_standings.py took 0.362 seconds
[2026-08-11T09:25:22.641+0000] {processor.py:161} INFO - Started process (PID=1376) to work on /opt/airflow/dags/constructor_standings.py
[2026-08-11T09:25:22.642+0000] {processor.py:830} INFO - Processing file /opt/airflow/dags/constructor_standings.py for tasks to queue
[2026-08-11T09:25:22.646+0000] {logging_mixin.py:188} INFO - [2026-08-11T09:25:22.645+0000] {dagbag.py:545} INFO - Filling up the DagBag from /opt/airflow/dags/constructor_standings.py
[2026-08-11T09:25:22.756+0000] {processor.py:840} INFO - DAG(s) 'constructor_standings' retrieved from /opt/airflow/dags/constructor_standings.py
[2026-08-11T09:25:22.791+0000] {logging_mixin.py:188} INFO - [2026-08-11T09:25:22.791+0000] {dag.py:3096} INFO - Sync 1 DAGs
[2026-08-11T09:25:22.808+0000] {logging_mixin.py:188} INFO - [2026-08-11T09:25:22.808+0000] {dag.py:3954} INFO - Setting next_dagrun for constructor_standings to None, run_after=None
[2026-08-11T09:25:22.834+0000] {processor.py:183} INFO - Processing /opt/airflow/dags/constructor_standings.py took 0.202 seconds
[2026-08-11T09:25:53.932+0000] {processor.py:161} INFO - Started process (PID=1392) to work on /opt/airflow/dags/constructor_standings.py
[2026-08-11T09:25:53.933+0000] {processor.py:830} INFO - Processing file /opt/airflow/dags/constructor_standings.py for tasks to queue
[2026-08-11T09:25:53.935+0000] {logging_mixin.py:188} INFO - [2026-08-11T09:25:53.935+0000] {dagbag.py:545} INFO - Filling up the DagBag from /opt/airflow/dags/constructor_standings.py
[2026-08-11T09:25:54.041+0000] {processor.py:840} INFO - DAG(s) 'constructor_standings' retrieved from /opt/airflow/dags/constructor_standings.py
[2026-08-11T09:25:54.071+0000] {logging_mixin.py:188} INFO - [2026-08-11T09:25:54.071+0000] {dag.py:3096} INFO - Sync 1 DAGs
[2026-08-11T09:25:54.090+0000] {logging_mixin.py:188} INFO - [2026-08-11T09:25:54.090+0000] {dag.py:3954} INFO - Setting next_dagrun for constructor_standings to None, run_after=None
[2026-08-11T09:25:54.114+0000] {processor.py:183} INFO - Processing /opt/airflow/dags/constructor_standings.py took 0.188 seconds
[2026-08-11T09:26:25.968+0000] {processor.py:161} INFO - Started process (PID=1408) to work on /opt/airflow/dags/constructor_standings.py
[2026-08-11T09:26:25.970+0000] {processor.py:830} INFO - Processing file /opt/airflow/dags/constructor_standings.py for tasks to queue
[2026-08-11T09:26:25.972+0000] {logging_mixin.py:188} INFO - [2026-08-11T09:26:25.972+0000] {dagbag.py:545} INFO - Filling up the DagBag from /opt/airflow/dags/constructor_standings.py
[2026-08-11T09:26:26.143+0000] {processor.py:840} INFO - DAG(s) 'constructor_standings' retrieved from /opt/airflow/dags/constructor_standings.py
[2026-08-11T09:26:26.184+0000] {logging_mixin.py:188} INFO - [2026-08-11T09:26:26.184+0000] {dag.py:3096} INFO - Sync 1 DAGs
[2026-08-11T09:26:26.198+0000] {logging_mixin.py:188} INFO - [2026-08-11T09:26:26.198+0000] {dag.py:3954} INFO - Setting next_dagrun for constructor_standings to None, run_after=None
[2026-08-11T09:26:26.221+0000] {processor.py:183} INFO - Processing /opt/airflow/dags/constructor_standings.py took 0.260 seconds
[2026-08-11T09:26:56.901+0000] {processor.py:161} INFO - Started process (PID=1424) to work on /opt/airflow/dags/constructor_standings.py
[2026-08-11T09:26:56.903+0000] {processor.py:830} INFO - Processing file /opt/airflow/dags/constructor_standings.py for tasks to queue
[2026-08-11T09:26:56.905+0000] {logging_mixin.py:188} INFO - [2026-08-11T09:26:56.905+0000] {dagbag.py:545} INFO - Filling up the DagBag from /opt/airflow/dags/constructor_standings.py
[2026-08-11T09:26:57.031+0000] {processor.py:840} INFO - DAG(s) 'constructor_standings' retrieved from /opt/airflow/dags/constructor_standings.py
[2026-08-11T09:26:57.062+0000] {logging_mixin.py:188} INFO - [2026-08-11T09:26:57.061+0000] {dag.py:3096} INFO - Sync 1 DAGs
[2026-08-11T09:26:57.078+0000] {logging_mixin.py:188} INFO - [2026-08-11T09:26:57.078+0000] {dag.py:3954} INFO - Setting next_dagrun for constructor_standings to None, run_after=None
[2026-08-11T09:26:57.102+0000] {processor.py:183} INFO - Processing /opt/airflow/dags/constructor_standings.py took 0.208 seconds
[2026-08-11T09:27:27.400+0000] {processor.py:161} INFO - Started process (PID=1440) to work on /opt/airflow/dags/constructor_standings.py
[2026-08-11T09:27:27.401+0000] {processor.py:830} INFO - Processing file /opt/airflow/dags/constructor_standings.py for tasks to queue
[2026-08-11T09:27:27.403+0000] {logging_mixin.py:188} INFO - [2026-08-11T09:27:27.403+0000] {dagbag.py:545} INFO - Filling up the DagBag from /opt/airflow/dags/constructor_standings.py
[2026-08-11T09:27:28.405+0000] {processor.py:840} INFO - DAG(s) 'constructor_standings' retrieved from /opt/airflow/dags/constructor_standings.py
[2026-08-11T09:27:28.440+0000] {logging_mixin.py:188} INFO - [2026-08-11T09:27:28.439+0000] {dag.py:3096} INFO - Sync 1 DAGs
[2026-08-11T09:27:28.456+0000] {logging_mixin.py:188} INFO - [2026-08-11T09:27:28.455+0000] {dag.py:3954} INFO - Setting next_dagrun for constructor_standings to None, run_after=None
[2026-08-11T09:27:28.482+0000] {processor.py:183} INFO - Processing /opt/airflow/dags/constructor_standings.py took 0.230 seconds
[2026-08-11T09:27:58.706+0000] {processor.py:161} INFO - Started process (PID=1456) to work on /opt/airflow/dags/constructor_standings.py
[2026-08-11T09:27:58.708+0000] {processor.py:830} INFO - Processing file /opt/airflow/dags/constructor_standings.py for tasks to queue
[2026-08-11T09:27:58.712+0000] {logging_mixin.py:188} INFO - [2026-08-11T09:27:58.711+0000] {dagbag.py:545} INFO - Filling up the DagBag from /opt/airflow/dags/constructor_standings.py
[2026-08-11T09:27:58.839+0000] {processor.py:840} INFO - DAG(s) 'constructor_standings' retrieved from /opt/airflow/dags/constructor_standings.py
[2026-08-11T09:27:58.871+0000] {logging_mixin.py:188} INFO - [2026-08-11T09:27:58.871+0000] {dag.py:3096} INFO - Sync 1 DAGs
[2026-08-11T09:27:58.887+0000] {logging_mixin.py:188} INFO - [2026-08-11T09:27:58.886+0000] {dag.py:3954} INFO - Setting next_dagrun for constructor_standings to None, run_after=None
[2026-08-11T09:27:59.785+0000] {processor.py:183} INFO - Processing /opt/airflow/dags/constructor_standings.py took 0.217 seconds
[2026-08-11T09:28:31.512+0000] {processor.py:161} INFO - Started process (PID=1472) to work on /opt/airflow/dags/constructor_standings.py
[2026-08-11T09:28:31.513+0000] {processor.py:830} INFO - Processing file /opt/airflow/dags/constructor_standings.py for tasks to queue
[2026-08-11T09:28:31.515+0000] {logging_mixin.py:188} INFO - [2026-08-11T09:28:31.515+0000] {dagbag.py:545} INFO - Filling up the DagBag from /opt/airflow/dags/constructor_standings.py
[2026-08-11T09:28:31.628+0000] {processor.py:840} INFO - DAG(s) 'constructor_standings' retrieved from /opt/airflow/dags/constructor_standings.py
[2026-08-11T09:28:31.655+0000] {logging_mixin.py:188} INFO - [2026-08-11T09:28:31.655+0000] {dag.py:3096} INFO - Sync 1 DAGs
[2026-08-11T09:28:31.668+0000] {logging_mixin.py:188} INFO - [2026-08-11T09:28:31.668+0000] {dag.py:3954} INFO - Setting next_dagrun for constructor_standings to None, run_after=None
[2026-08-11T09:28:31.692+0000] {processor.py:183} INFO - Processing /opt/airflow/dags/constructor_standings.py took 0.187 seconds
[2026-08-11T09:29:02.778+0000] {processor.py:161} INFO - Started process (PID=1488) to work on /opt/airflow/dags/constructor_standings.py
[2026-08-11T09:29:02.780+0000] {processor.py:830} INFO - Processing file /opt/airflow/dags/constructor_standings.py for tasks to queue
[2026-08-11T09:29:02.782+0000] {logging_mixin.py:188} INFO - [2026-08-11T09:29:02.782+0000] {dagbag.py:545} INFO - Filling up the DagBag from /opt/airflow/dags/constructor_standings.py
[2026-08-11T09:29:02.898+0000] {processor.py:840} INFO - DAG(s) 'constructor_standings' retrieved from /opt/airflow/dags/constructor_standings.py
[2026-08-11T09:29:02.933+0000] {logging_mixin.py:188} INFO - [2026-08-11T09:29:02.932+0000] {dag.py:3096} INFO - Sync 1 DAGs
[2026-08-11T09:29:02.951+0000] {logging_mixin.py:188} INFO - [2026-08-11T09:29:02.951+0000] {dag.py:3954} INFO - Setting next_dagrun for constructor_standings to None, run_after=None
[2026-08-11T09:29:02.975+0000] {processor.py:183} INFO - Processing /opt/airflow/dags/constructor_standings.py took 0.202 seconds
[2026-08-11T09:29:33.270+0000] {processor.py:161} INFO - Started process (PID=1504) to work on /opt/airflow/dags/constructor_standings.py
[2026-08-11T09:29:33.272+0000] {processor.py:830} INFO - Processing file /opt/airflow/dags/constructor_standings.py for tasks to queue
[2026-08-11T09:29:33.275+0000] {logging_mixin.py:188} INFO - [2026-08-11T09:29:33.275+0000] {dagbag.py:545} INFO - Filling up the DagBag from /opt/airflow/dags/constructor_standings.py
[2026-08-11T09:29:34.335+0000] {processor.py:840} INFO - DAG(s) 'constructor_standings' retrieved from /opt/airflow/dags/constructor_standings.py
[2026-08-11T09:29:34.372+0000] {logging_mixin.py:188} INFO - [2026-08-11T09:29:34.372+0000] {dag.py:3096} INFO - Sync 1 DAGs
[2026-08-11T09:29:34.390+0000] {logging_mixin.py:188} INFO - [2026-08-11T09:29:34.390+0000] {dag.py:3954} INFO - Setting next_dagrun for constructor_standings to None, run_after=None
[2026-08-11T09:29:34.428+0000] {processor.py:183} INFO - Processing /opt/airflow/dags/constructor_standings.py took 0.290 seconds
[2026-08-11T09:30:04.815+0000] {processor.py:161} INFO - Started process (PID=1520) to work on /opt/airflow/dags/constructor_standings.py
[2026-08-11T09:30:04.816+0000] {processor.py:830} INFO - Processing file /opt/airflow/dags/constructor_standings.py for tasks to queue
[2026-08-11T09:30:04.819+0000] {logging_mixin.py:188} INFO - [2026-08-11T09:30:04.819+0000] {dagbag.py:545} INFO - Filling up the DagBag from /opt/airflow/dags/constructor_standings.py
[2026-08-11T09:30:05.797+0000] {processor.py:840} INFO - DAG(s) 'constructor_standings' retrieved from /opt/airflow/dags/constructor_standings.py
[2026-08-11T09:30:05.825+0000] {logging_mixin.py:188} INFO - [2026-08-11T09:30:05.824+0000] {dag.py:3096} INFO - Sync 1 DAGs
[2026-08-11T09:30:05.840+0000] {logging_mixin.py:188} INFO - [2026-08-11T09:30:05.839+0000] {dag.py:3954} INFO - Setting next_dagrun for constructor_standings to None, run_after=None
[2026-08-11T09:30:05.862+0000] {processor.py:183} INFO - Processing /opt/airflow/dags/constructor_standings.py took 0.181 seconds
[2026-08-11T09:30:36.127+0000] {processor.py:161} INFO - Started process (PID=1536) to work on /opt/airflow/dags/constructor_standings.py
[2026-08-11T09:30:36.129+0000] {processor.py:830} INFO - Processing file /opt/airflow/dags/constructor_standings.py for tasks to queue
[2026-08-11T09:30:36.133+0000] {logging_mixin.py:188} INFO - [2026-08-11T09:30:36.132+0000] {dagbag.py:545} INFO - Filling up the DagBag from /opt/airflow/dags/constructor_standings.py
[2026-08-11T09:30:36.245+0000] {processor.py:840} INFO - DAG(s) 'constructor_standings' retrieved from /opt/airflow/dags/constructor_standings.py
[2026-08-11T09:30:36.273+0000] {logging_mixin.py:188} INFO - [2026-08-11T09:30:36.273+0000] {dag.py:3096} INFO - Sync 1 DAGs
[2026-08-11T09:30:36.288+0000] {logging_mixin.py:188} INFO - [2026-08-11T09:30:36.288+0000] {dag.py:3954} INFO - Setting next_dagrun for constructor_standings to None, run_after=None
[2026-08-11T09:30:36.310+0000] {processor.py:183} INFO - Processing /opt/airflow/dags/constructor_standings.py took 0.192 seconds
[2026-08-11T09:31:06.444+0000] {processor.py:161} INFO - Started process (PID=1552) to work on /opt/airflow/dags/constructor_standings.py
[2026-08-11T09:31:06.447+0000] {processor.py:830} INFO - Processing file /opt/airflow/dags/constructor_standings.py for tasks to queue
[2026-08-11T09:31:06.450+0000] {logging_mixin.py:188} INFO - [2026-08-11T09:31:06.449+0000] {dagbag.py:545} INFO - Filling up the DagBag from /opt/airflow/dags/constructor_standings.py
[2026-08-11T09:31:06.569+0000] {processor.py:840} INFO - DAG(s) 'constructor_standings' retrieved from /opt/airflow/dags/constructor_standings.py
[2026-08-11T09:31:06.601+0000] {logging_mixin.py:188} INFO - [2026-08-11T09:31:06.600+0000] {dag.py:3096} INFO - Sync 1 DAGs
[2026-08-11T09:31:06.618+0000] {logging_mixin.py:188} INFO - [2026-08-11T09:31:06.618+0000] {dag.py:3954} INFO - Setting next_dagrun for constructor_standings to None, run_after=None
[2026-08-11T09:31:06.640+0000] {processor.py:183} INFO - Processing /opt/airflow/dags/constructor_standings.py took 0.203 seconds
[2026-08-11T09:31:37.374+0000] {processor.py:161} INFO - Started process (PID=1568) to work on /opt/airflow/dags/constructor_standings.py
[2026-08-11T09:31:37.377+0000] {processor.py:830} INFO - Processing file /opt/airflow/dags/constructor_standings.py for tasks to queue
[2026-08-11T09:31:37.382+0000] {logging_mixin.py:188} INFO - [2026-08-11T09:31:37.381+0000] {dagbag.py:545} INFO - Filling up the DagBag from /opt/airflow/dags/constructor_standings.py
[2026-08-11T09:31:37.522+0000] {processor.py:840} INFO - DAG(s) 'constructor_standings' retrieved from /opt/airflow/dags/constructor_standings.py
[2026-08-11T09:31:37.551+0000] {logging_mixin.py:188} INFO - [2026-08-11T09:31:37.550+0000] {dag.py:3096} INFO - Sync 1 DAGs
[2026-08-11T09:31:37.565+0000] {logging_mixin.py:188} INFO - [2026-08-11T09:31:37.564+0000] {dag.py:3954} INFO - Setting next_dagrun for constructor_standings to None, run_after=None
[2026-08-11T09:31:37.587+0000] {processor.py:183} INFO - Processing /opt/airflow/dags/constructor_standings.py took 0.223 seconds
[2026-08-11T09:46:14.922+0000] {processor.py:161} INFO - Started process (PID=1578) to work on /opt/airflow/dags/constructor_standings.py
[2026-08-11T09:46:14.945+0000] {processor.py:830} INFO - Processing file /opt/airflow/dags/constructor_standings.py for tasks to queue
[2026-08-11T09:46:15.008+0000] {logging_mixin.py:188} INFO - [2026-08-11T09:46:14.999+0000] {dagbag.py:545} INFO - Filling up the DagBag from /opt/airflow/dags/constructor_standings.py
[2026-08-11T09:46:17.826+0000] {processor.py:840} INFO - DAG(s) 'constructor_standings' retrieved from /opt/airflow/dags/constructor_standings.py
[2026-08-11T09:46:19.453+0000] {logging_mixin.py:188} INFO - [2026-08-11T09:46:19.452+0000] {dag.py:3096} INFO - Sync 1 DAGs
[2026-08-11T09:46:22.867+0000] {logging_mixin.py:188} INFO - [2026-08-11T09:46:22.866+0000] {dag.py:3954} INFO - Setting next_dagrun for constructor_standings to None, run_after=None
[2026-08-11T09:46:24.178+0000] {processor.py:183} INFO - Processing /opt/airflow/dags/constructor_standings.py took 9.756 seconds
[2026-08-11T09:46:55.695+0000] {processor.py:161} INFO - Started process (PID=1594) to work on /opt/airflow/dags/constructor_standings.py
[2026-08-11T09:46:55.712+0000] {processor.py:830} INFO - Processing file /opt/airflow/dags/constructor_standings.py for tasks to queue
[2026-08-11T09:46:55.774+0000] {logging_mixin.py:188} INFO - [2026-08-11T09:46:55.765+0000] {dagbag.py:545} INFO - Filling up the DagBag from /opt/airflow/dags/constructor_standings.py
[2026-08-11T09:46:57.130+0000] {processor.py:840} INFO - DAG(s) 'constructor_standings' retrieved from /opt/airflow/dags/constructor_standings.py
[2026-08-11T09:46:57.797+0000] {logging_mixin.py:188} INFO - [2026-08-11T09:46:57.796+0000] {dag.py:3096} INFO - Sync 1 DAGs
[2026-08-11T09:46:57.917+0000] {logging_mixin.py:188} INFO - [2026-08-11T09:46:57.916+0000] {dag.py:3954} INFO - Setting next_dagrun for constructor_standings to None, run_after=None
[2026-08-11T09:46:57.987+0000] {processor.py:183} INFO - Processing /opt/airflow/dags/constructor_standings.py took 2.428 seconds
[2026-08-11T09:47:28.704+0000] {processor.py:161} INFO - Started process (PID=1610) to work on /opt/airflow/dags/constructor_standings.py
[2026-08-11T09:47:28.708+0000] {processor.py:830} INFO - Processing file /opt/airflow/dags/constructor_standings.py for tasks to queue
[2026-08-11T09:47:28.719+0000] {logging_mixin.py:188} INFO - [2026-08-11T09:47:28.718+0000] {dagbag.py:545} INFO - Filling up the DagBag from /opt/airflow/dags/constructor_standings.py
[2026-08-11T09:47:29.252+0000] {processor.py:840} INFO - DAG(s) 'constructor_standings' retrieved from /opt/airflow/dags/constructor_standings.py
[2026-08-11T09:47:29.330+0000] {logging_mixin.py:188} INFO - [2026-08-11T09:47:29.330+0000] {dag.py:3096} INFO - Sync 1 DAGs
[2026-08-11T09:47:29.377+0000] {logging_mixin.py:188} INFO - [2026-08-11T09:47:29.376+0000] {dag.py:3954} INFO - Setting next_dagrun for constructor_standings to None, run_after=None
[2026-08-11T09:47:29.412+0000] {processor.py:183} INFO - Processing /opt/airflow/dags/constructor_standings.py took 0.770 seconds
[2026-08-11T09:48:01.448+0000] {processor.py:161} INFO - Started process (PID=1626) to work on /opt/airflow/dags/constructor_standings.py
[2026-08-11T09:48:01.640+0000] {processor.py:830} INFO - Processing file /opt/airflow/dags/constructor_standings.py for tasks to queue
[2026-08-11T09:48:01.965+0000] {logging_mixin.py:188} INFO - [2026-08-11T09:48:01.964+0000] {dagbag.py:545} INFO - Filling up the DagBag from /opt/airflow/dags/constructor_standings.py
[2026-08-11T09:48:02.847+0000] {processor.py:840} INFO - DAG(s) 'constructor_standings' retrieved from /opt/airflow/dags/constructor_standings.py
[2026-08-11T09:48:02.934+0000] {logging_mixin.py:188} INFO - [2026-08-11T09:48:02.934+0000] {dag.py:3096} INFO - Sync 1 DAGs
[2026-08-11T09:48:02.976+0000] {logging_mixin.py:188} INFO - [2026-08-11T09:48:02.975+0000] {dag.py:3954} INFO - Setting next_dagrun for constructor_standings to None, run_after=None
[2026-08-11T09:48:03.005+0000] {processor.py:183} INFO - Processing /opt/airflow/dags/constructor_standings.py took 2.613 seconds
[2026-08-11T09:48:33.393+0000] {processor.py:161} INFO - Started process (PID=1642) to work on /opt/airflow/dags/constructor_standings.py
[2026-08-11T09:48:33.395+0000] {processor.py:830} INFO - Processing file /opt/airflow/dags/constructor_standings.py for tasks to queue
[2026-08-11T09:48:33.399+0000] {logging_mixin.py:188} INFO - [2026-08-11T09:48:33.398+0000] {dagbag.py:545} INFO - Filling up the DagBag from /opt/airflow/dags/constructor_standings.py
[2026-08-11T09:48:33.547+0000] {processor.py:840} INFO - DAG(s) 'constructor_standings' retrieved from /opt/airflow/dags/constructor_standings.py
[2026-08-11T09:48:33.602+0000] {logging_mixin.py:188} INFO - [2026-08-11T09:48:33.602+0000] {dag.py:3096} INFO - Sync 1 DAGs
[2026-08-11T09:48:33.684+0000] {logging_mixin.py:188} INFO - [2026-08-11T09:48:33.683+0000] {dag.py:3954} INFO - Setting next_dagrun for constructor_standings to None, run_after=None
[2026-08-11T09:48:33.822+0000] {processor.py:183} INFO - Processing /opt/airflow/dags/constructor_standings.py took 0.436 seconds
[2026-08-11T09:49:04.712+0000] {processor.py:161} INFO - Started process (PID=1658) to work on /opt/airflow/dags/constructor_standings.py
[2026-08-11T09:49:04.734+0000] {processor.py:830} INFO - Processing file /opt/airflow/dags/constructor_standings.py for tasks to queue
[2026-08-11T09:49:04.748+0000] {logging_mixin.py:188} INFO - [2026-08-11T09:49:04.748+0000] {dagbag.py:545} INFO - Filling up the DagBag from /opt/airflow/dags/constructor_standings.py
[2026-08-11T09:49:04.980+0000] {processor.py:840} INFO - DAG(s) 'constructor_standings' retrieved from /opt/airflow/dags/constructor_standings.py
[2026-08-11T09:49:05.023+0000] {logging_mixin.py:188} INFO - [2026-08-11T09:49:05.022+0000] {dag.py:3096} INFO - Sync 1 DAGs
[2026-08-11T09:49:05.056+0000] {logging_mixin.py:188} INFO - [2026-08-11T09:49:05.056+0000] {dag.py:3954} INFO - Setting next_dagrun for constructor_standings to None, run_after=None
[2026-08-11T09:49:05.142+0000] {processor.py:183} INFO - Processing /opt/airflow/dags/constructor_standings.py took 0.504 seconds
[2026-08-11T09:49:35.502+0000] {processor.py:161} INFO - Started process (PID=1674) to work on /opt/airflow/dags/constructor_standings.py
[2026-08-11T09:49:35.503+0000] {processor.py:830} INFO - Processing file /opt/airflow/dags/constructor_standings.py for tasks to queue
[2026-08-11T09:49:35.506+0000] {logging_mixin.py:188} INFO - [2026-08-11T09:49:35.505+0000] {dagbag.py:545} INFO - Filling up the DagBag from /opt/airflow/dags/constructor_standings.py
[2026-08-11T09:49:35.599+0000] {processor.py:840} INFO - DAG(s) 'constructor_standings' retrieved from /opt/airflow/dags/constructor_standings.py
[2026-08-11T09:49:35.627+0000] {logging_mixin.py:188} INFO - [2026-08-11T09:49:35.627+0000] {dag.py:3096} INFO - Sync 1 DAGs
[2026-08-11T09:49:35.640+0000] {logging_mixin.py:188} INFO - [2026-08-11T09:49:35.640+0000] {dag.py:3954} INFO - Setting next_dagrun for constructor_standings to None, run_after=None
[2026-08-11T09:49:35.661+0000] {processor.py:183} INFO - Processing /opt/airflow/dags/constructor_standings.py took 0.165 seconds
[2026-08-11T09:50:06.714+0000] {processor.py:161} INFO - Started process (PID=1690) to work on /opt/airflow/dags/constructor_standings.py
[2026-08-11T09:50:06.719+0000] {processor.py:830} INFO - Processing file /opt/airflow/dags/constructor_standings.py for tasks to queue
[2026-08-11T09:50:06.724+0000] {logging_mixin.py:188} INFO - [2026-08-11T09:50:06.724+0000] {dagbag.py:545} INFO - Filling up the DagBag from /opt/airflow/dags/constructor_standings.py
[2026-08-11T09:50:06.881+0000] {processor.py:840} INFO - DAG(s) 'constructor_standings' retrieved from /opt/airflow/dags/constructor_standings.py
[2026-08-11T09:50:06.925+0000] {logging_mixin.py:188} INFO - [2026-08-11T09:50:06.924+0000] {dag.py:3096} INFO - Sync 1 DAGs
[2026-08-11T09:50:06.954+0000] {logging_mixin.py:188} INFO - [2026-08-11T09:50:06.953+0000] {dag.py:3954} INFO - Setting next_dagrun for constructor_standings to None, run_after=None
[2026-08-11T09:50:07.062+0000] {processor.py:183} INFO - Processing /opt/airflow/dags/constructor_standings.py took 0.355 seconds
[2026-08-11T09:50:37.927+0000] {processor.py:161} INFO - Started process (PID=1706) to work on /opt/airflow/dags/constructor_standings.py
[2026-08-11T09:50:37.942+0000] {processor.py:830} INFO - Processing file /opt/airflow/dags/constructor_standings.py for tasks to queue
[2026-08-11T09:50:37.948+0000] {logging_mixin.py:188} INFO - [2026-08-11T09:50:37.947+0000] {dagbag.py:545} INFO - Filling up the DagBag from /opt/airflow/dags/constructor_standings.py
[2026-08-11T09:50:38.133+0000] {processor.py:840} INFO - DAG(s) 'constructor_standings' retrieved from /opt/airflow/dags/constructor_standings.py
[2026-08-11T09:50:38.174+0000] {logging_mixin.py:188} INFO - [2026-08-11T09:50:38.173+0000] {dag.py:3096} INFO - Sync 1 DAGs
[2026-08-11T09:50:38.192+0000] {logging_mixin.py:188} INFO - [2026-08-11T09:50:38.192+0000] {dag.py:3954} INFO - Setting next_dagrun for constructor_standings to None, run_after=None
[2026-08-11T09:50:38.213+0000] {processor.py:183} INFO - Processing /opt/airflow/dags/constructor_standings.py took 0.373 seconds
[2026-08-11T09:51:09.698+0000] {processor.py:161} INFO - Started process (PID=1722) to work on /opt/airflow/dags/constructor_standings.py
[2026-08-11T09:51:09.708+0000] {processor.py:830} INFO - Processing file /opt/airflow/dags/constructor_standings.py for tasks to queue
[2026-08-11T09:51:09.721+0000] {logging_mixin.py:188} INFO - [2026-08-11T09:51:09.719+0000] {dagbag.py:545} INFO - Filling up the DagBag from /opt/airflow/dags/constructor_standings.py
[2026-08-11T09:51:10.255+0000] {processor.py:840} INFO - DAG(s) 'constructor_standings' retrieved from /opt/airflow/dags/constructor_standings.py
[2026-08-11T09:51:10.379+0000] {logging_mixin.py:188} INFO - [2026-08-11T09:51:10.378+0000] {dag.py:3096} INFO - Sync 1 DAGs
[2026-08-11T09:51:10.425+0000] {logging_mixin.py:188} INFO - [2026-08-11T09:51:10.425+0000] {dag.py:3954} INFO - Setting next_dagrun for constructor_standings to None, run_after=None
[2026-08-11T09:51:10.483+0000] {processor.py:183} INFO - Processing /opt/airflow/dags/constructor_standings.py took 0.822 seconds
[2026-08-11T09:51:41.136+0000] {processor.py:161} INFO - Started process (PID=1738) to work on /opt/airflow/dags/constructor_standings.py
[2026-08-11T09:51:41.139+0000] {processor.py:830} INFO - Processing file /opt/airflow/dags/constructor_standings.py for tasks to queue
[2026-08-11T09:51:41.145+0000] {logging_mixin.py:188} INFO - [2026-08-11T09:51:41.143+0000] {dagbag.py:545} INFO - Filling up the DagBag from /opt/airflow/dags/constructor_standings.py
[2026-08-11T09:51:41.459+0000] {processor.py:840} INFO - DAG(s) 'constructor_standings' retrieved from /opt/airflow/dags/constructor_standings.py
[2026-08-11T09:51:41.572+0000] {logging_mixin.py:188} INFO - [2026-08-11T09:51:41.571+0000] {dag.py:3096} INFO - Sync 1 DAGs
[2026-08-11T09:51:41.615+0000] {logging_mixin.py:188} INFO - [2026-08-11T09:51:41.615+0000] {dag.py:3954} INFO - Setting next_dagrun for constructor_standings to None, run_after=None
[2026-08-11T09:51:41.673+0000] {processor.py:183} INFO - Processing /opt/airflow/dags/constructor_standings.py took 0.556 seconds
[2026-08-11T09:52:12.635+0000] {processor.py:161} INFO - Started process (PID=1754) to work on /opt/airflow/dags/constructor_standings.py
[2026-08-11T09:52:12.637+0000] {processor.py:830} INFO - Processing file /opt/airflow/dags/constructor_standings.py for tasks to queue
[2026-08-11T09:52:12.640+0000] {logging_mixin.py:188} INFO - [2026-08-11T09:52:12.640+0000] {dagbag.py:545} INFO - Filling up the DagBag from /opt/airflow/dags/constructor_standings.py
[2026-08-11T09:52:13.449+0000] {processor.py:840} INFO - DAG(s) 'constructor_standings' retrieved from /opt/airflow/dags/constructor_standings.py
[2026-08-11T09:52:13.613+0000] {logging_mixin.py:188} INFO - [2026-08-11T09:52:13.612+0000] {dag.py:3096} INFO - Sync 1 DAGs
[2026-08-11T09:52:13.766+0000] {logging_mixin.py:188} INFO - [2026-08-11T09:52:13.765+0000] {dag.py:3954} INFO - Setting next_dagrun for constructor_standings to None, run_after=None
[2026-08-11T09:52:13.830+0000] {processor.py:183} INFO - Processing /opt/airflow/dags/constructor_standings.py took 1.226 seconds
[2026-08-11T09:52:44.675+0000] {processor.py:161} INFO - Started process (PID=1770) to work on /opt/airflow/dags/constructor_standings.py
[2026-08-11T09:52:44.677+0000] {processor.py:830} INFO - Processing file /opt/airflow/dags/constructor_standings.py for tasks to queue
[2026-08-11T09:52:44.681+0000] {logging_mixin.py:188} INFO - [2026-08-11T09:52:44.681+0000] {dagbag.py:545} INFO - Filling up the DagBag from /opt/airflow/dags/constructor_standings.py
[2026-08-11T09:52:45.048+0000] {processor.py:840} INFO - DAG(s) 'constructor_standings' retrieved from /opt/airflow/dags/constructor_standings.py
[2026-08-11T09:52:45.240+0000] {logging_mixin.py:188} INFO - [2026-08-11T09:52:45.239+0000] {dag.py:3096} INFO - Sync 1 DAGs
[2026-08-11T09:52:45.300+0000] {logging_mixin.py:188} INFO - [2026-08-11T09:52:45.299+0000] {dag.py:3954} INFO - Setting next_dagrun for constructor_standings to None, run_after=None
[2026-08-11T09:52:45.373+0000] {processor.py:183} INFO - Processing /opt/airflow/dags/constructor_standings.py took 0.709 seconds
[2026-08-11T11:52:56.271+0000] {processor.py:161} INFO - Started process (PID=1780) to work on /opt/airflow/dags/constructor_standings.py
[2026-08-11T11:52:56.291+0000] {processor.py:830} INFO - Processing file /opt/airflow/dags/constructor_standings.py for tasks to queue
[2026-08-11T11:52:57.703+0000] {logging_mixin.py:188} INFO - [2026-08-11T11:52:57.684+0000] {dagbag.py:545} INFO - Filling up the DagBag from /opt/airflow/dags/constructor_standings.py
[2026-08-11T11:53:06.167+0000] {processor.py:840} INFO - DAG(s) 'constructor_standings' retrieved from /opt/airflow/dags/constructor_standings.py
[2026-08-11T11:53:09.626+0000] {logging_mixin.py:188} INFO - [2026-08-11T11:53:09.624+0000] {dag.py:3096} INFO - Sync 1 DAGs
[2026-08-11T11:53:09.974+0000] {logging_mixin.py:188} INFO - [2026-08-11T11:53:09.974+0000] {dag.py:3954} INFO - Setting next_dagrun for constructor_standings to None, run_after=None
[2026-08-11T11:53:10.165+0000] {processor.py:183} INFO - Processing /opt/airflow/dags/constructor_standings.py took 13.156 seconds
[2026-08-11T11:53:40.525+0000] {processor.py:161} INFO - Started process (PID=1796) to work on /opt/airflow/dags/constructor_standings.py
[2026-08-11T11:53:40.529+0000] {processor.py:830} INFO - Processing file /opt/airflow/dags/constructor_standings.py for tasks to queue
[2026-08-11T11:53:40.540+0000] {logging_mixin.py:188} INFO - [2026-08-11T11:53:40.538+0000] {dagbag.py:545} INFO - Filling up the DagBag from /opt/airflow/dags/constructor_standings.py
[2026-08-11T11:53:40.858+0000] {processor.py:840} INFO - DAG(s) 'constructor_standings' retrieved from /opt/airflow/dags/constructor_standings.py
[2026-08-11T11:53:40.912+0000] {logging_mixin.py:188} INFO - [2026-08-11T11:53:40.911+0000] {dag.py:3096} INFO - Sync 1 DAGs
[2026-08-11T11:53:40.945+0000] {logging_mixin.py:188} INFO - [2026-08-11T11:53:40.944+0000] {dag.py:3954} INFO - Setting next_dagrun for constructor_standings to None, run_after=None
[2026-08-11T11:53:40.978+0000] {processor.py:183} INFO - Processing /opt/airflow/dags/constructor_standings.py took 0.491 seconds
[2026-08-11T11:54:11.208+0000] {processor.py:161} INFO - Started process (PID=1812) to work on /opt/airflow/dags/constructor_standings.py
[2026-08-11T11:54:11.211+0000] {processor.py:830} INFO - Processing file /opt/airflow/dags/constructor_standings.py for tasks to queue
[2026-08-11T11:54:11.214+0000] {logging_mixin.py:188} INFO - [2026-08-11T11:54:11.214+0000] {dagbag.py:545} INFO - Filling up the DagBag from /opt/airflow/dags/constructor_standings.py
[2026-08-11T11:54:11.368+0000] {processor.py:840} INFO - DAG(s) 'constructor_standings' retrieved from /opt/airflow/dags/constructor_standings.py
[2026-08-11T11:54:11.412+0000] {logging_mixin.py:188} INFO - [2026-08-11T11:54:11.412+0000] {dag.py:3096} INFO - Sync 1 DAGs
[2026-08-11T11:54:11.435+0000] {logging_mixin.py:188} INFO - [2026-08-11T11:54:11.434+0000] {dag.py:3954} INFO - Setting next_dagrun for constructor_standings to None, run_after=None
[2026-08-11T11:54:11.461+0000] {processor.py:183} INFO - Processing /opt/airflow/dags/constructor_standings.py took 0.270 seconds
[2026-08-11T11:54:41.933+0000] {processor.py:161} INFO - Started process (PID=1828) to work on /opt/airflow/dags/constructor_standings.py
[2026-08-11T11:54:41.943+0000] {processor.py:830} INFO - Processing file /opt/airflow/dags/constructor_standings.py for tasks to queue
[2026-08-11T11:54:41.946+0000] {logging_mixin.py:188} INFO - [2026-08-11T11:54:41.946+0000] {dagbag.py:545} INFO - Filling up the DagBag from /opt/airflow/dags/constructor_standings.py
[2026-08-11T11:54:42.070+0000] {processor.py:840} INFO - DAG(s) 'constructor_standings' retrieved from /opt/airflow/dags/constructor_standings.py
[2026-08-11T11:54:42.104+0000] {logging_mixin.py:188} INFO - [2026-08-11T11:54:42.103+0000] {dag.py:3096} INFO - Sync 1 DAGs
[2026-08-11T11:54:42.163+0000] {logging_mixin.py:188} INFO - [2026-08-11T11:54:42.162+0000] {dag.py:3954} INFO - Setting next_dagrun for constructor_standings to None, run_after=None
[2026-08-11T11:54:42.224+0000] {processor.py:183} INFO - Processing /opt/airflow/dags/constructor_standings.py took 0.297 seconds
[2026-08-11T11:55:12.406+0000] {processor.py:161} INFO - Started process (PID=1844) to work on /opt/airflow/dags/constructor_standings.py
[2026-08-11T11:55:12.407+0000] {processor.py:830} INFO - Processing file /opt/airflow/dags/constructor_standings.py for tasks to queue
[2026-08-11T11:55:12.410+0000] {logging_mixin.py:188} INFO - [2026-08-11T11:55:12.409+0000] {dagbag.py:545} INFO - Filling up the DagBag from /opt/airflow/dags/constructor_standings.py
[2026-08-11T11:55:12.532+0000] {processor.py:840} INFO - DAG(s) 'constructor_standings' retrieved from /opt/airflow/dags/constructor_standings.py
[2026-08-11T11:55:12.565+0000] {logging_mixin.py:188} INFO - [2026-08-11T11:55:12.564+0000] {dag.py:3096} INFO - Sync 1 DAGs
[2026-08-11T11:55:12.587+0000] {logging_mixin.py:188} INFO - [2026-08-11T11:55:12.586+0000] {dag.py:3954} INFO - Setting next_dagrun for constructor_standings to None, run_after=None
[2026-08-11T11:55:12.652+0000] {processor.py:183} INFO - Processing /opt/airflow/dags/constructor_standings.py took 0.252 seconds
[2026-08-11T11:55:43.725+0000] {processor.py:161} INFO - Started process (PID=1860) to work on /opt/airflow/dags/constructor_standings.py
[2026-08-11T11:55:43.728+0000] {processor.py:830} INFO - Processing file /opt/airflow/dags/constructor_standings.py for tasks to queue
[2026-08-11T11:55:43.737+0000] {logging_mixin.py:188} INFO - [2026-08-11T11:55:43.736+0000] {dagbag.py:545} INFO - Filling up the DagBag from /opt/airflow/dags/constructor_standings.py
[2026-08-11T11:55:44.003+0000] {processor.py:840} INFO - DAG(s) 'constructor_standings' retrieved from /opt/airflow/dags/constructor_standings.py
[2026-08-11T11:55:44.062+0000] {logging_mixin.py:188} INFO - [2026-08-11T11:55:44.061+0000] {dag.py:3096} INFO - Sync 1 DAGs
[2026-08-11T11:55:44.093+0000] {logging_mixin.py:188} INFO - [2026-08-11T11:55:44.093+0000] {dag.py:3954} INFO - Setting next_dagrun for constructor_standings to None, run_after=None
[2026-08-11T11:55:44.158+0000] {processor.py:183} INFO - Processing /opt/airflow/dags/constructor_standings.py took 0.456 seconds
[2026-08-11T11:56:14.422+0000] {processor.py:161} INFO - Started process (PID=1876) to work on /opt/airflow/dags/constructor_standings.py
[2026-08-11T11:56:14.423+0000] {processor.py:830} INFO - Processing file /opt/airflow/dags/constructor_standings.py for tasks to queue
[2026-08-11T11:56:14.427+0000] {logging_mixin.py:188} INFO - [2026-08-11T11:56:14.426+0000] {dagbag.py:545} INFO - Filling up the DagBag from /opt/airflow/dags/constructor_standings.py
[2026-08-11T11:56:14.577+0000] {processor.py:840} INFO - DAG(s) 'constructor_standings' retrieved from /opt/airflow/dags/constructor_standings.py
[2026-08-11T11:56:14.614+0000] {logging_mixin.py:188} INFO - [2026-08-11T11:56:14.614+0000] {dag.py:3096} INFO - Sync 1 DAGs
[2026-08-11T11:56:14.639+0000] {logging_mixin.py:188} INFO - [2026-08-11T11:56:14.638+0000] {dag.py:3954} INFO - Setting next_dagrun for constructor_standings to None, run_after=None
[2026-08-11T11:56:14.669+0000] {processor.py:183} INFO - Processing /opt/airflow/dags/constructor_standings.py took 0.258 seconds
[2026-08-11T11:56:44.863+0000] {processor.py:161} INFO - Started process (PID=1892) to work on /opt/airflow/dags/constructor_standings.py
[2026-08-11T11:56:44.865+0000] {processor.py:830} INFO - Processing file /opt/airflow/dags/constructor_standings.py for tasks to queue
[2026-08-11T11:56:44.868+0000] {logging_mixin.py:188} INFO - [2026-08-11T11:56:44.868+0000] {dagbag.py:545} INFO - Filling up the DagBag from /opt/airflow/dags/constructor_standings.py
[2026-08-11T11:56:44.987+0000] {processor.py:840} INFO - DAG(s) 'constructor_standings' retrieved from /opt/airflow/dags/constructor_standings.py
[2026-08-11T11:56:45.015+0000] {logging_mixin.py:188} INFO - [2026-08-11T11:56:45.014+0000] {dag.py:3096} INFO - Sync 1 DAGs
[2026-08-11T11:56:45.030+0000] {logging_mixin.py:188} INFO - [2026-08-11T11:56:45.029+0000] {dag.py:3954} INFO - Setting next_dagrun for constructor_standings to None, run_after=None
[2026-08-11T11:56:45.051+0000] {processor.py:183} INFO - Processing /opt/airflow/dags/constructor_standings.py took 0.197 seconds
[2026-08-11T11:57:15.181+0000] {processor.py:161} INFO - Started process (PID=1908) to work on /opt/airflow/dags/constructor_standings.py
[2026-08-11T11:57:15.184+0000] {processor.py:830} INFO - Processing file /opt/airflow/dags/constructor_standings.py for tasks to queue
[2026-08-11T11:57:15.190+0000] {logging_mixin.py:188} INFO - [2026-08-11T11:57:15.190+0000] {dagbag.py:545} INFO - Filling up the DagBag from /opt/airflow/dags/constructor_standings.py
[2026-08-11T11:57:15.368+0000] {processor.py:840} INFO - DAG(s) 'constructor_standings' retrieved from /opt/airflow/dags/constructor_standings.py
[2026-08-11T11:57:15.476+0000] {logging_mixin.py:188} INFO - [2026-08-11T11:57:15.475+0000] {dag.py:3096} INFO - Sync 1 DAGs
[2026-08-11T11:57:15.513+0000] {logging_mixin.py:188} INFO - [2026-08-11T11:57:15.513+0000] {dag.py:3954} INFO - Setting next_dagrun for constructor_standings to None, run_after=None
[2026-08-11T11:57:15.546+0000] {processor.py:183} INFO - Processing /opt/airflow/dags/constructor_standings.py took 0.375 seconds
[2026-08-11T11:57:45.686+0000] {processor.py:161} INFO - Started process (PID=1924) to work on /opt/airflow/dags/constructor_standings.py
[2026-08-11T11:57:45.687+0000] {processor.py:830} INFO - Processing file /opt/airflow/dags/constructor_standings.py for tasks to queue
[2026-08-11T11:57:45.691+0000] {logging_mixin.py:188} INFO - [2026-08-11T11:57:45.691+0000] {dagbag.py:545} INFO - Filling up the DagBag from /opt/airflow/dags/constructor_standings.py
[2026-08-11T11:57:45.791+0000] {processor.py:840} INFO - DAG(s) 'constructor_standings' retrieved from /opt/airflow/dags/constructor_standings.py
[2026-08-11T11:57:45.816+0000] {logging_mixin.py:188} INFO - [2026-08-11T11:57:45.816+0000] {dag.py:3096} INFO - Sync 1 DAGs
[2026-08-11T11:57:45.829+0000] {logging_mixin.py:188} INFO - [2026-08-11T11:57:45.829+0000] {dag.py:3954} INFO - Setting next_dagrun for constructor_standings to None, run_after=None
[2026-08-11T11:57:45.849+0000] {processor.py:183} INFO - Processing /opt/airflow/dags/constructor_standings.py took 0.169 seconds
[2026-08-11T11:58:16.066+0000] {processor.py:161} INFO - Started process (PID=1940) to work on /opt/airflow/dags/constructor_standings.py
[2026-08-11T11:58:16.068+0000] {processor.py:830} INFO - Processing file /opt/airflow/dags/constructor_standings.py for tasks to queue
[2026-08-11T11:58:16.071+0000] {logging_mixin.py:188} INFO - [2026-08-11T11:58:16.070+0000] {dagbag.py:545} INFO - Filling up the DagBag from /opt/airflow/dags/constructor_standings.py
[2026-08-11T11:58:16.186+0000] {processor.py:840} INFO - DAG(s) 'constructor_standings' retrieved from /opt/airflow/dags/constructor_standings.py
[2026-08-11T11:58:16.216+0000] {logging_mixin.py:188} INFO - [2026-08-11T11:58:16.216+0000] {dag.py:3096} INFO - Sync 1 DAGs
[2026-08-11T11:58:16.247+0000] {logging_mixin.py:188} INFO - [2026-08-11T11:58:16.246+0000] {dag.py:3954} INFO - Setting next_dagrun for constructor_standings to None, run_after=None
[2026-08-11T11:58:16.291+0000] {processor.py:183} INFO - Processing /opt/airflow/dags/constructor_standings.py took 0.243 seconds
[2026-08-11T11:58:47.352+0000] {processor.py:161} INFO - Started process (PID=1956) to work on /opt/airflow/dags/constructor_standings.py
[2026-08-11T11:58:47.353+0000] {processor.py:830} INFO - Processing file /opt/airflow/dags/constructor_standings.py for tasks to queue
[2026-08-11T11:58:47.356+0000] {logging_mixin.py:188} INFO - [2026-08-11T11:58:47.355+0000] {dagbag.py:545} INFO - Filling up the DagBag from /opt/airflow/dags/constructor_standings.py
[2026-08-11T11:58:47.473+0000] {processor.py:840} INFO - DAG(s) 'constructor_standings' retrieved from /opt/airflow/dags/constructor_standings.py
[2026-08-11T11:58:47.515+0000] {logging_mixin.py:188} INFO - [2026-08-11T11:58:47.515+0000] {dag.py:3096} INFO - Sync 1 DAGs
[2026-08-11T11:58:47.546+0000] {logging_mixin.py:188} INFO - [2026-08-11T11:58:47.545+0000] {dag.py:3954} INFO - Setting next_dagrun for constructor_standings to None, run_after=None
[2026-08-11T11:58:47.582+0000] {processor.py:183} INFO - Processing /opt/airflow/dags/constructor_standings.py took 0.246 seconds
[2026-08-11T11:59:18.828+0000] {processor.py:161} INFO - Started process (PID=1972) to work on /opt/airflow/dags/constructor_standings.py
[2026-08-11T11:59:18.830+0000] {processor.py:830} INFO - Processing file /opt/airflow/dags/constructor_standings.py for tasks to queue
[2026-08-11T11:59:18.833+0000] {logging_mixin.py:188} INFO - [2026-08-11T11:59:18.832+0000] {dagbag.py:545} INFO - Filling up the DagBag from /opt/airflow/dags/constructor_standings.py
[2026-08-11T11:59:18.977+0000] {processor.py:840} INFO - DAG(s) 'constructor_standings' retrieved from /opt/airflow/dags/constructor_standings.py
[2026-08-11T11:59:19.005+0000] {logging_mixin.py:188} INFO - [2026-08-11T11:59:19.005+0000] {dag.py:3096} INFO - Sync 1 DAGs
[2026-08-11T11:59:19.018+0000] {logging_mixin.py:188} INFO - [2026-08-11T11:59:19.018+0000] {dag.py:3954} INFO - Setting next_dagrun for constructor_standings to None, run_after=None
[2026-08-11T11:59:19.044+0000] {processor.py:183} INFO - Processing /opt/airflow/dags/constructor_standings.py took 0.223 seconds
[2026-08-11T11:59:51.089+0000] {processor.py:161} INFO - Started process (PID=1988) to work on /opt/airflow/dags/constructor_standings.py
[2026-08-11T11:59:51.090+0000] {processor.py:830} INFO - Processing file /opt/airflow/dags/constructor_standings.py for tasks to queue
[2026-08-11T11:59:51.093+0000] {logging_mixin.py:188} INFO - [2026-08-11T11:59:51.092+0000] {dagbag.py:545} INFO - Filling up the DagBag from /opt/airflow/dags/constructor_standings.py
[2026-08-11T11:59:51.191+0000] {processor.py:840} INFO - DAG(s) 'constructor_standings' retrieved from /opt/airflow/dags/constructor_standings.py
[2026-08-11T11:59:51.216+0000] {logging_mixin.py:188} INFO - [2026-08-11T11:59:51.216+0000] {dag.py:3096} INFO - Sync 1 DAGs
[2026-08-11T11:59:51.229+0000] {logging_mixin.py:188} INFO - [2026-08-11T11:59:51.228+0000] {dag.py:3954} INFO - Setting next_dagrun for constructor_standings to None, run_after=None
[2026-08-11T11:59:51.249+0000] {processor.py:183} INFO - Processing /opt/airflow/dags/constructor_standings.py took 0.165 seconds
[2026-08-11T12:00:23.055+0000] {processor.py:161} INFO - Started process (PID=2004) to work on /opt/airflow/dags/constructor_standings.py
[2026-08-11T12:00:23.057+0000] {processor.py:830} INFO - Processing file /opt/airflow/dags/constructor_standings.py for tasks to queue
[2026-08-11T12:00:23.062+0000] {logging_mixin.py:188} INFO - [2026-08-11T12:00:23.062+0000] {dagbag.py:545} INFO - Filling up the DagBag from /opt/airflow/dags/constructor_standings.py
[2026-08-11T12:00:23.160+0000] {processor.py:840} INFO - DAG(s) 'constructor_standings' retrieved from /opt/airflow/dags/constructor_standings.py
[2026-08-11T12:00:23.185+0000] {logging_mixin.py:188} INFO - [2026-08-11T12:00:23.185+0000] {dag.py:3096} INFO - Sync 1 DAGs
[2026-08-11T12:00:23.198+0000] {logging_mixin.py:188} INFO - [2026-08-11T12:00:23.197+0000] {dag.py:3954} INFO - Setting next_dagrun for constructor_standings to None, run_after=None
[2026-08-11T12:00:23.220+0000] {processor.py:183} INFO - Processing /opt/airflow/dags/constructor_standings.py took 0.173 seconds
[2026-08-11T12:00:54.250+0000] {processor.py:161} INFO - Started process (PID=2020) to work on /opt/airflow/dags/constructor_standings.py
[2026-08-11T12:00:54.253+0000] {processor.py:830} INFO - Processing file /opt/airflow/dags/constructor_standings.py for tasks to queue
[2026-08-11T12:00:54.259+0000] {logging_mixin.py:188} INFO - [2026-08-11T12:00:54.258+0000] {dagbag.py:545} INFO - Filling up the DagBag from /opt/airflow/dags/constructor_standings.py
[2026-08-11T12:00:54.414+0000] {processor.py:840} INFO - DAG(s) 'constructor_standings' retrieved from /opt/airflow/dags/constructor_standings.py
[2026-08-11T12:00:54.442+0000] {logging_mixin.py:188} INFO - [2026-08-11T12:00:54.442+0000] {dag.py:3096} INFO - Sync 1 DAGs
[2026-08-11T12:00:54.456+0000] {logging_mixin.py:188} INFO - [2026-08-11T12:00:54.456+0000] {dag.py:3954} INFO - Setting next_dagrun for constructor_standings to None, run_after=None
[2026-08-11T12:00:54.480+0000] {processor.py:183} INFO - Processing /opt/airflow/dags/constructor_standings.py took 0.241 seconds
[2026-08-11T12:01:24.560+0000] {processor.py:161} INFO - Started process (PID=2036) to work on /opt/airflow/dags/constructor_standings.py
[2026-08-11T12:01:24.562+0000] {processor.py:830} INFO - Processing file /opt/airflow/dags/constructor_standings.py for tasks to queue
[2026-08-11T12:01:24.566+0000] {logging_mixin.py:188} INFO - [2026-08-11T12:01:24.566+0000] {dagbag.py:545} INFO - Filling up the DagBag from /opt/airflow/dags/constructor_standings.py
[2026-08-11T12:01:25.924+0000] {processor.py:840} INFO - DAG(s) 'constructor_standings' retrieved from /opt/airflow/dags/constructor_standings.py
[2026-08-11T12:01:25.952+0000] {logging_mixin.py:188} INFO - [2026-08-11T12:01:25.952+0000] {dag.py:3096} INFO - Sync 1 DAGs
[2026-08-11T12:01:25.965+0000] {logging_mixin.py:188} INFO - [2026-08-11T12:01:25.965+0000] {dag.py:3954} INFO - Setting next_dagrun for constructor_standings to None, run_after=None
[2026-08-11T12:01:25.992+0000] {processor.py:183} INFO - Processing /opt/airflow/dags/constructor_standings.py took 0.200 seconds
[2026-08-11T12:01:58.180+0000] {processor.py:161} INFO - Started process (PID=2052) to work on /opt/airflow/dags/constructor_standings.py
[2026-08-11T12:01:58.183+0000] {processor.py:830} INFO - Processing file /opt/airflow/dags/constructor_standings.py for tasks to queue
[2026-08-11T12:01:58.189+0000] {logging_mixin.py:188} INFO - [2026-08-11T12:01:58.188+0000] {dagbag.py:545} INFO - Filling up the DagBag from /opt/airflow/dags/constructor_standings.py
[2026-08-11T12:01:58.368+0000] {processor.py:840} INFO - DAG(s) 'constructor_standings' retrieved from /opt/airflow/dags/constructor_standings.py
[2026-08-11T12:01:58.466+0000] {logging_mixin.py:188} INFO - [2026-08-11T12:01:58.465+0000] {dag.py:3096} INFO - Sync 1 DAGs
[2026-08-11T12:01:58.537+0000] {logging_mixin.py:188} INFO - [2026-08-11T12:01:58.536+0000] {dag.py:3954} INFO - Setting next_dagrun for constructor_standings to None, run_after=None
[2026-08-11T12:01:58.611+0000] {processor.py:183} INFO - Processing /opt/airflow/dags/constructor_standings.py took 0.441 seconds
[2026-08-11T12:02:29.989+0000] {processor.py:161} INFO - Started process (PID=2068) to work on /opt/airflow/dags/constructor_standings.py
[2026-08-11T12:02:29.991+0000] {processor.py:830} INFO - Processing file /opt/airflow/dags/constructor_standings.py for tasks to queue
[2026-08-11T12:02:29.994+0000] {logging_mixin.py:188} INFO - [2026-08-11T12:02:29.993+0000] {dagbag.py:545} INFO - Filling up the DagBag from /opt/airflow/dags/constructor_standings.py
[2026-08-11T12:02:30.245+0000] {processor.py:840} INFO - DAG(s) 'constructor_standings' retrieved from /opt/airflow/dags/constructor_standings.py
[2026-08-11T12:02:30.354+0000] {logging_mixin.py:188} INFO - [2026-08-11T12:02:30.353+0000] {dag.py:3096} INFO - Sync 1 DAGs
[2026-08-11T12:02:30.413+0000] {logging_mixin.py:188} INFO - [2026-08-11T12:02:30.412+0000] {dag.py:3954} INFO - Setting next_dagrun for constructor_standings to None, run_after=None
[2026-08-11T12:02:30.482+0000] {processor.py:183} INFO - Processing /opt/airflow/dags/constructor_standings.py took 0.504 seconds
[2026-08-11T12:03:01.488+0000] {processor.py:161} INFO - Started process (PID=2084) to work on /opt/airflow/dags/constructor_standings.py
[2026-08-11T12:03:01.489+0000] {processor.py:830} INFO - Processing file /opt/airflow/dags/constructor_standings.py for tasks to queue
[2026-08-11T12:03:01.492+0000] {logging_mixin.py:188} INFO - [2026-08-11T12:03:01.492+0000] {dagbag.py:545} INFO - Filling up the DagBag from /opt/airflow/dags/constructor_standings.py
[2026-08-11T12:03:01.632+0000] {processor.py:840} INFO - DAG(s) 'constructor_standings' retrieved from /opt/airflow/dags/constructor_standings.py
[2026-08-11T12:03:01.659+0000] {logging_mixin.py:188} INFO - [2026-08-11T12:03:01.658+0000] {dag.py:3096} INFO - Sync 1 DAGs
[2026-08-11T12:03:01.671+0000] {logging_mixin.py:188} INFO - [2026-08-11T12:03:01.671+0000] {dag.py:3954} INFO - Setting next_dagrun for constructor_standings to None, run_after=None
[2026-08-11T12:03:01.695+0000] {processor.py:183} INFO - Processing /opt/airflow/dags/constructor_standings.py took 0.214 seconds
[2026-08-11T12:03:31.964+0000] {processor.py:161} INFO - Started process (PID=2100) to work on /opt/airflow/dags/constructor_standings.py
[2026-08-11T12:03:31.982+0000] {processor.py:830} INFO - Processing file /opt/airflow/dags/constructor_standings.py for tasks to queue
[2026-08-11T12:03:33.273+0000] {logging_mixin.py:188} INFO - [2026-08-11T12:03:33.268+0000] {dagbag.py:545} INFO - Filling up the DagBag from /opt/airflow/dags/constructor_standings.py
[2026-08-11T12:03:33.676+0000] {processor.py:840} INFO - DAG(s) 'constructor_standings' retrieved from /opt/airflow/dags/constructor_standings.py
[2026-08-11T12:03:33.728+0000] {logging_mixin.py:188} INFO - [2026-08-11T12:03:33.727+0000] {dag.py:3096} INFO - Sync 1 DAGs
[2026-08-11T12:03:33.794+0000] {logging_mixin.py:188} INFO - [2026-08-11T12:03:33.793+0000] {dag.py:3954} INFO - Setting next_dagrun for constructor_standings to None, run_after=None
[2026-08-11T12:03:33.847+0000] {processor.py:183} INFO - Processing /opt/airflow/dags/constructor_standings.py took 0.742 seconds
[2026-08-11T12:04:05.366+0000] {processor.py:161} INFO - Started process (PID=2116) to work on /opt/airflow/dags/constructor_standings.py
[2026-08-11T12:04:05.370+0000] {processor.py:830} INFO - Processing file /opt/airflow/dags/constructor_standings.py for tasks to queue
[2026-08-11T12:04:05.379+0000] {logging_mixin.py:188} INFO - [2026-08-11T12:04:05.379+0000] {dagbag.py:545} INFO - Filling up the DagBag from /opt/airflow/dags/constructor_standings.py
[2026-08-11T12:04:05.635+0000] {processor.py:840} INFO - DAG(s) 'constructor_standings' retrieved from /opt/airflow/dags/constructor_standings.py
[2026-08-11T12:04:05.670+0000] {logging_mixin.py:188} INFO - [2026-08-11T12:04:05.670+0000] {dag.py:3096} INFO - Sync 1 DAGs
[2026-08-11T12:04:05.689+0000] {logging_mixin.py:188} INFO - [2026-08-11T12:04:05.689+0000] {dag.py:3954} INFO - Setting next_dagrun for constructor_standings to None, run_after=None
[2026-08-11T12:04:05.717+0000] {processor.py:183} INFO - Processing /opt/airflow/dags/constructor_standings.py took 0.370 seconds
[2026-08-11T12:04:36.987+0000] {processor.py:161} INFO - Started process (PID=2132) to work on /opt/airflow/dags/constructor_standings.py
[2026-08-11T12:04:36.989+0000] {processor.py:830} INFO - Processing file /opt/airflow/dags/constructor_standings.py for tasks to queue
[2026-08-11T12:04:36.992+0000] {logging_mixin.py:188} INFO - [2026-08-11T12:04:36.992+0000] {dagbag.py:545} INFO - Filling up the DagBag from /opt/airflow/dags/constructor_standings.py
[2026-08-11T12:04:37.148+0000] {processor.py:840} INFO - DAG(s) 'constructor_standings' retrieved from /opt/airflow/dags/constructor_standings.py
[2026-08-11T12:04:37.186+0000] {logging_mixin.py:188} INFO - [2026-08-11T12:04:37.185+0000] {dag.py:3096} INFO - Sync 1 DAGs
[2026-08-11T12:04:37.203+0000] {logging_mixin.py:188} INFO - [2026-08-11T12:04:37.203+0000] {dag.py:3954} INFO - Setting next_dagrun for constructor_standings to None, run_after=None
[2026-08-11T12:04:37.244+0000] {processor.py:183} INFO - Processing /opt/airflow/dags/constructor_standings.py took 0.264 seconds
[2026-08-11T12:05:08.844+0000] {processor.py:161} INFO - Started process (PID=2148) to work on /opt/airflow/dags/constructor_standings.py
[2026-08-11T12:05:08.846+0000] {processor.py:830} INFO - Processing file /opt/airflow/dags/constructor_standings.py for tasks to queue
[2026-08-11T12:05:08.849+0000] {logging_mixin.py:188} INFO - [2026-08-11T12:05:08.848+0000] {dagbag.py:545} INFO - Filling up the DagBag from /opt/airflow/dags/constructor_standings.py
[2026-08-11T12:05:09.018+0000] {processor.py:840} INFO - DAG(s) 'constructor_standings' retrieved from /opt/airflow/dags/constructor_standings.py
[2026-08-11T12:05:09.061+0000] {logging_mixin.py:188} INFO - [2026-08-11T12:05:09.061+0000] {dag.py:3096} INFO - Sync 1 DAGs
[2026-08-11T12:05:09.081+0000] {logging_mixin.py:188} INFO - [2026-08-11T12:05:09.081+0000] {dag.py:3954} INFO - Setting next_dagrun for constructor_standings to None, run_after=None
[2026-08-11T12:05:09.109+0000] {processor.py:183} INFO - Processing /opt/airflow/dags/constructor_standings.py took 0.273 seconds
[2026-08-11T12:05:39.274+0000] {processor.py:161} INFO - Started process (PID=2164) to work on /opt/airflow/dags/constructor_standings.py
[2026-08-11T12:05:39.276+0000] {processor.py:830} INFO - Processing file /opt/airflow/dags/constructor_standings.py for tasks to queue
[2026-08-11T12:05:39.279+0000] {logging_mixin.py:188} INFO - [2026-08-11T12:05:39.279+0000] {dagbag.py:545} INFO - Filling up the DagBag from /opt/airflow/dags/constructor_standings.py
[2026-08-11T12:05:40.726+0000] {processor.py:840} INFO - DAG(s) 'constructor_standings' retrieved from /opt/airflow/dags/constructor_standings.py
[2026-08-11T12:05:40.770+0000] {logging_mixin.py:188} INFO - [2026-08-11T12:05:40.770+0000] {dag.py:3096} INFO - Sync 1 DAGs
[2026-08-11T12:05:40.787+0000] {logging_mixin.py:188} INFO - [2026-08-11T12:05:40.787+0000] {dag.py:3954} INFO - Setting next_dagrun for constructor_standings to None, run_after=None
[2026-08-11T12:05:40.809+0000] {processor.py:183} INFO - Processing /opt/airflow/dags/constructor_standings.py took 0.290 seconds
[2026-08-11T12:06:12.944+0000] {processor.py:161} INFO - Started process (PID=2180) to work on /opt/airflow/dags/constructor_standings.py
[2026-08-11T12:06:12.945+0000] {processor.py:830} INFO - Processing file /opt/airflow/dags/constructor_standings.py for tasks to queue
[2026-08-11T12:06:12.947+0000] {logging_mixin.py:188} INFO - [2026-08-11T12:06:12.947+0000] {dagbag.py:545} INFO - Filling up the DagBag from /opt/airflow/dags/constructor_standings.py
[2026-08-11T12:06:13.121+0000] {processor.py:840} INFO - DAG(s) 'constructor_standings' retrieved from /opt/airflow/dags/constructor_standings.py
[2026-08-11T12:06:13.154+0000] {logging_mixin.py:188} INFO - [2026-08-11T12:06:13.154+0000] {dag.py:3096} INFO - Sync 1 DAGs
[2026-08-11T12:06:13.175+0000] {logging_mixin.py:188} INFO - [2026-08-11T12:06:13.174+0000] {dag.py:3954} INFO - Setting next_dagrun for constructor_standings to None, run_after=None
[2026-08-11T12:06:13.211+0000] {processor.py:183} INFO - Processing /opt/airflow/dags/constructor_standings.py took 0.275 seconds
[2026-08-11T12:06:44.348+0000] {processor.py:161} INFO - Started process (PID=2196) to work on /opt/airflow/dags/constructor_standings.py
[2026-08-11T12:06:44.350+0000] {processor.py:830} INFO - Processing file /opt/airflow/dags/constructor_standings.py for tasks to queue
[2026-08-11T12:06:44.353+0000] {logging_mixin.py:188} INFO - [2026-08-11T12:06:44.352+0000] {dagbag.py:545} INFO - Filling up the DagBag from /opt/airflow/dags/constructor_standings.py
[2026-08-11T12:06:44.741+0000] {processor.py:840} INFO - DAG(s) 'constructor_standings' retrieved from /opt/airflow/dags/constructor_standings.py
[2026-08-11T12:06:44.787+0000] {logging_mixin.py:188} INFO - [2026-08-11T12:06:44.787+0000] {dag.py:3096} INFO - Sync 1 DAGs
[2026-08-11T12:06:44.806+0000] {logging_mixin.py:188} INFO - [2026-08-11T12:06:44.806+0000] {dag.py:3954} INFO - Setting next_dagrun for constructor_standings to None, run_after=None
[2026-08-11T12:06:44.838+0000] {processor.py:183} INFO - Processing /opt/airflow/dags/constructor_standings.py took 0.497 seconds
[2026-08-11T12:07:16.380+0000] {processor.py:161} INFO - Started process (PID=2217) to work on /opt/airflow/dags/constructor_standings.py
[2026-08-11T12:07:16.384+0000] {processor.py:830} INFO - Processing file /opt/airflow/dags/constructor_standings.py for tasks to queue
[2026-08-11T12:07:16.386+0000] {logging_mixin.py:188} INFO - [2026-08-11T12:07:16.386+0000] {dagbag.py:545} INFO - Filling up the DagBag from /opt/airflow/dags/constructor_standings.py
[2026-08-11T12:07:16.490+0000] {processor.py:840} INFO - DAG(s) 'constructor_standings' retrieved from /opt/airflow/dags/constructor_standings.py
[2026-08-11T12:07:16.525+0000] {logging_mixin.py:188} INFO - [2026-08-11T12:07:16.524+0000] {dag.py:3096} INFO - Sync 1 DAGs
[2026-08-11T12:07:16.538+0000] {logging_mixin.py:188} INFO - [2026-08-11T12:07:16.538+0000] {dag.py:3954} INFO - Setting next_dagrun for constructor_standings to None, run_after=None
[2026-08-11T12:07:16.567+0000] {processor.py:183} INFO - Processing /opt/airflow/dags/constructor_standings.py took 0.215 seconds
[2026-08-11T12:07:48.143+0000] {processor.py:161} INFO - Started process (PID=2228) to work on /opt/airflow/dags/constructor_standings.py
[2026-08-11T12:07:48.146+0000] {processor.py:830} INFO - Processing file /opt/airflow/dags/constructor_standings.py for tasks to queue
[2026-08-11T12:07:48.151+0000] {logging_mixin.py:188} INFO - [2026-08-11T12:07:48.150+0000] {dagbag.py:545} INFO - Filling up the DagBag from /opt/airflow/dags/constructor_standings.py
[2026-08-11T12:07:48.629+0000] {processor.py:840} INFO - DAG(s) 'constructor_standings' retrieved from /opt/airflow/dags/constructor_standings.py
[2026-08-11T12:07:48.811+0000] {logging_mixin.py:188} INFO - [2026-08-11T12:07:48.810+0000] {dag.py:3096} INFO - Sync 1 DAGs
[2026-08-11T12:07:48.852+0000] {logging_mixin.py:188} INFO - [2026-08-11T12:07:48.852+0000] {dag.py:3954} INFO - Setting next_dagrun for constructor_standings to None, run_after=None
[2026-08-11T12:07:48.894+0000] {processor.py:183} INFO - Processing /opt/airflow/dags/constructor_standings.py took 0.790 seconds
[2026-08-11T12:08:20.437+0000] {processor.py:161} INFO - Started process (PID=2244) to work on /opt/airflow/dags/constructor_standings.py
[2026-08-11T12:08:20.446+0000] {processor.py:830} INFO - Processing file /opt/airflow/dags/constructor_standings.py for tasks to queue
[2026-08-11T12:08:20.461+0000] {logging_mixin.py:188} INFO - [2026-08-11T12:08:20.459+0000] {dagbag.py:545} INFO - Filling up the DagBag from /opt/airflow/dags/constructor_standings.py
[2026-08-11T12:08:20.709+0000] {processor.py:840} INFO - DAG(s) 'constructor_standings' retrieved from /opt/airflow/dags/constructor_standings.py
[2026-08-11T12:08:20.750+0000] {logging_mixin.py:188} INFO - [2026-08-11T12:08:20.749+0000] {dag.py:3096} INFO - Sync 1 DAGs
[2026-08-11T12:08:20.776+0000] {logging_mixin.py:188} INFO - [2026-08-11T12:08:20.776+0000] {dag.py:3954} INFO - Setting next_dagrun for constructor_standings to None, run_after=None
[2026-08-11T12:08:20.809+0000] {processor.py:183} INFO - Processing /opt/airflow/dags/constructor_standings.py took 0.382 seconds
[2026-08-11T12:08:51.972+0000] {processor.py:161} INFO - Started process (PID=2260) to work on /opt/airflow/dags/constructor_standings.py
[2026-08-11T12:08:51.975+0000] {processor.py:830} INFO - Processing file /opt/airflow/dags/constructor_standings.py for tasks to queue
[2026-08-11T12:08:51.978+0000] {logging_mixin.py:188} INFO - [2026-08-11T12:08:51.978+0000] {dagbag.py:545} INFO - Filling up the DagBag from /opt/airflow/dags/constructor_standings.py
[2026-08-11T12:08:52.173+0000] {processor.py:840} INFO - DAG(s) 'constructor_standings' retrieved from /opt/airflow/dags/constructor_standings.py
[2026-08-11T12:08:52.206+0000] {logging_mixin.py:188} INFO - [2026-08-11T12:08:52.205+0000] {dag.py:3096} INFO - Sync 1 DAGs
[2026-08-11T12:08:52.220+0000] {logging_mixin.py:188} INFO - [2026-08-11T12:08:52.220+0000] {dag.py:3954} INFO - Setting next_dagrun for constructor_standings to None, run_after=None
[2026-08-11T12:08:52.246+0000] {processor.py:183} INFO - Processing /opt/airflow/dags/constructor_standings.py took 0.281 seconds
[2026-08-11T12:09:24.230+0000] {processor.py:161} INFO - Started process (PID=2276) to work on /opt/airflow/dags/constructor_standings.py
[2026-08-11T12:09:24.232+0000] {processor.py:830} INFO - Processing file /opt/airflow/dags/constructor_standings.py for tasks to queue
[2026-08-11T12:09:24.235+0000] {logging_mixin.py:188} INFO - [2026-08-11T12:09:24.235+0000] {dagbag.py:545} INFO - Filling up the DagBag from /opt/airflow/dags/constructor_standings.py
[2026-08-11T12:09:24.448+0000] {processor.py:840} INFO - DAG(s) 'constructor_standings' retrieved from /opt/airflow/dags/constructor_standings.py
[2026-08-11T12:09:24.531+0000] {logging_mixin.py:188} INFO - [2026-08-11T12:09:24.531+0000] {dag.py:3096} INFO - Sync 1 DAGs
[2026-08-11T12:09:24.568+0000] {logging_mixin.py:188} INFO - [2026-08-11T12:09:24.568+0000] {dag.py:3954} INFO - Setting next_dagrun for constructor_standings to None, run_after=None
[2026-08-11T12:09:24.613+0000] {processor.py:183} INFO - Processing /opt/airflow/dags/constructor_standings.py took 0.394 seconds
[2026-08-11T12:09:55.637+0000] {processor.py:161} INFO - Started process (PID=2292) to work on /opt/airflow/dags/constructor_standings.py
[2026-08-11T12:09:55.640+0000] {processor.py:830} INFO - Processing file /opt/airflow/dags/constructor_standings.py for tasks to queue
[2026-08-11T12:09:55.644+0000] {logging_mixin.py:188} INFO - [2026-08-11T12:09:55.643+0000] {dagbag.py:545} INFO - Filling up the DagBag from /opt/airflow/dags/constructor_standings.py
[2026-08-11T12:09:55.804+0000] {processor.py:840} INFO - DAG(s) 'constructor_standings' retrieved from /opt/airflow/dags/constructor_standings.py
[2026-08-11T12:09:55.840+0000] {logging_mixin.py:188} INFO - [2026-08-11T12:09:55.840+0000] {dag.py:3096} INFO - Sync 1 DAGs
[2026-08-11T12:09:55.857+0000] {logging_mixin.py:188} INFO - [2026-08-11T12:09:55.856+0000] {dag.py:3954} INFO - Setting next_dagrun for constructor_standings to None, run_after=None
[2026-08-11T12:09:55.879+0000] {processor.py:183} INFO - Processing /opt/airflow/dags/constructor_standings.py took 0.259 seconds
[2026-08-11T12:10:27.625+0000] {processor.py:161} INFO - Started process (PID=2308) to work on /opt/airflow/dags/constructor_standings.py
[2026-08-11T12:10:27.633+0000] {processor.py:830} INFO - Processing file /opt/airflow/dags/constructor_standings.py for tasks to queue
[2026-08-11T12:10:27.645+0000] {logging_mixin.py:188} INFO - [2026-08-11T12:10:27.643+0000] {dagbag.py:545} INFO - Filling up the DagBag from /opt/airflow/dags/constructor_standings.py
[2026-08-11T12:10:27.914+0000] {processor.py:840} INFO - DAG(s) 'constructor_standings' retrieved from /opt/airflow/dags/constructor_standings.py
[2026-08-11T12:10:27.957+0000] {logging_mixin.py:188} INFO - [2026-08-11T12:10:27.956+0000] {dag.py:3096} INFO - Sync 1 DAGs
[2026-08-11T12:10:27.996+0000] {logging_mixin.py:188} INFO - [2026-08-11T12:10:27.995+0000] {dag.py:3954} INFO - Setting next_dagrun for constructor_standings to None, run_after=None
[2026-08-11T12:10:28.033+0000] {processor.py:183} INFO - Processing /opt/airflow/dags/constructor_standings.py took 0.427 seconds
[2026-08-11T12:10:59.254+0000] {processor.py:161} INFO - Started process (PID=2324) to work on /opt/airflow/dags/constructor_standings.py
[2026-08-11T12:10:59.256+0000] {processor.py:830} INFO - Processing file /opt/airflow/dags/constructor_standings.py for tasks to queue
[2026-08-11T12:10:59.260+0000] {logging_mixin.py:188} INFO - [2026-08-11T12:10:59.260+0000] {dagbag.py:545} INFO - Filling up the DagBag from /opt/airflow/dags/constructor_standings.py
[2026-08-11T12:10:59.434+0000] {processor.py:840} INFO - DAG(s) 'constructor_standings' retrieved from /opt/airflow/dags/constructor_standings.py
[2026-08-11T12:10:59.474+0000] {logging_mixin.py:188} INFO - [2026-08-11T12:10:59.474+0000] {dag.py:3096} INFO - Sync 1 DAGs
[2026-08-11T12:10:59.494+0000] {logging_mixin.py:188} INFO - [2026-08-11T12:10:59.493+0000] {dag.py:3954} INFO - Setting next_dagrun for constructor_standings to None, run_after=None
[2026-08-11T12:10:59.529+0000] {processor.py:183} INFO - Processing /opt/airflow/dags/constructor_standings.py took 0.284 seconds
[2026-08-11T12:11:29.689+0000] {processor.py:161} INFO - Started process (PID=2340) to work on /opt/airflow/dags/constructor_standings.py
[2026-08-11T12:11:29.690+0000] {processor.py:830} INFO - Processing file /opt/airflow/dags/constructor_standings.py for tasks to queue
[2026-08-11T12:11:29.693+0000] {logging_mixin.py:188} INFO - [2026-08-11T12:11:29.692+0000] {dagbag.py:545} INFO - Filling up the DagBag from /opt/airflow/dags/constructor_standings.py
[2026-08-11T12:11:31.088+0000] {processor.py:840} INFO - DAG(s) 'constructor_standings' retrieved from /opt/airflow/dags/constructor_standings.py
[2026-08-11T12:11:31.127+0000] {logging_mixin.py:188} INFO - [2026-08-11T12:11:31.126+0000] {dag.py:3096} INFO - Sync 1 DAGs
[2026-08-11T12:11:31.167+0000] {logging_mixin.py:188} INFO - [2026-08-11T12:11:31.167+0000] {dag.py:3954} INFO - Setting next_dagrun for constructor_standings to None, run_after=None
[2026-08-11T12:11:31.194+0000] {processor.py:183} INFO - Processing /opt/airflow/dags/constructor_standings.py took 0.233 seconds
[2026-08-11T12:12:03.353+0000] {processor.py:161} INFO - Started process (PID=2356) to work on /opt/airflow/dags/constructor_standings.py
[2026-08-11T12:12:03.356+0000] {processor.py:830} INFO - Processing file /opt/airflow/dags/constructor_standings.py for tasks to queue
[2026-08-11T12:12:03.360+0000] {logging_mixin.py:188} INFO - [2026-08-11T12:12:03.359+0000] {dagbag.py:545} INFO - Filling up the DagBag from /opt/airflow/dags/constructor_standings.py
[2026-08-11T12:12:03.535+0000] {processor.py:840} INFO - DAG(s) 'constructor_standings' retrieved from /opt/airflow/dags/constructor_standings.py
[2026-08-11T12:12:03.579+0000] {logging_mixin.py:188} INFO - [2026-08-11T12:12:03.578+0000] {dag.py:3096} INFO - Sync 1 DAGs
[2026-08-11T12:12:03.595+0000] {logging_mixin.py:188} INFO - [2026-08-11T12:12:03.595+0000] {dag.py:3954} INFO - Setting next_dagrun for constructor_standings to None, run_after=None
[2026-08-11T12:12:03.622+0000] {processor.py:183} INFO - Processing /opt/airflow/dags/constructor_standings.py took 0.285 seconds
[2026-08-11T12:12:33.731+0000] {processor.py:161} INFO - Started process (PID=2372) to work on /opt/airflow/dags/constructor_standings.py
[2026-08-11T12:12:33.732+0000] {processor.py:830} INFO - Processing file /opt/airflow/dags/constructor_standings.py for tasks to queue
[2026-08-11T12:12:33.734+0000] {logging_mixin.py:188} INFO - [2026-08-11T12:12:33.734+0000] {dagbag.py:545} INFO - Filling up the DagBag from /opt/airflow/dags/constructor_standings.py
[2026-08-11T12:12:35.188+0000] {processor.py:840} INFO - DAG(s) 'constructor_standings' retrieved from /opt/airflow/dags/constructor_standings.py
[2026-08-11T12:12:35.229+0000] {logging_mixin.py:188} INFO - [2026-08-11T12:12:35.229+0000] {dag.py:3096} INFO - Sync 1 DAGs
[2026-08-11T12:12:35.244+0000] {logging_mixin.py:188} INFO - [2026-08-11T12:12:35.244+0000] {dag.py:3954} INFO - Setting next_dagrun for constructor_standings to None, run_after=None
[2026-08-11T12:12:35.279+0000] {processor.py:183} INFO - Processing /opt/airflow/dags/constructor_standings.py took 0.276 seconds
[2026-08-11T12:13:05.640+0000] {processor.py:161} INFO - Started process (PID=2388) to work on /opt/airflow/dags/constructor_standings.py
[2026-08-11T12:13:05.653+0000] {processor.py:830} INFO - Processing file /opt/airflow/dags/constructor_standings.py for tasks to queue
[2026-08-11T12:13:05.669+0000] {logging_mixin.py:188} INFO - [2026-08-11T12:13:05.668+0000] {dagbag.py:545} INFO - Filling up the DagBag from /opt/airflow/dags/constructor_standings.py
[2026-08-11T12:13:07.402+0000] {processor.py:840} INFO - DAG(s) 'constructor_standings' retrieved from /opt/airflow/dags/constructor_standings.py
[2026-08-11T12:13:07.480+0000] {logging_mixin.py:188} INFO - [2026-08-11T12:13:07.480+0000] {dag.py:3096} INFO - Sync 1 DAGs
[2026-08-11T12:13:07.508+0000] {logging_mixin.py:188} INFO - [2026-08-11T12:13:07.507+0000] {dag.py:3954} INFO - Setting next_dagrun for constructor_standings to None, run_after=None
[2026-08-11T12:13:07.579+0000] {processor.py:183} INFO - Processing /opt/airflow/dags/constructor_standings.py took 0.786 seconds
[2026-08-11T12:13:38.580+0000] {processor.py:161} INFO - Started process (PID=2404) to work on /opt/airflow/dags/constructor_standings.py
[2026-08-11T12:13:38.584+0000] {processor.py:830} INFO - Processing file /opt/airflow/dags/constructor_standings.py for tasks to queue
[2026-08-11T12:13:38.588+0000] {logging_mixin.py:188} INFO - [2026-08-11T12:13:38.588+0000] {dagbag.py:545} INFO - Filling up the DagBag from /opt/airflow/dags/constructor_standings.py
[2026-08-11T12:13:38.720+0000] {processor.py:840} INFO - DAG(s) 'constructor_standings' retrieved from /opt/airflow/dags/constructor_standings.py
[2026-08-11T12:13:38.763+0000] {logging_mixin.py:188} INFO - [2026-08-11T12:13:38.762+0000] {dag.py:3096} INFO - Sync 1 DAGs
[2026-08-11T12:13:38.779+0000] {logging_mixin.py:188} INFO - [2026-08-11T12:13:38.778+0000] {dag.py:3954} INFO - Setting next_dagrun for constructor_standings to None, run_after=None
[2026-08-11T12:13:38.827+0000] {processor.py:183} INFO - Processing /opt/airflow/dags/constructor_standings.py took 0.261 seconds
[2026-08-11T12:14:09.131+0000] {processor.py:161} INFO - Started process (PID=2420) to work on /opt/airflow/dags/constructor_standings.py
[2026-08-11T12:14:09.138+0000] {processor.py:830} INFO - Processing file /opt/airflow/dags/constructor_standings.py for tasks to queue
[2026-08-11T12:14:09.147+0000] {logging_mixin.py:188} INFO - [2026-08-11T12:14:09.146+0000] {dagbag.py:545} INFO - Filling up the DagBag from /opt/airflow/dags/constructor_standings.py
[2026-08-11T12:14:09.387+0000] {processor.py:840} INFO - DAG(s) 'constructor_standings' retrieved from /opt/airflow/dags/constructor_standings.py
[2026-08-11T12:14:09.251+0000] {logging_mixin.py:188} INFO - [2026-08-11T12:14:09.251+0000] {dag.py:3096} INFO - Sync 1 DAGs
[2026-08-11T12:14:09.268+0000] {logging_mixin.py:188} INFO - [2026-08-11T12:14:09.267+0000] {dag.py:3954} INFO - Setting next_dagrun for constructor_standings to None, run_after=None
[2026-08-11T12:14:09.296+0000] {processor.py:183} INFO - Processing /opt/airflow/dags/constructor_standings.py took 0.380 seconds
[2026-08-11T12:14:40.094+0000] {processor.py:161} INFO - Started process (PID=2436) to work on /opt/airflow/dags/constructor_standings.py
[2026-08-11T12:14:40.096+0000] {processor.py:830} INFO - Processing file /opt/airflow/dags/constructor_standings.py for tasks to queue
[2026-08-11T12:14:40.102+0000] {logging_mixin.py:188} INFO - [2026-08-11T12:14:40.101+0000] {dagbag.py:545} INFO - Filling up the DagBag from /opt/airflow/dags/constructor_standings.py
[2026-08-11T12:14:40.243+0000] {processor.py:840} INFO - DAG(s) 'constructor_standings' retrieved from /opt/airflow/dags/constructor_standings.py
[2026-08-11T12:14:40.280+0000] {logging_mixin.py:188} INFO - [2026-08-11T12:14:40.280+0000] {dag.py:3096} INFO - Sync 1 DAGs
[2026-08-11T12:14:40.295+0000] {logging_mixin.py:188} INFO - [2026-08-11T12:14:40.295+0000] {dag.py:3954} INFO - Setting next_dagrun for constructor_standings to None, run_after=None
[2026-08-11T12:14:40.319+0000] {processor.py:183} INFO - Processing /opt/airflow/dags/constructor_standings.py took 0.233 seconds
[2026-08-11T12:15:10.521+0000] {processor.py:161} INFO - Started process (PID=2452) to work on /opt/airflow/dags/constructor_standings.py
[2026-08-11T12:15:10.523+0000] {processor.py:830} INFO - Processing file /opt/airflow/dags/constructor_standings.py for tasks to queue
[2026-08-11T12:15:10.526+0000] {logging_mixin.py:188} INFO - [2026-08-11T12:15:10.525+0000] {dagbag.py:545} INFO - Filling up the DagBag from /opt/airflow/dags/constructor_standings.py
[2026-08-11T12:15:10.661+0000] {processor.py:840} INFO - DAG(s) 'constructor_standings' retrieved from /opt/airflow/dags/constructor_standings.py
[2026-08-11T12:15:10.693+0000] {logging_mixin.py:188} INFO - [2026-08-11T12:15:10.693+0000] {dag.py:3096} INFO - Sync 1 DAGs
[2026-08-11T12:15:10.705+0000] {logging_mixin.py:188} INFO - [2026-08-11T12:15:10.705+0000] {dag.py:3954} INFO - Setting next_dagrun for constructor_standings to None, run_after=None
[2026-08-11T12:15:10.727+0000] {processor.py:183} INFO - Processing /opt/airflow/dags/constructor_standings.py took 0.214 seconds
[2026-08-11T12:15:40.945+0000] {processor.py:161} INFO - Started process (PID=2462) to work on /opt/airflow/dags/constructor_standings.py
[2026-08-11T12:15:40.947+0000] {processor.py:830} INFO - Processing file /opt/airflow/dags/constructor_standings.py for tasks to queue
[2026-08-11T12:15:40.949+0000] {logging_mixin.py:188} INFO - [2026-08-11T12:15:40.949+0000] {dagbag.py:545} INFO - Filling up the DagBag from /opt/airflow/dags/constructor_standings.py
[2026-08-11T12:15:41.085+0000] {processor.py:840} INFO - DAG(s) 'constructor_standings' retrieved from /opt/airflow/dags/constructor_standings.py
[2026-08-11T12:15:41.116+0000] {logging_mixin.py:188} INFO - [2026-08-11T12:15:41.116+0000] {dag.py:3096} INFO - Sync 1 DAGs
[2026-08-11T12:15:41.133+0000] {logging_mixin.py:188} INFO - [2026-08-11T12:15:41.133+0000] {dag.py:3954} INFO - Setting next_dagrun for constructor_standings to None, run_after=None
[2026-08-11T12:15:41.172+0000] {processor.py:183} INFO - Processing /opt/airflow/dags/constructor_standings.py took 0.233 seconds
[2026-08-11T12:16:11.786+0000] {processor.py:161} INFO - Started process (PID=2478) to work on /opt/airflow/dags/constructor_standings.py
[2026-08-11T12:16:11.788+0000] {processor.py:830} INFO - Processing file /opt/airflow/dags/constructor_standings.py for tasks to queue
[2026-08-11T12:16:11.790+0000] {logging_mixin.py:188} INFO - [2026-08-11T12:16:11.790+0000] {dagbag.py:545} INFO - Filling up the DagBag from /opt/airflow/dags/constructor_standings.py
[2026-08-11T12:16:11.915+0000] {processor.py:840} INFO - DAG(s) 'constructor_standings' retrieved from /opt/airflow/dags/constructor_standings.py
[2026-08-11T12:16:11.946+0000] {logging_mixin.py:188} INFO - [2026-08-11T12:16:11.946+0000] {dag.py:3096} INFO - Sync 1 DAGs
[2026-08-11T12:16:11.962+0000] {logging_mixin.py:188} INFO - [2026-08-11T12:16:11.962+0000] {dag.py:3954} INFO - Setting next_dagrun for constructor_standings to None, run_after=None
[2026-08-11T12:16:11.989+0000] {processor.py:183} INFO - Processing /opt/airflow/dags/constructor_standings.py took 0.210 seconds
[2026-08-11T12:16:42.373+0000] {processor.py:161} INFO - Started process (PID=2494) to work on /opt/airflow/dags/constructor_standings.py
[2026-08-11T12:16:42.374+0000] {processor.py:830} INFO - Processing file /opt/airflow/dags/constructor_standings.py for tasks to queue
[2026-08-11T12:16:42.377+0000] {logging_mixin.py:188} INFO - [2026-08-11T12:16:42.377+0000] {dagbag.py:545} INFO - Filling up the DagBag from /opt/airflow/dags/constructor_standings.py
[2026-08-11T12:16:42.537+0000] {processor.py:840} INFO - DAG(s) 'constructor_standings' retrieved from /opt/airflow/dags/constructor_standings.py
[2026-08-11T12:16:42.570+0000] {logging_mixin.py:188} INFO - [2026-08-11T12:16:42.570+0000] {dag.py:3096} INFO - Sync 1 DAGs
[2026-08-11T12:16:42.588+0000] {logging_mixin.py:188} INFO - [2026-08-11T12:16:42.588+0000] {dag.py:3954} INFO - Setting next_dagrun for constructor_standings to None, run_after=None
[2026-08-11T12:16:42.615+0000] {processor.py:183} INFO - Processing /opt/airflow/dags/constructor_standings.py took 0.253 seconds
[2026-08-11T12:17:12.880+0000] {processor.py:161} INFO - Started process (PID=2510) to work on /opt/airflow/dags/constructor_standings.py
[2026-08-11T12:17:12.882+0000] {processor.py:830} INFO - Processing file /opt/airflow/dags/constructor_standings.py for tasks to queue
[2026-08-11T12:17:12.885+0000] {logging_mixin.py:188} INFO - [2026-08-11T12:17:12.884+0000] {dagbag.py:545} INFO - Filling up the DagBag from /opt/airflow/dags/constructor_standings.py
[2026-08-11T12:17:12.995+0000] {processor.py:840} INFO - DAG(s) 'constructor_standings' retrieved from /opt/airflow/dags/constructor_standings.py
[2026-08-11T12:17:13.022+0000] {logging_mixin.py:188} INFO - [2026-08-11T12:17:13.022+0000] {dag.py:3096} INFO - Sync 1 DAGs
[2026-08-11T12:17:13.041+0000] {logging_mixin.py:188} INFO - [2026-08-11T12:17:13.040+0000] {dag.py:3954} INFO - Setting next_dagrun for constructor_standings to None, run_after=None
[2026-08-11T12:17:13.071+0000] {processor.py:183} INFO - Processing /opt/airflow/dags/constructor_standings.py took 0.198 seconds
[2026-08-11T12:17:43.334+0000] {processor.py:161} INFO - Started process (PID=2526) to work on /opt/airflow/dags/constructor_standings.py
[2026-08-11T12:17:43.339+0000] {processor.py:830} INFO - Processing file /opt/airflow/dags/constructor_standings.py for tasks to queue
[2026-08-11T12:17:43.342+0000] {logging_mixin.py:188} INFO - [2026-08-11T12:17:43.342+0000] {dagbag.py:545} INFO - Filling up the DagBag from /opt/airflow/dags/constructor_standings.py
[2026-08-11T12:17:43.499+0000] {processor.py:840} INFO - DAG(s) 'constructor_standings' retrieved from /opt/airflow/dags/constructor_standings.py
[2026-08-11T12:17:43.550+0000] {logging_mixin.py:188} INFO - [2026-08-11T12:17:43.549+0000] {dag.py:3096} INFO - Sync 1 DAGs
[2026-08-11T12:17:43.592+0000] {logging_mixin.py:188} INFO - [2026-08-11T12:17:43.592+0000] {dag.py:3954} INFO - Setting next_dagrun for constructor_standings to None, run_after=None
[2026-08-11T12:17:43.649+0000] {processor.py:183} INFO - Processing /opt/airflow/dags/constructor_standings.py took 0.325 seconds
[2026-08-11T12:18:13.937+0000] {processor.py:161} INFO - Started process (PID=2542) to work on /opt/airflow/dags/constructor_standings.py
[2026-08-11T12:18:13.939+0000] {processor.py:830} INFO - Processing file /opt/airflow/dags/constructor_standings.py for tasks to queue
[2026-08-11T12:18:13.941+0000] {logging_mixin.py:188} INFO - [2026-08-11T12:18:13.941+0000] {dagbag.py:545} INFO - Filling up the DagBag from /opt/airflow/dags/constructor_standings.py
[2026-08-11T12:18:14.050+0000] {processor.py:840} INFO - DAG(s) 'constructor_standings' retrieved from /opt/airflow/dags/constructor_standings.py
[2026-08-11T12:18:14.078+0000] {logging_mixin.py:188} INFO - [2026-08-11T12:18:14.078+0000] {dag.py:3096} INFO - Sync 1 DAGs
[2026-08-11T12:18:14.092+0000] {logging_mixin.py:188} INFO - [2026-08-11T12:18:14.092+0000] {dag.py:3954} INFO - Setting next_dagrun for constructor_standings to None, run_after=None
[2026-08-11T12:18:14.117+0000] {processor.py:183} INFO - Processing /opt/airflow/dags/constructor_standings.py took 0.189 seconds
[2026-08-11T12:18:44.465+0000] {processor.py:161} INFO - Started process (PID=2558) to work on /opt/airflow/dags/constructor_standings.py
[2026-08-11T12:18:44.468+0000] {processor.py:830} INFO - Processing file /opt/airflow/dags/constructor_standings.py for tasks to queue
[2026-08-11T12:18:44.472+0000] {logging_mixin.py:188} INFO - [2026-08-11T12:18:44.471+0000] {dagbag.py:545} INFO - Filling up the DagBag from /opt/airflow/dags/constructor_standings.py
[2026-08-11T12:18:44.674+0000] {processor.py:840} INFO - DAG(s) 'constructor_standings' retrieved from /opt/airflow/dags/constructor_standings.py
[2026-08-11T12:18:44.717+0000] {logging_mixin.py:188} INFO - [2026-08-11T12:18:44.717+0000] {dag.py:3096} INFO - Sync 1 DAGs
[2026-08-11T12:18:44.745+0000] {logging_mixin.py:188} INFO - [2026-08-11T12:18:44.745+0000] {dag.py:3954} INFO - Setting next_dagrun for constructor_standings to None, run_after=None
[2026-08-11T12:18:44.798+0000] {processor.py:183} INFO - Processing /opt/airflow/dags/constructor_standings.py took 0.346 seconds
[2026-08-11T12:19:15.016+0000] {processor.py:161} INFO - Started process (PID=2574) to work on /opt/airflow/dags/constructor_standings.py
[2026-08-11T12:19:15.028+0000] {processor.py:830} INFO - Processing file /opt/airflow/dags/constructor_standings.py for tasks to queue
[2026-08-11T12:19:15.071+0000] {logging_mixin.py:188} INFO - [2026-08-11T12:19:15.066+0000] {dagbag.py:545} INFO - Filling up the DagBag from /opt/airflow/dags/constructor_standings.py
[2026-08-11T12:19:15.441+0000] {processor.py:840} INFO - DAG(s) 'constructor_standings' retrieved from /opt/airflow/dags/constructor_standings.py
[2026-08-11T12:19:15.513+0000] {logging_mixin.py:188} INFO - [2026-08-11T12:19:15.512+0000] {dag.py:3096} INFO - Sync 1 DAGs
[2026-08-11T12:19:15.535+0000] {logging_mixin.py:188} INFO - [2026-08-11T12:19:15.535+0000] {dag.py:3954} INFO - Setting next_dagrun for constructor_standings to None, run_after=None
[2026-08-11T12:19:15.565+0000] {processor.py:183} INFO - Processing /opt/airflow/dags/constructor_standings.py took 0.608 seconds
[2026-08-11T12:19:45.736+0000] {processor.py:161} INFO - Started process (PID=2590) to work on /opt/airflow/dags/constructor_standings.py
[2026-08-11T12:19:45.738+0000] {processor.py:830} INFO - Processing file /opt/airflow/dags/constructor_standings.py for tasks to queue
[2026-08-11T12:19:45.741+0000] {logging_mixin.py:188} INFO - [2026-08-11T12:19:45.740+0000] {dagbag.py:545} INFO - Filling up the DagBag from /opt/airflow/dags/constructor_standings.py
[2026-08-11T12:19:45.923+0000] {processor.py:840} INFO - DAG(s) 'constructor_standings' retrieved from /opt/airflow/dags/constructor_standings.py
[2026-08-11T12:19:45.953+0000] {logging_mixin.py:188} INFO - [2026-08-11T12:19:45.953+0000] {dag.py:3096} INFO - Sync 1 DAGs
[2026-08-11T12:19:45.966+0000] {logging_mixin.py:188} INFO - [2026-08-11T12:19:45.966+0000] {dag.py:3954} INFO - Setting next_dagrun for constructor_standings to None, run_after=None
[2026-08-11T12:19:45.990+0000] {processor.py:183} INFO - Processing /opt/airflow/dags/constructor_standings.py took 0.260 seconds
[2026-08-11T12:20:16.221+0000] {processor.py:161} INFO - Started process (PID=2606) to work on /opt/airflow/dags/constructor_standings.py
[2026-08-11T12:20:16.222+0000] {processor.py:830} INFO - Processing file /opt/airflow/dags/constructor_standings.py for tasks to queue
[2026-08-11T12:20:16.225+0000] {logging_mixin.py:188} INFO - [2026-08-11T12:20:16.224+0000] {dagbag.py:545} INFO - Filling up the DagBag from /opt/airflow/dags/constructor_standings.py
[2026-08-11T12:20:16.343+0000] {processor.py:840} INFO - DAG(s) 'constructor_standings' retrieved from /opt/airflow/dags/constructor_standings.py
[2026-08-11T12:20:16.375+0000] {logging_mixin.py:188} INFO - [2026-08-11T12:20:16.375+0000] {dag.py:3096} INFO - Sync 1 DAGs
[2026-08-11T12:20:16.390+0000] {logging_mixin.py:188} INFO - [2026-08-11T12:20:16.390+0000] {dag.py:3954} INFO - Setting next_dagrun for constructor_standings to None, run_after=None
[2026-08-11T12:20:16.412+0000] {processor.py:183} INFO - Processing /opt/airflow/dags/constructor_standings.py took 0.199 seconds
[2026-08-11T12:20:46.582+0000] {processor.py:161} INFO - Started process (PID=2622) to work on /opt/airflow/dags/constructor_standings.py
[2026-08-11T12:20:46.584+0000] {processor.py:830} INFO - Processing file /opt/airflow/dags/constructor_standings.py for tasks to queue
[2026-08-11T12:20:46.587+0000] {logging_mixin.py:188} INFO - [2026-08-11T12:20:46.586+0000] {dagbag.py:545} INFO - Filling up the DagBag from /opt/airflow/dags/constructor_standings.py
[2026-08-11T12:20:46.710+0000] {processor.py:840} INFO - DAG(s) 'constructor_standings' retrieved from /opt/airflow/dags/constructor_standings.py
[2026-08-11T12:20:46.743+0000] {logging_mixin.py:188} INFO - [2026-08-11T12:20:46.743+0000] {dag.py:3096} INFO - Sync 1 DAGs
[2026-08-11T12:20:46.759+0000] {logging_mixin.py:188} INFO - [2026-08-11T12:20:46.759+0000] {dag.py:3954} INFO - Setting next_dagrun for constructor_standings to None, run_after=None
[2026-08-11T12:20:46.786+0000] {processor.py:183} INFO - Processing /opt/airflow/dags/constructor_standings.py took 0.211 seconds
[2026-08-11T12:21:16.968+0000] {processor.py:161} INFO - Started process (PID=2638) to work on /opt/airflow/dags/constructor_standings.py
[2026-08-11T12:21:16.970+0000] {processor.py:830} INFO - Processing file /opt/airflow/dags/constructor_standings.py for tasks to queue
[2026-08-11T12:21:16.972+0000] {logging_mixin.py:188} INFO - [2026-08-11T12:21:16.972+0000] {dagbag.py:545} INFO - Filling up the DagBag from /opt/airflow/dags/constructor_standings.py
[2026-08-11T12:21:17.166+0000] {processor.py:840} INFO - DAG(s) 'constructor_standings' retrieved from /opt/airflow/dags/constructor_standings.py
[2026-08-11T12:21:17.219+0000] {logging_mixin.py:188} INFO - [2026-08-11T12:21:17.218+0000] {dag.py:3096} INFO - Sync 1 DAGs
[2026-08-11T12:21:17.247+0000] {logging_mixin.py:188} INFO - [2026-08-11T12:21:17.247+0000] {dag.py:3954} INFO - Setting next_dagrun for constructor_standings to None, run_after=None
[2026-08-11T12:21:17.280+0000] {processor.py:183} INFO - Processing /opt/airflow/dags/constructor_standings.py took 0.317 seconds
[2026-08-11T12:21:47.442+0000] {processor.py:161} INFO - Started process (PID=2654) to work on /opt/airflow/dags/constructor_standings.py
[2026-08-11T12:21:47.444+0000] {processor.py:830} INFO - Processing file /opt/airflow/dags/constructor_standings.py for tasks to queue
[2026-08-11T12:21:47.447+0000] {logging_mixin.py:188} INFO - [2026-08-11T12:21:47.447+0000] {dagbag.py:545} INFO - Filling up the DagBag from /opt/airflow/dags/constructor_standings.py
[2026-08-11T12:21:47.565+0000] {processor.py:840} INFO - DAG(s) 'constructor_standings' retrieved from /opt/airflow/dags/constructor_standings.py
[2026-08-11T12:21:47.607+0000] {logging_mixin.py:188} INFO - [2026-08-11T12:21:47.607+0000] {dag.py:3096} INFO - Sync 1 DAGs
[2026-08-11T12:21:47.624+0000] {logging_mixin.py:188} INFO - [2026-08-11T12:21:47.624+0000] {dag.py:3954} INFO - Setting next_dagrun for constructor_standings to None, run_after=None
[2026-08-11T12:21:47.645+0000] {processor.py:183} INFO - Processing /opt/airflow/dags/constructor_standings.py took 0.211 seconds
[2026-08-11T12:22:17.692+0000] {processor.py:161} INFO - Started process (PID=2670) to work on /opt/airflow/dags/constructor_standings.py
[2026-08-11T12:22:17.693+0000] {processor.py:830} INFO - Processing file /opt/airflow/dags/constructor_standings.py for tasks to queue
[2026-08-11T12:22:17.695+0000] {logging_mixin.py:188} INFO - [2026-08-11T12:22:17.695+0000] {dagbag.py:545} INFO - Filling up the DagBag from /opt/airflow/dags/constructor_standings.py
[2026-08-11T12:22:17.798+0000] {processor.py:840} INFO - DAG(s) 'constructor_standings' retrieved from /opt/airflow/dags/constructor_standings.py
[2026-08-11T12:22:17.824+0000] {logging_mixin.py:188} INFO - [2026-08-11T12:22:17.824+0000] {dag.py:3096} INFO - Sync 1 DAGs
[2026-08-11T12:22:17.836+0000] {logging_mixin.py:188} INFO - [2026-08-11T12:22:17.835+0000] {dag.py:3954} INFO - Setting next_dagrun for constructor_standings to None, run_after=None
[2026-08-11T12:22:17.860+0000] {processor.py:183} INFO - Processing /opt/airflow/dags/constructor_standings.py took 0.174 seconds
[2026-08-11T12:22:48.285+0000] {processor.py:161} INFO - Started process (PID=2686) to work on /opt/airflow/dags/constructor_standings.py
[2026-08-11T12:22:48.287+0000] {processor.py:830} INFO - Processing file /opt/airflow/dags/constructor_standings.py for tasks to queue
[2026-08-11T12:22:48.290+0000] {logging_mixin.py:188} INFO - [2026-08-11T12:22:48.290+0000] {dagbag.py:545} INFO - Filling up the DagBag from /opt/airflow/dags/constructor_standings.py
[2026-08-11T12:22:48.489+0000] {processor.py:840} INFO - DAG(s) 'constructor_standings' retrieved from /opt/airflow/dags/constructor_standings.py
[2026-08-11T12:22:48.534+0000] {logging_mixin.py:188} INFO - [2026-08-11T12:22:48.534+0000] {dag.py:3096} INFO - Sync 1 DAGs
[2026-08-11T12:22:48.563+0000] {logging_mixin.py:188} INFO - [2026-08-11T12:22:48.562+0000] {dag.py:3954} INFO - Setting next_dagrun for constructor_standings to None, run_after=None
[2026-08-11T12:22:48.603+0000] {processor.py:183} INFO - Processing /opt/airflow/dags/constructor_standings.py took 0.329 seconds
[2026-08-11T12:23:18.768+0000] {processor.py:161} INFO - Started process (PID=2702) to work on /opt/airflow/dags/constructor_standings.py
[2026-08-11T12:23:18.770+0000] {processor.py:830} INFO - Processing file /opt/airflow/dags/constructor_standings.py for tasks to queue
[2026-08-11T12:23:18.773+0000] {logging_mixin.py:188} INFO - [2026-08-11T12:23:18.772+0000] {dagbag.py:545} INFO - Filling up the DagBag from /opt/airflow/dags/constructor_standings.py
[2026-08-11T12:23:18.885+0000] {processor.py:840} INFO - DAG(s) 'constructor_standings' retrieved from /opt/airflow/dags/constructor_standings.py
[2026-08-11T12:23:18.917+0000] {logging_mixin.py:188} INFO - [2026-08-11T12:23:18.917+0000] {dag.py:3096} INFO - Sync 1 DAGs
[2026-08-11T12:23:18.932+0000] {logging_mixin.py:188} INFO - [2026-08-11T12:23:18.931+0000] {dag.py:3954} INFO - Setting next_dagrun for constructor_standings to None, run_after=None
[2026-08-11T12:23:18.962+0000] {processor.py:183} INFO - Processing /opt/airflow/dags/constructor_standings.py took 0.204 seconds
[2026-08-11T12:23:49.468+0000] {processor.py:161} INFO - Started process (PID=2718) to work on /opt/airflow/dags/constructor_standings.py
[2026-08-11T12:23:49.476+0000] {processor.py:830} INFO - Processing file /opt/airflow/dags/constructor_standings.py for tasks to queue
[2026-08-11T12:23:49.502+0000] {logging_mixin.py:188} INFO - [2026-08-11T12:23:49.500+0000] {dagbag.py:545} INFO - Filling up the DagBag from /opt/airflow/dags/constructor_standings.py
[2026-08-11T12:23:49.880+0000] {processor.py:840} INFO - DAG(s) 'constructor_standings' retrieved from /opt/airflow/dags/constructor_standings.py
[2026-08-11T12:23:49.950+0000] {logging_mixin.py:188} INFO - [2026-08-11T12:23:49.950+0000] {dag.py:3096} INFO - Sync 1 DAGs
[2026-08-11T12:23:49.974+0000] {logging_mixin.py:188} INFO - [2026-08-11T12:23:49.974+0000] {dag.py:3954} INFO - Setting next_dagrun for constructor_standings to None, run_after=None
[2026-08-11T12:23:50.029+0000] {processor.py:183} INFO - Processing /opt/airflow/dags/constructor_standings.py took 0.635 seconds
[2026-08-11T12:24:20.331+0000] {processor.py:161} INFO - Started process (PID=2734) to work on /opt/airflow/dags/constructor_standings.py
[2026-08-11T12:24:20.333+0000] {processor.py:830} INFO - Processing file /opt/airflow/dags/constructor_standings.py for tasks to queue
[2026-08-11T12:24:20.335+0000] {logging_mixin.py:188} INFO - [2026-08-11T12:24:20.335+0000] {dagbag.py:545} INFO - Filling up the DagBag from /opt/airflow/dags/constructor_standings.py
[2026-08-11T12:24:20.475+0000] {processor.py:840} INFO - DAG(s) 'constructor_standings' retrieved from /opt/airflow/dags/constructor_standings.py
[2026-08-11T12:24:20.511+0000] {logging_mixin.py:188} INFO - [2026-08-11T12:24:20.511+0000] {dag.py:3096} INFO - Sync 1 DAGs
[2026-08-11T12:24:20.530+0000] {logging_mixin.py:188} INFO - [2026-08-11T12:24:20.529+0000] {dag.py:3954} INFO - Setting next_dagrun for constructor_standings to None, run_after=None
[2026-08-11T12:24:20.560+0000] {processor.py:183} INFO - Processing /opt/airflow/dags/constructor_standings.py took 0.239 seconds
[2026-08-11T12:24:51.087+0000] {processor.py:161} INFO - Started process (PID=2750) to work on /opt/airflow/dags/constructor_standings.py
[2026-08-11T12:24:51.088+0000] {processor.py:830} INFO - Processing file /opt/airflow/dags/constructor_standings.py for tasks to queue
[2026-08-11T12:24:51.092+0000] {logging_mixin.py:188} INFO - [2026-08-11T12:24:51.091+0000] {dagbag.py:545} INFO - Filling up the DagBag from /opt/airflow/dags/constructor_standings.py
[2026-08-11T12:24:51.215+0000] {processor.py:840} INFO - DAG(s) 'constructor_standings' retrieved from /opt/airflow/dags/constructor_standings.py
[2026-08-11T12:24:51.247+0000] {logging_mixin.py:188} INFO - [2026-08-11T12:24:51.247+0000] {dag.py:3096} INFO - Sync 1 DAGs
[2026-08-11T12:24:51.262+0000] {logging_mixin.py:188} INFO - [2026-08-11T12:24:51.261+0000] {dag.py:3954} INFO - Setting next_dagrun for constructor_standings to None, run_after=None
[2026-08-11T12:24:51.289+0000] {processor.py:183} INFO - Processing /opt/airflow/dags/constructor_standings.py took 0.211 seconds
[2026-08-11T12:25:22.269+0000] {processor.py:161} INFO - Started process (PID=2766) to work on /opt/airflow/dags/constructor_standings.py
[2026-08-11T12:25:22.270+0000] {processor.py:830} INFO - Processing file /opt/airflow/dags/constructor_standings.py for tasks to queue
[2026-08-11T12:25:22.274+0000] {logging_mixin.py:188} INFO - [2026-08-11T12:25:22.273+0000] {dagbag.py:545} INFO - Filling up the DagBag from /opt/airflow/dags/constructor_standings.py
[2026-08-11T12:25:22.387+0000] {processor.py:840} INFO - DAG(s) 'constructor_standings' retrieved from /opt/airflow/dags/constructor_standings.py
[2026-08-11T12:25:22.426+0000] {logging_mixin.py:188} INFO - [2026-08-11T12:25:22.425+0000] {dag.py:3096} INFO - Sync 1 DAGs
[2026-08-11T12:25:22.443+0000] {logging_mixin.py:188} INFO - [2026-08-11T12:25:22.442+0000] {dag.py:3954} INFO - Setting next_dagrun for constructor_standings to None, run_after=None
[2026-08-11T12:25:22.466+0000] {processor.py:183} INFO - Processing /opt/airflow/dags/constructor_standings.py took 0.204 seconds
[2026-08-11T12:25:54.103+0000] {processor.py:161} INFO - Started process (PID=2782) to work on /opt/airflow/dags/constructor_standings.py
[2026-08-11T12:25:54.104+0000] {processor.py:830} INFO - Processing file /opt/airflow/dags/constructor_standings.py for tasks to queue
[2026-08-11T12:25:54.107+0000] {logging_mixin.py:188} INFO - [2026-08-11T12:25:54.106+0000] {dagbag.py:545} INFO - Filling up the DagBag from /opt/airflow/dags/constructor_standings.py
[2026-08-11T12:25:54.230+0000] {processor.py:840} INFO - DAG(s) 'constructor_standings' retrieved from /opt/airflow/dags/constructor_standings.py
[2026-08-11T12:25:54.265+0000] {logging_mixin.py:188} INFO - [2026-08-11T12:25:54.264+0000] {dag.py:3096} INFO - Sync 1 DAGs
[2026-08-11T12:25:54.281+0000] {logging_mixin.py:188} INFO - [2026-08-11T12:25:54.280+0000] {dag.py:3954} INFO - Setting next_dagrun for constructor_standings to None, run_after=None
[2026-08-11T12:25:54.308+0000] {processor.py:183} INFO - Processing /opt/airflow/dags/constructor_standings.py took 0.214 seconds
[2026-08-11T12:26:26.224+0000] {processor.py:161} INFO - Started process (PID=2798) to work on /opt/airflow/dags/constructor_standings.py
[2026-08-11T12:26:26.227+0000] {processor.py:830} INFO - Processing file /opt/airflow/dags/constructor_standings.py for tasks to queue
[2026-08-11T12:26:26.232+0000] {logging_mixin.py:188} INFO - [2026-08-11T12:26:26.231+0000] {dagbag.py:545} INFO - Filling up the DagBag from /opt/airflow/dags/constructor_standings.py
[2026-08-11T12:26:26.435+0000] {processor.py:840} INFO - DAG(s) 'constructor_standings' retrieved from /opt/airflow/dags/constructor_standings.py
[2026-08-11T12:26:26.475+0000] {logging_mixin.py:188} INFO - [2026-08-11T12:26:26.475+0000] {dag.py:3096} INFO - Sync 1 DAGs
[2026-08-11T12:26:26.494+0000] {logging_mixin.py:188} INFO - [2026-08-11T12:26:26.494+0000] {dag.py:3954} INFO - Setting next_dagrun for constructor_standings to None, run_after=None
[2026-08-11T12:26:26.532+0000] {processor.py:183} INFO - Processing /opt/airflow/dags/constructor_standings.py took 0.329 seconds
[2026-08-11T12:26:58.444+0000] {processor.py:161} INFO - Started process (PID=2814) to work on /opt/airflow/dags/constructor_standings.py
[2026-08-11T12:26:58.445+0000] {processor.py:830} INFO - Processing file /opt/airflow/dags/constructor_standings.py for tasks to queue
[2026-08-11T12:26:58.448+0000] {logging_mixin.py:188} INFO - [2026-08-11T12:26:58.447+0000] {dagbag.py:545} INFO - Filling up the DagBag from /opt/airflow/dags/constructor_standings.py
[2026-08-11T12:26:58.560+0000] {processor.py:840} INFO - DAG(s) 'constructor_standings' retrieved from /opt/airflow/dags/constructor_standings.py
[2026-08-11T12:26:58.615+0000] {logging_mixin.py:188} INFO - [2026-08-11T12:26:58.615+0000] {dag.py:3096} INFO - Sync 1 DAGs
[2026-08-11T12:26:58.644+0000] {logging_mixin.py:188} INFO - [2026-08-11T12:26:58.644+0000] {dag.py:3954} INFO - Setting next_dagrun for constructor_standings to None, run_after=None
[2026-08-11T12:26:58.677+0000] {processor.py:183} INFO - Processing /opt/airflow/dags/constructor_standings.py took 0.240 seconds
[2026-08-11T12:27:30.065+0000] {processor.py:161} INFO - Started process (PID=2830) to work on /opt/airflow/dags/constructor_standings.py
[2026-08-11T12:27:30.066+0000] {processor.py:830} INFO - Processing file /opt/airflow/dags/constructor_standings.py for tasks to queue
[2026-08-11T12:27:30.071+0000] {logging_mixin.py:188} INFO - [2026-08-11T12:27:30.070+0000] {dagbag.py:545} INFO - Filling up the DagBag from /opt/airflow/dags/constructor_standings.py
[2026-08-11T12:27:30.192+0000] {processor.py:840} INFO - DAG(s) 'constructor_standings' retrieved from /opt/airflow/dags/constructor_standings.py
[2026-08-11T12:27:30.227+0000] {logging_mixin.py:188} INFO - [2026-08-11T12:27:30.226+0000] {dag.py:3096} INFO - Sync 1 DAGs
[2026-08-11T12:27:30.242+0000] {logging_mixin.py:188} INFO - [2026-08-11T12:27:30.242+0000] {dag.py:3954} INFO - Setting next_dagrun for constructor_standings to None, run_after=None
[2026-08-11T12:27:30.266+0000] {processor.py:183} INFO - Processing /opt/airflow/dags/constructor_standings.py took 0.209 seconds
[2026-08-11T12:28:00.572+0000] {processor.py:161} INFO - Started process (PID=2846) to work on /opt/airflow/dags/constructor_standings.py
[2026-08-11T12:28:00.574+0000] {processor.py:830} INFO - Processing file /opt/airflow/dags/constructor_standings.py for tasks to queue
[2026-08-11T12:28:00.579+0000] {logging_mixin.py:188} INFO - [2026-08-11T12:28:00.579+0000] {dagbag.py:545} INFO - Filling up the DagBag from /opt/airflow/dags/constructor_standings.py
[2026-08-11T12:28:02.023+0000] {processor.py:840} INFO - DAG(s) 'constructor_standings' retrieved from /opt/airflow/dags/constructor_standings.py
[2026-08-11T12:28:02.056+0000] {logging_mixin.py:188} INFO - [2026-08-11T12:28:02.056+0000] {dag.py:3096} INFO - Sync 1 DAGs
[2026-08-11T12:28:02.073+0000] {logging_mixin.py:188} INFO - [2026-08-11T12:28:02.073+0000] {dag.py:3954} INFO - Setting next_dagrun for constructor_standings to None, run_after=None
[2026-08-11T12:28:02.102+0000] {processor.py:183} INFO - Processing /opt/airflow/dags/constructor_standings.py took 0.231 seconds
[2026-08-11T12:40:34.845+0000] {processor.py:161} INFO - Started process (PID=2862) to work on /opt/airflow/dags/constructor_standings.py
[2026-08-11T12:40:34.851+0000] {processor.py:830} INFO - Processing file /opt/airflow/dags/constructor_standings.py for tasks to queue
[2026-08-11T12:40:34.944+0000] {logging_mixin.py:188} INFO - [2026-08-11T12:40:34.933+0000] {dagbag.py:545} INFO - Filling up the DagBag from /opt/airflow/dags/constructor_standings.py
[2026-08-11T12:40:36.808+0000] {processor.py:840} INFO - DAG(s) 'constructor_standings' retrieved from /opt/airflow/dags/constructor_standings.py
[2026-08-11T12:40:37.159+0000] {logging_mixin.py:188} INFO - [2026-08-11T12:40:37.158+0000] {dag.py:3096} INFO - Sync 1 DAGs
[2026-08-11T12:40:37.324+0000] {logging_mixin.py:188} INFO - [2026-08-11T12:40:37.324+0000] {dag.py:3954} INFO - Setting next_dagrun for constructor_standings to None, run_after=None
[2026-08-11T12:40:37.812+0000] {processor.py:183} INFO - Processing /opt/airflow/dags/constructor_standings.py took 3.121 seconds
[2026-08-11T12:41:08.627+0000] {processor.py:161} INFO - Started process (PID=2878) to work on /opt/airflow/dags/constructor_standings.py
[2026-08-11T12:41:08.632+0000] {processor.py:830} INFO - Processing file /opt/airflow/dags/constructor_standings.py for tasks to queue
[2026-08-11T12:41:08.664+0000] {logging_mixin.py:188} INFO - [2026-08-11T12:41:08.658+0000] {dagbag.py:545} INFO - Filling up the DagBag from /opt/airflow/dags/constructor_standings.py
[2026-08-11T12:41:09.347+0000] {processor.py:840} INFO - DAG(s) 'constructor_standings' retrieved from /opt/airflow/dags/constructor_standings.py
[2026-08-11T12:41:09.471+0000] {logging_mixin.py:188} INFO - [2026-08-11T12:41:09.471+0000] {dag.py:3096} INFO - Sync 1 DAGs
[2026-08-11T12:41:09.496+0000] {logging_mixin.py:188} INFO - [2026-08-11T12:41:09.496+0000] {dag.py:3954} INFO - Setting next_dagrun for constructor_standings to None, run_after=None
[2026-08-11T12:41:09.534+0000] {processor.py:183} INFO - Processing /opt/airflow/dags/constructor_standings.py took 0.985 seconds
[2026-08-11T12:41:39.744+0000] {processor.py:161} INFO - Started process (PID=2894) to work on /opt/airflow/dags/constructor_standings.py
[2026-08-11T12:41:39.745+0000] {processor.py:830} INFO - Processing file /opt/airflow/dags/constructor_standings.py for tasks to queue
[2026-08-11T12:41:39.748+0000] {logging_mixin.py:188} INFO - [2026-08-11T12:41:39.747+0000] {dagbag.py:545} INFO - Filling up the DagBag from /opt/airflow/dags/constructor_standings.py
[2026-08-11T12:41:39.867+0000] {processor.py:840} INFO - DAG(s) 'constructor_standings' retrieved from /opt/airflow/dags/constructor_standings.py
[2026-08-11T12:41:39.972+0000] {logging_mixin.py:188} INFO - [2026-08-11T12:41:39.971+0000] {dag.py:3096} INFO - Sync 1 DAGs
[2026-08-11T12:41:40.048+0000] {logging_mixin.py:188} INFO - [2026-08-11T12:41:40.047+0000] {dag.py:3954} INFO - Setting next_dagrun for constructor_standings to None, run_after=None
[2026-08-11T12:41:40.105+0000] {processor.py:183} INFO - Processing /opt/airflow/dags/constructor_standings.py took 0.368 seconds
[2026-08-11T12:42:10.499+0000] {processor.py:161} INFO - Started process (PID=2904) to work on /opt/airflow/dags/constructor_standings.py
[2026-08-11T12:42:10.507+0000] {processor.py:830} INFO - Processing file /opt/airflow/dags/constructor_standings.py for tasks to queue
[2026-08-11T12:42:10.511+0000] {logging_mixin.py:188} INFO - [2026-08-11T12:42:10.510+0000] {dagbag.py:545} INFO - Filling up the DagBag from /opt/airflow/dags/constructor_standings.py
[2026-08-11T12:42:12.464+0000] {processor.py:840} INFO - DAG(s) 'constructor_standings' retrieved from /opt/airflow/dags/constructor_standings.py
[2026-08-11T12:42:12.615+0000] {logging_mixin.py:188} INFO - [2026-08-11T12:42:12.614+0000] {dag.py:3096} INFO - Sync 1 DAGs
[2026-08-11T12:42:12.705+0000] {logging_mixin.py:188} INFO - [2026-08-11T12:42:12.704+0000] {dag.py:3954} INFO - Setting next_dagrun for constructor_standings to None, run_after=None
[2026-08-11T12:42:12.772+0000] {processor.py:183} INFO - Processing /opt/airflow/dags/constructor_standings.py took 2.280 seconds
[2026-08-11T12:42:42.930+0000] {processor.py:161} INFO - Started process (PID=2920) to work on /opt/airflow/dags/constructor_standings.py
[2026-08-11T12:42:42.940+0000] {processor.py:830} INFO - Processing file /opt/airflow/dags/constructor_standings.py for tasks to queue
[2026-08-11T12:42:42.957+0000] {logging_mixin.py:188} INFO - [2026-08-11T12:42:42.956+0000] {dagbag.py:545} INFO - Filling up the DagBag from /opt/airflow/dags/constructor_standings.py
[2026-08-11T12:42:43.086+0000] {processor.py:840} INFO - DAG(s) 'constructor_standings' retrieved from /opt/airflow/dags/constructor_standings.py
[2026-08-11T12:42:43.122+0000] {logging_mixin.py:188} INFO - [2026-08-11T12:42:43.122+0000] {dag.py:3096} INFO - Sync 1 DAGs
[2026-08-11T12:42:43.138+0000] {logging_mixin.py:188} INFO - [2026-08-11T12:42:43.137+0000] {dag.py:3954} INFO - Setting next_dagrun for constructor_standings to None, run_after=None
[2026-08-11T12:42:43.161+0000] {processor.py:183} INFO - Processing /opt/airflow/dags/constructor_standings.py took 0.295 seconds
[2026-08-11T12:43:13.221+0000] {processor.py:161} INFO - Started process (PID=2936) to work on /opt/airflow/dags/constructor_standings.py
[2026-08-11T12:43:13.222+0000] {processor.py:830} INFO - Processing file /opt/airflow/dags/constructor_standings.py for tasks to queue
[2026-08-11T12:43:13.225+0000] {logging_mixin.py:188} INFO - [2026-08-11T12:43:13.225+0000] {dagbag.py:545} INFO - Filling up the DagBag from /opt/airflow/dags/constructor_standings.py
[2026-08-11T12:43:13.356+0000] {processor.py:840} INFO - DAG(s) 'constructor_standings' retrieved from /opt/airflow/dags/constructor_standings.py
[2026-08-11T12:43:13.386+0000] {logging_mixin.py:188} INFO - [2026-08-11T12:43:13.386+0000] {dag.py:3096} INFO - Sync 1 DAGs
[2026-08-11T12:43:13.402+0000] {logging_mixin.py:188} INFO - [2026-08-11T12:43:13.402+0000] {dag.py:3954} INFO - Setting next_dagrun for constructor_standings to None, run_after=None
[2026-08-11T12:43:13.425+0000] {processor.py:183} INFO - Processing /opt/airflow/dags/constructor_standings.py took 0.213 seconds
[2026-08-11T12:43:43.522+0000] {processor.py:161} INFO - Started process (PID=2952) to work on /opt/airflow/dags/constructor_standings.py
[2026-08-11T12:43:43.523+0000] {processor.py:830} INFO - Processing file /opt/airflow/dags/constructor_standings.py for tasks to queue
[2026-08-11T12:43:43.527+0000] {logging_mixin.py:188} INFO - [2026-08-11T12:43:43.526+0000] {dagbag.py:545} INFO - Filling up the DagBag from /opt/airflow/dags/constructor_standings.py
[2026-08-11T12:43:43.637+0000] {processor.py:840} INFO - DAG(s) 'constructor_standings' retrieved from /opt/airflow/dags/constructor_standings.py
[2026-08-11T12:43:43.694+0000] {logging_mixin.py:188} INFO - [2026-08-11T12:43:43.694+0000] {dag.py:3096} INFO - Sync 1 DAGs
[2026-08-11T12:43:43.708+0000] {logging_mixin.py:188} INFO - [2026-08-11T12:43:43.708+0000] {dag.py:3954} INFO - Setting next_dagrun for constructor_standings to None, run_after=None
[2026-08-11T12:43:43.731+0000] {processor.py:183} INFO - Processing /opt/airflow/dags/constructor_standings.py took 0.217 seconds
[2026-08-11T12:44:13.904+0000] {processor.py:161} INFO - Started process (PID=2968) to work on /opt/airflow/dags/constructor_standings.py
[2026-08-11T12:44:13.905+0000] {processor.py:830} INFO - Processing file /opt/airflow/dags/constructor_standings.py for tasks to queue
[2026-08-11T12:44:13.907+0000] {logging_mixin.py:188} INFO - [2026-08-11T12:44:13.907+0000] {dagbag.py:545} INFO - Filling up the DagBag from /opt/airflow/dags/constructor_standings.py
[2026-08-11T12:44:13.996+0000] {processor.py:840} INFO - DAG(s) 'constructor_standings' retrieved from /opt/airflow/dags/constructor_standings.py
[2026-08-11T12:44:14.025+0000] {logging_mixin.py:188} INFO - [2026-08-11T12:44:14.024+0000] {dag.py:3096} INFO - Sync 1 DAGs
[2026-08-11T12:44:14.038+0000] {logging_mixin.py:188} INFO - [2026-08-11T12:44:14.038+0000] {dag.py:3954} INFO - Setting next_dagrun for constructor_standings to None, run_after=None
[2026-08-11T12:44:14.058+0000] {processor.py:183} INFO - Processing /opt/airflow/dags/constructor_standings.py took 0.160 seconds
[2026-08-11T12:44:44.844+0000] {processor.py:161} INFO - Started process (PID=2984) to work on /opt/airflow/dags/constructor_standings.py
[2026-08-11T12:44:44.859+0000] {processor.py:830} INFO - Processing file /opt/airflow/dags/constructor_standings.py for tasks to queue
[2026-08-11T12:44:44.894+0000] {logging_mixin.py:188} INFO - [2026-08-11T12:44:44.889+0000] {dagbag.py:545} INFO - Filling up the DagBag from /opt/airflow/dags/constructor_standings.py
[2026-08-11T12:44:45.864+0000] {processor.py:840} INFO - DAG(s) 'constructor_standings' retrieved from /opt/airflow/dags/constructor_standings.py
[2026-08-11T12:44:46.006+0000] {logging_mixin.py:188} INFO - [2026-08-11T12:44:46.006+0000] {dag.py:3096} INFO - Sync 1 DAGs
[2026-08-11T12:44:46.076+0000] {logging_mixin.py:188} INFO - [2026-08-11T12:44:46.075+0000] {dag.py:3954} INFO - Setting next_dagrun for constructor_standings to None, run_after=None
[2026-08-11T12:44:46.163+0000] {processor.py:183} INFO - Processing /opt/airflow/dags/constructor_standings.py took 1.411 seconds
[2026-08-11T12:45:16.448+0000] {processor.py:161} INFO - Started process (PID=3000) to work on /opt/airflow/dags/constructor_standings.py
[2026-08-11T12:45:16.454+0000] {processor.py:830} INFO - Processing file /opt/airflow/dags/constructor_standings.py for tasks to queue
[2026-08-11T12:45:16.471+0000] {logging_mixin.py:188} INFO - [2026-08-11T12:45:16.470+0000] {dagbag.py:545} INFO - Filling up the DagBag from /opt/airflow/dags/constructor_standings.py
[2026-08-11T12:45:16.777+0000] {processor.py:840} INFO - DAG(s) 'constructor_standings' retrieved from /opt/airflow/dags/constructor_standings.py
[2026-08-11T12:45:16.828+0000] {logging_mixin.py:188} INFO - [2026-08-11T12:45:16.827+0000] {dag.py:3096} INFO - Sync 1 DAGs
[2026-08-11T12:45:16.848+0000] {logging_mixin.py:188} INFO - [2026-08-11T12:45:16.848+0000] {dag.py:3954} INFO - Setting next_dagrun for constructor_standings to None, run_after=None
[2026-08-11T12:45:16.880+0000] {processor.py:183} INFO - Processing /opt/airflow/dags/constructor_standings.py took 0.459 seconds
[2026-08-11T12:45:47.167+0000] {processor.py:161} INFO - Started process (PID=3016) to work on /opt/airflow/dags/constructor_standings.py
[2026-08-11T12:45:47.170+0000] {processor.py:830} INFO - Processing file /opt/airflow/dags/constructor_standings.py for tasks to queue
[2026-08-11T12:45:47.173+0000] {logging_mixin.py:188} INFO - [2026-08-11T12:45:47.173+0000] {dagbag.py:545} INFO - Filling up the DagBag from /opt/airflow/dags/constructor_standings.py
[2026-08-11T12:45:47.277+0000] {processor.py:840} INFO - DAG(s) 'constructor_standings' retrieved from /opt/airflow/dags/constructor_standings.py
[2026-08-11T12:45:47.304+0000] {logging_mixin.py:188} INFO - [2026-08-11T12:45:47.304+0000] {dag.py:3096} INFO - Sync 1 DAGs
[2026-08-11T12:45:47.319+0000] {logging_mixin.py:188} INFO - [2026-08-11T12:45:47.319+0000] {dag.py:3954} INFO - Setting next_dagrun for constructor_standings to None, run_after=None
[2026-08-11T12:45:47.342+0000] {processor.py:183} INFO - Processing /opt/airflow/dags/constructor_standings.py took 0.182 seconds
[2026-08-11T12:46:17.596+0000] {processor.py:161} INFO - Started process (PID=3032) to work on /opt/airflow/dags/constructor_standings.py
[2026-08-11T12:46:17.600+0000] {processor.py:830} INFO - Processing file /opt/airflow/dags/constructor_standings.py for tasks to queue
[2026-08-11T12:46:17.603+0000] {logging_mixin.py:188} INFO - [2026-08-11T12:46:17.603+0000] {dagbag.py:545} INFO - Filling up the DagBag from /opt/airflow/dags/constructor_standings.py
[2026-08-11T12:46:17.707+0000] {processor.py:840} INFO - DAG(s) 'constructor_standings' retrieved from /opt/airflow/dags/constructor_standings.py
[2026-08-11T12:46:17.734+0000] {logging_mixin.py:188} INFO - [2026-08-11T12:46:17.734+0000] {dag.py:3096} INFO - Sync 1 DAGs
[2026-08-11T12:46:17.757+0000] {logging_mixin.py:188} INFO - [2026-08-11T12:46:17.756+0000] {dag.py:3954} INFO - Setting next_dagrun for constructor_standings to None, run_after=None
[2026-08-11T12:46:17.786+0000] {processor.py:183} INFO - Processing /opt/airflow/dags/constructor_standings.py took 0.219 seconds
[2026-08-11T12:46:47.984+0000] {processor.py:161} INFO - Started process (PID=3048) to work on /opt/airflow/dags/constructor_standings.py
[2026-08-11T12:46:47.992+0000] {processor.py:830} INFO - Processing file /opt/airflow/dags/constructor_standings.py for tasks to queue
[2026-08-11T12:46:48.003+0000] {logging_mixin.py:188} INFO - [2026-08-11T12:46:48.002+0000] {dagbag.py:545} INFO - Filling up the DagBag from /opt/airflow/dags/constructor_standings.py
[2026-08-11T12:46:48.268+0000] {processor.py:840} INFO - DAG(s) 'constructor_standings' retrieved from /opt/airflow/dags/constructor_standings.py
[2026-08-11T12:46:48.311+0000] {logging_mixin.py:188} INFO - [2026-08-11T12:46:48.310+0000] {dag.py:3096} INFO - Sync 1 DAGs
[2026-08-11T12:46:48.327+0000] {logging_mixin.py:188} INFO - [2026-08-11T12:46:48.327+0000] {dag.py:3954} INFO - Setting next_dagrun for constructor_standings to None, run_after=None
[2026-08-11T12:46:48.352+0000] {processor.py:183} INFO - Processing /opt/airflow/dags/constructor_standings.py took 0.387 seconds
[2026-08-11T12:47:19.267+0000] {processor.py:161} INFO - Started process (PID=3064) to work on /opt/airflow/dags/constructor_standings.py
[2026-08-11T12:47:19.268+0000] {processor.py:830} INFO - Processing file /opt/airflow/dags/constructor_standings.py for tasks to queue
[2026-08-11T12:47:19.271+0000] {logging_mixin.py:188} INFO - [2026-08-11T12:47:19.271+0000] {dagbag.py:545} INFO - Filling up the DagBag from /opt/airflow/dags/constructor_standings.py
[2026-08-11T12:47:19.375+0000] {processor.py:840} INFO - DAG(s) 'constructor_standings' retrieved from /opt/airflow/dags/constructor_standings.py
[2026-08-11T12:47:19.403+0000] {logging_mixin.py:188} INFO - [2026-08-11T12:47:19.403+0000] {dag.py:3096} INFO - Sync 1 DAGs
[2026-08-11T12:47:19.419+0000] {logging_mixin.py:188} INFO - [2026-08-11T12:47:19.419+0000] {dag.py:3954} INFO - Setting next_dagrun for constructor_standings to None, run_after=None
[2026-08-11T12:47:19.441+0000] {processor.py:183} INFO - Processing /opt/airflow/dags/constructor_standings.py took 0.181 seconds
[2026-08-11T12:47:49.491+0000] {processor.py:161} INFO - Started process (PID=3080) to work on /opt/airflow/dags/constructor_standings.py
[2026-08-11T12:47:49.493+0000] {processor.py:830} INFO - Processing file /opt/airflow/dags/constructor_standings.py for tasks to queue
[2026-08-11T12:47:49.495+0000] {logging_mixin.py:188} INFO - [2026-08-11T12:47:49.495+0000] {dagbag.py:545} INFO - Filling up the DagBag from /opt/airflow/dags/constructor_standings.py
[2026-08-11T12:47:49.599+0000] {processor.py:840} INFO - DAG(s) 'constructor_standings' retrieved from /opt/airflow/dags/constructor_standings.py
[2026-08-11T12:47:49.629+0000] {logging_mixin.py:188} INFO - [2026-08-11T12:47:49.628+0000] {dag.py:3096} INFO - Sync 1 DAGs
[2026-08-11T12:47:49.642+0000] {logging_mixin.py:188} INFO - [2026-08-11T12:47:49.642+0000] {dag.py:3954} INFO - Setting next_dagrun for constructor_standings to None, run_after=None
[2026-08-11T12:47:49.668+0000] {processor.py:183} INFO - Processing /opt/airflow/dags/constructor_standings.py took 0.184 seconds
[2026-08-11T12:48:19.920+0000] {processor.py:161} INFO - Started process (PID=3096) to work on /opt/airflow/dags/constructor_standings.py
[2026-08-11T12:48:19.921+0000] {processor.py:830} INFO - Processing file /opt/airflow/dags/constructor_standings.py for tasks to queue
[2026-08-11T12:48:19.924+0000] {logging_mixin.py:188} INFO - [2026-08-11T12:48:19.923+0000] {dagbag.py:545} INFO - Filling up the DagBag from /opt/airflow/dags/constructor_standings.py
[2026-08-11T12:48:20.023+0000] {processor.py:840} INFO - DAG(s) 'constructor_standings' retrieved from /opt/airflow/dags/constructor_standings.py
[2026-08-11T12:48:20.052+0000] {logging_mixin.py:188} INFO - [2026-08-11T12:48:20.051+0000] {dag.py:3096} INFO - Sync 1 DAGs
[2026-08-11T12:48:20.065+0000] {logging_mixin.py:188} INFO - [2026-08-11T12:48:20.065+0000] {dag.py:3954} INFO - Setting next_dagrun for constructor_standings to None, run_after=None
[2026-08-11T12:48:20.086+0000] {processor.py:183} INFO - Processing /opt/airflow/dags/constructor_standings.py took 0.172 seconds
[2026-08-11T12:48:50.369+0000] {processor.py:161} INFO - Started process (PID=3112) to work on /opt/airflow/dags/constructor_standings.py
[2026-08-11T12:48:50.371+0000] {processor.py:830} INFO - Processing file /opt/airflow/dags/constructor_standings.py for tasks to queue
[2026-08-11T12:48:50.373+0000] {logging_mixin.py:188} INFO - [2026-08-11T12:48:50.373+0000] {dagbag.py:545} INFO - Filling up the DagBag from /opt/airflow/dags/constructor_standings.py
[2026-08-11T12:48:50.533+0000] {processor.py:840} INFO - DAG(s) 'constructor_standings' retrieved from /opt/airflow/dags/constructor_standings.py
[2026-08-11T12:48:50.561+0000] {logging_mixin.py:188} INFO - [2026-08-11T12:48:50.561+0000] {dag.py:3096} INFO - Sync 1 DAGs
[2026-08-11T12:48:50.573+0000] {logging_mixin.py:188} INFO - [2026-08-11T12:48:50.573+0000] {dag.py:3954} INFO - Setting next_dagrun for constructor_standings to None, run_after=None
[2026-08-11T12:48:50.596+0000] {processor.py:183} INFO - Processing /opt/airflow/dags/constructor_standings.py took 0.232 seconds
[2026-08-11T12:49:20.897+0000] {processor.py:161} INFO - Started process (PID=3128) to work on /opt/airflow/dags/constructor_standings.py
[2026-08-11T12:49:20.903+0000] {processor.py:830} INFO - Processing file /opt/airflow/dags/constructor_standings.py for tasks to queue
[2026-08-11T12:49:20.913+0000] {logging_mixin.py:188} INFO - [2026-08-11T12:49:20.912+0000] {dagbag.py:545} INFO - Filling up the DagBag from /opt/airflow/dags/constructor_standings.py
[2026-08-11T12:49:21.175+0000] {processor.py:840} INFO - DAG(s) 'constructor_standings' retrieved from /opt/airflow/dags/constructor_standings.py
[2026-08-11T12:49:21.243+0000] {logging_mixin.py:188} INFO - [2026-08-11T12:49:21.243+0000] {dag.py:3096} INFO - Sync 1 DAGs
[2026-08-11T12:49:21.298+0000] {logging_mixin.py:188} INFO - [2026-08-11T12:49:21.298+0000] {dag.py:3954} INFO - Setting next_dagrun for constructor_standings to None, run_after=None
[2026-08-11T12:49:21.326+0000] {processor.py:183} INFO - Processing /opt/airflow/dags/constructor_standings.py took 0.447 seconds
[2026-08-11T12:49:51.490+0000] {processor.py:161} INFO - Started process (PID=3144) to work on /opt/airflow/dags/constructor_standings.py
[2026-08-11T12:49:51.492+0000] {processor.py:830} INFO - Processing file /opt/airflow/dags/constructor_standings.py for tasks to queue
[2026-08-11T12:49:51.495+0000] {logging_mixin.py:188} INFO - [2026-08-11T12:49:51.495+0000] {dagbag.py:545} INFO - Filling up the DagBag from /opt/airflow/dags/constructor_standings.py
[2026-08-11T12:49:51.620+0000] {processor.py:840} INFO - DAG(s) 'constructor_standings' retrieved from /opt/airflow/dags/constructor_standings.py
[2026-08-11T12:49:51.645+0000] {logging_mixin.py:188} INFO - [2026-08-11T12:49:51.645+0000] {dag.py:3096} INFO - Sync 1 DAGs
[2026-08-11T12:49:51.663+0000] {logging_mixin.py:188} INFO - [2026-08-11T12:49:51.663+0000] {dag.py:3954} INFO - Setting next_dagrun for constructor_standings to None, run_after=None
[2026-08-11T12:49:51.686+0000] {processor.py:183} INFO - Processing /opt/airflow/dags/constructor_standings.py took 0.211 seconds
[2026-08-11T12:50:21.762+0000] {processor.py:161} INFO - Started process (PID=3160) to work on /opt/airflow/dags/constructor_standings.py
[2026-08-11T12:50:21.763+0000] {processor.py:830} INFO - Processing file /opt/airflow/dags/constructor_standings.py for tasks to queue
[2026-08-11T12:50:21.766+0000] {logging_mixin.py:188} INFO - [2026-08-11T12:50:21.765+0000] {dagbag.py:545} INFO - Filling up the DagBag from /opt/airflow/dags/constructor_standings.py
[2026-08-11T12:50:21.864+0000] {processor.py:840} INFO - DAG(s) 'constructor_standings' retrieved from /opt/airflow/dags/constructor_standings.py
[2026-08-11T12:50:21.896+0000] {logging_mixin.py:188} INFO - [2026-08-11T12:50:21.896+0000] {dag.py:3096} INFO - Sync 1 DAGs
[2026-08-11T12:50:21.908+0000] {logging_mixin.py:188} INFO - [2026-08-11T12:50:21.908+0000] {dag.py:3954} INFO - Setting next_dagrun for constructor_standings to None, run_after=None
[2026-08-11T12:50:21.930+0000] {processor.py:183} INFO - Processing /opt/airflow/dags/constructor_standings.py took 0.175 seconds
[2026-08-11T12:50:52.241+0000] {processor.py:161} INFO - Started process (PID=3176) to work on /opt/airflow/dags/constructor_standings.py
[2026-08-11T12:50:52.243+0000] {processor.py:830} INFO - Processing file /opt/airflow/dags/constructor_standings.py for tasks to queue
[2026-08-11T12:50:52.246+0000] {logging_mixin.py:188} INFO - [2026-08-11T12:50:52.245+0000] {dagbag.py:545} INFO - Filling up the DagBag from /opt/airflow/dags/constructor_standings.py
[2026-08-11T12:50:52.359+0000] {processor.py:840} INFO - DAG(s) 'constructor_standings' retrieved from /opt/airflow/dags/constructor_standings.py
[2026-08-11T12:50:52.390+0000] {logging_mixin.py:188} INFO - [2026-08-11T12:50:52.389+0000] {dag.py:3096} INFO - Sync 1 DAGs
[2026-08-11T12:50:52.403+0000] {logging_mixin.py:188} INFO - [2026-08-11T12:50:52.402+0000] {dag.py:3954} INFO - Setting next_dagrun for constructor_standings to None, run_after=None
[2026-08-11T12:50:52.427+0000] {processor.py:183} INFO - Processing /opt/airflow/dags/constructor_standings.py took 0.192 seconds
[2026-08-11T12:51:22.957+0000] {processor.py:161} INFO - Started process (PID=3192) to work on /opt/airflow/dags/constructor_standings.py
[2026-08-11T12:51:22.958+0000] {processor.py:830} INFO - Processing file /opt/airflow/dags/constructor_standings.py for tasks to queue
[2026-08-11T12:51:22.960+0000] {logging_mixin.py:188} INFO - [2026-08-11T12:51:22.960+0000] {dagbag.py:545} INFO - Filling up the DagBag from /opt/airflow/dags/constructor_standings.py
[2026-08-11T12:51:23.062+0000] {processor.py:840} INFO - DAG(s) 'constructor_standings' retrieved from /opt/airflow/dags/constructor_standings.py
[2026-08-11T12:51:23.089+0000] {logging_mixin.py:188} INFO - [2026-08-11T12:51:23.089+0000] {dag.py:3096} INFO - Sync 1 DAGs
[2026-08-11T12:51:23.103+0000] {logging_mixin.py:188} INFO - [2026-08-11T12:51:23.102+0000] {dag.py:3954} INFO - Setting next_dagrun for constructor_standings to None, run_after=None
[2026-08-11T12:51:23.125+0000] {processor.py:183} INFO - Processing /opt/airflow/dags/constructor_standings.py took 0.174 seconds
[2026-08-11T12:51:53.604+0000] {processor.py:161} INFO - Started process (PID=3206) to work on /opt/airflow/dags/constructor_standings.py
[2026-08-11T12:51:53.607+0000] {processor.py:830} INFO - Processing file /opt/airflow/dags/constructor_standings.py for tasks to queue
[2026-08-11T12:51:53.617+0000] {logging_mixin.py:188} INFO - [2026-08-11T12:51:53.616+0000] {dagbag.py:545} INFO - Filling up the DagBag from /opt/airflow/dags/constructor_standings.py
[2026-08-11T12:51:54.154+0000] {processor.py:840} INFO - DAG(s) 'constructor_standings' retrieved from /opt/airflow/dags/constructor_standings.py
[2026-08-11T12:51:54.214+0000] {logging_mixin.py:188} INFO - [2026-08-11T12:51:54.213+0000] {dag.py:3096} INFO - Sync 1 DAGs
[2026-08-11T12:51:54.231+0000] {logging_mixin.py:188} INFO - [2026-08-11T12:51:54.231+0000] {dag.py:3954} INFO - Setting next_dagrun for constructor_standings to None, run_after=None
[2026-08-11T12:51:54.258+0000] {processor.py:183} INFO - Processing /opt/airflow/dags/constructor_standings.py took 0.707 seconds
[2026-08-11T12:52:25.161+0000] {processor.py:161} INFO - Started process (PID=3218) to work on /opt/airflow/dags/constructor_standings.py
[2026-08-11T12:52:25.179+0000] {processor.py:830} INFO - Processing file /opt/airflow/dags/constructor_standings.py for tasks to queue
[2026-08-11T12:52:25.221+0000] {logging_mixin.py:188} INFO - [2026-08-11T12:52:25.216+0000] {dagbag.py:545} INFO - Filling up the DagBag from /opt/airflow/dags/constructor_standings.py
[2026-08-11T12:52:26.213+0000] {processor.py:840} INFO - DAG(s) 'constructor_standings' retrieved from /opt/airflow/dags/constructor_standings.py
[2026-08-11T12:52:26.269+0000] {logging_mixin.py:188} INFO - [2026-08-11T12:52:26.269+0000] {dag.py:3096} INFO - Sync 1 DAGs
[2026-08-11T12:52:26.299+0000] {logging_mixin.py:188} INFO - [2026-08-11T12:52:26.299+0000] {dag.py:3954} INFO - Setting next_dagrun for constructor_standings to None, run_after=None
[2026-08-11T12:52:26.332+0000] {processor.py:183} INFO - Processing /opt/airflow/dags/constructor_standings.py took 1.366 seconds
[2026-08-11T12:52:56.609+0000] {processor.py:161} INFO - Started process (PID=3234) to work on /opt/airflow/dags/constructor_standings.py
[2026-08-11T12:52:56.619+0000] {processor.py:830} INFO - Processing file /opt/airflow/dags/constructor_standings.py for tasks to queue
[2026-08-11T12:52:56.641+0000] {logging_mixin.py:188} INFO - [2026-08-11T12:52:56.639+0000] {dagbag.py:545} INFO - Filling up the DagBag from /opt/airflow/dags/constructor_standings.py
[2026-08-11T12:52:56.963+0000] {processor.py:840} INFO - DAG(s) 'constructor_standings' retrieved from /opt/airflow/dags/constructor_standings.py
[2026-08-11T12:52:57.027+0000] {logging_mixin.py:188} INFO - [2026-08-11T12:52:57.026+0000] {dag.py:3096} INFO - Sync 1 DAGs
[2026-08-11T12:52:57.066+0000] {logging_mixin.py:188} INFO - [2026-08-11T12:52:57.065+0000] {dag.py:3954} INFO - Setting next_dagrun for constructor_standings to None, run_after=None
[2026-08-11T12:52:57.097+0000] {processor.py:183} INFO - Processing /opt/airflow/dags/constructor_standings.py took 0.534 seconds
[2026-08-11T12:53:28.920+0000] {processor.py:161} INFO - Started process (PID=3250) to work on /opt/airflow/dags/constructor_standings.py
[2026-08-11T12:53:28.925+0000] {processor.py:830} INFO - Processing file /opt/airflow/dags/constructor_standings.py for tasks to queue
[2026-08-11T12:53:28.935+0000] {logging_mixin.py:188} INFO - [2026-08-11T12:53:28.934+0000] {dagbag.py:545} INFO - Filling up the DagBag from /opt/airflow/dags/constructor_standings.py
[2026-08-11T12:53:29.117+0000] {processor.py:840} INFO - DAG(s) 'constructor_standings' retrieved from /opt/airflow/dags/constructor_standings.py
[2026-08-11T12:53:29.144+0000] {logging_mixin.py:188} INFO - [2026-08-11T12:53:29.144+0000] {dag.py:3096} INFO - Sync 1 DAGs
[2026-08-11T12:53:29.158+0000] {logging_mixin.py:188} INFO - [2026-08-11T12:53:29.158+0000] {dag.py:3954} INFO - Setting next_dagrun for constructor_standings to None, run_after=None
[2026-08-11T12:53:29.187+0000] {processor.py:183} INFO - Processing /opt/airflow/dags/constructor_standings.py took 0.293 seconds
[2026-08-11T12:53:59.582+0000] {processor.py:161} INFO - Started process (PID=3266) to work on /opt/airflow/dags/constructor_standings.py
[2026-08-11T12:53:59.585+0000] {processor.py:830} INFO - Processing file /opt/airflow/dags/constructor_standings.py for tasks to queue
[2026-08-11T12:53:59.601+0000] {logging_mixin.py:188} INFO - [2026-08-11T12:53:59.599+0000] {dagbag.py:545} INFO - Filling up the DagBag from /opt/airflow/dags/constructor_standings.py
[2026-08-11T12:53:59.802+0000] {processor.py:840} INFO - DAG(s) 'constructor_standings' retrieved from /opt/airflow/dags/constructor_standings.py
[2026-08-11T12:53:59.838+0000] {logging_mixin.py:188} INFO - [2026-08-11T12:53:59.838+0000] {dag.py:3096} INFO - Sync 1 DAGs
[2026-08-11T12:53:59.855+0000] {logging_mixin.py:188} INFO - [2026-08-11T12:53:59.854+0000] {dag.py:3954} INFO - Setting next_dagrun for constructor_standings to None, run_after=None
[2026-08-11T12:53:59.889+0000] {processor.py:183} INFO - Processing /opt/airflow/dags/constructor_standings.py took 0.319 seconds
[2026-08-11T12:54:30.682+0000] {processor.py:161} INFO - Started process (PID=3282) to work on /opt/airflow/dags/constructor_standings.py
[2026-08-11T12:54:30.709+0000] {processor.py:830} INFO - Processing file /opt/airflow/dags/constructor_standings.py for tasks to queue
[2026-08-11T12:54:30.713+0000] {logging_mixin.py:188} INFO - [2026-08-11T12:54:30.712+0000] {dagbag.py:545} INFO - Filling up the DagBag from /opt/airflow/dags/constructor_standings.py
[2026-08-11T12:54:30.416+0000] {processor.py:840} INFO - DAG(s) 'constructor_standings' retrieved from /opt/airflow/dags/constructor_standings.py
[2026-08-11T12:54:30.441+0000] {logging_mixin.py:188} INFO - [2026-08-11T12:54:30.441+0000] {dag.py:3096} INFO - Sync 1 DAGs
[2026-08-11T12:54:30.464+0000] {logging_mixin.py:188} INFO - [2026-08-11T12:54:30.464+0000] {dag.py:3954} INFO - Setting next_dagrun for constructor_standings to None, run_after=None
[2026-08-11T12:54:30.511+0000] {processor.py:183} INFO - Processing /opt/airflow/dags/constructor_standings.py took 0.245 seconds
[2026-08-11T12:55:00.959+0000] {processor.py:161} INFO - Started process (PID=3298) to work on /opt/airflow/dags/constructor_standings.py
[2026-08-11T12:55:00.962+0000] {processor.py:830} INFO - Processing file /opt/airflow/dags/constructor_standings.py for tasks to queue
[2026-08-11T12:55:00.968+0000] {logging_mixin.py:188} INFO - [2026-08-11T12:55:00.967+0000] {dagbag.py:545} INFO - Filling up the DagBag from /opt/airflow/dags/constructor_standings.py
[2026-08-11T12:55:01.178+0000] {processor.py:840} INFO - DAG(s) 'constructor_standings' retrieved from /opt/airflow/dags/constructor_standings.py
[2026-08-11T12:55:01.229+0000] {logging_mixin.py:188} INFO - [2026-08-11T12:55:01.228+0000] {dag.py:3096} INFO - Sync 1 DAGs
[2026-08-11T12:55:01.255+0000] {logging_mixin.py:188} INFO - [2026-08-11T12:55:01.255+0000] {dag.py:3954} INFO - Setting next_dagrun for constructor_standings to None, run_after=None
[2026-08-11T12:55:01.301+0000] {processor.py:183} INFO - Processing /opt/airflow/dags/constructor_standings.py took 0.356 seconds
[2026-08-11T12:55:31.654+0000] {processor.py:161} INFO - Started process (PID=3314) to work on /opt/airflow/dags/constructor_standings.py
[2026-08-11T12:55:31.659+0000] {processor.py:830} INFO - Processing file /opt/airflow/dags/constructor_standings.py for tasks to queue
[2026-08-11T12:55:31.669+0000] {logging_mixin.py:188} INFO - [2026-08-11T12:55:31.668+0000] {dagbag.py:545} INFO - Filling up the DagBag from /opt/airflow/dags/constructor_standings.py
[2026-08-11T12:55:32.090+0000] {processor.py:840} INFO - DAG(s) 'constructor_standings' retrieved from /opt/airflow/dags/constructor_standings.py
[2026-08-11T12:55:32.175+0000] {logging_mixin.py:188} INFO - [2026-08-11T12:55:32.174+0000] {dag.py:3096} INFO - Sync 1 DAGs
[2026-08-11T12:55:32.213+0000] {logging_mixin.py:188} INFO - [2026-08-11T12:55:32.213+0000] {dag.py:3954} INFO - Setting next_dagrun for constructor_standings to None, run_after=None
[2026-08-11T12:55:32.253+0000] {processor.py:183} INFO - Processing /opt/airflow/dags/constructor_standings.py took 0.620 seconds
[2026-08-11T12:56:02.424+0000] {processor.py:161} INFO - Started process (PID=3330) to work on /opt/airflow/dags/constructor_standings.py
[2026-08-11T12:56:02.426+0000] {processor.py:830} INFO - Processing file /opt/airflow/dags/constructor_standings.py for tasks to queue
[2026-08-11T12:56:02.428+0000] {logging_mixin.py:188} INFO - [2026-08-11T12:56:02.428+0000] {dagbag.py:545} INFO - Filling up the DagBag from /opt/airflow/dags/constructor_standings.py
[2026-08-11T12:56:02.525+0000] {processor.py:840} INFO - DAG(s) 'constructor_standings' retrieved from /opt/airflow/dags/constructor_standings.py
[2026-08-11T12:56:02.560+0000] {logging_mixin.py:188} INFO - [2026-08-11T12:56:02.560+0000] {dag.py:3096} INFO - Sync 1 DAGs
[2026-08-11T12:56:02.574+0000] {logging_mixin.py:188} INFO - [2026-08-11T12:56:02.574+0000] {dag.py:3954} INFO - Setting next_dagrun for constructor_standings to None, run_after=None
[2026-08-11T12:56:02.596+0000] {processor.py:183} INFO - Processing /opt/airflow/dags/constructor_standings.py took 0.178 seconds
[2026-08-11T12:56:32.876+0000] {processor.py:161} INFO - Started process (PID=3346) to work on /opt/airflow/dags/constructor_standings.py
[2026-08-11T12:56:32.878+0000] {processor.py:830} INFO - Processing file /opt/airflow/dags/constructor_standings.py for tasks to queue
[2026-08-11T12:56:32.881+0000] {logging_mixin.py:188} INFO - [2026-08-11T12:56:32.880+0000] {dagbag.py:545} INFO - Filling up the DagBag from /opt/airflow/dags/constructor_standings.py
[2026-08-11T12:56:33.046+0000] {processor.py:840} INFO - DAG(s) 'constructor_standings' retrieved from /opt/airflow/dags/constructor_standings.py
[2026-08-11T12:56:33.120+0000] {logging_mixin.py:188} INFO - [2026-08-11T12:56:33.119+0000] {dag.py:3096} INFO - Sync 1 DAGs
[2026-08-11T12:56:33.155+0000] {logging_mixin.py:188} INFO - [2026-08-11T12:56:33.154+0000] {dag.py:3954} INFO - Setting next_dagrun for constructor_standings to None, run_after=None
[2026-08-11T12:56:33.253+0000] {processor.py:183} INFO - Processing /opt/airflow/dags/constructor_standings.py took 0.384 seconds
[2026-08-11T12:57:03.813+0000] {processor.py:161} INFO - Started process (PID=3362) to work on /opt/airflow/dags/constructor_standings.py
[2026-08-11T12:57:03.816+0000] {processor.py:830} INFO - Processing file /opt/airflow/dags/constructor_standings.py for tasks to queue
[2026-08-11T12:57:03.819+0000] {logging_mixin.py:188} INFO - [2026-08-11T12:57:03.818+0000] {dagbag.py:545} INFO - Filling up the DagBag from /opt/airflow/dags/constructor_standings.py
[2026-08-11T12:57:03.947+0000] {processor.py:840} INFO - DAG(s) 'constructor_standings' retrieved from /opt/airflow/dags/constructor_standings.py
[2026-08-11T12:57:03.978+0000] {logging_mixin.py:188} INFO - [2026-08-11T12:57:03.978+0000] {dag.py:3096} INFO - Sync 1 DAGs
[2026-08-11T12:57:03.994+0000] {logging_mixin.py:188} INFO - [2026-08-11T12:57:03.994+0000] {dag.py:3954} INFO - Setting next_dagrun for constructor_standings to None, run_after=None
[2026-08-11T12:57:04.016+0000] {processor.py:183} INFO - Processing /opt/airflow/dags/constructor_standings.py took 0.211 seconds
[2026-08-11T12:57:34.593+0000] {processor.py:161} INFO - Started process (PID=3378) to work on /opt/airflow/dags/constructor_standings.py
[2026-08-11T12:57:34.594+0000] {processor.py:830} INFO - Processing file /opt/airflow/dags/constructor_standings.py for tasks to queue
[2026-08-11T12:57:34.597+0000] {logging_mixin.py:188} INFO - [2026-08-11T12:57:34.596+0000] {dagbag.py:545} INFO - Filling up the DagBag from /opt/airflow/dags/constructor_standings.py
[2026-08-11T12:57:34.695+0000] {processor.py:840} INFO - DAG(s) 'constructor_standings' retrieved from /opt/airflow/dags/constructor_standings.py
[2026-08-11T12:57:34.720+0000] {logging_mixin.py:188} INFO - [2026-08-11T12:57:34.720+0000] {dag.py:3096} INFO - Sync 1 DAGs
[2026-08-11T12:57:34.734+0000] {logging_mixin.py:188} INFO - [2026-08-11T12:57:34.734+0000] {dag.py:3954} INFO - Setting next_dagrun for constructor_standings to None, run_after=None
[2026-08-11T12:57:34.755+0000] {processor.py:183} INFO - Processing /opt/airflow/dags/constructor_standings.py took 0.168 seconds
[2026-08-11T12:58:05.121+0000] {processor.py:161} INFO - Started process (PID=3394) to work on /opt/airflow/dags/constructor_standings.py
[2026-08-11T12:58:05.124+0000] {processor.py:830} INFO - Processing file /opt/airflow/dags/constructor_standings.py for tasks to queue
[2026-08-11T12:58:05.141+0000] {logging_mixin.py:188} INFO - [2026-08-11T12:58:05.139+0000] {dagbag.py:545} INFO - Filling up the DagBag from /opt/airflow/dags/constructor_standings.py
[2026-08-11T12:58:05.309+0000] {processor.py:840} INFO - DAG(s) 'constructor_standings' retrieved from /opt/airflow/dags/constructor_standings.py
[2026-08-11T12:58:05.359+0000] {logging_mixin.py:188} INFO - [2026-08-11T12:58:05.358+0000] {dag.py:3096} INFO - Sync 1 DAGs
[2026-08-11T12:58:05.379+0000] {logging_mixin.py:188} INFO - [2026-08-11T12:58:05.379+0000] {dag.py:3954} INFO - Setting next_dagrun for constructor_standings to None, run_after=None
[2026-08-11T12:58:05.413+0000] {processor.py:183} INFO - Processing /opt/airflow/dags/constructor_standings.py took 0.301 seconds
[2026-08-11T12:58:36.095+0000] {processor.py:161} INFO - Started process (PID=3410) to work on /opt/airflow/dags/constructor_standings.py
[2026-08-11T12:58:36.099+0000] {processor.py:830} INFO - Processing file /opt/airflow/dags/constructor_standings.py for tasks to queue
[2026-08-11T12:58:36.103+0000] {logging_mixin.py:188} INFO - [2026-08-11T12:58:36.103+0000] {dagbag.py:545} INFO - Filling up the DagBag from /opt/airflow/dags/constructor_standings.py
[2026-08-11T12:58:36.250+0000] {processor.py:840} INFO - DAG(s) 'constructor_standings' retrieved from /opt/airflow/dags/constructor_standings.py
[2026-08-11T12:58:36.298+0000] {logging_mixin.py:188} INFO - [2026-08-11T12:58:36.298+0000] {dag.py:3096} INFO - Sync 1 DAGs
[2026-08-11T12:58:36.318+0000] {logging_mixin.py:188} INFO - [2026-08-11T12:58:36.318+0000] {dag.py:3954} INFO - Setting next_dagrun for constructor_standings to None, run_after=None
[2026-08-11T12:58:36.343+0000] {processor.py:183} INFO - Processing /opt/airflow/dags/constructor_standings.py took 0.255 seconds
[2026-08-11T12:59:07.637+0000] {processor.py:161} INFO - Started process (PID=3426) to work on /opt/airflow/dags/constructor_standings.py
[2026-08-11T12:59:07.644+0000] {processor.py:830} INFO - Processing file /opt/airflow/dags/constructor_standings.py for tasks to queue
[2026-08-11T12:59:07.651+0000] {logging_mixin.py:188} INFO - [2026-08-11T12:59:07.650+0000] {dagbag.py:545} INFO - Filling up the DagBag from /opt/airflow/dags/constructor_standings.py
[2026-08-11T12:59:07.767+0000] {processor.py:840} INFO - DAG(s) 'constructor_standings' retrieved from /opt/airflow/dags/constructor_standings.py
[2026-08-11T12:59:07.824+0000] {logging_mixin.py:188} INFO - [2026-08-11T12:59:07.823+0000] {dag.py:3096} INFO - Sync 1 DAGs
[2026-08-11T12:59:07.957+0000] {logging_mixin.py:188} INFO - [2026-08-11T12:59:07.956+0000] {dag.py:3954} INFO - Setting next_dagrun for constructor_standings to None, run_after=None
[2026-08-11T12:59:07.992+0000] {processor.py:183} INFO - Processing /opt/airflow/dags/constructor_standings.py took 1.013 seconds
[2026-08-11T12:59:38.775+0000] {processor.py:161} INFO - Started process (PID=3442) to work on /opt/airflow/dags/constructor_standings.py
[2026-08-11T12:59:38.777+0000] {processor.py:830} INFO - Processing file /opt/airflow/dags/constructor_standings.py for tasks to queue
[2026-08-11T12:59:38.781+0000] {logging_mixin.py:188} INFO - [2026-08-11T12:59:38.780+0000] {dagbag.py:545} INFO - Filling up the DagBag from /opt/airflow/dags/constructor_standings.py
[2026-08-11T12:59:39.058+0000] {processor.py:840} INFO - DAG(s) 'constructor_standings' retrieved from /opt/airflow/dags/constructor_standings.py
[2026-08-11T12:59:39.094+0000] {logging_mixin.py:188} INFO - [2026-08-11T12:59:39.094+0000] {dag.py:3096} INFO - Sync 1 DAGs
[2026-08-11T12:59:39.116+0000] {logging_mixin.py:188} INFO - [2026-08-11T12:59:39.115+0000] {dag.py:3954} INFO - Setting next_dagrun for constructor_standings to None, run_after=None
[2026-08-11T12:59:39.183+0000] {processor.py:183} INFO - Processing /opt/airflow/dags/constructor_standings.py took 0.419 seconds
[2026-08-11T13:00:13.030+0000] {processor.py:161} INFO - Started process (PID=3456) to work on /opt/airflow/dags/constructor_standings.py
[2026-08-11T13:00:13.035+0000] {processor.py:830} INFO - Processing file /opt/airflow/dags/constructor_standings.py for tasks to queue
[2026-08-11T13:00:13.045+0000] {logging_mixin.py:188} INFO - [2026-08-11T13:00:13.044+0000] {dagbag.py:545} INFO - Filling up the DagBag from /opt/airflow/dags/constructor_standings.py
[2026-08-11T13:00:15.765+0000] {processor.py:840} INFO - DAG(s) 'constructor_standings' retrieved from /opt/airflow/dags/constructor_standings.py
[2026-08-11T13:00:16.963+0000] {logging_mixin.py:188} INFO - [2026-08-11T13:00:16.963+0000] {dag.py:3096} INFO - Sync 1 DAGs
[2026-08-11T13:00:17.166+0000] {logging_mixin.py:188} INFO - [2026-08-11T13:00:17.166+0000] {dag.py:3954} INFO - Setting next_dagrun for constructor_standings to None, run_after=None
[2026-08-11T13:00:18.243+0000] {processor.py:183} INFO - Processing /opt/airflow/dags/constructor_standings.py took 5.258 seconds
[2026-08-11T13:00:48.418+0000] {processor.py:161} INFO - Started process (PID=3468) to work on /opt/airflow/dags/constructor_standings.py
[2026-08-11T13:00:48.426+0000] {processor.py:830} INFO - Processing file /opt/airflow/dags/constructor_standings.py for tasks to queue
[2026-08-11T13:00:48.430+0000] {logging_mixin.py:188} INFO - [2026-08-11T13:00:48.429+0000] {dagbag.py:545} INFO - Filling up the DagBag from /opt/airflow/dags/constructor_standings.py
[2026-08-11T13:00:48.750+0000] {processor.py:840} INFO - DAG(s) 'constructor_standings' retrieved from /opt/airflow/dags/constructor_standings.py
[2026-08-11T13:00:49.063+0000] {logging_mixin.py:188} INFO - [2026-08-11T13:00:49.063+0000] {dag.py:3096} INFO - Sync 1 DAGs
[2026-08-11T13:00:49.104+0000] {logging_mixin.py:188} INFO - [2026-08-11T13:00:49.103+0000] {dag.py:3954} INFO - Setting next_dagrun for constructor_standings to None, run_after=None
[2026-08-11T13:00:49.149+0000] {processor.py:183} INFO - Processing /opt/airflow/dags/constructor_standings.py took 0.763 seconds
[2026-08-11T13:01:19.836+0000] {processor.py:161} INFO - Started process (PID=3484) to work on /opt/airflow/dags/constructor_standings.py
[2026-08-11T13:01:19.838+0000] {processor.py:830} INFO - Processing file /opt/airflow/dags/constructor_standings.py for tasks to queue
[2026-08-11T13:01:19.856+0000] {logging_mixin.py:188} INFO - [2026-08-11T13:01:19.852+0000] {dagbag.py:545} INFO - Filling up the DagBag from /opt/airflow/dags/constructor_standings.py
[2026-08-11T13:01:20.107+0000] {processor.py:840} INFO - DAG(s) 'constructor_standings' retrieved from /opt/airflow/dags/constructor_standings.py
[2026-08-11T13:01:20.136+0000] {logging_mixin.py:188} INFO - [2026-08-11T13:01:20.136+0000] {dag.py:3096} INFO - Sync 1 DAGs
[2026-08-11T13:01:20.150+0000] {logging_mixin.py:188} INFO - [2026-08-11T13:01:20.150+0000] {dag.py:3954} INFO - Setting next_dagrun for constructor_standings to None, run_after=None
[2026-08-11T13:01:20.184+0000] {processor.py:183} INFO - Processing /opt/airflow/dags/constructor_standings.py took 0.356 seconds
[2026-08-11T13:01:50.809+0000] {processor.py:161} INFO - Started process (PID=3500) to work on /opt/airflow/dags/constructor_standings.py
[2026-08-11T13:01:50.823+0000] {processor.py:830} INFO - Processing file /opt/airflow/dags/constructor_standings.py for tasks to queue
[2026-08-11T13:01:50.848+0000] {logging_mixin.py:188} INFO - [2026-08-11T13:01:50.844+0000] {dagbag.py:545} INFO - Filling up the DagBag from /opt/airflow/dags/constructor_standings.py
[2026-08-11T13:01:51.212+0000] {processor.py:840} INFO - DAG(s) 'constructor_standings' retrieved from /opt/airflow/dags/constructor_standings.py
[2026-08-11T13:01:51.241+0000] {logging_mixin.py:188} INFO - [2026-08-11T13:01:51.241+0000] {dag.py:3096} INFO - Sync 1 DAGs
[2026-08-11T13:01:51.255+0000] {logging_mixin.py:188} INFO - [2026-08-11T13:01:51.255+0000] {dag.py:3954} INFO - Setting next_dagrun for constructor_standings to None, run_after=None
[2026-08-11T13:01:51.278+0000] {processor.py:183} INFO - Processing /opt/airflow/dags/constructor_standings.py took 0.528 seconds
[2026-08-11T13:02:21.462+0000] {processor.py:161} INFO - Started process (PID=3516) to work on /opt/airflow/dags/constructor_standings.py
[2026-08-11T13:02:21.464+0000] {processor.py:830} INFO - Processing file /opt/airflow/dags/constructor_standings.py for tasks to queue
[2026-08-11T13:02:21.467+0000] {logging_mixin.py:188} INFO - [2026-08-11T13:02:21.467+0000] {dagbag.py:545} INFO - Filling up the DagBag from /opt/airflow/dags/constructor_standings.py
[2026-08-11T13:02:21.573+0000] {processor.py:840} INFO - DAG(s) 'constructor_standings' retrieved from /opt/airflow/dags/constructor_standings.py
[2026-08-11T13:02:21.600+0000] {logging_mixin.py:188} INFO - [2026-08-11T13:02:21.599+0000] {dag.py:3096} INFO - Sync 1 DAGs
[2026-08-11T13:02:21.709+0000] {logging_mixin.py:188} INFO - [2026-08-11T13:02:21.709+0000] {dag.py:3954} INFO - Setting next_dagrun for constructor_standings to None, run_after=None
[2026-08-11T13:02:21.795+0000] {processor.py:183} INFO - Processing /opt/airflow/dags/constructor_standings.py took 0.340 seconds
[2026-08-11T13:02:52.143+0000] {processor.py:161} INFO - Started process (PID=3532) to work on /opt/airflow/dags/constructor_standings.py
[2026-08-11T13:02:52.145+0000] {processor.py:830} INFO - Processing file /opt/airflow/dags/constructor_standings.py for tasks to queue
[2026-08-11T13:02:52.150+0000] {logging_mixin.py:188} INFO - [2026-08-11T13:02:52.148+0000] {dagbag.py:545} INFO - Filling up the DagBag from /opt/airflow/dags/constructor_standings.py
[2026-08-11T13:02:52.263+0000] {processor.py:840} INFO - DAG(s) 'constructor_standings' retrieved from /opt/airflow/dags/constructor_standings.py
[2026-08-11T13:02:52.295+0000] {logging_mixin.py:188} INFO - [2026-08-11T13:02:52.295+0000] {dag.py:3096} INFO - Sync 1 DAGs
[2026-08-11T13:02:52.319+0000] {logging_mixin.py:188} INFO - [2026-08-11T13:02:52.319+0000] {dag.py:3954} INFO - Setting next_dagrun for constructor_standings to None, run_after=None
[2026-08-11T13:02:52.350+0000] {processor.py:183} INFO - Processing /opt/airflow/dags/constructor_standings.py took 0.216 seconds
[2026-08-11T13:03:22.598+0000] {processor.py:161} INFO - Started process (PID=3548) to work on /opt/airflow/dags/constructor_standings.py
[2026-08-11T13:03:22.599+0000] {processor.py:830} INFO - Processing file /opt/airflow/dags/constructor_standings.py for tasks to queue
[2026-08-11T13:03:22.602+0000] {logging_mixin.py:188} INFO - [2026-08-11T13:03:22.602+0000] {dagbag.py:545} INFO - Filling up the DagBag from /opt/airflow/dags/constructor_standings.py
[2026-08-11T13:03:22.701+0000] {processor.py:840} INFO - DAG(s) 'constructor_standings' retrieved from /opt/airflow/dags/constructor_standings.py
[2026-08-11T13:03:22.731+0000] {logging_mixin.py:188} INFO - [2026-08-11T13:03:22.731+0000] {dag.py:3096} INFO - Sync 1 DAGs
[2026-08-11T13:03:22.747+0000] {logging_mixin.py:188} INFO - [2026-08-11T13:03:22.747+0000] {dag.py:3954} INFO - Setting next_dagrun for constructor_standings to None, run_after=None
[2026-08-11T13:03:22.770+0000] {processor.py:183} INFO - Processing /opt/airflow/dags/constructor_standings.py took 0.179 seconds
[2026-08-11T13:03:53.139+0000] {processor.py:161} INFO - Started process (PID=3564) to work on /opt/airflow/dags/constructor_standings.py
[2026-08-11T13:03:53.140+0000] {processor.py:830} INFO - Processing file /opt/airflow/dags/constructor_standings.py for tasks to queue
[2026-08-11T13:03:53.143+0000] {logging_mixin.py:188} INFO - [2026-08-11T13:03:53.143+0000] {dagbag.py:545} INFO - Filling up the DagBag from /opt/airflow/dags/constructor_standings.py
[2026-08-11T13:03:53.248+0000] {processor.py:840} INFO - DAG(s) 'constructor_standings' retrieved from /opt/airflow/dags/constructor_standings.py
[2026-08-11T13:03:53.273+0000] {logging_mixin.py:188} INFO - [2026-08-11T13:03:53.273+0000] {dag.py:3096} INFO - Sync 1 DAGs
[2026-08-11T13:03:53.287+0000] {logging_mixin.py:188} INFO - [2026-08-11T13:03:53.287+0000] {dag.py:3954} INFO - Setting next_dagrun for constructor_standings to None, run_after=None
[2026-08-11T13:03:53.309+0000] {processor.py:183} INFO - Processing /opt/airflow/dags/constructor_standings.py took 0.177 seconds
[2026-08-11T13:04:23.362+0000] {processor.py:161} INFO - Started process (PID=3578) to work on /opt/airflow/dags/constructor_standings.py
[2026-08-11T13:04:23.365+0000] {processor.py:830} INFO - Processing file /opt/airflow/dags/constructor_standings.py for tasks to queue
[2026-08-11T13:04:23.370+0000] {logging_mixin.py:188} INFO - [2026-08-11T13:04:23.369+0000] {dagbag.py:545} INFO - Filling up the DagBag from /opt/airflow/dags/constructor_standings.py
[2026-08-11T13:04:23.557+0000] {processor.py:840} INFO - DAG(s) 'constructor_standings' retrieved from /opt/airflow/dags/constructor_standings.py
[2026-08-11T13:04:23.628+0000] {logging_mixin.py:188} INFO - [2026-08-11T13:04:23.627+0000] {dag.py:3096} INFO - Sync 1 DAGs
[2026-08-11T13:04:23.647+0000] {logging_mixin.py:188} INFO - [2026-08-11T13:04:23.647+0000] {dag.py:3954} INFO - Setting next_dagrun for constructor_standings to None, run_after=None
[2026-08-11T13:04:23.668+0000] {processor.py:183} INFO - Processing /opt/airflow/dags/constructor_standings.py took 0.314 seconds
[2026-08-11T13:05:00.016+0000] {processor.py:161} INFO - Started process (PID=3588) to work on /opt/airflow/dags/constructor_standings.py
[2026-08-11T13:05:00.026+0000] {processor.py:830} INFO - Processing file /opt/airflow/dags/constructor_standings.py for tasks to queue
[2026-08-11T13:05:00.178+0000] {logging_mixin.py:188} INFO - [2026-08-11T13:05:00.178+0000] {dagbag.py:545} INFO - Filling up the DagBag from /opt/airflow/dags/constructor_standings.py
[2026-08-11T13:05:01.310+0000] {processor.py:840} INFO - DAG(s) 'constructor_standings' retrieved from /opt/airflow/dags/constructor_standings.py
[2026-08-11T13:05:01.505+0000] {logging_mixin.py:188} INFO - [2026-08-11T13:05:01.504+0000] {dag.py:3096} INFO - Sync 1 DAGs
[2026-08-11T13:05:01.566+0000] {logging_mixin.py:188} INFO - [2026-08-11T13:05:01.565+0000] {dag.py:3954} INFO - Setting next_dagrun for constructor_standings to None, run_after=None
[2026-08-11T13:05:01.660+0000] {processor.py:183} INFO - Processing /opt/airflow/dags/constructor_standings.py took 1.687 seconds
[2026-08-11T13:05:32.720+0000] {processor.py:161} INFO - Started process (PID=3601) to work on /opt/airflow/dags/constructor_standings.py
[2026-08-11T13:05:32.732+0000] {processor.py:830} INFO - Processing file /opt/airflow/dags/constructor_standings.py for tasks to queue
[2026-08-11T13:05:32.764+0000] {logging_mixin.py:188} INFO - [2026-08-11T13:05:32.758+0000] {dagbag.py:545} INFO - Filling up the DagBag from /opt/airflow/dags/constructor_standings.py
[2026-08-11T13:05:34.049+0000] {processor.py:840} INFO - DAG(s) 'constructor_standings' retrieved from /opt/airflow/dags/constructor_standings.py
[2026-08-11T13:05:34.268+0000] {logging_mixin.py:188} INFO - [2026-08-11T13:05:34.268+0000] {dag.py:3096} INFO - Sync 1 DAGs
[2026-08-11T13:05:34.357+0000] {logging_mixin.py:188} INFO - [2026-08-11T13:05:34.357+0000] {dag.py:3954} INFO - Setting next_dagrun for constructor_standings to None, run_after=None
[2026-08-11T13:05:34.425+0000] {processor.py:183} INFO - Processing /opt/airflow/dags/constructor_standings.py took 1.802 seconds
[2026-08-11T13:06:19.084+0000] {processor.py:161} INFO - Started process (PID=3617) to work on /opt/airflow/dags/constructor_standings.py
[2026-08-11T13:06:19.208+0000] {processor.py:830} INFO - Processing file /opt/airflow/dags/constructor_standings.py for tasks to queue
[2026-08-11T13:06:19.332+0000] {logging_mixin.py:188} INFO - [2026-08-11T13:06:19.317+0000] {dagbag.py:545} INFO - Filling up the DagBag from /opt/airflow/dags/constructor_standings.py
[2026-08-11T13:06:25.010+0000] {processor.py:840} INFO - DAG(s) 'constructor_standings' retrieved from /opt/airflow/dags/constructor_standings.py
[2026-08-11T13:06:25.163+0000] {logging_mixin.py:188} INFO - [2026-08-11T13:06:25.162+0000] {dag.py:3096} INFO - Sync 1 DAGs
[2026-08-11T13:06:25.278+0000] {logging_mixin.py:188} INFO - [2026-08-11T13:06:25.278+0000] {dag.py:3954} INFO - Setting next_dagrun for constructor_standings to None, run_after=None
[2026-08-11T13:06:25.435+0000] {processor.py:183} INFO - Processing /opt/airflow/dags/constructor_standings.py took 4.471 seconds
[2026-08-11T13:06:57.972+0000] {processor.py:161} INFO - Started process (PID=3636) to work on /opt/airflow/dags/constructor_standings.py
[2026-08-11T13:06:58.044+0000] {processor.py:830} INFO - Processing file /opt/airflow/dags/constructor_standings.py for tasks to queue
[2026-08-11T13:06:58.413+0000] {logging_mixin.py:188} INFO - [2026-08-11T13:06:58.412+0000] {dagbag.py:545} INFO - Filling up the DagBag from /opt/airflow/dags/constructor_standings.py
[2026-08-11T13:07:01.594+0000] {processor.py:840} INFO - DAG(s) 'constructor_standings' retrieved from /opt/airflow/dags/constructor_standings.py
[2026-08-11T13:07:02.714+0000] {logging_mixin.py:188} INFO - [2026-08-11T13:07:02.713+0000] {dag.py:3096} INFO - Sync 1 DAGs
[2026-08-11T13:07:03.703+0000] {logging_mixin.py:188} INFO - [2026-08-11T13:07:03.697+0000] {dag.py:3954} INFO - Setting next_dagrun for constructor_standings to None, run_after=None
[2026-08-11T13:07:05.052+0000] {processor.py:183} INFO - Processing /opt/airflow/dags/constructor_standings.py took 7.174 seconds
[2026-08-11T13:07:47.084+0000] {processor.py:161} INFO - Started process (PID=3652) to work on /opt/airflow/dags/constructor_standings.py
[2026-08-11T13:07:47.090+0000] {processor.py:830} INFO - Processing file /opt/airflow/dags/constructor_standings.py for tasks to queue
[2026-08-11T13:07:47.105+0000] {logging_mixin.py:188} INFO - [2026-08-11T13:07:47.102+0000] {dagbag.py:545} INFO - Filling up the DagBag from /opt/airflow/dags/constructor_standings.py
[2026-08-11T13:07:48.943+0000] {processor.py:840} INFO - DAG(s) 'constructor_standings' retrieved from /opt/airflow/dags/constructor_standings.py
[2026-08-11T13:07:49.645+0000] {logging_mixin.py:188} INFO - [2026-08-11T13:07:49.644+0000] {dag.py:3096} INFO - Sync 1 DAGs
[2026-08-11T13:07:49.948+0000] {logging_mixin.py:188} INFO - [2026-08-11T13:07:49.947+0000] {dag.py:3954} INFO - Setting next_dagrun for constructor_standings to None, run_after=None
[2026-08-11T13:07:50.519+0000] {processor.py:183} INFO - Processing /opt/airflow/dags/constructor_standings.py took 3.657 seconds
[2026-08-11T13:08:25.165+0000] {processor.py:161} INFO - Started process (PID=3662) to work on /opt/airflow/dags/constructor_standings.py
[2026-08-11T13:08:25.178+0000] {processor.py:830} INFO - Processing file /opt/airflow/dags/constructor_standings.py for tasks to queue
[2026-08-11T13:08:25.184+0000] {logging_mixin.py:188} INFO - [2026-08-11T13:08:25.183+0000] {dagbag.py:545} INFO - Filling up the DagBag from /opt/airflow/dags/constructor_standings.py
[2026-08-11T13:08:26.245+0000] {processor.py:840} INFO - DAG(s) 'constructor_standings' retrieved from /opt/airflow/dags/constructor_standings.py
[2026-08-11T13:08:26.329+0000] {logging_mixin.py:188} INFO - [2026-08-11T13:08:26.329+0000] {dag.py:3096} INFO - Sync 1 DAGs
[2026-08-11T13:08:26.702+0000] {logging_mixin.py:188} INFO - [2026-08-11T13:08:26.702+0000] {dag.py:3954} INFO - Setting next_dagrun for constructor_standings to None, run_after=None
[2026-08-11T13:08:26.935+0000] {processor.py:183} INFO - Processing /opt/airflow/dags/constructor_standings.py took 5.063 seconds
[2026-08-11T13:08:57.858+0000] {processor.py:161} INFO - Started process (PID=3678) to work on /opt/airflow/dags/constructor_standings.py
[2026-08-11T13:08:57.878+0000] {processor.py:830} INFO - Processing file /opt/airflow/dags/constructor_standings.py for tasks to queue
[2026-08-11T13:08:57.911+0000] {logging_mixin.py:188} INFO - [2026-08-11T13:08:57.908+0000] {dagbag.py:545} INFO - Filling up the DagBag from /opt/airflow/dags/constructor_standings.py
[2026-08-11T13:08:58.567+0000] {processor.py:840} INFO - DAG(s) 'constructor_standings' retrieved from /opt/airflow/dags/constructor_standings.py
[2026-08-11T13:08:58.805+0000] {logging_mixin.py:188} INFO - [2026-08-11T13:08:58.804+0000] {dag.py:3096} INFO - Sync 1 DAGs
[2026-08-11T13:08:58.919+0000] {logging_mixin.py:188} INFO - [2026-08-11T13:08:58.918+0000] {dag.py:3954} INFO - Setting next_dagrun for constructor_standings to None, run_after=None
[2026-08-11T13:08:59.030+0000] {processor.py:183} INFO - Processing /opt/airflow/dags/constructor_standings.py took 1.258 seconds
[2026-08-11T13:09:29.787+0000] {processor.py:161} INFO - Started process (PID=3688) to work on /opt/airflow/dags/constructor_standings.py
[2026-08-11T13:09:29.842+0000] {processor.py:830} INFO - Processing file /opt/airflow/dags/constructor_standings.py for tasks to queue
[2026-08-11T13:09:29.872+0000] {logging_mixin.py:188} INFO - [2026-08-11T13:09:29.867+0000] {dagbag.py:545} INFO - Filling up the DagBag from /opt/airflow/dags/constructor_standings.py
[2026-08-11T13:09:30.554+0000] {processor.py:840} INFO - DAG(s) 'constructor_standings' retrieved from /opt/airflow/dags/constructor_standings.py
[2026-08-11T13:09:30.715+0000] {logging_mixin.py:188} INFO - [2026-08-11T13:09:30.712+0000] {dag.py:3096} INFO - Sync 1 DAGs
[2026-08-11T13:09:30.835+0000] {logging_mixin.py:188} INFO - [2026-08-11T13:09:30.835+0000] {dag.py:3954} INFO - Setting next_dagrun for constructor_standings to None, run_after=None
[2026-08-11T13:09:31.015+0000] {processor.py:183} INFO - Processing /opt/airflow/dags/constructor_standings.py took 1.288 seconds
[2026-08-11T13:10:05.115+0000] {processor.py:161} INFO - Started process (PID=3701) to work on /opt/airflow/dags/constructor_standings.py
[2026-08-11T13:10:05.174+0000] {processor.py:830} INFO - Processing file /opt/airflow/dags/constructor_standings.py for tasks to queue
[2026-08-11T13:10:05.350+0000] {logging_mixin.py:188} INFO - [2026-08-11T13:10:05.336+0000] {dagbag.py:545} INFO - Filling up the DagBag from /opt/airflow/dags/constructor_standings.py
[2026-08-11T13:10:16.738+0000] {processor.py:840} INFO - DAG(s) 'constructor_standings' retrieved from /opt/airflow/dags/constructor_standings.py
[2026-08-11T13:10:17.465+0000] {logging_mixin.py:188} INFO - [2026-08-11T13:10:17.464+0000] {dag.py:3096} INFO - Sync 1 DAGs
[2026-08-11T13:10:18.301+0000] {logging_mixin.py:188} INFO - [2026-08-11T13:10:18.300+0000] {dag.py:3954} INFO - Setting next_dagrun for constructor_standings to None, run_after=None
[2026-08-11T13:10:18.637+0000] {processor.py:183} INFO - Processing /opt/airflow/dags/constructor_standings.py took 12.370 seconds
[2026-08-11T13:10:52.622+0000] {processor.py:161} INFO - Started process (PID=3720) to work on /opt/airflow/dags/constructor_standings.py
[2026-08-11T13:10:52.630+0000] {processor.py:830} INFO - Processing file /opt/airflow/dags/constructor_standings.py for tasks to queue
[2026-08-11T13:10:52.690+0000] {logging_mixin.py:188} INFO - [2026-08-11T13:10:52.685+0000] {dagbag.py:545} INFO - Filling up the DagBag from /opt/airflow/dags/constructor_standings.py
[2026-08-11T13:10:53.877+0000] {processor.py:840} INFO - DAG(s) 'constructor_standings' retrieved from /opt/airflow/dags/constructor_standings.py
[2026-08-11T13:10:53.983+0000] {logging_mixin.py:188} INFO - [2026-08-11T13:10:53.982+0000] {dag.py:3096} INFO - Sync 1 DAGs
[2026-08-11T13:10:54.059+0000] {logging_mixin.py:188} INFO - [2026-08-11T13:10:54.058+0000] {dag.py:3954} INFO - Setting next_dagrun for constructor_standings to None, run_after=None
[2026-08-11T13:10:54.130+0000] {processor.py:183} INFO - Processing /opt/airflow/dags/constructor_standings.py took 1.636 seconds
[2026-08-11T13:11:24.859+0000] {processor.py:161} INFO - Started process (PID=3732) to work on /opt/airflow/dags/constructor_standings.py
[2026-08-11T13:11:24.886+0000] {processor.py:830} INFO - Processing file /opt/airflow/dags/constructor_standings.py for tasks to queue
[2026-08-11T13:11:24.888+0000] {logging_mixin.py:188} INFO - [2026-08-11T13:11:24.888+0000] {dagbag.py:545} INFO - Filling up the DagBag from /opt/airflow/dags/constructor_standings.py
[2026-08-11T13:11:25.108+0000] {processor.py:840} INFO - DAG(s) 'constructor_standings' retrieved from /opt/airflow/dags/constructor_standings.py
[2026-08-11T13:11:25.298+0000] {logging_mixin.py:188} INFO - [2026-08-11T13:11:25.298+0000] {dag.py:3096} INFO - Sync 1 DAGs
[2026-08-11T13:11:25.489+0000] {logging_mixin.py:188} INFO - [2026-08-11T13:11:25.489+0000] {dag.py:3954} INFO - Setting next_dagrun for constructor_standings to None, run_after=None
[2026-08-11T13:11:25.588+0000] {processor.py:183} INFO - Processing /opt/airflow/dags/constructor_standings.py took 1.070 seconds
[2026-08-11T13:11:56.215+0000] {processor.py:161} INFO - Started process (PID=3748) to work on /opt/airflow/dags/constructor_standings.py
[2026-08-11T13:11:56.217+0000] {processor.py:830} INFO - Processing file /opt/airflow/dags/constructor_standings.py for tasks to queue
[2026-08-11T13:11:56.219+0000] {logging_mixin.py:188} INFO - [2026-08-11T13:11:56.218+0000] {dagbag.py:545} INFO - Filling up the DagBag from /opt/airflow/dags/constructor_standings.py
[2026-08-11T13:11:56.324+0000] {processor.py:840} INFO - DAG(s) 'constructor_standings' retrieved from /opt/airflow/dags/constructor_standings.py
[2026-08-11T13:11:56.348+0000] {logging_mixin.py:188} INFO - [2026-08-11T13:11:56.348+0000] {dag.py:3096} INFO - Sync 1 DAGs
[2026-08-11T13:11:56.361+0000] {logging_mixin.py:188} INFO - [2026-08-11T13:11:56.360+0000] {dag.py:3954} INFO - Setting next_dagrun for constructor_standings to None, run_after=None
[2026-08-11T13:11:56.381+0000] {processor.py:183} INFO - Processing /opt/airflow/dags/constructor_standings.py took 0.204 seconds
[2026-08-11T13:12:26.714+0000] {processor.py:161} INFO - Started process (PID=3765) to work on /opt/airflow/dags/constructor_standings.py
[2026-08-11T13:12:26.716+0000] {processor.py:830} INFO - Processing file /opt/airflow/dags/constructor_standings.py for tasks to queue
[2026-08-11T13:12:26.717+0000] {logging_mixin.py:188} INFO - [2026-08-11T13:12:26.717+0000] {dagbag.py:545} INFO - Filling up the DagBag from /opt/airflow/dags/constructor_standings.py
[2026-08-11T13:12:26.846+0000] {processor.py:840} INFO - DAG(s) 'constructor_standings' retrieved from /opt/airflow/dags/constructor_standings.py
[2026-08-11T13:12:27.321+0000] {logging_mixin.py:188} INFO - [2026-08-11T13:12:27.318+0000] {dag.py:3096} INFO - Sync 1 DAGs
[2026-08-11T13:12:27.587+0000] {logging_mixin.py:188} INFO - [2026-08-11T13:12:27.587+0000] {dag.py:3954} INFO - Setting next_dagrun for constructor_standings to None, run_after=None
[2026-08-11T13:12:27.755+0000] {processor.py:183} INFO - Processing /opt/airflow/dags/constructor_standings.py took 1.047 seconds
[2026-08-11T13:12:58.784+0000] {processor.py:161} INFO - Started process (PID=3779) to work on /opt/airflow/dags/constructor_standings.py
[2026-08-11T13:12:58.848+0000] {processor.py:830} INFO - Processing file /opt/airflow/dags/constructor_standings.py for tasks to queue
[2026-08-11T13:12:58.884+0000] {logging_mixin.py:188} INFO - [2026-08-11T13:12:58.867+0000] {dagbag.py:545} INFO - Filling up the DagBag from /opt/airflow/dags/constructor_standings.py
[2026-08-11T13:13:03.871+0000] {processor.py:840} INFO - DAG(s) 'constructor_standings' retrieved from /opt/airflow/dags/constructor_standings.py
[2026-08-11T13:13:04.344+0000] {logging_mixin.py:188} INFO - [2026-08-11T13:13:04.343+0000] {dag.py:3096} INFO - Sync 1 DAGs
[2026-08-11T13:13:04.872+0000] {logging_mixin.py:188} INFO - [2026-08-11T13:13:04.872+0000] {dag.py:3954} INFO - Setting next_dagrun for constructor_standings to None, run_after=None
[2026-08-11T13:13:05.116+0000] {processor.py:183} INFO - Processing /opt/airflow/dags/constructor_standings.py took 6.427 seconds
[2026-08-11T13:13:38.595+0000] {processor.py:161} INFO - Started process (PID=3790) to work on /opt/airflow/dags/constructor_standings.py
[2026-08-11T13:13:40.377+0000] {processor.py:830} INFO - Processing file /opt/airflow/dags/constructor_standings.py for tasks to queue
[2026-08-11T13:13:42.022+0000] {logging_mixin.py:188} INFO - [2026-08-11T13:13:40.599+0000] {dagbag.py:545} INFO - Filling up the DagBag from /opt/airflow/dags/constructor_standings.py
[2026-08-11T13:14:04.884+0000] {processor.py:840} INFO - DAG(s) 'constructor_standings' retrieved from /opt/airflow/dags/constructor_standings.py
[2026-08-11T13:14:05.172+0000] {logging_mixin.py:188} INFO - [2026-08-11T13:14:05.172+0000] {dag.py:3096} INFO - Sync 1 DAGs
[2026-08-11T13:14:05.321+0000] {logging_mixin.py:188} INFO - [2026-08-11T13:14:05.321+0000] {dag.py:3954} INFO - Setting next_dagrun for constructor_standings to None, run_after=None
[2026-08-11T13:14:05.431+0000] {processor.py:183} INFO - Processing /opt/airflow/dags/constructor_standings.py took 26.432 seconds
[2026-08-11T13:14:52.125+0000] {processor.py:161} INFO - Started process (PID=3805) to work on /opt/airflow/dags/constructor_standings.py
[2026-08-11T13:14:52.139+0000] {processor.py:830} INFO - Processing file /opt/airflow/dags/constructor_standings.py for tasks to queue
[2026-08-11T13:14:52.149+0000] {logging_mixin.py:188} INFO - [2026-08-11T13:14:52.142+0000] {dagbag.py:545} INFO - Filling up the DagBag from /opt/airflow/dags/constructor_standings.py
[2026-08-11T13:14:59.578+0000] {processor.py:840} INFO - DAG(s) 'constructor_standings' retrieved from /opt/airflow/dags/constructor_standings.py
[2026-08-11T13:14:59.969+0000] {logging_mixin.py:188} INFO - [2026-08-11T13:14:59.968+0000] {dag.py:3096} INFO - Sync 1 DAGs
[2026-08-11T13:15:00.136+0000] {logging_mixin.py:188} INFO - [2026-08-11T13:15:00.135+0000] {dag.py:3954} INFO - Setting next_dagrun for constructor_standings to None, run_after=None
[2026-08-11T13:15:00.271+0000] {processor.py:183} INFO - Processing /opt/airflow/dags/constructor_standings.py took 9.051 seconds
[2026-08-11T13:15:30.650+0000] {processor.py:161} INFO - Started process (PID=3818) to work on /opt/airflow/dags/constructor_standings.py
[2026-08-11T13:15:30.655+0000] {processor.py:830} INFO - Processing file /opt/airflow/dags/constructor_standings.py for tasks to queue
[2026-08-11T13:15:30.663+0000] {logging_mixin.py:188} INFO - [2026-08-11T13:15:30.660+0000] {dagbag.py:545} INFO - Filling up the DagBag from /opt/airflow/dags/constructor_standings.py
[2026-08-11T13:15:31.344+0000] {processor.py:840} INFO - DAG(s) 'constructor_standings' retrieved from /opt/airflow/dags/constructor_standings.py
[2026-08-11T13:15:31.454+0000] {logging_mixin.py:188} INFO - [2026-08-11T13:15:31.453+0000] {dag.py:3096} INFO - Sync 1 DAGs
[2026-08-11T13:15:31.548+0000] {logging_mixin.py:188} INFO - [2026-08-11T13:15:31.548+0000] {dag.py:3954} INFO - Setting next_dagrun for constructor_standings to None, run_after=None
[2026-08-11T13:15:31.629+0000] {processor.py:183} INFO - Processing /opt/airflow/dags/constructor_standings.py took 1.039 seconds
[2026-08-11T13:16:01.940+0000] {processor.py:161} INFO - Started process (PID=3834) to work on /opt/airflow/dags/constructor_standings.py
[2026-08-11T13:16:01.973+0000] {processor.py:830} INFO - Processing file /opt/airflow/dags/constructor_standings.py for tasks to queue
[2026-08-11T13:16:01.975+0000] {logging_mixin.py:188} INFO - [2026-08-11T13:16:01.974+0000] {dagbag.py:545} INFO - Filling up the DagBag from /opt/airflow/dags/constructor_standings.py
[2026-08-11T13:16:02.537+0000] {processor.py:840} INFO - DAG(s) 'constructor_standings' retrieved from /opt/airflow/dags/constructor_standings.py
[2026-08-11T13:16:02.583+0000] {logging_mixin.py:188} INFO - [2026-08-11T13:16:02.583+0000] {dag.py:3096} INFO - Sync 1 DAGs
[2026-08-11T13:16:02.608+0000] {logging_mixin.py:188} INFO - [2026-08-11T13:16:02.608+0000] {dag.py:3954} INFO - Setting next_dagrun for constructor_standings to None, run_after=None
[2026-08-11T13:16:02.636+0000] {processor.py:183} INFO - Processing /opt/airflow/dags/constructor_standings.py took 0.704 seconds
[2026-08-11T13:16:33.631+0000] {processor.py:161} INFO - Started process (PID=3850) to work on /opt/airflow/dags/constructor_standings.py
[2026-08-11T13:16:33.635+0000] {processor.py:830} INFO - Processing file /opt/airflow/dags/constructor_standings.py for tasks to queue
[2026-08-11T13:16:33.641+0000] {logging_mixin.py:188} INFO - [2026-08-11T13:16:33.638+0000] {dagbag.py:545} INFO - Filling up the DagBag from /opt/airflow/dags/constructor_standings.py
[2026-08-11T13:16:34.193+0000] {processor.py:840} INFO - DAG(s) 'constructor_standings' retrieved from /opt/airflow/dags/constructor_standings.py
[2026-08-11T13:16:34.238+0000] {logging_mixin.py:188} INFO - [2026-08-11T13:16:34.238+0000] {dag.py:3096} INFO - Sync 1 DAGs
[2026-08-11T13:16:34.256+0000] {logging_mixin.py:188} INFO - [2026-08-11T13:16:34.256+0000] {dag.py:3954} INFO - Setting next_dagrun for constructor_standings to None, run_after=None
[2026-08-11T13:16:34.280+0000] {processor.py:183} INFO - Processing /opt/airflow/dags/constructor_standings.py took 0.707 seconds
[2026-08-11T13:17:04.695+0000] {processor.py:161} INFO - Started process (PID=3864) to work on /opt/airflow/dags/constructor_standings.py
[2026-08-11T13:17:04.700+0000] {processor.py:830} INFO - Processing file /opt/airflow/dags/constructor_standings.py for tasks to queue
[2026-08-11T13:17:04.704+0000] {logging_mixin.py:188} INFO - [2026-08-11T13:17:04.703+0000] {dagbag.py:545} INFO - Filling up the DagBag from /opt/airflow/dags/constructor_standings.py
[2026-08-11T13:17:06.002+0000] {processor.py:840} INFO - DAG(s) 'constructor_standings' retrieved from /opt/airflow/dags/constructor_standings.py
[2026-08-11T13:17:07.477+0000] {logging_mixin.py:188} INFO - [2026-08-11T13:17:07.421+0000] {dag.py:3096} INFO - Sync 1 DAGs
[2026-08-11T13:17:09.155+0000] {logging_mixin.py:188} INFO - [2026-08-11T13:17:09.154+0000] {dag.py:3954} INFO - Setting next_dagrun for constructor_standings to None, run_after=None
[2026-08-11T13:17:09.322+0000] {processor.py:183} INFO - Processing /opt/airflow/dags/constructor_standings.py took 4.654 seconds
[2026-08-11T13:17:40.061+0000] {processor.py:161} INFO - Started process (PID=3876) to work on /opt/airflow/dags/constructor_standings.py
[2026-08-11T13:17:40.063+0000] {processor.py:830} INFO - Processing file /opt/airflow/dags/constructor_standings.py for tasks to queue
[2026-08-11T13:17:40.065+0000] {logging_mixin.py:188} INFO - [2026-08-11T13:17:40.064+0000] {dagbag.py:545} INFO - Filling up the DagBag from /opt/airflow/dags/constructor_standings.py
[2026-08-11T13:17:40.485+0000] {processor.py:840} INFO - DAG(s) 'constructor_standings' retrieved from /opt/airflow/dags/constructor_standings.py
[2026-08-11T13:17:40.555+0000] {logging_mixin.py:188} INFO - [2026-08-11T13:17:40.554+0000] {dag.py:3096} INFO - Sync 1 DAGs
[2026-08-11T13:17:40.598+0000] {logging_mixin.py:188} INFO - [2026-08-11T13:17:40.598+0000] {dag.py:3954} INFO - Setting next_dagrun for constructor_standings to None, run_after=None
[2026-08-11T13:17:40.655+0000] {processor.py:183} INFO - Processing /opt/airflow/dags/constructor_standings.py took 0.614 seconds
[2026-08-11T13:18:15.789+0000] {processor.py:161} INFO - Started process (PID=3892) to work on /opt/airflow/dags/constructor_standings.py
[2026-08-11T13:18:15.909+0000] {processor.py:830} INFO - Processing file /opt/airflow/dags/constructor_standings.py for tasks to queue
[2026-08-11T13:18:16.335+0000] {logging_mixin.py:188} INFO - [2026-08-11T13:18:16.119+0000] {dagbag.py:545} INFO - Filling up the DagBag from /opt/airflow/dags/constructor_standings.py
[2026-08-11T13:18:32.176+0000] {processor.py:840} INFO - DAG(s) 'constructor_standings' retrieved from /opt/airflow/dags/constructor_standings.py
[2026-08-11T13:50:48.084+0000] {processor.py:161} INFO - Started process (PID=3902) to work on /opt/airflow/dags/constructor_standings.py
[2026-08-11T13:50:48.249+0000] {processor.py:830} INFO - Processing file /opt/airflow/dags/constructor_standings.py for tasks to queue
[2026-08-11T13:50:48.368+0000] {logging_mixin.py:188} INFO - [2026-08-11T13:50:48.312+0000] {dagbag.py:545} INFO - Filling up the DagBag from /opt/airflow/dags/constructor_standings.py
[2026-08-11T13:50:53.068+0000] {processor.py:840} INFO - DAG(s) 'constructor_standings' retrieved from /opt/airflow/dags/constructor_standings.py
[2026-08-11T13:50:54.137+0000] {logging_mixin.py:188} INFO - [2026-08-11T13:50:54.133+0000] {dag.py:3096} INFO - Sync 1 DAGs
[2026-08-11T13:50:54.750+0000] {logging_mixin.py:188} INFO - [2026-08-11T13:50:54.749+0000] {dag.py:3954} INFO - Setting next_dagrun for constructor_standings to None, run_after=None
[2026-08-11T13:50:55.170+0000] {processor.py:183} INFO - Processing /opt/airflow/dags/constructor_standings.py took 8.667 seconds
[2026-08-11T13:51:28.314+0000] {processor.py:161} INFO - Started process (PID=3914) to work on /opt/airflow/dags/constructor_standings.py
[2026-08-11T13:51:28.323+0000] {processor.py:830} INFO - Processing file /opt/airflow/dags/constructor_standings.py for tasks to queue
[2026-08-11T13:51:28.350+0000] {logging_mixin.py:188} INFO - [2026-08-11T13:51:28.338+0000] {dagbag.py:545} INFO - Filling up the DagBag from /opt/airflow/dags/constructor_standings.py
[2026-08-11T13:51:30.978+0000] {processor.py:840} INFO - DAG(s) 'constructor_standings' retrieved from /opt/airflow/dags/constructor_standings.py
[2026-08-11T13:51:31.418+0000] {logging_mixin.py:188} INFO - [2026-08-11T13:51:31.417+0000] {dag.py:3096} INFO - Sync 1 DAGs
[2026-08-11T13:51:31.702+0000] {logging_mixin.py:188} INFO - [2026-08-11T13:51:31.701+0000] {dag.py:3954} INFO - Setting next_dagrun for constructor_standings to None, run_after=None
[2026-08-11T13:51:31.864+0000] {processor.py:183} INFO - Processing /opt/airflow/dags/constructor_standings.py took 3.759 seconds
[2026-08-11T13:52:03.169+0000] {processor.py:161} INFO - Started process (PID=3930) to work on /opt/airflow/dags/constructor_standings.py
[2026-08-11T13:52:03.183+0000] {processor.py:830} INFO - Processing file /opt/airflow/dags/constructor_standings.py for tasks to queue
[2026-08-11T13:52:03.206+0000] {logging_mixin.py:188} INFO - [2026-08-11T13:52:03.192+0000] {dagbag.py:545} INFO - Filling up the DagBag from /opt/airflow/dags/constructor_standings.py
[2026-08-11T13:52:05.987+0000] {processor.py:840} INFO - DAG(s) 'constructor_standings' retrieved from /opt/airflow/dags/constructor_standings.py
[2026-08-11T13:52:06.410+0000] {logging_mixin.py:188} INFO - [2026-08-11T13:52:06.409+0000] {dag.py:3096} INFO - Sync 1 DAGs
[2026-08-11T13:52:06.577+0000] {logging_mixin.py:188} INFO - [2026-08-11T13:52:06.577+0000] {dag.py:3954} INFO - Setting next_dagrun for constructor_standings to None, run_after=None
[2026-08-11T13:52:06.724+0000] {processor.py:183} INFO - Processing /opt/airflow/dags/constructor_standings.py took 3.764 seconds
[2026-08-11T13:52:55.200+0000] {processor.py:161} INFO - Started process (PID=3946) to work on /opt/airflow/dags/constructor_standings.py
[2026-08-11T13:52:55.206+0000] {processor.py:830} INFO - Processing file /opt/airflow/dags/constructor_standings.py for tasks to queue
[2026-08-11T13:52:55.220+0000] {logging_mixin.py:188} INFO - [2026-08-11T13:52:55.212+0000] {dagbag.py:545} INFO - Filling up the DagBag from /opt/airflow/dags/constructor_standings.py
[2026-08-11T13:52:56.157+0000] {processor.py:840} INFO - DAG(s) 'constructor_standings' retrieved from /opt/airflow/dags/constructor_standings.py
[2026-08-11T13:52:56.280+0000] {logging_mixin.py:188} INFO - [2026-08-11T13:52:56.280+0000] {dag.py:3096} INFO - Sync 1 DAGs
[2026-08-11T13:52:56.357+0000] {logging_mixin.py:188} INFO - [2026-08-11T13:52:56.356+0000] {dag.py:3954} INFO - Setting next_dagrun for constructor_standings to None, run_after=None
[2026-08-11T13:52:56.414+0000] {processor.py:183} INFO - Processing /opt/airflow/dags/constructor_standings.py took 1.351 seconds
[2026-08-11T13:53:27.415+0000] {processor.py:161} INFO - Started process (PID=3959) to work on /opt/airflow/dags/constructor_standings.py
[2026-08-11T13:53:27.418+0000] {processor.py:830} INFO - Processing file /opt/airflow/dags/constructor_standings.py for tasks to queue
[2026-08-11T13:53:27.420+0000] {logging_mixin.py:188} INFO - [2026-08-11T13:53:27.419+0000] {dagbag.py:545} INFO - Filling up the DagBag from /opt/airflow/dags/constructor_standings.py
[2026-08-11T13:53:28.221+0000] {processor.py:840} INFO - DAG(s) 'constructor_standings' retrieved from /opt/airflow/dags/constructor_standings.py
[2026-08-11T13:53:28.328+0000] {logging_mixin.py:188} INFO - [2026-08-11T13:53:28.328+0000] {dag.py:3096} INFO - Sync 1 DAGs
[2026-08-11T13:53:28.401+0000] {logging_mixin.py:188} INFO - [2026-08-11T13:53:28.400+0000] {dag.py:3954} INFO - Setting next_dagrun for constructor_standings to None, run_after=None
[2026-08-11T13:53:28.491+0000] {processor.py:183} INFO - Processing /opt/airflow/dags/constructor_standings.py took 1.084 seconds
[2026-08-11T13:53:59.671+0000] {processor.py:161} INFO - Started process (PID=3972) to work on /opt/airflow/dags/constructor_standings.py
[2026-08-11T13:53:59.675+0000] {processor.py:830} INFO - Processing file /opt/airflow/dags/constructor_standings.py for tasks to queue
[2026-08-11T13:53:59.686+0000] {logging_mixin.py:188} INFO - [2026-08-11T13:53:59.680+0000] {dagbag.py:545} INFO - Filling up the DagBag from /opt/airflow/dags/constructor_standings.py
[2026-08-11T13:54:00.608+0000] {processor.py:840} INFO - DAG(s) 'constructor_standings' retrieved from /opt/airflow/dags/constructor_standings.py
[2026-08-11T13:54:00.944+0000] {logging_mixin.py:188} INFO - [2026-08-11T13:54:00.943+0000] {dag.py:3096} INFO - Sync 1 DAGs
[2026-08-11T13:54:01.074+0000] {logging_mixin.py:188} INFO - [2026-08-11T13:54:01.074+0000] {dag.py:3954} INFO - Setting next_dagrun for constructor_standings to None, run_after=None
[2026-08-11T13:54:01.172+0000] {processor.py:183} INFO - Processing /opt/airflow/dags/constructor_standings.py took 1.591 seconds
[2026-08-11T13:54:32.085+0000] {processor.py:161} INFO - Started process (PID=3988) to work on /opt/airflow/dags/constructor_standings.py
[2026-08-11T13:54:32.098+0000] {processor.py:830} INFO - Processing file /opt/airflow/dags/constructor_standings.py for tasks to queue
[2026-08-11T13:54:32.109+0000] {logging_mixin.py:188} INFO - [2026-08-11T13:54:32.103+0000] {dagbag.py:545} INFO - Filling up the DagBag from /opt/airflow/dags/constructor_standings.py
[2026-08-11T13:54:33.619+0000] {processor.py:840} INFO - DAG(s) 'constructor_standings' retrieved from /opt/airflow/dags/constructor_standings.py
[2026-08-11T13:54:34.029+0000] {logging_mixin.py:188} INFO - [2026-08-11T13:54:34.028+0000] {dag.py:3096} INFO - Sync 1 DAGs
[2026-08-11T13:54:34.180+0000] {logging_mixin.py:188} INFO - [2026-08-11T13:54:34.180+0000] {dag.py:3954} INFO - Setting next_dagrun for constructor_standings to None, run_after=None
[2026-08-11T13:54:34.340+0000] {processor.py:183} INFO - Processing /opt/airflow/dags/constructor_standings.py took 2.367 seconds
[2026-08-11T13:55:04.886+0000] {processor.py:161} INFO - Started process (PID=4004) to work on /opt/airflow/dags/constructor_standings.py
[2026-08-11T13:55:04.893+0000] {processor.py:830} INFO - Processing file /opt/airflow/dags/constructor_standings.py for tasks to queue
[2026-08-11T13:55:04.897+0000] {logging_mixin.py:188} INFO - [2026-08-11T13:55:04.896+0000] {dagbag.py:545} INFO - Filling up the DagBag from /opt/airflow/dags/constructor_standings.py
[2026-08-11T13:55:05.439+0000] {processor.py:840} INFO - DAG(s) 'constructor_standings' retrieved from /opt/airflow/dags/constructor_standings.py
[2026-08-11T13:55:05.547+0000] {logging_mixin.py:188} INFO - [2026-08-11T13:55:05.546+0000] {dag.py:3096} INFO - Sync 1 DAGs
[2026-08-11T13:55:05.595+0000] {logging_mixin.py:188} INFO - [2026-08-11T13:55:05.594+0000] {dag.py:3954} INFO - Setting next_dagrun for constructor_standings to None, run_after=None
[2026-08-11T13:55:05.653+0000] {processor.py:183} INFO - Processing /opt/airflow/dags/constructor_standings.py took 0.792 seconds
[2026-08-11T13:55:36.210+0000] {processor.py:161} INFO - Started process (PID=4020) to work on /opt/airflow/dags/constructor_standings.py
[2026-08-11T13:55:36.211+0000] {processor.py:830} INFO - Processing file /opt/airflow/dags/constructor_standings.py for tasks to queue
[2026-08-11T13:55:36.213+0000] {logging_mixin.py:188} INFO - [2026-08-11T13:55:36.212+0000] {dagbag.py:545} INFO - Filling up the DagBag from /opt/airflow/dags/constructor_standings.py
[2026-08-11T13:55:36.351+0000] {processor.py:840} INFO - DAG(s) 'constructor_standings' retrieved from /opt/airflow/dags/constructor_standings.py
[2026-08-11T13:55:36.399+0000] {logging_mixin.py:188} INFO - [2026-08-11T13:55:36.398+0000] {dag.py:3096} INFO - Sync 1 DAGs
[2026-08-11T13:55:36.413+0000] {logging_mixin.py:188} INFO - [2026-08-11T13:55:36.413+0000] {dag.py:3954} INFO - Setting next_dagrun for constructor_standings to None, run_after=None
[2026-08-11T13:55:36.439+0000] {processor.py:183} INFO - Processing /opt/airflow/dags/constructor_standings.py took 0.257 seconds
[2026-08-11T13:56:08.294+0000] {processor.py:161} INFO - Started process (PID=4036) to work on /opt/airflow/dags/constructor_standings.py
[2026-08-11T13:56:08.301+0000] {processor.py:830} INFO - Processing file /opt/airflow/dags/constructor_standings.py for tasks to queue
[2026-08-11T13:56:08.305+0000] {logging_mixin.py:188} INFO - [2026-08-11T13:56:08.303+0000] {dagbag.py:545} INFO - Filling up the DagBag from /opt/airflow/dags/constructor_standings.py
[2026-08-11T13:56:08.620+0000] {processor.py:840} INFO - DAG(s) 'constructor_standings' retrieved from /opt/airflow/dags/constructor_standings.py
[2026-08-11T13:56:08.666+0000] {logging_mixin.py:188} INFO - [2026-08-11T13:56:08.666+0000] {dag.py:3096} INFO - Sync 1 DAGs
[2026-08-11T13:56:08.687+0000] {logging_mixin.py:188} INFO - [2026-08-11T13:56:08.687+0000] {dag.py:3954} INFO - Setting next_dagrun for constructor_standings to None, run_after=None
[2026-08-11T13:56:08.711+0000] {processor.py:183} INFO - Processing /opt/airflow/dags/constructor_standings.py took 0.450 seconds
[2026-08-11T13:56:41.742+0000] {processor.py:161} INFO - Started process (PID=4052) to work on /opt/airflow/dags/constructor_standings.py
[2026-08-11T13:56:41.754+0000] {processor.py:830} INFO - Processing file /opt/airflow/dags/constructor_standings.py for tasks to queue
[2026-08-11T13:56:41.764+0000] {logging_mixin.py:188} INFO - [2026-08-11T13:56:41.761+0000] {dagbag.py:545} INFO - Filling up the DagBag from /opt/airflow/dags/constructor_standings.py
[2026-08-11T13:56:42.629+0000] {processor.py:840} INFO - DAG(s) 'constructor_standings' retrieved from /opt/airflow/dags/constructor_standings.py
[2026-08-11T13:56:42.710+0000] {logging_mixin.py:188} INFO - [2026-08-11T13:56:42.709+0000] {dag.py:3096} INFO - Sync 1 DAGs
[2026-08-11T13:56:42.755+0000] {logging_mixin.py:188} INFO - [2026-08-11T13:56:42.754+0000] {dag.py:3954} INFO - Setting next_dagrun for constructor_standings to None, run_after=None
[2026-08-11T13:56:42.800+0000] {processor.py:183} INFO - Processing /opt/airflow/dags/constructor_standings.py took 2.137 seconds
[2026-08-11T16:49:26.015+0000] {processor.py:161} INFO - Started process (PID=4062) to work on /opt/airflow/dags/constructor_standings.py
[2026-08-11T16:49:26.080+0000] {processor.py:830} INFO - Processing file /opt/airflow/dags/constructor_standings.py for tasks to queue
[2026-08-11T16:49:26.117+0000] {logging_mixin.py:188} INFO - [2026-08-11T16:49:26.099+0000] {dagbag.py:545} INFO - Filling up the DagBag from /opt/airflow/dags/constructor_standings.py
[2026-08-11T16:49:33.828+0000] {processor.py:840} INFO - DAG(s) 'constructor_standings' retrieved from /opt/airflow/dags/constructor_standings.py
[2026-08-11T16:49:34.319+0000] {logging_mixin.py:188} INFO - [2026-08-11T16:49:34.319+0000] {dag.py:3096} INFO - Sync 1 DAGs
[2026-08-11T16:49:34.501+0000] {logging_mixin.py:188} INFO - [2026-08-11T16:49:34.501+0000] {dag.py:3954} INFO - Setting next_dagrun for constructor_standings to None, run_after=None
[2026-08-11T16:49:34.592+0000] {processor.py:183} INFO - Processing /opt/airflow/dags/constructor_standings.py took 10.248 seconds
[2026-08-11T16:50:05.944+0000] {processor.py:161} INFO - Started process (PID=4078) to work on /opt/airflow/dags/constructor_standings.py
[2026-08-11T16:50:05.950+0000] {processor.py:830} INFO - Processing file /opt/airflow/dags/constructor_standings.py for tasks to queue
[2026-08-11T16:50:05.963+0000] {logging_mixin.py:188} INFO - [2026-08-11T16:50:05.955+0000] {dagbag.py:545} INFO - Filling up the DagBag from /opt/airflow/dags/constructor_standings.py
[2026-08-11T16:50:06.762+0000] {processor.py:840} INFO - DAG(s) 'constructor_standings' retrieved from /opt/airflow/dags/constructor_standings.py
[2026-08-11T16:50:06.831+0000] {logging_mixin.py:188} INFO - [2026-08-11T16:50:06.831+0000] {dag.py:3096} INFO - Sync 1 DAGs
[2026-08-11T16:50:06.875+0000] {logging_mixin.py:188} INFO - [2026-08-11T16:50:06.875+0000] {dag.py:3954} INFO - Setting next_dagrun for constructor_standings to None, run_after=None
[2026-08-11T16:50:06.944+0000] {processor.py:183} INFO - Processing /opt/airflow/dags/constructor_standings.py took 1.125 seconds
[2026-08-11T16:50:37.346+0000] {processor.py:161} INFO - Started process (PID=4094) to work on /opt/airflow/dags/constructor_standings.py
[2026-08-11T16:50:37.351+0000] {processor.py:830} INFO - Processing file /opt/airflow/dags/constructor_standings.py for tasks to queue
[2026-08-11T16:50:37.354+0000] {logging_mixin.py:188} INFO - [2026-08-11T16:50:37.353+0000] {dagbag.py:545} INFO - Filling up the DagBag from /opt/airflow/dags/constructor_standings.py
[2026-08-11T16:50:37.548+0000] {processor.py:840} INFO - DAG(s) 'constructor_standings' retrieved from /opt/airflow/dags/constructor_standings.py
[2026-08-11T16:50:37.635+0000] {logging_mixin.py:188} INFO - [2026-08-11T16:50:37.635+0000] {dag.py:3096} INFO - Sync 1 DAGs
[2026-08-11T16:50:37.674+0000] {logging_mixin.py:188} INFO - [2026-08-11T16:50:37.674+0000] {dag.py:3954} INFO - Setting next_dagrun for constructor_standings to None, run_after=None
[2026-08-11T16:50:37.716+0000] {processor.py:183} INFO - Processing /opt/airflow/dags/constructor_standings.py took 0.402 seconds
[2026-08-11T16:51:07.789+0000] {processor.py:161} INFO - Started process (PID=4110) to work on /opt/airflow/dags/constructor_standings.py
[2026-08-11T16:51:07.791+0000] {processor.py:830} INFO - Processing file /opt/airflow/dags/constructor_standings.py for tasks to queue
[2026-08-11T16:51:07.793+0000] {logging_mixin.py:188} INFO - [2026-08-11T16:51:07.792+0000] {dagbag.py:545} INFO - Filling up the DagBag from /opt/airflow/dags/constructor_standings.py
[2026-08-11T16:51:07.927+0000] {processor.py:840} INFO - DAG(s) 'constructor_standings' retrieved from /opt/airflow/dags/constructor_standings.py
[2026-08-11T16:51:07.965+0000] {logging_mixin.py:188} INFO - [2026-08-11T16:51:07.964+0000] {dag.py:3096} INFO - Sync 1 DAGs
[2026-08-11T16:51:07.983+0000] {logging_mixin.py:188} INFO - [2026-08-11T16:51:07.982+0000] {dag.py:3954} INFO - Setting next_dagrun for constructor_standings to None, run_after=None
[2026-08-11T16:51:08.010+0000] {processor.py:183} INFO - Processing /opt/airflow/dags/constructor_standings.py took 0.229 seconds
