[2026-08-11T09:01:05.867+0000] {processor.py:161} INFO - Started process (PID=218) to work on /opt/airflow/dags/lap_time_analysis.py
[2026-08-11T09:01:05.898+0000] {processor.py:830} INFO - Processing file /opt/airflow/dags/lap_time_analysis.py for tasks to queue
[2026-08-11T09:01:05.904+0000] {logging_mixin.py:188} INFO - [2026-08-11T09:01:05.903+0000] {dagbag.py:545} INFO - Filling up the DagBag from /opt/airflow/dags/lap_time_analysis.py
[2026-08-11T09:01:06.121+0000] {processor.py:840} INFO - DAG(s) 'lap_time_analysis' retrieved from /opt/airflow/dags/lap_time_analysis.py
[2026-08-11T09:01:06.195+0000] {logging_mixin.py:188} INFO - [2026-08-11T09:01:06.194+0000] {dag.py:3096} INFO - Sync 1 DAGs
[2026-08-11T09:01:06.316+0000] {logging_mixin.py:188} INFO - [2026-08-11T09:01:06.315+0000] {dag.py:3954} INFO - Setting next_dagrun for lap_time_analysis to None, run_after=None
[2026-08-11T09:01:06.411+0000] {processor.py:183} INFO - Processing /opt/airflow/dags/lap_time_analysis.py took 0.588 seconds
[2026-08-11T09:01:37.406+0000] {processor.py:161} INFO - Started process (PID=243) to work on /opt/airflow/dags/lap_time_analysis.py
[2026-08-11T09:01:37.416+0000] {processor.py:830} INFO - Processing file /opt/airflow/dags/lap_time_analysis.py for tasks to queue
[2026-08-11T09:01:37.429+0000] {logging_mixin.py:188} INFO - [2026-08-11T09:01:37.427+0000] {dagbag.py:545} INFO - Filling up the DagBag from /opt/airflow/dags/lap_time_analysis.py
[2026-08-11T09:01:37.626+0000] {processor.py:840} INFO - DAG(s) 'lap_time_analysis' retrieved from /opt/airflow/dags/lap_time_analysis.py
[2026-08-11T09:01:37.849+0000] {logging_mixin.py:188} INFO - [2026-08-11T09:01:37.848+0000] {dag.py:3096} INFO - Sync 1 DAGs
[2026-08-11T09:01:37.881+0000] {logging_mixin.py:188} INFO - [2026-08-11T09:01:37.880+0000] {dag.py:3954} INFO - Setting next_dagrun for lap_time_analysis to None, run_after=None
[2026-08-11T09:01:37.931+0000] {processor.py:183} INFO - Processing /opt/airflow/dags/lap_time_analysis.py took 0.535 seconds
[2026-08-11T09:02:10.113+0000] {processor.py:161} INFO - Started process (PID=263) to work on /opt/airflow/dags/lap_time_analysis.py
[2026-08-11T09:02:10.306+0000] {processor.py:830} INFO - Processing file /opt/airflow/dags/lap_time_analysis.py for tasks to queue
[2026-08-11T09:02:12.348+0000] {logging_mixin.py:188} INFO - [2026-08-11T09:02:12.347+0000] {dagbag.py:545} INFO - Filling up the DagBag from /opt/airflow/dags/lap_time_analysis.py
[2026-08-11T09:02:16.056+0000] {processor.py:840} INFO - DAG(s) 'lap_time_analysis' retrieved from /opt/airflow/dags/lap_time_analysis.py
[2026-08-11T09:02:16.173+0000] {logging_mixin.py:188} INFO - [2026-08-11T09:02:16.173+0000] {dag.py:3096} INFO - Sync 1 DAGs
[2026-08-11T09:02:16.245+0000] {logging_mixin.py:188} INFO - [2026-08-11T09:02:16.245+0000] {dag.py:3954} INFO - Setting next_dagrun for lap_time_analysis to None, run_after=None
[2026-08-11T09:02:16.294+0000] {processor.py:183} INFO - Processing /opt/airflow/dags/lap_time_analysis.py took 4.737 seconds
[2026-08-11T09:02:47.925+0000] {processor.py:161} INFO - Started process (PID=285) to work on /opt/airflow/dags/lap_time_analysis.py
[2026-08-11T09:02:47.927+0000] {processor.py:830} INFO - Processing file /opt/airflow/dags/lap_time_analysis.py for tasks to queue
[2026-08-11T09:02:47.931+0000] {logging_mixin.py:188} INFO - [2026-08-11T09:02:47.930+0000] {dagbag.py:545} INFO - Filling up the DagBag from /opt/airflow/dags/lap_time_analysis.py
[2026-08-11T09:02:48.051+0000] {processor.py:840} INFO - DAG(s) 'lap_time_analysis' retrieved from /opt/airflow/dags/lap_time_analysis.py
[2026-08-11T09:02:48.136+0000] {logging_mixin.py:188} INFO - [2026-08-11T09:02:48.135+0000] {dag.py:3096} INFO - Sync 1 DAGs
[2026-08-11T09:02:48.164+0000] {logging_mixin.py:188} INFO - [2026-08-11T09:02:48.163+0000] {dag.py:3954} INFO - Setting next_dagrun for lap_time_analysis to None, run_after=None
[2026-08-11T09:02:48.186+0000] {processor.py:183} INFO - Processing /opt/airflow/dags/lap_time_analysis.py took 0.267 seconds
[2026-08-11T09:03:19.471+0000] {processor.py:161} INFO - Started process (PID=301) to work on /opt/airflow/dags/lap_time_analysis.py
[2026-08-11T09:03:19.481+0000] {processor.py:830} INFO - Processing file /opt/airflow/dags/lap_time_analysis.py for tasks to queue
[2026-08-11T09:03:19.508+0000] {logging_mixin.py:188} INFO - [2026-08-11T09:03:19.503+0000] {dagbag.py:545} INFO - Filling up the DagBag from /opt/airflow/dags/lap_time_analysis.py
[2026-08-11T09:03:19.965+0000] {processor.py:840} INFO - DAG(s) 'lap_time_analysis' retrieved from /opt/airflow/dags/lap_time_analysis.py
[2026-08-11T09:03:20.100+0000] {logging_mixin.py:188} INFO - [2026-08-11T09:03:20.100+0000] {dag.py:3096} INFO - Sync 1 DAGs
[2026-08-11T09:03:20.252+0000] {logging_mixin.py:188} INFO - [2026-08-11T09:03:20.251+0000] {dag.py:3954} INFO - Setting next_dagrun for lap_time_analysis to None, run_after=None
[2026-08-11T09:03:20.623+0000] {processor.py:183} INFO - Processing /opt/airflow/dags/lap_time_analysis.py took 1.189 seconds
[2026-08-11T09:03:50.827+0000] {processor.py:161} INFO - Started process (PID=313) to work on /opt/airflow/dags/lap_time_analysis.py
[2026-08-11T09:03:50.850+0000] {processor.py:830} INFO - Processing file /opt/airflow/dags/lap_time_analysis.py for tasks to queue
[2026-08-11T09:03:50.907+0000] {logging_mixin.py:188} INFO - [2026-08-11T09:03:50.901+0000] {dagbag.py:545} INFO - Filling up the DagBag from /opt/airflow/dags/lap_time_analysis.py
[2026-08-11T09:03:51.077+0000] {processor.py:840} INFO - DAG(s) 'lap_time_analysis' retrieved from /opt/airflow/dags/lap_time_analysis.py
[2026-08-11T09:03:51.115+0000] {logging_mixin.py:188} INFO - [2026-08-11T09:03:51.115+0000] {dag.py:3096} INFO - Sync 1 DAGs
[2026-08-11T09:03:51.149+0000] {logging_mixin.py:188} INFO - [2026-08-11T09:03:51.149+0000] {dag.py:3954} INFO - Setting next_dagrun for lap_time_analysis to None, run_after=None
[2026-08-11T09:03:51.170+0000] {processor.py:183} INFO - Processing /opt/airflow/dags/lap_time_analysis.py took 0.393 seconds
[2026-08-11T09:04:21.454+0000] {processor.py:161} INFO - Started process (PID=327) to work on /opt/airflow/dags/lap_time_analysis.py
[2026-08-11T09:04:21.455+0000] {processor.py:830} INFO - Processing file /opt/airflow/dags/lap_time_analysis.py for tasks to queue
[2026-08-11T09:04:21.457+0000] {logging_mixin.py:188} INFO - [2026-08-11T09:04:21.457+0000] {dagbag.py:545} INFO - Filling up the DagBag from /opt/airflow/dags/lap_time_analysis.py
[2026-08-11T09:04:21.809+0000] {processor.py:840} INFO - DAG(s) 'lap_time_analysis' retrieved from /opt/airflow/dags/lap_time_analysis.py
[2026-08-11T09:04:21.949+0000] {logging_mixin.py:188} INFO - [2026-08-11T09:04:21.948+0000] {dag.py:3096} INFO - Sync 1 DAGs
[2026-08-11T09:04:21.974+0000] {logging_mixin.py:188} INFO - [2026-08-11T09:04:21.974+0000] {dag.py:3954} INFO - Setting next_dagrun for lap_time_analysis to None, run_after=None
[2026-08-11T09:04:22.005+0000] {processor.py:183} INFO - Processing /opt/airflow/dags/lap_time_analysis.py took 0.579 seconds
[2026-08-11T09:04:52.668+0000] {processor.py:161} INFO - Started process (PID=343) to work on /opt/airflow/dags/lap_time_analysis.py
[2026-08-11T09:04:52.669+0000] {processor.py:830} INFO - Processing file /opt/airflow/dags/lap_time_analysis.py for tasks to queue
[2026-08-11T09:04:52.672+0000] {logging_mixin.py:188} INFO - [2026-08-11T09:04:52.672+0000] {dagbag.py:545} INFO - Filling up the DagBag from /opt/airflow/dags/lap_time_analysis.py
[2026-08-11T09:04:52.794+0000] {processor.py:840} INFO - DAG(s) 'lap_time_analysis' retrieved from /opt/airflow/dags/lap_time_analysis.py
[2026-08-11T09:04:52.827+0000] {logging_mixin.py:188} INFO - [2026-08-11T09:04:52.827+0000] {dag.py:3096} INFO - Sync 1 DAGs
[2026-08-11T09:04:52.841+0000] {logging_mixin.py:188} INFO - [2026-08-11T09:04:52.841+0000] {dag.py:3954} INFO - Setting next_dagrun for lap_time_analysis to None, run_after=None
[2026-08-11T09:04:52.863+0000] {processor.py:183} INFO - Processing /opt/airflow/dags/lap_time_analysis.py took 0.204 seconds
[2026-08-11T09:05:23.882+0000] {processor.py:161} INFO - Started process (PID=359) to work on /opt/airflow/dags/lap_time_analysis.py
[2026-08-11T09:05:23.883+0000] {processor.py:830} INFO - Processing file /opt/airflow/dags/lap_time_analysis.py for tasks to queue
[2026-08-11T09:05:23.886+0000] {logging_mixin.py:188} INFO - [2026-08-11T09:05:23.886+0000] {dagbag.py:545} INFO - Filling up the DagBag from /opt/airflow/dags/lap_time_analysis.py
[2026-08-11T09:05:23.992+0000] {processor.py:840} INFO - DAG(s) 'lap_time_analysis' retrieved from /opt/airflow/dags/lap_time_analysis.py
[2026-08-11T09:05:24.033+0000] {logging_mixin.py:188} INFO - [2026-08-11T09:05:24.033+0000] {dag.py:3096} INFO - Sync 1 DAGs
[2026-08-11T09:05:24.055+0000] {logging_mixin.py:188} INFO - [2026-08-11T09:05:24.055+0000] {dag.py:3954} INFO - Setting next_dagrun for lap_time_analysis to None, run_after=None
[2026-08-11T09:05:24.084+0000] {processor.py:183} INFO - Processing /opt/airflow/dags/lap_time_analysis.py took 0.209 seconds
[2026-08-11T09:05:55.152+0000] {processor.py:161} INFO - Started process (PID=375) to work on /opt/airflow/dags/lap_time_analysis.py
[2026-08-11T09:05:55.154+0000] {processor.py:830} INFO - Processing file /opt/airflow/dags/lap_time_analysis.py for tasks to queue
[2026-08-11T09:05:55.156+0000] {logging_mixin.py:188} INFO - [2026-08-11T09:05:55.155+0000] {dagbag.py:545} INFO - Filling up the DagBag from /opt/airflow/dags/lap_time_analysis.py
[2026-08-11T09:05:55.252+0000] {processor.py:840} INFO - DAG(s) 'lap_time_analysis' retrieved from /opt/airflow/dags/lap_time_analysis.py
[2026-08-11T09:05:55.283+0000] {logging_mixin.py:188} INFO - [2026-08-11T09:05:55.283+0000] {dag.py:3096} INFO - Sync 1 DAGs
[2026-08-11T09:05:55.299+0000] {logging_mixin.py:188} INFO - [2026-08-11T09:05:55.299+0000] {dag.py:3954} INFO - Setting next_dagrun for lap_time_analysis to None, run_after=None
[2026-08-11T09:05:55.322+0000] {processor.py:183} INFO - Processing /opt/airflow/dags/lap_time_analysis.py took 0.176 seconds
[2026-08-11T09:06:25.586+0000] {processor.py:161} INFO - Started process (PID=391) to work on /opt/airflow/dags/lap_time_analysis.py
[2026-08-11T09:06:25.588+0000] {processor.py:830} INFO - Processing file /opt/airflow/dags/lap_time_analysis.py for tasks to queue
[2026-08-11T09:06:25.590+0000] {logging_mixin.py:188} INFO - [2026-08-11T09:06:25.590+0000] {dagbag.py:545} INFO - Filling up the DagBag from /opt/airflow/dags/lap_time_analysis.py
[2026-08-11T09:06:26.546+0000] {processor.py:840} INFO - DAG(s) 'lap_time_analysis' retrieved from /opt/airflow/dags/lap_time_analysis.py
[2026-08-11T09:06:26.579+0000] {logging_mixin.py:188} INFO - [2026-08-11T09:06:26.578+0000] {dag.py:3096} INFO - Sync 1 DAGs
[2026-08-11T09:06:26.600+0000] {logging_mixin.py:188} INFO - [2026-08-11T09:06:26.600+0000] {dag.py:3954} INFO - Setting next_dagrun for lap_time_analysis to None, run_after=None
[2026-08-11T09:06:26.637+0000] {processor.py:183} INFO - Processing /opt/airflow/dags/lap_time_analysis.py took 0.238 seconds
[2026-08-11T09:06:56.902+0000] {processor.py:161} INFO - Started process (PID=407) to work on /opt/airflow/dags/lap_time_analysis.py
[2026-08-11T09:06:56.904+0000] {processor.py:830} INFO - Processing file /opt/airflow/dags/lap_time_analysis.py for tasks to queue
[2026-08-11T09:06:56.906+0000] {logging_mixin.py:188} INFO - [2026-08-11T09:06:56.906+0000] {dagbag.py:545} INFO - Filling up the DagBag from /opt/airflow/dags/lap_time_analysis.py
[2026-08-11T09:06:57.012+0000] {processor.py:840} INFO - DAG(s) 'lap_time_analysis' retrieved from /opt/airflow/dags/lap_time_analysis.py
[2026-08-11T09:06:57.046+0000] {logging_mixin.py:188} INFO - [2026-08-11T09:06:57.045+0000] {dag.py:3096} INFO - Sync 1 DAGs
[2026-08-11T09:06:57.062+0000] {logging_mixin.py:188} INFO - [2026-08-11T09:06:57.062+0000] {dag.py:3954} INFO - Setting next_dagrun for lap_time_analysis to None, run_after=None
[2026-08-11T09:06:57.917+0000] {processor.py:183} INFO - Processing /opt/airflow/dags/lap_time_analysis.py took 0.197 seconds
[2026-08-11T09:07:29.698+0000] {processor.py:161} INFO - Started process (PID=423) to work on /opt/airflow/dags/lap_time_analysis.py
[2026-08-11T09:07:29.700+0000] {processor.py:830} INFO - Processing file /opt/airflow/dags/lap_time_analysis.py for tasks to queue
[2026-08-11T09:07:29.702+0000] {logging_mixin.py:188} INFO - [2026-08-11T09:07:29.702+0000] {dagbag.py:545} INFO - Filling up the DagBag from /opt/airflow/dags/lap_time_analysis.py
[2026-08-11T09:07:29.818+0000] {processor.py:840} INFO - DAG(s) 'lap_time_analysis' retrieved from /opt/airflow/dags/lap_time_analysis.py
[2026-08-11T09:07:29.850+0000] {logging_mixin.py:188} INFO - [2026-08-11T09:07:29.850+0000] {dag.py:3096} INFO - Sync 1 DAGs
[2026-08-11T09:07:29.870+0000] {logging_mixin.py:188} INFO - [2026-08-11T09:07:29.870+0000] {dag.py:3954} INFO - Setting next_dagrun for lap_time_analysis to None, run_after=None
[2026-08-11T09:07:29.896+0000] {processor.py:183} INFO - Processing /opt/airflow/dags/lap_time_analysis.py took 0.204 seconds
[2026-08-11T09:08:00.918+0000] {processor.py:161} INFO - Started process (PID=439) to work on /opt/airflow/dags/lap_time_analysis.py
[2026-08-11T09:08:00.920+0000] {processor.py:830} INFO - Processing file /opt/airflow/dags/lap_time_analysis.py for tasks to queue
[2026-08-11T09:08:00.924+0000] {logging_mixin.py:188} INFO - [2026-08-11T09:08:00.924+0000] {dagbag.py:545} INFO - Filling up the DagBag from /opt/airflow/dags/lap_time_analysis.py
[2026-08-11T09:08:01.356+0000] {processor.py:840} INFO - DAG(s) 'lap_time_analysis' retrieved from /opt/airflow/dags/lap_time_analysis.py
[2026-08-11T09:08:01.493+0000] {logging_mixin.py:188} INFO - [2026-08-11T09:08:01.492+0000] {dag.py:3096} INFO - Sync 1 DAGs
[2026-08-11T09:08:01.513+0000] {logging_mixin.py:188} INFO - [2026-08-11T09:08:01.513+0000] {dag.py:3954} INFO - Setting next_dagrun for lap_time_analysis to None, run_after=None
[2026-08-11T09:08:01.543+0000] {processor.py:183} INFO - Processing /opt/airflow/dags/lap_time_analysis.py took 0.633 seconds
[2026-08-11T09:08:35.336+0000] {processor.py:161} INFO - Started process (PID=569) to work on /opt/airflow/dags/lap_time_analysis.py
[2026-08-11T09:08:35.344+0000] {processor.py:830} INFO - Processing file /opt/airflow/dags/lap_time_analysis.py for tasks to queue
[2026-08-11T09:08:35.388+0000] {logging_mixin.py:188} INFO - [2026-08-11T09:08:35.384+0000] {dagbag.py:545} INFO - Filling up the DagBag from /opt/airflow/dags/lap_time_analysis.py
[2026-08-11T09:08:37.919+0000] {processor.py:840} INFO - DAG(s) 'lap_time_analysis' retrieved from /opt/airflow/dags/lap_time_analysis.py
[2026-08-11T09:08:38.643+0000] {logging_mixin.py:188} INFO - [2026-08-11T09:08:38.642+0000] {dag.py:3096} INFO - Sync 1 DAGs
[2026-08-11T09:08:39.340+0000] {logging_mixin.py:188} INFO - [2026-08-11T09:08:39.339+0000] {dag.py:3954} INFO - Setting next_dagrun for lap_time_analysis to None, run_after=None
[2026-08-11T09:08:39.570+0000] {processor.py:183} INFO - Processing /opt/airflow/dags/lap_time_analysis.py took 4.575 seconds
[2026-08-11T09:09:10.555+0000] {processor.py:161} INFO - Started process (PID=682) to work on /opt/airflow/dags/lap_time_analysis.py
[2026-08-11T09:09:10.592+0000] {processor.py:830} INFO - Processing file /opt/airflow/dags/lap_time_analysis.py for tasks to queue
[2026-08-11T09:09:10.903+0000] {logging_mixin.py:188} INFO - [2026-08-11T09:09:10.766+0000] {dagbag.py:545} INFO - Filling up the DagBag from /opt/airflow/dags/lap_time_analysis.py
[2026-08-11T09:09:20.867+0000] {processor.py:840} INFO - DAG(s) 'lap_time_analysis' retrieved from /opt/airflow/dags/lap_time_analysis.py
[2026-08-11T09:09:23.069+0000] {logging_mixin.py:188} INFO - [2026-08-11T09:09:23.068+0000] {dag.py:3096} INFO - Sync 1 DAGs
[2026-08-11T09:09:25.026+0000] {logging_mixin.py:188} INFO - [2026-08-11T09:09:25.026+0000] {dag.py:3954} INFO - Setting next_dagrun for lap_time_analysis to None, run_after=None
[2026-08-11T09:09:26.583+0000] {processor.py:183} INFO - Processing /opt/airflow/dags/lap_time_analysis.py took 16.365 seconds
[2026-08-11T09:10:01.537+0000] {processor.py:161} INFO - Started process (PID=806) to work on /opt/airflow/dags/lap_time_analysis.py
[2026-08-11T09:10:01.725+0000] {processor.py:830} INFO - Processing file /opt/airflow/dags/lap_time_analysis.py for tasks to queue
[2026-08-11T09:10:01.901+0000] {logging_mixin.py:188} INFO - [2026-08-11T09:10:01.876+0000] {dagbag.py:545} INFO - Filling up the DagBag from /opt/airflow/dags/lap_time_analysis.py
[2026-08-11T09:10:11.763+0000] {processor.py:840} INFO - DAG(s) 'lap_time_analysis' retrieved from /opt/airflow/dags/lap_time_analysis.py
[2026-08-11T09:10:13.413+0000] {logging_mixin.py:188} INFO - [2026-08-11T09:10:13.397+0000] {dag.py:3096} INFO - Sync 1 DAGs
[2026-08-11T09:10:14.654+0000] {logging_mixin.py:188} INFO - [2026-08-11T09:10:14.654+0000] {dag.py:3954} INFO - Setting next_dagrun for lap_time_analysis to None, run_after=None
[2026-08-11T09:10:14.969+0000] {processor.py:183} INFO - Processing /opt/airflow/dags/lap_time_analysis.py took 12.989 seconds
[2026-08-11T09:10:47.022+0000] {processor.py:161} INFO - Started process (PID=931) to work on /opt/airflow/dags/lap_time_analysis.py
[2026-08-11T09:10:47.086+0000] {processor.py:830} INFO - Processing file /opt/airflow/dags/lap_time_analysis.py for tasks to queue
[2026-08-11T09:10:47.191+0000] {logging_mixin.py:188} INFO - [2026-08-11T09:10:47.189+0000] {dagbag.py:545} INFO - Filling up the DagBag from /opt/airflow/dags/lap_time_analysis.py
[2026-08-11T09:10:49.208+0000] {processor.py:840} INFO - DAG(s) 'lap_time_analysis' retrieved from /opt/airflow/dags/lap_time_analysis.py
[2026-08-11T09:10:49.386+0000] {logging_mixin.py:188} INFO - [2026-08-11T09:10:49.385+0000] {dag.py:3096} INFO - Sync 1 DAGs
[2026-08-11T09:10:49.423+0000] {logging_mixin.py:188} INFO - [2026-08-11T09:10:49.422+0000] {dag.py:3954} INFO - Setting next_dagrun for lap_time_analysis to None, run_after=None
[2026-08-11T09:10:49.467+0000] {processor.py:183} INFO - Processing /opt/airflow/dags/lap_time_analysis.py took 2.932 seconds
[2026-08-11T09:11:19.652+0000] {processor.py:161} INFO - Started process (PID=947) to work on /opt/airflow/dags/lap_time_analysis.py
[2026-08-11T09:11:19.654+0000] {processor.py:830} INFO - Processing file /opt/airflow/dags/lap_time_analysis.py for tasks to queue
[2026-08-11T09:11:19.657+0000] {logging_mixin.py:188} INFO - [2026-08-11T09:11:19.656+0000] {dagbag.py:545} INFO - Filling up the DagBag from /opt/airflow/dags/lap_time_analysis.py
[2026-08-11T09:11:19.789+0000] {processor.py:840} INFO - DAG(s) 'lap_time_analysis' retrieved from /opt/airflow/dags/lap_time_analysis.py
[2026-08-11T09:11:19.929+0000] {logging_mixin.py:188} INFO - [2026-08-11T09:11:19.928+0000] {dag.py:3096} INFO - Sync 1 DAGs
[2026-08-11T09:11:19.949+0000] {logging_mixin.py:188} INFO - [2026-08-11T09:11:19.949+0000] {dag.py:3954} INFO - Setting next_dagrun for lap_time_analysis to None, run_after=None
[2026-08-11T09:11:20.018+0000] {processor.py:183} INFO - Processing /opt/airflow/dags/lap_time_analysis.py took 0.374 seconds
[2026-08-11T09:11:50.403+0000] {processor.py:161} INFO - Started process (PID=960) to work on /opt/airflow/dags/lap_time_analysis.py
[2026-08-11T09:11:50.404+0000] {processor.py:830} INFO - Processing file /opt/airflow/dags/lap_time_analysis.py for tasks to queue
[2026-08-11T09:11:50.407+0000] {logging_mixin.py:188} INFO - [2026-08-11T09:11:50.407+0000] {dagbag.py:545} INFO - Filling up the DagBag from /opt/airflow/dags/lap_time_analysis.py
[2026-08-11T09:11:50.504+0000] {processor.py:840} INFO - DAG(s) 'lap_time_analysis' retrieved from /opt/airflow/dags/lap_time_analysis.py
[2026-08-11T09:11:50.531+0000] {logging_mixin.py:188} INFO - [2026-08-11T09:11:50.531+0000] {dag.py:3096} INFO - Sync 1 DAGs
[2026-08-11T09:11:50.545+0000] {logging_mixin.py:188} INFO - [2026-08-11T09:11:50.544+0000] {dag.py:3954} INFO - Setting next_dagrun for lap_time_analysis to None, run_after=None
[2026-08-11T09:11:50.567+0000] {processor.py:183} INFO - Processing /opt/airflow/dags/lap_time_analysis.py took 0.171 seconds
[2026-08-11T09:12:21.229+0000] {processor.py:161} INFO - Started process (PID=976) to work on /opt/airflow/dags/lap_time_analysis.py
[2026-08-11T09:12:21.230+0000] {processor.py:830} INFO - Processing file /opt/airflow/dags/lap_time_analysis.py for tasks to queue
[2026-08-11T09:12:21.248+0000] {logging_mixin.py:188} INFO - [2026-08-11T09:12:21.248+0000] {dagbag.py:545} INFO - Filling up the DagBag from /opt/airflow/dags/lap_time_analysis.py
[2026-08-11T09:12:21.348+0000] {processor.py:840} INFO - DAG(s) 'lap_time_analysis' retrieved from /opt/airflow/dags/lap_time_analysis.py
[2026-08-11T09:12:21.374+0000] {logging_mixin.py:188} INFO - [2026-08-11T09:12:21.373+0000] {dag.py:3096} INFO - Sync 1 DAGs
[2026-08-11T09:12:21.386+0000] {logging_mixin.py:188} INFO - [2026-08-11T09:12:21.386+0000] {dag.py:3954} INFO - Setting next_dagrun for lap_time_analysis to None, run_after=None
[2026-08-11T09:12:21.420+0000] {processor.py:183} INFO - Processing /opt/airflow/dags/lap_time_analysis.py took 0.197 seconds
[2026-08-11T09:12:52.098+0000] {processor.py:161} INFO - Started process (PID=992) to work on /opt/airflow/dags/lap_time_analysis.py
[2026-08-11T09:12:52.109+0000] {processor.py:830} INFO - Processing file /opt/airflow/dags/lap_time_analysis.py for tasks to queue
[2026-08-11T09:12:52.132+0000] {logging_mixin.py:188} INFO - [2026-08-11T09:12:52.130+0000] {dagbag.py:545} INFO - Filling up the DagBag from /opt/airflow/dags/lap_time_analysis.py
[2026-08-11T09:12:54.908+0000] {processor.py:840} INFO - DAG(s) 'lap_time_analysis' retrieved from /opt/airflow/dags/lap_time_analysis.py
[2026-08-11T09:12:54.983+0000] {logging_mixin.py:188} INFO - [2026-08-11T09:12:54.983+0000] {dag.py:3096} INFO - Sync 1 DAGs
[2026-08-11T09:12:55.001+0000] {logging_mixin.py:188} INFO - [2026-08-11T09:12:55.001+0000] {dag.py:3954} INFO - Setting next_dagrun for lap_time_analysis to None, run_after=None
[2026-08-11T09:12:55.108+0000] {processor.py:183} INFO - Processing /opt/airflow/dags/lap_time_analysis.py took 3.188 seconds
[2026-08-11T09:13:29.220+0000] {processor.py:161} INFO - Started process (PID=1011) to work on /opt/airflow/dags/lap_time_analysis.py
[2026-08-11T09:13:29.466+0000] {processor.py:830} INFO - Processing file /opt/airflow/dags/lap_time_analysis.py for tasks to queue
[2026-08-11T09:13:29.952+0000] {logging_mixin.py:188} INFO - [2026-08-11T09:13:29.951+0000] {dagbag.py:545} INFO - Filling up the DagBag from /opt/airflow/dags/lap_time_analysis.py
[2026-08-11T09:13:32.218+0000] {processor.py:840} INFO - DAG(s) 'lap_time_analysis' retrieved from /opt/airflow/dags/lap_time_analysis.py
[2026-08-11T09:13:32.343+0000] {logging_mixin.py:188} INFO - [2026-08-11T09:13:32.324+0000] {dag.py:3096} INFO - Sync 1 DAGs
[2026-08-11T09:13:32.376+0000] {logging_mixin.py:188} INFO - [2026-08-11T09:13:32.375+0000] {dag.py:3954} INFO - Setting next_dagrun for lap_time_analysis to None, run_after=None
[2026-08-11T09:13:32.414+0000] {processor.py:183} INFO - Processing /opt/airflow/dags/lap_time_analysis.py took 3.200 seconds
[2026-08-11T09:14:03.425+0000] {processor.py:161} INFO - Started process (PID=1027) to work on /opt/airflow/dags/lap_time_analysis.py
[2026-08-11T09:14:03.427+0000] {processor.py:830} INFO - Processing file /opt/airflow/dags/lap_time_analysis.py for tasks to queue
[2026-08-11T09:14:03.430+0000] {logging_mixin.py:188} INFO - [2026-08-11T09:14:03.430+0000] {dagbag.py:545} INFO - Filling up the DagBag from /opt/airflow/dags/lap_time_analysis.py
[2026-08-11T09:14:03.594+0000] {processor.py:840} INFO - DAG(s) 'lap_time_analysis' retrieved from /opt/airflow/dags/lap_time_analysis.py
[2026-08-11T09:14:03.625+0000] {logging_mixin.py:188} INFO - [2026-08-11T09:14:03.624+0000] {dag.py:3096} INFO - Sync 1 DAGs
[2026-08-11T09:14:03.641+0000] {logging_mixin.py:188} INFO - [2026-08-11T09:14:03.641+0000] {dag.py:3954} INFO - Setting next_dagrun for lap_time_analysis to None, run_after=None
[2026-08-11T09:14:03.667+0000] {processor.py:183} INFO - Processing /opt/airflow/dags/lap_time_analysis.py took 0.256 seconds
[2026-08-11T09:14:33.900+0000] {processor.py:161} INFO - Started process (PID=1043) to work on /opt/airflow/dags/lap_time_analysis.py
[2026-08-11T09:14:33.901+0000] {processor.py:830} INFO - Processing file /opt/airflow/dags/lap_time_analysis.py for tasks to queue
[2026-08-11T09:14:33.904+0000] {logging_mixin.py:188} INFO - [2026-08-11T09:14:33.904+0000] {dagbag.py:545} INFO - Filling up the DagBag from /opt/airflow/dags/lap_time_analysis.py
[2026-08-11T09:14:34.023+0000] {processor.py:840} INFO - DAG(s) 'lap_time_analysis' retrieved from /opt/airflow/dags/lap_time_analysis.py
[2026-08-11T09:14:34.056+0000] {logging_mixin.py:188} INFO - [2026-08-11T09:14:34.056+0000] {dag.py:3096} INFO - Sync 1 DAGs
[2026-08-11T09:14:34.073+0000] {logging_mixin.py:188} INFO - [2026-08-11T09:14:34.072+0000] {dag.py:3954} INFO - Setting next_dagrun for lap_time_analysis to None, run_after=None
[2026-08-11T09:14:34.100+0000] {processor.py:183} INFO - Processing /opt/airflow/dags/lap_time_analysis.py took 0.208 seconds
[2026-08-11T09:15:04.233+0000] {processor.py:161} INFO - Started process (PID=1059) to work on /opt/airflow/dags/lap_time_analysis.py
[2026-08-11T09:15:04.235+0000] {processor.py:830} INFO - Processing file /opt/airflow/dags/lap_time_analysis.py for tasks to queue
[2026-08-11T09:15:04.237+0000] {logging_mixin.py:188} INFO - [2026-08-11T09:15:04.237+0000] {dagbag.py:545} INFO - Filling up the DagBag from /opt/airflow/dags/lap_time_analysis.py
[2026-08-11T09:15:04.355+0000] {processor.py:840} INFO - DAG(s) 'lap_time_analysis' retrieved from /opt/airflow/dags/lap_time_analysis.py
[2026-08-11T09:15:04.388+0000] {logging_mixin.py:188} INFO - [2026-08-11T09:15:04.388+0000] {dag.py:3096} INFO - Sync 1 DAGs
[2026-08-11T09:15:04.404+0000] {logging_mixin.py:188} INFO - [2026-08-11T09:15:04.404+0000] {dag.py:3954} INFO - Setting next_dagrun for lap_time_analysis to None, run_after=None
[2026-08-11T09:15:04.427+0000] {processor.py:183} INFO - Processing /opt/airflow/dags/lap_time_analysis.py took 0.200 seconds
[2026-08-11T09:15:34.538+0000] {processor.py:161} INFO - Started process (PID=1075) to work on /opt/airflow/dags/lap_time_analysis.py
[2026-08-11T09:15:34.539+0000] {processor.py:830} INFO - Processing file /opt/airflow/dags/lap_time_analysis.py for tasks to queue
[2026-08-11T09:15:34.542+0000] {logging_mixin.py:188} INFO - [2026-08-11T09:15:34.541+0000] {dagbag.py:545} INFO - Filling up the DagBag from /opt/airflow/dags/lap_time_analysis.py
[2026-08-11T09:15:34.638+0000] {processor.py:840} INFO - DAG(s) 'lap_time_analysis' retrieved from /opt/airflow/dags/lap_time_analysis.py
[2026-08-11T09:15:34.679+0000] {logging_mixin.py:188} INFO - [2026-08-11T09:15:34.679+0000] {dag.py:3096} INFO - Sync 1 DAGs
[2026-08-11T09:15:34.692+0000] {logging_mixin.py:188} INFO - [2026-08-11T09:15:34.691+0000] {dag.py:3954} INFO - Setting next_dagrun for lap_time_analysis to None, run_after=None
[2026-08-11T09:15:34.714+0000] {processor.py:183} INFO - Processing /opt/airflow/dags/lap_time_analysis.py took 0.183 seconds
[2026-08-11T09:16:05.216+0000] {processor.py:161} INFO - Started process (PID=1091) to work on /opt/airflow/dags/lap_time_analysis.py
[2026-08-11T09:16:05.223+0000] {processor.py:830} INFO - Processing file /opt/airflow/dags/lap_time_analysis.py for tasks to queue
[2026-08-11T09:16:05.237+0000] {logging_mixin.py:188} INFO - [2026-08-11T09:16:05.237+0000] {dagbag.py:545} INFO - Filling up the DagBag from /opt/airflow/dags/lap_time_analysis.py
[2026-08-11T09:16:05.365+0000] {processor.py:840} INFO - DAG(s) 'lap_time_analysis' retrieved from /opt/airflow/dags/lap_time_analysis.py
[2026-08-11T09:16:05.400+0000] {logging_mixin.py:188} INFO - [2026-08-11T09:16:05.399+0000] {dag.py:3096} INFO - Sync 1 DAGs
[2026-08-11T09:16:05.421+0000] {logging_mixin.py:188} INFO - [2026-08-11T09:16:05.421+0000] {dag.py:3954} INFO - Setting next_dagrun for lap_time_analysis to None, run_after=None
[2026-08-11T09:16:05.448+0000] {processor.py:183} INFO - Processing /opt/airflow/dags/lap_time_analysis.py took 0.254 seconds
[2026-08-11T09:16:35.615+0000] {processor.py:161} INFO - Started process (PID=1107) to work on /opt/airflow/dags/lap_time_analysis.py
[2026-08-11T09:16:35.618+0000] {processor.py:830} INFO - Processing file /opt/airflow/dags/lap_time_analysis.py for tasks to queue
[2026-08-11T09:16:35.626+0000] {logging_mixin.py:188} INFO - [2026-08-11T09:16:35.625+0000] {dagbag.py:545} INFO - Filling up the DagBag from /opt/airflow/dags/lap_time_analysis.py
[2026-08-11T09:16:35.882+0000] {processor.py:840} INFO - DAG(s) 'lap_time_analysis' retrieved from /opt/airflow/dags/lap_time_analysis.py
[2026-08-11T09:16:35.910+0000] {logging_mixin.py:188} INFO - [2026-08-11T09:16:35.909+0000] {dag.py:3096} INFO - Sync 1 DAGs
[2026-08-11T09:16:35.926+0000] {logging_mixin.py:188} INFO - [2026-08-11T09:16:35.925+0000] {dag.py:3954} INFO - Setting next_dagrun for lap_time_analysis to None, run_after=None
[2026-08-11T09:16:35.948+0000] {processor.py:183} INFO - Processing /opt/airflow/dags/lap_time_analysis.py took 0.350 seconds
[2026-08-11T09:17:06.321+0000] {processor.py:161} INFO - Started process (PID=1123) to work on /opt/airflow/dags/lap_time_analysis.py
[2026-08-11T09:17:06.323+0000] {processor.py:830} INFO - Processing file /opt/airflow/dags/lap_time_analysis.py for tasks to queue
[2026-08-11T09:17:06.325+0000] {logging_mixin.py:188} INFO - [2026-08-11T09:17:06.325+0000] {dagbag.py:545} INFO - Filling up the DagBag from /opt/airflow/dags/lap_time_analysis.py
[2026-08-11T09:17:06.430+0000] {processor.py:840} INFO - DAG(s) 'lap_time_analysis' retrieved from /opt/airflow/dags/lap_time_analysis.py
[2026-08-11T09:17:06.458+0000] {logging_mixin.py:188} INFO - [2026-08-11T09:17:06.458+0000] {dag.py:3096} INFO - Sync 1 DAGs
[2026-08-11T09:17:06.472+0000] {logging_mixin.py:188} INFO - [2026-08-11T09:17:06.471+0000] {dag.py:3954} INFO - Setting next_dagrun for lap_time_analysis to None, run_after=None
[2026-08-11T09:17:06.492+0000] {processor.py:183} INFO - Processing /opt/airflow/dags/lap_time_analysis.py took 0.179 seconds
[2026-08-11T09:17:36.732+0000] {processor.py:161} INFO - Started process (PID=1139) to work on /opt/airflow/dags/lap_time_analysis.py
[2026-08-11T09:17:36.734+0000] {processor.py:830} INFO - Processing file /opt/airflow/dags/lap_time_analysis.py for tasks to queue
[2026-08-11T09:17:36.737+0000] {logging_mixin.py:188} INFO - [2026-08-11T09:17:36.737+0000] {dagbag.py:545} INFO - Filling up the DagBag from /opt/airflow/dags/lap_time_analysis.py
[2026-08-11T09:17:36.850+0000] {processor.py:840} INFO - DAG(s) 'lap_time_analysis' retrieved from /opt/airflow/dags/lap_time_analysis.py
[2026-08-11T09:17:36.889+0000] {logging_mixin.py:188} INFO - [2026-08-11T09:17:36.889+0000] {dag.py:3096} INFO - Sync 1 DAGs
[2026-08-11T09:17:36.905+0000] {logging_mixin.py:188} INFO - [2026-08-11T09:17:36.904+0000] {dag.py:3954} INFO - Setting next_dagrun for lap_time_analysis to None, run_after=None
[2026-08-11T09:17:36.928+0000] {processor.py:183} INFO - Processing /opt/airflow/dags/lap_time_analysis.py took 0.204 seconds
[2026-08-11T09:18:07.201+0000] {processor.py:161} INFO - Started process (PID=1155) to work on /opt/airflow/dags/lap_time_analysis.py
[2026-08-11T09:18:07.205+0000] {processor.py:830} INFO - Processing file /opt/airflow/dags/lap_time_analysis.py for tasks to queue
[2026-08-11T09:18:07.209+0000] {logging_mixin.py:188} INFO - [2026-08-11T09:18:07.209+0000] {dagbag.py:545} INFO - Filling up the DagBag from /opt/airflow/dags/lap_time_analysis.py
[2026-08-11T09:18:07.328+0000] {processor.py:840} INFO - DAG(s) 'lap_time_analysis' retrieved from /opt/airflow/dags/lap_time_analysis.py
[2026-08-11T09:18:07.397+0000] {logging_mixin.py:188} INFO - [2026-08-11T09:18:07.396+0000] {dag.py:3096} INFO - Sync 1 DAGs
[2026-08-11T09:18:07.441+0000] {logging_mixin.py:188} INFO - [2026-08-11T09:18:07.440+0000] {dag.py:3954} INFO - Setting next_dagrun for lap_time_analysis to None, run_after=None
[2026-08-11T09:18:07.495+0000] {processor.py:183} INFO - Processing /opt/airflow/dags/lap_time_analysis.py took 0.339 seconds
[2026-08-11T09:18:38.291+0000] {processor.py:161} INFO - Started process (PID=1171) to work on /opt/airflow/dags/lap_time_analysis.py
[2026-08-11T09:18:38.293+0000] {processor.py:830} INFO - Processing file /opt/airflow/dags/lap_time_analysis.py for tasks to queue
[2026-08-11T09:18:38.296+0000] {logging_mixin.py:188} INFO - [2026-08-11T09:18:38.296+0000] {dagbag.py:545} INFO - Filling up the DagBag from /opt/airflow/dags/lap_time_analysis.py
[2026-08-11T09:18:38.458+0000] {processor.py:840} INFO - DAG(s) 'lap_time_analysis' retrieved from /opt/airflow/dags/lap_time_analysis.py
[2026-08-11T09:18:38.491+0000] {logging_mixin.py:188} INFO - [2026-08-11T09:18:38.490+0000] {dag.py:3096} INFO - Sync 1 DAGs
[2026-08-11T09:18:38.505+0000] {logging_mixin.py:188} INFO - [2026-08-11T09:18:38.505+0000] {dag.py:3954} INFO - Setting next_dagrun for lap_time_analysis to None, run_after=None
[2026-08-11T09:18:38.537+0000] {processor.py:183} INFO - Processing /opt/airflow/dags/lap_time_analysis.py took 0.255 seconds
[2026-08-11T09:19:09.021+0000] {processor.py:161} INFO - Started process (PID=1187) to work on /opt/airflow/dags/lap_time_analysis.py
[2026-08-11T09:19:09.023+0000] {processor.py:830} INFO - Processing file /opt/airflow/dags/lap_time_analysis.py for tasks to queue
[2026-08-11T09:19:09.028+0000] {logging_mixin.py:188} INFO - [2026-08-11T09:19:09.027+0000] {dagbag.py:545} INFO - Filling up the DagBag from /opt/airflow/dags/lap_time_analysis.py
[2026-08-11T09:19:09.229+0000] {processor.py:840} INFO - DAG(s) 'lap_time_analysis' retrieved from /opt/airflow/dags/lap_time_analysis.py
[2026-08-11T09:19:09.278+0000] {logging_mixin.py:188} INFO - [2026-08-11T09:19:09.278+0000] {dag.py:3096} INFO - Sync 1 DAGs
[2026-08-11T09:19:09.291+0000] {logging_mixin.py:188} INFO - [2026-08-11T09:19:09.291+0000] {dag.py:3954} INFO - Setting next_dagrun for lap_time_analysis to None, run_after=None
[2026-08-11T09:19:09.316+0000] {processor.py:183} INFO - Processing /opt/airflow/dags/lap_time_analysis.py took 0.304 seconds
[2026-08-11T09:19:39.641+0000] {processor.py:161} INFO - Started process (PID=1203) to work on /opt/airflow/dags/lap_time_analysis.py
[2026-08-11T09:19:39.643+0000] {processor.py:830} INFO - Processing file /opt/airflow/dags/lap_time_analysis.py for tasks to queue
[2026-08-11T09:19:39.647+0000] {logging_mixin.py:188} INFO - [2026-08-11T09:19:39.646+0000] {dagbag.py:545} INFO - Filling up the DagBag from /opt/airflow/dags/lap_time_analysis.py
[2026-08-11T09:19:39.783+0000] {processor.py:840} INFO - DAG(s) 'lap_time_analysis' retrieved from /opt/airflow/dags/lap_time_analysis.py
[2026-08-11T09:19:39.819+0000] {logging_mixin.py:188} INFO - [2026-08-11T09:19:39.819+0000] {dag.py:3096} INFO - Sync 1 DAGs
[2026-08-11T09:19:39.836+0000] {logging_mixin.py:188} INFO - [2026-08-11T09:19:39.836+0000] {dag.py:3954} INFO - Setting next_dagrun for lap_time_analysis to None, run_after=None
[2026-08-11T09:19:39.860+0000] {processor.py:183} INFO - Processing /opt/airflow/dags/lap_time_analysis.py took 0.227 seconds
[2026-08-11T09:20:10.347+0000] {processor.py:161} INFO - Started process (PID=1219) to work on /opt/airflow/dags/lap_time_analysis.py
[2026-08-11T09:20:10.349+0000] {processor.py:830} INFO - Processing file /opt/airflow/dags/lap_time_analysis.py for tasks to queue
[2026-08-11T09:20:10.352+0000] {logging_mixin.py:188} INFO - [2026-08-11T09:20:10.351+0000] {dagbag.py:545} INFO - Filling up the DagBag from /opt/airflow/dags/lap_time_analysis.py
[2026-08-11T09:20:10.458+0000] {processor.py:840} INFO - DAG(s) 'lap_time_analysis' retrieved from /opt/airflow/dags/lap_time_analysis.py
[2026-08-11T09:20:10.489+0000] {logging_mixin.py:188} INFO - [2026-08-11T09:20:10.489+0000] {dag.py:3096} INFO - Sync 1 DAGs
[2026-08-11T09:20:10.504+0000] {logging_mixin.py:188} INFO - [2026-08-11T09:20:10.504+0000] {dag.py:3954} INFO - Setting next_dagrun for lap_time_analysis to None, run_after=None
[2026-08-11T09:20:10.525+0000] {processor.py:183} INFO - Processing /opt/airflow/dags/lap_time_analysis.py took 0.186 seconds
[2026-08-11T09:20:40.752+0000] {processor.py:161} INFO - Started process (PID=1235) to work on /opt/airflow/dags/lap_time_analysis.py
[2026-08-11T09:20:40.754+0000] {processor.py:830} INFO - Processing file /opt/airflow/dags/lap_time_analysis.py for tasks to queue
[2026-08-11T09:20:40.757+0000] {logging_mixin.py:188} INFO - [2026-08-11T09:20:40.756+0000] {dagbag.py:545} INFO - Filling up the DagBag from /opt/airflow/dags/lap_time_analysis.py
[2026-08-11T09:20:40.866+0000] {processor.py:840} INFO - DAG(s) 'lap_time_analysis' retrieved from /opt/airflow/dags/lap_time_analysis.py
[2026-08-11T09:20:40.899+0000] {logging_mixin.py:188} INFO - [2026-08-11T09:20:40.898+0000] {dag.py:3096} INFO - Sync 1 DAGs
[2026-08-11T09:20:40.912+0000] {logging_mixin.py:188} INFO - [2026-08-11T09:20:40.911+0000] {dag.py:3954} INFO - Setting next_dagrun for lap_time_analysis to None, run_after=None
[2026-08-11T09:20:40.934+0000] {processor.py:183} INFO - Processing /opt/airflow/dags/lap_time_analysis.py took 0.191 seconds
[2026-08-11T09:21:11.783+0000] {processor.py:161} INFO - Started process (PID=1251) to work on /opt/airflow/dags/lap_time_analysis.py
[2026-08-11T09:21:11.785+0000] {processor.py:830} INFO - Processing file /opt/airflow/dags/lap_time_analysis.py for tasks to queue
[2026-08-11T09:21:11.789+0000] {logging_mixin.py:188} INFO - [2026-08-11T09:21:11.788+0000] {dagbag.py:545} INFO - Filling up the DagBag from /opt/airflow/dags/lap_time_analysis.py
[2026-08-11T09:21:11.928+0000] {processor.py:840} INFO - DAG(s) 'lap_time_analysis' retrieved from /opt/airflow/dags/lap_time_analysis.py
[2026-08-11T09:21:11.963+0000] {logging_mixin.py:188} INFO - [2026-08-11T09:21:11.963+0000] {dag.py:3096} INFO - Sync 1 DAGs
[2026-08-11T09:21:11.980+0000] {logging_mixin.py:188} INFO - [2026-08-11T09:21:11.980+0000] {dag.py:3954} INFO - Setting next_dagrun for lap_time_analysis to None, run_after=None
[2026-08-11T09:21:12.002+0000] {processor.py:183} INFO - Processing /opt/airflow/dags/lap_time_analysis.py took 0.229 seconds
[2026-08-11T09:21:42.749+0000] {processor.py:161} INFO - Started process (PID=1267) to work on /opt/airflow/dags/lap_time_analysis.py
[2026-08-11T09:21:42.750+0000] {processor.py:830} INFO - Processing file /opt/airflow/dags/lap_time_analysis.py for tasks to queue
[2026-08-11T09:21:42.754+0000] {logging_mixin.py:188} INFO - [2026-08-11T09:21:42.753+0000] {dagbag.py:545} INFO - Filling up the DagBag from /opt/airflow/dags/lap_time_analysis.py
[2026-08-11T09:21:42.878+0000] {processor.py:840} INFO - DAG(s) 'lap_time_analysis' retrieved from /opt/airflow/dags/lap_time_analysis.py
[2026-08-11T09:21:42.905+0000] {logging_mixin.py:188} INFO - [2026-08-11T09:21:42.905+0000] {dag.py:3096} INFO - Sync 1 DAGs
[2026-08-11T09:21:42.919+0000] {logging_mixin.py:188} INFO - [2026-08-11T09:21:42.919+0000] {dag.py:3954} INFO - Setting next_dagrun for lap_time_analysis to None, run_after=None
[2026-08-11T09:21:42.943+0000] {processor.py:183} INFO - Processing /opt/airflow/dags/lap_time_analysis.py took 0.202 seconds
[2026-08-11T09:22:14.054+0000] {processor.py:161} INFO - Started process (PID=1283) to work on /opt/airflow/dags/lap_time_analysis.py
[2026-08-11T09:22:14.055+0000] {processor.py:830} INFO - Processing file /opt/airflow/dags/lap_time_analysis.py for tasks to queue
[2026-08-11T09:22:14.057+0000] {logging_mixin.py:188} INFO - [2026-08-11T09:22:14.057+0000] {dagbag.py:545} INFO - Filling up the DagBag from /opt/airflow/dags/lap_time_analysis.py
[2026-08-11T09:22:14.157+0000] {processor.py:840} INFO - DAG(s) 'lap_time_analysis' retrieved from /opt/airflow/dags/lap_time_analysis.py
[2026-08-11T09:22:14.181+0000] {logging_mixin.py:188} INFO - [2026-08-11T09:22:14.181+0000] {dag.py:3096} INFO - Sync 1 DAGs
[2026-08-11T09:22:14.194+0000] {logging_mixin.py:188} INFO - [2026-08-11T09:22:14.194+0000] {dag.py:3954} INFO - Setting next_dagrun for lap_time_analysis to None, run_after=None
[2026-08-11T09:22:14.218+0000] {processor.py:183} INFO - Processing /opt/airflow/dags/lap_time_analysis.py took 0.170 seconds
[2026-08-11T09:22:45.387+0000] {processor.py:161} INFO - Started process (PID=1299) to work on /opt/airflow/dags/lap_time_analysis.py
[2026-08-11T09:22:45.389+0000] {processor.py:830} INFO - Processing file /opt/airflow/dags/lap_time_analysis.py for tasks to queue
[2026-08-11T09:22:45.392+0000] {logging_mixin.py:188} INFO - [2026-08-11T09:22:45.392+0000] {dagbag.py:545} INFO - Filling up the DagBag from /opt/airflow/dags/lap_time_analysis.py
[2026-08-11T09:22:45.509+0000] {processor.py:840} INFO - DAG(s) 'lap_time_analysis' retrieved from /opt/airflow/dags/lap_time_analysis.py
[2026-08-11T09:22:45.540+0000] {logging_mixin.py:188} INFO - [2026-08-11T09:22:45.540+0000] {dag.py:3096} INFO - Sync 1 DAGs
[2026-08-11T09:22:45.556+0000] {logging_mixin.py:188} INFO - [2026-08-11T09:22:45.555+0000] {dag.py:3954} INFO - Setting next_dagrun for lap_time_analysis to None, run_after=None
[2026-08-11T09:22:45.583+0000] {processor.py:183} INFO - Processing /opt/airflow/dags/lap_time_analysis.py took 0.206 seconds
[2026-08-11T09:23:17.011+0000] {processor.py:161} INFO - Started process (PID=1315) to work on /opt/airflow/dags/lap_time_analysis.py
[2026-08-11T09:23:17.012+0000] {processor.py:830} INFO - Processing file /opt/airflow/dags/lap_time_analysis.py for tasks to queue
[2026-08-11T09:23:17.015+0000] {logging_mixin.py:188} INFO - [2026-08-11T09:23:17.014+0000] {dagbag.py:545} INFO - Filling up the DagBag from /opt/airflow/dags/lap_time_analysis.py
[2026-08-11T09:23:17.115+0000] {processor.py:840} INFO - DAG(s) 'lap_time_analysis' retrieved from /opt/airflow/dags/lap_time_analysis.py
[2026-08-11T09:23:17.140+0000] {logging_mixin.py:188} INFO - [2026-08-11T09:23:17.139+0000] {dag.py:3096} INFO - Sync 1 DAGs
[2026-08-11T09:23:17.153+0000] {logging_mixin.py:188} INFO - [2026-08-11T09:23:17.152+0000] {dag.py:3954} INFO - Setting next_dagrun for lap_time_analysis to None, run_after=None
[2026-08-11T09:23:17.174+0000] {processor.py:183} INFO - Processing /opt/airflow/dags/lap_time_analysis.py took 0.170 seconds
[2026-08-11T09:23:48.347+0000] {processor.py:161} INFO - Started process (PID=1331) to work on /opt/airflow/dags/lap_time_analysis.py
[2026-08-11T09:23:48.349+0000] {processor.py:830} INFO - Processing file /opt/airflow/dags/lap_time_analysis.py for tasks to queue
[2026-08-11T09:23:48.355+0000] {logging_mixin.py:188} INFO - [2026-08-11T09:23:48.354+0000] {dagbag.py:545} INFO - Filling up the DagBag from /opt/airflow/dags/lap_time_analysis.py
[2026-08-11T09:23:48.548+0000] {processor.py:840} INFO - DAG(s) 'lap_time_analysis' retrieved from /opt/airflow/dags/lap_time_analysis.py
[2026-08-11T09:23:48.585+0000] {logging_mixin.py:188} INFO - [2026-08-11T09:23:48.584+0000] {dag.py:3096} INFO - Sync 1 DAGs
[2026-08-11T09:23:48.602+0000] {logging_mixin.py:188} INFO - [2026-08-11T09:23:48.602+0000] {dag.py:3954} INFO - Setting next_dagrun for lap_time_analysis to None, run_after=None
[2026-08-11T09:23:48.632+0000] {processor.py:183} INFO - Processing /opt/airflow/dags/lap_time_analysis.py took 0.309 seconds
[2026-08-11T09:24:19.799+0000] {processor.py:161} INFO - Started process (PID=1347) to work on /opt/airflow/dags/lap_time_analysis.py
[2026-08-11T09:24:19.801+0000] {processor.py:830} INFO - Processing file /opt/airflow/dags/lap_time_analysis.py for tasks to queue
[2026-08-11T09:24:19.805+0000] {logging_mixin.py:188} INFO - [2026-08-11T09:24:19.804+0000] {dagbag.py:545} INFO - Filling up the DagBag from /opt/airflow/dags/lap_time_analysis.py
[2026-08-11T09:24:19.925+0000] {processor.py:840} INFO - DAG(s) 'lap_time_analysis' retrieved from /opt/airflow/dags/lap_time_analysis.py
[2026-08-11T09:24:19.953+0000] {logging_mixin.py:188} INFO - [2026-08-11T09:24:19.953+0000] {dag.py:3096} INFO - Sync 1 DAGs
[2026-08-11T09:24:19.969+0000] {logging_mixin.py:188} INFO - [2026-08-11T09:24:19.968+0000] {dag.py:3954} INFO - Setting next_dagrun for lap_time_analysis to None, run_after=None
[2026-08-11T09:24:19.993+0000] {processor.py:183} INFO - Processing /opt/airflow/dags/lap_time_analysis.py took 0.203 seconds
[2026-08-11T09:24:51.576+0000] {processor.py:161} INFO - Started process (PID=1363) to work on /opt/airflow/dags/lap_time_analysis.py
[2026-08-11T09:24:51.579+0000] {processor.py:830} INFO - Processing file /opt/airflow/dags/lap_time_analysis.py for tasks to queue
[2026-08-11T09:24:51.582+0000] {logging_mixin.py:188} INFO - [2026-08-11T09:24:51.582+0000] {dagbag.py:545} INFO - Filling up the DagBag from /opt/airflow/dags/lap_time_analysis.py
[2026-08-11T09:24:51.761+0000] {processor.py:840} INFO - DAG(s) 'lap_time_analysis' retrieved from /opt/airflow/dags/lap_time_analysis.py
[2026-08-11T09:24:51.809+0000] {logging_mixin.py:188} INFO - [2026-08-11T09:24:51.809+0000] {dag.py:3096} INFO - Sync 1 DAGs
[2026-08-11T09:24:51.835+0000] {logging_mixin.py:188} INFO - [2026-08-11T09:24:51.834+0000] {dag.py:3954} INFO - Setting next_dagrun for lap_time_analysis to None, run_after=None
[2026-08-11T09:24:51.868+0000] {processor.py:183} INFO - Processing /opt/airflow/dags/lap_time_analysis.py took 0.300 seconds
[2026-08-11T09:25:22.648+0000] {processor.py:161} INFO - Started process (PID=1379) to work on /opt/airflow/dags/lap_time_analysis.py
[2026-08-11T09:25:22.649+0000] {processor.py:830} INFO - Processing file /opt/airflow/dags/lap_time_analysis.py for tasks to queue
[2026-08-11T09:25:22.652+0000] {logging_mixin.py:188} INFO - [2026-08-11T09:25:22.652+0000] {dagbag.py:545} INFO - Filling up the DagBag from /opt/airflow/dags/lap_time_analysis.py
[2026-08-11T09:25:22.769+0000] {processor.py:840} INFO - DAG(s) 'lap_time_analysis' retrieved from /opt/airflow/dags/lap_time_analysis.py
[2026-08-11T09:25:22.802+0000] {logging_mixin.py:188} INFO - [2026-08-11T09:25:22.802+0000] {dag.py:3096} INFO - Sync 1 DAGs
[2026-08-11T09:25:22.818+0000] {logging_mixin.py:188} INFO - [2026-08-11T09:25:22.817+0000] {dag.py:3954} INFO - Setting next_dagrun for lap_time_analysis to None, run_after=None
[2026-08-11T09:25:22.848+0000] {processor.py:183} INFO - Processing /opt/airflow/dags/lap_time_analysis.py took 0.210 seconds
[2026-08-11T09:25:53.942+0000] {processor.py:161} INFO - Started process (PID=1395) to work on /opt/airflow/dags/lap_time_analysis.py
[2026-08-11T09:25:53.944+0000] {processor.py:830} INFO - Processing file /opt/airflow/dags/lap_time_analysis.py for tasks to queue
[2026-08-11T09:25:53.949+0000] {logging_mixin.py:188} INFO - [2026-08-11T09:25:53.949+0000] {dagbag.py:545} INFO - Filling up the DagBag from /opt/airflow/dags/lap_time_analysis.py
[2026-08-11T09:25:54.149+0000] {processor.py:840} INFO - DAG(s) 'lap_time_analysis' retrieved from /opt/airflow/dags/lap_time_analysis.py
[2026-08-11T09:25:54.178+0000] {logging_mixin.py:188} INFO - [2026-08-11T09:25:54.178+0000] {dag.py:3096} INFO - Sync 1 DAGs
[2026-08-11T09:25:54.193+0000] {logging_mixin.py:188} INFO - [2026-08-11T09:25:54.193+0000] {dag.py:3954} INFO - Setting next_dagrun for lap_time_analysis to None, run_after=None
[2026-08-11T09:25:54.213+0000] {processor.py:183} INFO - Processing /opt/airflow/dags/lap_time_analysis.py took 0.279 seconds
[2026-08-11T09:26:25.979+0000] {processor.py:161} INFO - Started process (PID=1411) to work on /opt/airflow/dags/lap_time_analysis.py
[2026-08-11T09:26:25.981+0000] {processor.py:830} INFO - Processing file /opt/airflow/dags/lap_time_analysis.py for tasks to queue
[2026-08-11T09:26:25.983+0000] {logging_mixin.py:188} INFO - [2026-08-11T09:26:25.983+0000] {dagbag.py:545} INFO - Filling up the DagBag from /opt/airflow/dags/lap_time_analysis.py
[2026-08-11T09:26:26.156+0000] {processor.py:840} INFO - DAG(s) 'lap_time_analysis' retrieved from /opt/airflow/dags/lap_time_analysis.py
[2026-08-11T09:26:26.189+0000] {logging_mixin.py:188} INFO - [2026-08-11T09:26:26.189+0000] {dag.py:3096} INFO - Sync 1 DAGs
[2026-08-11T09:26:26.205+0000] {logging_mixin.py:188} INFO - [2026-08-11T09:26:26.205+0000] {dag.py:3954} INFO - Setting next_dagrun for lap_time_analysis to None, run_after=None
[2026-08-11T09:26:26.230+0000] {processor.py:183} INFO - Processing /opt/airflow/dags/lap_time_analysis.py took 0.259 seconds
[2026-08-11T09:26:56.912+0000] {processor.py:161} INFO - Started process (PID=1427) to work on /opt/airflow/dags/lap_time_analysis.py
[2026-08-11T09:26:56.913+0000] {processor.py:830} INFO - Processing file /opt/airflow/dags/lap_time_analysis.py for tasks to queue
[2026-08-11T09:26:56.916+0000] {logging_mixin.py:188} INFO - [2026-08-11T09:26:56.916+0000] {dagbag.py:545} INFO - Filling up the DagBag from /opt/airflow/dags/lap_time_analysis.py
[2026-08-11T09:26:57.060+0000] {processor.py:840} INFO - DAG(s) 'lap_time_analysis' retrieved from /opt/airflow/dags/lap_time_analysis.py
[2026-08-11T09:26:57.107+0000] {logging_mixin.py:188} INFO - [2026-08-11T09:26:57.106+0000] {dag.py:3096} INFO - Sync 1 DAGs
[2026-08-11T09:26:57.132+0000] {logging_mixin.py:188} INFO - [2026-08-11T09:26:57.132+0000] {dag.py:3954} INFO - Setting next_dagrun for lap_time_analysis to None, run_after=None
[2026-08-11T09:26:57.161+0000] {processor.py:183} INFO - Processing /opt/airflow/dags/lap_time_analysis.py took 0.259 seconds
[2026-08-11T09:27:27.408+0000] {processor.py:161} INFO - Started process (PID=1443) to work on /opt/airflow/dags/lap_time_analysis.py
[2026-08-11T09:27:27.410+0000] {processor.py:830} INFO - Processing file /opt/airflow/dags/lap_time_analysis.py for tasks to queue
[2026-08-11T09:27:27.412+0000] {logging_mixin.py:188} INFO - [2026-08-11T09:27:27.412+0000] {dagbag.py:545} INFO - Filling up the DagBag from /opt/airflow/dags/lap_time_analysis.py
[2026-08-11T09:27:28.424+0000] {processor.py:840} INFO - DAG(s) 'lap_time_analysis' retrieved from /opt/airflow/dags/lap_time_analysis.py
[2026-08-11T09:27:28.455+0000] {logging_mixin.py:188} INFO - [2026-08-11T09:27:28.455+0000] {dag.py:3096} INFO - Sync 1 DAGs
[2026-08-11T09:27:28.471+0000] {logging_mixin.py:188} INFO - [2026-08-11T09:27:28.470+0000] {dag.py:3954} INFO - Setting next_dagrun for lap_time_analysis to None, run_after=None
[2026-08-11T09:27:28.502+0000] {processor.py:183} INFO - Processing /opt/airflow/dags/lap_time_analysis.py took 0.241 seconds
[2026-08-11T09:27:58.717+0000] {processor.py:161} INFO - Started process (PID=1459) to work on /opt/airflow/dags/lap_time_analysis.py
[2026-08-11T09:27:58.719+0000] {processor.py:830} INFO - Processing file /opt/airflow/dags/lap_time_analysis.py for tasks to queue
[2026-08-11T09:27:58.722+0000] {logging_mixin.py:188} INFO - [2026-08-11T09:27:58.721+0000] {dagbag.py:545} INFO - Filling up the DagBag from /opt/airflow/dags/lap_time_analysis.py
[2026-08-11T09:27:58.839+0000] {processor.py:840} INFO - DAG(s) 'lap_time_analysis' retrieved from /opt/airflow/dags/lap_time_analysis.py
[2026-08-11T09:27:58.868+0000] {logging_mixin.py:188} INFO - [2026-08-11T09:27:58.868+0000] {dag.py:3096} INFO - Sync 1 DAGs
[2026-08-11T09:27:58.884+0000] {logging_mixin.py:188} INFO - [2026-08-11T09:27:58.884+0000] {dag.py:3954} INFO - Setting next_dagrun for lap_time_analysis to None, run_after=None
[2026-08-11T09:27:59.783+0000] {processor.py:183} INFO - Processing /opt/airflow/dags/lap_time_analysis.py took 0.206 seconds
[2026-08-11T09:28:31.521+0000] {processor.py:161} INFO - Started process (PID=1475) to work on /opt/airflow/dags/lap_time_analysis.py
[2026-08-11T09:28:31.522+0000] {processor.py:830} INFO - Processing file /opt/airflow/dags/lap_time_analysis.py for tasks to queue
[2026-08-11T09:28:31.525+0000] {logging_mixin.py:188} INFO - [2026-08-11T09:28:31.525+0000] {dagbag.py:545} INFO - Filling up the DagBag from /opt/airflow/dags/lap_time_analysis.py
[2026-08-11T09:28:31.642+0000] {processor.py:840} INFO - DAG(s) 'lap_time_analysis' retrieved from /opt/airflow/dags/lap_time_analysis.py
[2026-08-11T09:28:31.669+0000] {logging_mixin.py:188} INFO - [2026-08-11T09:28:31.669+0000] {dag.py:3096} INFO - Sync 1 DAGs
[2026-08-11T09:28:31.682+0000] {logging_mixin.py:188} INFO - [2026-08-11T09:28:31.682+0000] {dag.py:3954} INFO - Setting next_dagrun for lap_time_analysis to None, run_after=None
[2026-08-11T09:28:31.708+0000] {processor.py:183} INFO - Processing /opt/airflow/dags/lap_time_analysis.py took 0.194 seconds
[2026-08-11T09:29:02.786+0000] {processor.py:161} INFO - Started process (PID=1491) to work on /opt/airflow/dags/lap_time_analysis.py
[2026-08-11T09:29:02.787+0000] {processor.py:830} INFO - Processing file /opt/airflow/dags/lap_time_analysis.py for tasks to queue
[2026-08-11T09:29:02.790+0000] {logging_mixin.py:188} INFO - [2026-08-11T09:29:02.790+0000] {dagbag.py:545} INFO - Filling up the DagBag from /opt/airflow/dags/lap_time_analysis.py
[2026-08-11T09:29:02.905+0000] {processor.py:840} INFO - DAG(s) 'lap_time_analysis' retrieved from /opt/airflow/dags/lap_time_analysis.py
[2026-08-11T09:29:02.940+0000] {logging_mixin.py:188} INFO - [2026-08-11T09:29:02.940+0000] {dag.py:3096} INFO - Sync 1 DAGs
[2026-08-11T09:29:02.956+0000] {logging_mixin.py:188} INFO - [2026-08-11T09:29:02.956+0000] {dag.py:3954} INFO - Setting next_dagrun for lap_time_analysis to None, run_after=None
[2026-08-11T09:29:02.979+0000] {processor.py:183} INFO - Processing /opt/airflow/dags/lap_time_analysis.py took 0.200 seconds
[2026-08-11T09:29:33.284+0000] {processor.py:161} INFO - Started process (PID=1507) to work on /opt/airflow/dags/lap_time_analysis.py
[2026-08-11T09:29:33.285+0000] {processor.py:830} INFO - Processing file /opt/airflow/dags/lap_time_analysis.py for tasks to queue
[2026-08-11T09:29:33.288+0000] {logging_mixin.py:188} INFO - [2026-08-11T09:29:33.288+0000] {dagbag.py:545} INFO - Filling up the DagBag from /opt/airflow/dags/lap_time_analysis.py
[2026-08-11T09:29:34.339+0000] {processor.py:840} INFO - DAG(s) 'lap_time_analysis' retrieved from /opt/airflow/dags/lap_time_analysis.py
[2026-08-11T09:29:34.373+0000] {logging_mixin.py:188} INFO - [2026-08-11T09:29:34.372+0000] {dag.py:3096} INFO - Sync 1 DAGs
[2026-08-11T09:29:34.394+0000] {logging_mixin.py:188} INFO - [2026-08-11T09:29:34.394+0000] {dag.py:3954} INFO - Setting next_dagrun for lap_time_analysis to None, run_after=None
[2026-08-11T09:29:34.422+0000] {processor.py:183} INFO - Processing /opt/airflow/dags/lap_time_analysis.py took 0.273 seconds
[2026-08-11T09:30:04.825+0000] {processor.py:161} INFO - Started process (PID=1523) to work on /opt/airflow/dags/lap_time_analysis.py
[2026-08-11T09:30:04.827+0000] {processor.py:830} INFO - Processing file /opt/airflow/dags/lap_time_analysis.py for tasks to queue
[2026-08-11T09:30:04.830+0000] {logging_mixin.py:188} INFO - [2026-08-11T09:30:04.830+0000] {dagbag.py:545} INFO - Filling up the DagBag from /opt/airflow/dags/lap_time_analysis.py
[2026-08-11T09:30:05.809+0000] {processor.py:840} INFO - DAG(s) 'lap_time_analysis' retrieved from /opt/airflow/dags/lap_time_analysis.py
[2026-08-11T09:30:05.838+0000] {logging_mixin.py:188} INFO - [2026-08-11T09:30:05.838+0000] {dag.py:3096} INFO - Sync 1 DAGs
[2026-08-11T09:30:05.854+0000] {logging_mixin.py:188} INFO - [2026-08-11T09:30:05.853+0000] {dag.py:3954} INFO - Setting next_dagrun for lap_time_analysis to None, run_after=None
[2026-08-11T09:30:05.878+0000] {processor.py:183} INFO - Processing /opt/airflow/dags/lap_time_analysis.py took 0.189 seconds
[2026-08-11T09:30:36.134+0000] {processor.py:161} INFO - Started process (PID=1539) to work on /opt/airflow/dags/lap_time_analysis.py
[2026-08-11T09:30:36.135+0000] {processor.py:830} INFO - Processing file /opt/airflow/dags/lap_time_analysis.py for tasks to queue
[2026-08-11T09:30:36.139+0000] {logging_mixin.py:188} INFO - [2026-08-11T09:30:36.138+0000] {dagbag.py:545} INFO - Filling up the DagBag from /opt/airflow/dags/lap_time_analysis.py
[2026-08-11T09:30:36.246+0000] {processor.py:840} INFO - DAG(s) 'lap_time_analysis' retrieved from /opt/airflow/dags/lap_time_analysis.py
[2026-08-11T09:30:36.273+0000] {logging_mixin.py:188} INFO - [2026-08-11T09:30:36.273+0000] {dag.py:3096} INFO - Sync 1 DAGs
[2026-08-11T09:30:36.288+0000] {logging_mixin.py:188} INFO - [2026-08-11T09:30:36.288+0000] {dag.py:3954} INFO - Setting next_dagrun for lap_time_analysis to None, run_after=None
[2026-08-11T09:30:36.311+0000] {processor.py:183} INFO - Processing /opt/airflow/dags/lap_time_analysis.py took 0.185 seconds
[2026-08-11T09:31:06.450+0000] {processor.py:161} INFO - Started process (PID=1555) to work on /opt/airflow/dags/lap_time_analysis.py
[2026-08-11T09:31:06.451+0000] {processor.py:830} INFO - Processing file /opt/airflow/dags/lap_time_analysis.py for tasks to queue
[2026-08-11T09:31:06.454+0000] {logging_mixin.py:188} INFO - [2026-08-11T09:31:06.453+0000] {dagbag.py:545} INFO - Filling up the DagBag from /opt/airflow/dags/lap_time_analysis.py
[2026-08-11T09:31:06.569+0000] {processor.py:840} INFO - DAG(s) 'lap_time_analysis' retrieved from /opt/airflow/dags/lap_time_analysis.py
[2026-08-11T09:31:06.601+0000] {logging_mixin.py:188} INFO - [2026-08-11T09:31:06.600+0000] {dag.py:3096} INFO - Sync 1 DAGs
[2026-08-11T09:31:06.616+0000] {logging_mixin.py:188} INFO - [2026-08-11T09:31:06.616+0000] {dag.py:3954} INFO - Setting next_dagrun for lap_time_analysis to None, run_after=None
[2026-08-11T09:31:06.640+0000] {processor.py:183} INFO - Processing /opt/airflow/dags/lap_time_analysis.py took 0.198 seconds
[2026-08-11T09:31:37.385+0000] {processor.py:161} INFO - Started process (PID=1571) to work on /opt/airflow/dags/lap_time_analysis.py
[2026-08-11T09:31:37.387+0000] {processor.py:830} INFO - Processing file /opt/airflow/dags/lap_time_analysis.py for tasks to queue
[2026-08-11T09:31:37.391+0000] {logging_mixin.py:188} INFO - [2026-08-11T09:31:37.390+0000] {dagbag.py:545} INFO - Filling up the DagBag from /opt/airflow/dags/lap_time_analysis.py
[2026-08-11T09:31:37.533+0000] {processor.py:840} INFO - DAG(s) 'lap_time_analysis' retrieved from /opt/airflow/dags/lap_time_analysis.py
[2026-08-11T09:31:37.559+0000] {logging_mixin.py:188} INFO - [2026-08-11T09:31:37.559+0000] {dag.py:3096} INFO - Sync 1 DAGs
[2026-08-11T09:31:37.573+0000] {logging_mixin.py:188} INFO - [2026-08-11T09:31:37.573+0000] {dag.py:3954} INFO - Setting next_dagrun for lap_time_analysis to None, run_after=None
[2026-08-11T09:31:37.596+0000] {processor.py:183} INFO - Processing /opt/airflow/dags/lap_time_analysis.py took 0.222 seconds
[2026-08-11T09:46:24.613+0000] {processor.py:161} INFO - Started process (PID=1587) to work on /opt/airflow/dags/lap_time_analysis.py
[2026-08-11T09:46:24.618+0000] {processor.py:830} INFO - Processing file /opt/airflow/dags/lap_time_analysis.py for tasks to queue
[2026-08-11T09:46:24.623+0000] {logging_mixin.py:188} INFO - [2026-08-11T09:46:24.622+0000] {dagbag.py:545} INFO - Filling up the DagBag from /opt/airflow/dags/lap_time_analysis.py
[2026-08-11T09:46:26.521+0000] {processor.py:840} INFO - DAG(s) 'lap_time_analysis' retrieved from /opt/airflow/dags/lap_time_analysis.py
[2026-08-11T09:46:27.207+0000] {logging_mixin.py:188} INFO - [2026-08-11T09:46:27.206+0000] {dag.py:3096} INFO - Sync 1 DAGs
[2026-08-11T09:46:27.537+0000] {logging_mixin.py:188} INFO - [2026-08-11T09:46:27.537+0000] {dag.py:3954} INFO - Setting next_dagrun for lap_time_analysis to None, run_after=None
[2026-08-11T09:46:27.732+0000] {processor.py:183} INFO - Processing /opt/airflow/dags/lap_time_analysis.py took 3.135 seconds
[2026-08-11T09:46:58.180+0000] {processor.py:161} INFO - Started process (PID=1599) to work on /opt/airflow/dags/lap_time_analysis.py
[2026-08-11T09:46:58.193+0000] {processor.py:830} INFO - Processing file /opt/airflow/dags/lap_time_analysis.py for tasks to queue
[2026-08-11T09:46:58.220+0000] {logging_mixin.py:188} INFO - [2026-08-11T09:46:58.216+0000] {dagbag.py:545} INFO - Filling up the DagBag from /opt/airflow/dags/lap_time_analysis.py
[2026-08-11T09:46:59.015+0000] {processor.py:840} INFO - DAG(s) 'lap_time_analysis' retrieved from /opt/airflow/dags/lap_time_analysis.py
[2026-08-11T09:46:59.593+0000] {logging_mixin.py:188} INFO - [2026-08-11T09:46:59.592+0000] {dag.py:3096} INFO - Sync 1 DAGs
[2026-08-11T09:46:59.749+0000] {logging_mixin.py:188} INFO - [2026-08-11T09:46:59.747+0000] {dag.py:3954} INFO - Setting next_dagrun for lap_time_analysis to None, run_after=None
[2026-08-11T09:46:59.945+0000] {processor.py:183} INFO - Processing /opt/airflow/dags/lap_time_analysis.py took 1.844 seconds
[2026-08-11T09:47:30.491+0000] {processor.py:161} INFO - Started process (PID=1615) to work on /opt/airflow/dags/lap_time_analysis.py
[2026-08-11T09:47:30.494+0000] {processor.py:830} INFO - Processing file /opt/airflow/dags/lap_time_analysis.py for tasks to queue
[2026-08-11T09:47:30.497+0000] {logging_mixin.py:188} INFO - [2026-08-11T09:47:30.497+0000] {dagbag.py:545} INFO - Filling up the DagBag from /opt/airflow/dags/lap_time_analysis.py
[2026-08-11T09:47:31.166+0000] {processor.py:840} INFO - DAG(s) 'lap_time_analysis' retrieved from /opt/airflow/dags/lap_time_analysis.py
[2026-08-11T09:47:31.261+0000] {logging_mixin.py:188} INFO - [2026-08-11T09:47:31.260+0000] {dag.py:3096} INFO - Sync 1 DAGs
[2026-08-11T09:47:31.279+0000] {logging_mixin.py:188} INFO - [2026-08-11T09:47:31.279+0000] {dag.py:3954} INFO - Setting next_dagrun for lap_time_analysis to None, run_after=None
[2026-08-11T09:47:31.300+0000] {processor.py:183} INFO - Processing /opt/airflow/dags/lap_time_analysis.py took 0.816 seconds
[2026-08-11T09:48:01.709+0000] {processor.py:161} INFO - Started process (PID=1629) to work on /opt/airflow/dags/lap_time_analysis.py
[2026-08-11T09:48:01.739+0000] {processor.py:830} INFO - Processing file /opt/airflow/dags/lap_time_analysis.py for tasks to queue
[2026-08-11T09:48:02.459+0000] {logging_mixin.py:188} INFO - [2026-08-11T09:48:02.357+0000] {dagbag.py:545} INFO - Filling up the DagBag from /opt/airflow/dags/lap_time_analysis.py
[2026-08-11T09:48:02.618+0000] {processor.py:840} INFO - DAG(s) 'lap_time_analysis' retrieved from /opt/airflow/dags/lap_time_analysis.py
[2026-08-11T09:48:02.666+0000] {logging_mixin.py:188} INFO - [2026-08-11T09:48:02.666+0000] {dag.py:3096} INFO - Sync 1 DAGs
[2026-08-11T09:48:02.748+0000] {logging_mixin.py:188} INFO - [2026-08-11T09:48:02.748+0000] {dag.py:3954} INFO - Setting next_dagrun for lap_time_analysis to None, run_after=None
[2026-08-11T09:48:02.791+0000] {processor.py:183} INFO - Processing /opt/airflow/dags/lap_time_analysis.py took 1.170 seconds
[2026-08-11T09:48:33.504+0000] {processor.py:161} INFO - Started process (PID=1643) to work on /opt/airflow/dags/lap_time_analysis.py
[2026-08-11T09:48:33.519+0000] {processor.py:830} INFO - Processing file /opt/airflow/dags/lap_time_analysis.py for tasks to queue
[2026-08-11T09:48:33.543+0000] {logging_mixin.py:188} INFO - [2026-08-11T09:48:33.540+0000] {dagbag.py:545} INFO - Filling up the DagBag from /opt/airflow/dags/lap_time_analysis.py
[2026-08-11T09:48:34.819+0000] {processor.py:840} INFO - DAG(s) 'lap_time_analysis' retrieved from /opt/airflow/dags/lap_time_analysis.py
[2026-08-11T09:48:34.982+0000] {logging_mixin.py:188} INFO - [2026-08-11T09:48:34.981+0000] {dag.py:3096} INFO - Sync 1 DAGs
[2026-08-11T09:48:35.194+0000] {logging_mixin.py:188} INFO - [2026-08-11T09:48:35.193+0000] {dag.py:3954} INFO - Setting next_dagrun for lap_time_analysis to None, run_after=None
[2026-08-11T09:48:35.318+0000] {processor.py:183} INFO - Processing /opt/airflow/dags/lap_time_analysis.py took 1.924 seconds
[2026-08-11T09:49:05.791+0000] {processor.py:161} INFO - Started process (PID=1663) to work on /opt/airflow/dags/lap_time_analysis.py
[2026-08-11T09:49:05.794+0000] {processor.py:830} INFO - Processing file /opt/airflow/dags/lap_time_analysis.py for tasks to queue
[2026-08-11T09:49:05.799+0000] {logging_mixin.py:188} INFO - [2026-08-11T09:49:05.798+0000] {dagbag.py:545} INFO - Filling up the DagBag from /opt/airflow/dags/lap_time_analysis.py
[2026-08-11T09:49:06.280+0000] {processor.py:840} INFO - DAG(s) 'lap_time_analysis' retrieved from /opt/airflow/dags/lap_time_analysis.py
[2026-08-11T09:49:06.340+0000] {logging_mixin.py:188} INFO - [2026-08-11T09:49:06.339+0000] {dag.py:3096} INFO - Sync 1 DAGs
[2026-08-11T09:49:06.374+0000] {logging_mixin.py:188} INFO - [2026-08-11T09:49:06.374+0000] {dag.py:3954} INFO - Setting next_dagrun for lap_time_analysis to None, run_after=None
[2026-08-11T09:49:06.400+0000] {processor.py:183} INFO - Processing /opt/airflow/dags/lap_time_analysis.py took 0.624 seconds
[2026-08-11T09:49:36.527+0000] {processor.py:161} INFO - Started process (PID=1679) to work on /opt/airflow/dags/lap_time_analysis.py
[2026-08-11T09:49:36.529+0000] {processor.py:830} INFO - Processing file /opt/airflow/dags/lap_time_analysis.py for tasks to queue
[2026-08-11T09:49:36.533+0000] {logging_mixin.py:188} INFO - [2026-08-11T09:49:36.533+0000] {dagbag.py:545} INFO - Filling up the DagBag from /opt/airflow/dags/lap_time_analysis.py
[2026-08-11T09:49:36.685+0000] {processor.py:840} INFO - DAG(s) 'lap_time_analysis' retrieved from /opt/airflow/dags/lap_time_analysis.py
[2026-08-11T09:49:36.715+0000] {logging_mixin.py:188} INFO - [2026-08-11T09:49:36.715+0000] {dag.py:3096} INFO - Sync 1 DAGs
[2026-08-11T09:49:36.735+0000] {logging_mixin.py:188} INFO - [2026-08-11T09:49:36.735+0000] {dag.py:3954} INFO - Setting next_dagrun for lap_time_analysis to None, run_after=None
[2026-08-11T09:49:36.761+0000] {processor.py:183} INFO - Processing /opt/airflow/dags/lap_time_analysis.py took 0.241 seconds
[2026-08-11T09:50:07.140+0000] {processor.py:161} INFO - Started process (PID=1695) to work on /opt/airflow/dags/lap_time_analysis.py
[2026-08-11T09:50:07.142+0000] {processor.py:830} INFO - Processing file /opt/airflow/dags/lap_time_analysis.py for tasks to queue
[2026-08-11T09:50:07.146+0000] {logging_mixin.py:188} INFO - [2026-08-11T09:50:07.146+0000] {dagbag.py:545} INFO - Filling up the DagBag from /opt/airflow/dags/lap_time_analysis.py
[2026-08-11T09:50:07.281+0000] {processor.py:840} INFO - DAG(s) 'lap_time_analysis' retrieved from /opt/airflow/dags/lap_time_analysis.py
[2026-08-11T09:50:07.323+0000] {logging_mixin.py:188} INFO - [2026-08-11T09:50:07.323+0000] {dag.py:3096} INFO - Sync 1 DAGs
[2026-08-11T09:50:07.348+0000] {logging_mixin.py:188} INFO - [2026-08-11T09:50:07.347+0000] {dag.py:3954} INFO - Setting next_dagrun for lap_time_analysis to None, run_after=None
[2026-08-11T09:50:07.375+0000] {processor.py:183} INFO - Processing /opt/airflow/dags/lap_time_analysis.py took 0.242 seconds
[2026-08-11T09:50:37.832+0000] {processor.py:161} INFO - Started process (PID=1707) to work on /opt/airflow/dags/lap_time_analysis.py
[2026-08-11T09:50:37.835+0000] {processor.py:830} INFO - Processing file /opt/airflow/dags/lap_time_analysis.py for tasks to queue
[2026-08-11T09:50:37.840+0000] {logging_mixin.py:188} INFO - [2026-08-11T09:50:37.839+0000] {dagbag.py:545} INFO - Filling up the DagBag from /opt/airflow/dags/lap_time_analysis.py
[2026-08-11T09:50:38.093+0000] {processor.py:840} INFO - DAG(s) 'lap_time_analysis' retrieved from /opt/airflow/dags/lap_time_analysis.py
[2026-08-11T09:50:38.201+0000] {logging_mixin.py:188} INFO - [2026-08-11T09:50:38.201+0000] {dag.py:3096} INFO - Sync 1 DAGs
[2026-08-11T09:50:38.236+0000] {logging_mixin.py:188} INFO - [2026-08-11T09:50:38.236+0000] {dag.py:3954} INFO - Setting next_dagrun for lap_time_analysis to None, run_after=None
[2026-08-11T09:50:38.266+0000] {processor.py:183} INFO - Processing /opt/airflow/dags/lap_time_analysis.py took 0.446 seconds
[2026-08-11T09:51:09.722+0000] {processor.py:161} INFO - Started process (PID=1725) to work on /opt/airflow/dags/lap_time_analysis.py
[2026-08-11T09:51:09.726+0000] {processor.py:830} INFO - Processing file /opt/airflow/dags/lap_time_analysis.py for tasks to queue
[2026-08-11T09:51:09.732+0000] {logging_mixin.py:188} INFO - [2026-08-11T09:51:09.731+0000] {dagbag.py:545} INFO - Filling up the DagBag from /opt/airflow/dags/lap_time_analysis.py
[2026-08-11T09:51:10.135+0000] {processor.py:840} INFO - DAG(s) 'lap_time_analysis' retrieved from /opt/airflow/dags/lap_time_analysis.py
[2026-08-11T09:51:10.313+0000] {logging_mixin.py:188} INFO - [2026-08-11T09:51:10.312+0000] {dag.py:3096} INFO - Sync 1 DAGs
[2026-08-11T09:51:10.360+0000] {logging_mixin.py:188} INFO - [2026-08-11T09:51:10.360+0000] {dag.py:3954} INFO - Setting next_dagrun for lap_time_analysis to None, run_after=None
[2026-08-11T09:51:10.409+0000] {processor.py:183} INFO - Processing /opt/airflow/dags/lap_time_analysis.py took 0.708 seconds
[2026-08-11T09:51:41.143+0000] {processor.py:161} INFO - Started process (PID=1741) to work on /opt/airflow/dags/lap_time_analysis.py
[2026-08-11T09:51:41.151+0000] {processor.py:830} INFO - Processing file /opt/airflow/dags/lap_time_analysis.py for tasks to queue
[2026-08-11T09:51:41.157+0000] {logging_mixin.py:188} INFO - [2026-08-11T09:51:41.155+0000] {dagbag.py:545} INFO - Filling up the DagBag from /opt/airflow/dags/lap_time_analysis.py
[2026-08-11T09:51:41.505+0000] {processor.py:840} INFO - DAG(s) 'lap_time_analysis' retrieved from /opt/airflow/dags/lap_time_analysis.py
[2026-08-11T09:51:41.580+0000] {logging_mixin.py:188} INFO - [2026-08-11T09:51:41.579+0000] {dag.py:3096} INFO - Sync 1 DAGs
[2026-08-11T09:51:41.636+0000] {logging_mixin.py:188} INFO - [2026-08-11T09:51:41.635+0000] {dag.py:3954} INFO - Setting next_dagrun for lap_time_analysis to None, run_after=None
[2026-08-11T09:51:41.681+0000] {processor.py:183} INFO - Processing /opt/airflow/dags/lap_time_analysis.py took 0.551 seconds
[2026-08-11T09:52:12.630+0000] {processor.py:161} INFO - Started process (PID=1757) to work on /opt/airflow/dags/lap_time_analysis.py
[2026-08-11T09:52:12.632+0000] {processor.py:830} INFO - Processing file /opt/airflow/dags/lap_time_analysis.py for tasks to queue
[2026-08-11T09:52:12.635+0000] {logging_mixin.py:188} INFO - [2026-08-11T09:52:12.635+0000] {dagbag.py:545} INFO - Filling up the DagBag from /opt/airflow/dags/lap_time_analysis.py
[2026-08-11T09:52:13.217+0000] {processor.py:840} INFO - DAG(s) 'lap_time_analysis' retrieved from /opt/airflow/dags/lap_time_analysis.py
[2026-08-11T09:52:13.476+0000] {logging_mixin.py:188} INFO - [2026-08-11T09:52:13.476+0000] {dag.py:3096} INFO - Sync 1 DAGs
[2026-08-11T09:52:13.568+0000] {logging_mixin.py:188} INFO - [2026-08-11T09:52:13.568+0000] {dag.py:3954} INFO - Setting next_dagrun for lap_time_analysis to None, run_after=None
[2026-08-11T09:52:13.711+0000] {processor.py:183} INFO - Processing /opt/airflow/dags/lap_time_analysis.py took 1.087 seconds
[2026-08-11T09:52:44.874+0000] {processor.py:161} INFO - Started process (PID=1773) to work on /opt/airflow/dags/lap_time_analysis.py
[2026-08-11T09:52:44.889+0000] {processor.py:830} INFO - Processing file /opt/airflow/dags/lap_time_analysis.py for tasks to queue
[2026-08-11T09:52:44.925+0000] {logging_mixin.py:188} INFO - [2026-08-11T09:52:44.922+0000] {dagbag.py:545} INFO - Filling up the DagBag from /opt/airflow/dags/lap_time_analysis.py
[2026-08-11T09:52:46.287+0000] {processor.py:840} INFO - DAG(s) 'lap_time_analysis' retrieved from /opt/airflow/dags/lap_time_analysis.py
[2026-08-11T09:52:46.375+0000] {logging_mixin.py:188} INFO - [2026-08-11T09:52:46.373+0000] {dag.py:3096} INFO - Sync 1 DAGs
[2026-08-11T09:52:46.413+0000] {logging_mixin.py:188} INFO - [2026-08-11T09:52:46.412+0000] {dag.py:3954} INFO - Setting next_dagrun for lap_time_analysis to None, run_after=None
[2026-08-11T09:52:46.463+0000] {processor.py:183} INFO - Processing /opt/airflow/dags/lap_time_analysis.py took 1.770 seconds
[2026-08-11T11:53:10.591+0000] {processor.py:161} INFO - Started process (PID=1789) to work on /opt/airflow/dags/lap_time_analysis.py
[2026-08-11T11:53:10.621+0000] {processor.py:830} INFO - Processing file /opt/airflow/dags/lap_time_analysis.py for tasks to queue
[2026-08-11T11:53:10.668+0000] {logging_mixin.py:188} INFO - [2026-08-11T11:53:10.662+0000] {dagbag.py:545} INFO - Filling up the DagBag from /opt/airflow/dags/lap_time_analysis.py
[2026-08-11T11:53:14.718+0000] {processor.py:840} INFO - DAG(s) 'lap_time_analysis' retrieved from /opt/airflow/dags/lap_time_analysis.py
[2026-08-11T11:53:14.954+0000] {logging_mixin.py:188} INFO - [2026-08-11T11:53:14.952+0000] {dag.py:3096} INFO - Sync 1 DAGs
[2026-08-11T11:53:15.129+0000] {logging_mixin.py:188} INFO - [2026-08-11T11:53:15.129+0000] {dag.py:3954} INFO - Setting next_dagrun for lap_time_analysis to None, run_after=None
[2026-08-11T11:53:15.244+0000] {processor.py:183} INFO - Processing /opt/airflow/dags/lap_time_analysis.py took 4.818 seconds
[2026-08-11T11:53:45.600+0000] {processor.py:161} INFO - Started process (PID=1801) to work on /opt/airflow/dags/lap_time_analysis.py
[2026-08-11T11:53:45.603+0000] {processor.py:830} INFO - Processing file /opt/airflow/dags/lap_time_analysis.py for tasks to queue
[2026-08-11T11:53:45.620+0000] {logging_mixin.py:188} INFO - [2026-08-11T11:53:45.618+0000] {dagbag.py:545} INFO - Filling up the DagBag from /opt/airflow/dags/lap_time_analysis.py
[2026-08-11T11:53:45.862+0000] {processor.py:840} INFO - DAG(s) 'lap_time_analysis' retrieved from /opt/airflow/dags/lap_time_analysis.py
[2026-08-11T11:53:45.903+0000] {logging_mixin.py:188} INFO - [2026-08-11T11:53:45.902+0000] {dag.py:3096} INFO - Sync 1 DAGs
[2026-08-11T11:53:46.001+0000] {logging_mixin.py:188} INFO - [2026-08-11T11:53:46.000+0000] {dag.py:3954} INFO - Setting next_dagrun for lap_time_analysis to None, run_after=None
[2026-08-11T11:53:46.115+0000] {processor.py:183} INFO - Processing /opt/airflow/dags/lap_time_analysis.py took 0.522 seconds
[2026-08-11T11:54:16.601+0000] {processor.py:161} INFO - Started process (PID=1817) to work on /opt/airflow/dags/lap_time_analysis.py
[2026-08-11T11:54:16.635+0000] {processor.py:830} INFO - Processing file /opt/airflow/dags/lap_time_analysis.py for tasks to queue
[2026-08-11T11:54:16.657+0000] {logging_mixin.py:188} INFO - [2026-08-11T11:54:16.656+0000] {dagbag.py:545} INFO - Filling up the DagBag from /opt/airflow/dags/lap_time_analysis.py
[2026-08-11T11:54:16.829+0000] {processor.py:840} INFO - DAG(s) 'lap_time_analysis' retrieved from /opt/airflow/dags/lap_time_analysis.py
[2026-08-11T11:54:16.989+0000] {logging_mixin.py:188} INFO - [2026-08-11T11:54:16.989+0000] {dag.py:3096} INFO - Sync 1 DAGs
[2026-08-11T11:54:17.008+0000] {logging_mixin.py:188} INFO - [2026-08-11T11:54:17.008+0000] {dag.py:3954} INFO - Setting next_dagrun for lap_time_analysis to None, run_after=None
[2026-08-11T11:54:17.226+0000] {processor.py:183} INFO - Processing /opt/airflow/dags/lap_time_analysis.py took 0.633 seconds
[2026-08-11T11:54:47.402+0000] {processor.py:161} INFO - Started process (PID=1833) to work on /opt/airflow/dags/lap_time_analysis.py
[2026-08-11T11:54:47.411+0000] {processor.py:830} INFO - Processing file /opt/airflow/dags/lap_time_analysis.py for tasks to queue
[2026-08-11T11:54:47.432+0000] {logging_mixin.py:188} INFO - [2026-08-11T11:54:47.428+0000] {dagbag.py:545} INFO - Filling up the DagBag from /opt/airflow/dags/lap_time_analysis.py
[2026-08-11T11:54:47.836+0000] {processor.py:840} INFO - DAG(s) 'lap_time_analysis' retrieved from /opt/airflow/dags/lap_time_analysis.py
[2026-08-11T11:54:47.987+0000] {logging_mixin.py:188} INFO - [2026-08-11T11:54:47.986+0000] {dag.py:3096} INFO - Sync 1 DAGs
[2026-08-11T11:54:48.102+0000] {logging_mixin.py:188} INFO - [2026-08-11T11:54:48.101+0000] {dag.py:3954} INFO - Setting next_dagrun for lap_time_analysis to None, run_after=None
[2026-08-11T11:54:48.157+0000] {processor.py:183} INFO - Processing /opt/airflow/dags/lap_time_analysis.py took 0.827 seconds
[2026-08-11T11:55:18.470+0000] {processor.py:161} INFO - Started process (PID=1849) to work on /opt/airflow/dags/lap_time_analysis.py
[2026-08-11T11:55:18.474+0000] {processor.py:830} INFO - Processing file /opt/airflow/dags/lap_time_analysis.py for tasks to queue
[2026-08-11T11:55:18.479+0000] {logging_mixin.py:188} INFO - [2026-08-11T11:55:18.478+0000] {dagbag.py:545} INFO - Filling up the DagBag from /opt/airflow/dags/lap_time_analysis.py
[2026-08-11T11:55:18.656+0000] {processor.py:840} INFO - DAG(s) 'lap_time_analysis' retrieved from /opt/airflow/dags/lap_time_analysis.py
[2026-08-11T11:55:18.709+0000] {logging_mixin.py:188} INFO - [2026-08-11T11:55:18.709+0000] {dag.py:3096} INFO - Sync 1 DAGs
[2026-08-11T11:55:18.775+0000] {logging_mixin.py:188} INFO - [2026-08-11T11:55:18.775+0000] {dag.py:3954} INFO - Setting next_dagrun for lap_time_analysis to None, run_after=None
[2026-08-11T11:55:18.860+0000] {processor.py:183} INFO - Processing /opt/airflow/dags/lap_time_analysis.py took 0.407 seconds
[2026-08-11T11:55:49.253+0000] {processor.py:161} INFO - Started process (PID=1865) to work on /opt/airflow/dags/lap_time_analysis.py
[2026-08-11T11:55:49.255+0000] {processor.py:830} INFO - Processing file /opt/airflow/dags/lap_time_analysis.py for tasks to queue
[2026-08-11T11:55:49.261+0000] {logging_mixin.py:188} INFO - [2026-08-11T11:55:49.260+0000] {dagbag.py:545} INFO - Filling up the DagBag from /opt/airflow/dags/lap_time_analysis.py
[2026-08-11T11:55:49.415+0000] {processor.py:840} INFO - DAG(s) 'lap_time_analysis' retrieved from /opt/airflow/dags/lap_time_analysis.py
[2026-08-11T11:55:49.453+0000] {logging_mixin.py:188} INFO - [2026-08-11T11:55:49.453+0000] {dag.py:3096} INFO - Sync 1 DAGs
[2026-08-11T11:55:49.474+0000] {logging_mixin.py:188} INFO - [2026-08-11T11:55:49.474+0000] {dag.py:3954} INFO - Setting next_dagrun for lap_time_analysis to None, run_after=None
[2026-08-11T11:55:49.504+0000] {processor.py:183} INFO - Processing /opt/airflow/dags/lap_time_analysis.py took 0.268 seconds
[2026-08-11T11:56:19.749+0000] {processor.py:161} INFO - Started process (PID=1881) to work on /opt/airflow/dags/lap_time_analysis.py
[2026-08-11T11:56:19.751+0000] {processor.py:830} INFO - Processing file /opt/airflow/dags/lap_time_analysis.py for tasks to queue
[2026-08-11T11:56:19.754+0000] {logging_mixin.py:188} INFO - [2026-08-11T11:56:19.753+0000] {dagbag.py:545} INFO - Filling up the DagBag from /opt/airflow/dags/lap_time_analysis.py
[2026-08-11T11:56:19.849+0000] {processor.py:840} INFO - DAG(s) 'lap_time_analysis' retrieved from /opt/airflow/dags/lap_time_analysis.py
[2026-08-11T11:56:19.874+0000] {logging_mixin.py:188} INFO - [2026-08-11T11:56:19.874+0000] {dag.py:3096} INFO - Sync 1 DAGs
[2026-08-11T11:56:19.886+0000] {logging_mixin.py:188} INFO - [2026-08-11T11:56:19.886+0000] {dag.py:3954} INFO - Setting next_dagrun for lap_time_analysis to None, run_after=None
[2026-08-11T11:56:19.907+0000] {processor.py:183} INFO - Processing /opt/airflow/dags/lap_time_analysis.py took 0.165 seconds
[2026-08-11T11:56:50.145+0000] {processor.py:161} INFO - Started process (PID=1897) to work on /opt/airflow/dags/lap_time_analysis.py
[2026-08-11T11:56:50.148+0000] {processor.py:830} INFO - Processing file /opt/airflow/dags/lap_time_analysis.py for tasks to queue
[2026-08-11T11:56:50.152+0000] {logging_mixin.py:188} INFO - [2026-08-11T11:56:50.151+0000] {dagbag.py:545} INFO - Filling up the DagBag from /opt/airflow/dags/lap_time_analysis.py
[2026-08-11T11:56:50.262+0000] {processor.py:840} INFO - DAG(s) 'lap_time_analysis' retrieved from /opt/airflow/dags/lap_time_analysis.py
[2026-08-11T11:56:50.298+0000] {logging_mixin.py:188} INFO - [2026-08-11T11:56:50.298+0000] {dag.py:3096} INFO - Sync 1 DAGs
[2026-08-11T11:56:50.312+0000] {logging_mixin.py:188} INFO - [2026-08-11T11:56:50.312+0000] {dag.py:3954} INFO - Setting next_dagrun for lap_time_analysis to None, run_after=None
[2026-08-11T11:56:50.337+0000] {processor.py:183} INFO - Processing /opt/airflow/dags/lap_time_analysis.py took 0.198 seconds
[2026-08-11T11:57:20.445+0000] {processor.py:161} INFO - Started process (PID=1913) to work on /opt/airflow/dags/lap_time_analysis.py
[2026-08-11T11:57:20.446+0000] {processor.py:830} INFO - Processing file /opt/airflow/dags/lap_time_analysis.py for tasks to queue
[2026-08-11T11:57:20.449+0000] {logging_mixin.py:188} INFO - [2026-08-11T11:57:20.448+0000] {dagbag.py:545} INFO - Filling up the DagBag from /opt/airflow/dags/lap_time_analysis.py
[2026-08-11T11:57:20.587+0000] {processor.py:840} INFO - DAG(s) 'lap_time_analysis' retrieved from /opt/airflow/dags/lap_time_analysis.py
[2026-08-11T11:57:20.616+0000] {logging_mixin.py:188} INFO - [2026-08-11T11:57:20.616+0000] {dag.py:3096} INFO - Sync 1 DAGs
[2026-08-11T11:57:20.629+0000] {logging_mixin.py:188} INFO - [2026-08-11T11:57:20.629+0000] {dag.py:3954} INFO - Setting next_dagrun for lap_time_analysis to None, run_after=None
[2026-08-11T11:57:20.649+0000] {processor.py:183} INFO - Processing /opt/airflow/dags/lap_time_analysis.py took 0.212 seconds
[2026-08-11T11:57:50.755+0000] {processor.py:161} INFO - Started process (PID=1929) to work on /opt/airflow/dags/lap_time_analysis.py
[2026-08-11T11:57:50.757+0000] {processor.py:830} INFO - Processing file /opt/airflow/dags/lap_time_analysis.py for tasks to queue
[2026-08-11T11:57:50.759+0000] {logging_mixin.py:188} INFO - [2026-08-11T11:57:50.759+0000] {dagbag.py:545} INFO - Filling up the DagBag from /opt/airflow/dags/lap_time_analysis.py
[2026-08-11T11:57:50.898+0000] {processor.py:840} INFO - DAG(s) 'lap_time_analysis' retrieved from /opt/airflow/dags/lap_time_analysis.py
[2026-08-11T11:57:50.932+0000] {logging_mixin.py:188} INFO - [2026-08-11T11:57:50.931+0000] {dag.py:3096} INFO - Sync 1 DAGs
[2026-08-11T11:57:50.948+0000] {logging_mixin.py:188} INFO - [2026-08-11T11:57:50.947+0000] {dag.py:3954} INFO - Setting next_dagrun for lap_time_analysis to None, run_after=None
[2026-08-11T11:57:50.974+0000] {processor.py:183} INFO - Processing /opt/airflow/dags/lap_time_analysis.py took 0.226 seconds
[2026-08-11T11:58:21.373+0000] {processor.py:161} INFO - Started process (PID=1945) to work on /opt/airflow/dags/lap_time_analysis.py
[2026-08-11T11:58:21.375+0000] {processor.py:830} INFO - Processing file /opt/airflow/dags/lap_time_analysis.py for tasks to queue
[2026-08-11T11:58:21.382+0000] {logging_mixin.py:188} INFO - [2026-08-11T11:58:21.381+0000] {dagbag.py:545} INFO - Filling up the DagBag from /opt/airflow/dags/lap_time_analysis.py
[2026-08-11T11:58:21.807+0000] {processor.py:840} INFO - DAG(s) 'lap_time_analysis' retrieved from /opt/airflow/dags/lap_time_analysis.py
[2026-08-11T11:58:21.873+0000] {logging_mixin.py:188} INFO - [2026-08-11T11:58:21.872+0000] {dag.py:3096} INFO - Sync 1 DAGs
[2026-08-11T11:58:21.930+0000] {logging_mixin.py:188} INFO - [2026-08-11T11:58:21.930+0000] {dag.py:3954} INFO - Setting next_dagrun for lap_time_analysis to None, run_after=None
[2026-08-11T11:58:22.004+0000] {processor.py:183} INFO - Processing /opt/airflow/dags/lap_time_analysis.py took 0.641 seconds
[2026-08-11T11:58:52.418+0000] {processor.py:161} INFO - Started process (PID=1961) to work on /opt/airflow/dags/lap_time_analysis.py
[2026-08-11T11:58:52.420+0000] {processor.py:830} INFO - Processing file /opt/airflow/dags/lap_time_analysis.py for tasks to queue
[2026-08-11T11:58:52.423+0000] {logging_mixin.py:188} INFO - [2026-08-11T11:58:52.423+0000] {dagbag.py:545} INFO - Filling up the DagBag from /opt/airflow/dags/lap_time_analysis.py
[2026-08-11T11:58:52.613+0000] {processor.py:840} INFO - DAG(s) 'lap_time_analysis' retrieved from /opt/airflow/dags/lap_time_analysis.py
[2026-08-11T11:58:52.718+0000] {logging_mixin.py:188} INFO - [2026-08-11T11:58:52.717+0000] {dag.py:3096} INFO - Sync 1 DAGs
[2026-08-11T11:58:52.793+0000] {logging_mixin.py:188} INFO - [2026-08-11T11:58:52.793+0000] {dag.py:3954} INFO - Setting next_dagrun for lap_time_analysis to None, run_after=None
[2026-08-11T11:58:52.870+0000] {processor.py:183} INFO - Processing /opt/airflow/dags/lap_time_analysis.py took 0.470 seconds
[2026-08-11T11:59:23.119+0000] {processor.py:161} INFO - Started process (PID=1977) to work on /opt/airflow/dags/lap_time_analysis.py
[2026-08-11T11:59:23.120+0000] {processor.py:830} INFO - Processing file /opt/airflow/dags/lap_time_analysis.py for tasks to queue
[2026-08-11T11:59:23.124+0000] {logging_mixin.py:188} INFO - [2026-08-11T11:59:23.123+0000] {dagbag.py:545} INFO - Filling up the DagBag from /opt/airflow/dags/lap_time_analysis.py
[2026-08-11T11:59:23.279+0000] {processor.py:840} INFO - DAG(s) 'lap_time_analysis' retrieved from /opt/airflow/dags/lap_time_analysis.py
[2026-08-11T11:59:23.310+0000] {logging_mixin.py:188} INFO - [2026-08-11T11:59:23.310+0000] {dag.py:3096} INFO - Sync 1 DAGs
[2026-08-11T11:59:23.324+0000] {logging_mixin.py:188} INFO - [2026-08-11T11:59:23.323+0000] {dag.py:3954} INFO - Setting next_dagrun for lap_time_analysis to None, run_after=None
[2026-08-11T11:59:23.343+0000] {processor.py:183} INFO - Processing /opt/airflow/dags/lap_time_analysis.py took 0.230 seconds
[2026-08-11T11:59:54.140+0000] {processor.py:161} INFO - Started process (PID=1993) to work on /opt/airflow/dags/lap_time_analysis.py
[2026-08-11T11:59:54.142+0000] {processor.py:830} INFO - Processing file /opt/airflow/dags/lap_time_analysis.py for tasks to queue
[2026-08-11T11:59:54.145+0000] {logging_mixin.py:188} INFO - [2026-08-11T11:59:54.144+0000] {dagbag.py:545} INFO - Filling up the DagBag from /opt/airflow/dags/lap_time_analysis.py
[2026-08-11T11:59:54.260+0000] {processor.py:840} INFO - DAG(s) 'lap_time_analysis' retrieved from /opt/airflow/dags/lap_time_analysis.py
[2026-08-11T11:59:54.288+0000] {logging_mixin.py:188} INFO - [2026-08-11T11:59:54.288+0000] {dag.py:3096} INFO - Sync 1 DAGs
[2026-08-11T11:59:54.301+0000] {logging_mixin.py:188} INFO - [2026-08-11T11:59:54.301+0000] {dag.py:3954} INFO - Setting next_dagrun for lap_time_analysis to None, run_after=None
[2026-08-11T11:59:54.322+0000] {processor.py:183} INFO - Processing /opt/airflow/dags/lap_time_analysis.py took 0.190 seconds
[2026-08-11T12:00:25.072+0000] {processor.py:161} INFO - Started process (PID=2009) to work on /opt/airflow/dags/lap_time_analysis.py
[2026-08-11T12:00:25.073+0000] {processor.py:830} INFO - Processing file /opt/airflow/dags/lap_time_analysis.py for tasks to queue
[2026-08-11T12:00:25.075+0000] {logging_mixin.py:188} INFO - [2026-08-11T12:00:25.075+0000] {dagbag.py:545} INFO - Filling up the DagBag from /opt/airflow/dags/lap_time_analysis.py
[2026-08-11T12:00:25.218+0000] {processor.py:840} INFO - DAG(s) 'lap_time_analysis' retrieved from /opt/airflow/dags/lap_time_analysis.py
[2026-08-11T12:00:25.248+0000] {logging_mixin.py:188} INFO - [2026-08-11T12:00:25.247+0000] {dag.py:3096} INFO - Sync 1 DAGs
[2026-08-11T12:00:25.263+0000] {logging_mixin.py:188} INFO - [2026-08-11T12:00:25.263+0000] {dag.py:3954} INFO - Setting next_dagrun for lap_time_analysis to None, run_after=None
[2026-08-11T12:00:25.286+0000] {processor.py:183} INFO - Processing /opt/airflow/dags/lap_time_analysis.py took 0.219 seconds
[2026-08-11T12:00:55.533+0000] {processor.py:161} INFO - Started process (PID=2025) to work on /opt/airflow/dags/lap_time_analysis.py
[2026-08-11T12:00:55.534+0000] {processor.py:830} INFO - Processing file /opt/airflow/dags/lap_time_analysis.py for tasks to queue
[2026-08-11T12:00:55.537+0000] {logging_mixin.py:188} INFO - [2026-08-11T12:00:55.536+0000] {dagbag.py:545} INFO - Filling up the DagBag from /opt/airflow/dags/lap_time_analysis.py
[2026-08-11T12:00:55.644+0000] {processor.py:840} INFO - DAG(s) 'lap_time_analysis' retrieved from /opt/airflow/dags/lap_time_analysis.py
[2026-08-11T12:00:55.671+0000] {logging_mixin.py:188} INFO - [2026-08-11T12:00:55.671+0000] {dag.py:3096} INFO - Sync 1 DAGs
[2026-08-11T12:00:55.685+0000] {logging_mixin.py:188} INFO - [2026-08-11T12:00:55.685+0000] {dag.py:3954} INFO - Setting next_dagrun for lap_time_analysis to None, run_after=None
[2026-08-11T12:00:55.706+0000] {processor.py:183} INFO - Processing /opt/airflow/dags/lap_time_analysis.py took 0.179 seconds
[2026-08-11T12:01:26.041+0000] {processor.py:161} INFO - Started process (PID=2041) to work on /opt/airflow/dags/lap_time_analysis.py
[2026-08-11T12:01:26.043+0000] {processor.py:830} INFO - Processing file /opt/airflow/dags/lap_time_analysis.py for tasks to queue
[2026-08-11T12:01:26.047+0000] {logging_mixin.py:188} INFO - [2026-08-11T12:01:26.046+0000] {dagbag.py:545} INFO - Filling up the DagBag from /opt/airflow/dags/lap_time_analysis.py
[2026-08-11T12:01:26.152+0000] {processor.py:840} INFO - DAG(s) 'lap_time_analysis' retrieved from /opt/airflow/dags/lap_time_analysis.py
[2026-08-11T12:01:26.179+0000] {logging_mixin.py:188} INFO - [2026-08-11T12:01:26.178+0000] {dag.py:3096} INFO - Sync 1 DAGs
[2026-08-11T12:01:26.193+0000] {logging_mixin.py:188} INFO - [2026-08-11T12:01:26.192+0000] {dag.py:3954} INFO - Setting next_dagrun for lap_time_analysis to None, run_after=None
[2026-08-11T12:01:26.217+0000] {processor.py:183} INFO - Processing /opt/airflow/dags/lap_time_analysis.py took 0.184 seconds
[2026-08-11T12:01:58.194+0000] {processor.py:161} INFO - Started process (PID=2055) to work on /opt/airflow/dags/lap_time_analysis.py
[2026-08-11T12:01:58.200+0000] {processor.py:830} INFO - Processing file /opt/airflow/dags/lap_time_analysis.py for tasks to queue
[2026-08-11T12:01:58.211+0000] {logging_mixin.py:188} INFO - [2026-08-11T12:01:58.210+0000] {dagbag.py:545} INFO - Filling up the DagBag from /opt/airflow/dags/lap_time_analysis.py
[2026-08-11T12:01:58.496+0000] {processor.py:840} INFO - DAG(s) 'lap_time_analysis' retrieved from /opt/airflow/dags/lap_time_analysis.py
[2026-08-11T12:01:58.594+0000] {logging_mixin.py:188} INFO - [2026-08-11T12:01:58.593+0000] {dag.py:3096} INFO - Sync 1 DAGs
[2026-08-11T12:01:58.650+0000] {logging_mixin.py:188} INFO - [2026-08-11T12:01:58.650+0000] {dag.py:3954} INFO - Setting next_dagrun for lap_time_analysis to None, run_after=None
[2026-08-11T12:01:58.693+0000] {processor.py:183} INFO - Processing /opt/airflow/dags/lap_time_analysis.py took 0.508 seconds
[2026-08-11T12:02:30.011+0000] {processor.py:161} INFO - Started process (PID=2071) to work on /opt/airflow/dags/lap_time_analysis.py
[2026-08-11T12:02:30.014+0000] {processor.py:830} INFO - Processing file /opt/airflow/dags/lap_time_analysis.py for tasks to queue
[2026-08-11T12:02:30.022+0000] {logging_mixin.py:188} INFO - [2026-08-11T12:02:30.020+0000] {dagbag.py:545} INFO - Filling up the DagBag from /opt/airflow/dags/lap_time_analysis.py
[2026-08-11T12:02:30.522+0000] {processor.py:840} INFO - DAG(s) 'lap_time_analysis' retrieved from /opt/airflow/dags/lap_time_analysis.py
[2026-08-11T12:02:30.622+0000] {logging_mixin.py:188} INFO - [2026-08-11T12:02:30.621+0000] {dag.py:3096} INFO - Sync 1 DAGs
[2026-08-11T12:02:30.672+0000] {logging_mixin.py:188} INFO - [2026-08-11T12:02:30.672+0000] {dag.py:3954} INFO - Setting next_dagrun for lap_time_analysis to None, run_after=None
[2026-08-11T12:02:30.720+0000] {processor.py:183} INFO - Processing /opt/airflow/dags/lap_time_analysis.py took 0.717 seconds
[2026-08-11T12:03:01.498+0000] {processor.py:161} INFO - Started process (PID=2087) to work on /opt/airflow/dags/lap_time_analysis.py
[2026-08-11T12:03:01.500+0000] {processor.py:830} INFO - Processing file /opt/airflow/dags/lap_time_analysis.py for tasks to queue
[2026-08-11T12:03:01.505+0000] {logging_mixin.py:188} INFO - [2026-08-11T12:03:01.504+0000] {dagbag.py:545} INFO - Filling up the DagBag from /opt/airflow/dags/lap_time_analysis.py
[2026-08-11T12:03:01.791+0000] {processor.py:840} INFO - DAG(s) 'lap_time_analysis' retrieved from /opt/airflow/dags/lap_time_analysis.py
[2026-08-11T12:03:01.847+0000] {logging_mixin.py:188} INFO - [2026-08-11T12:03:01.847+0000] {dag.py:3096} INFO - Sync 1 DAGs
[2026-08-11T12:03:01.876+0000] {logging_mixin.py:188} INFO - [2026-08-11T12:03:01.876+0000] {dag.py:3954} INFO - Setting next_dagrun for lap_time_analysis to None, run_after=None
[2026-08-11T12:03:01.910+0000] {processor.py:183} INFO - Processing /opt/airflow/dags/lap_time_analysis.py took 0.419 seconds
[2026-08-11T12:03:33.835+0000] {processor.py:161} INFO - Started process (PID=2103) to work on /opt/airflow/dags/lap_time_analysis.py
[2026-08-11T12:03:33.837+0000] {processor.py:830} INFO - Processing file /opt/airflow/dags/lap_time_analysis.py for tasks to queue
[2026-08-11T12:03:33.840+0000] {logging_mixin.py:188} INFO - [2026-08-11T12:03:33.839+0000] {dagbag.py:545} INFO - Filling up the DagBag from /opt/airflow/dags/lap_time_analysis.py
[2026-08-11T12:03:34.236+0000] {processor.py:840} INFO - DAG(s) 'lap_time_analysis' retrieved from /opt/airflow/dags/lap_time_analysis.py
[2026-08-11T12:03:34.346+0000] {logging_mixin.py:188} INFO - [2026-08-11T12:03:34.346+0000] {dag.py:3096} INFO - Sync 1 DAGs
[2026-08-11T12:03:34.433+0000] {logging_mixin.py:188} INFO - [2026-08-11T12:03:34.433+0000] {dag.py:3954} INFO - Setting next_dagrun for lap_time_analysis to None, run_after=None
[2026-08-11T12:03:34.500+0000] {processor.py:183} INFO - Processing /opt/airflow/dags/lap_time_analysis.py took 0.701 seconds
[2026-08-11T12:04:05.386+0000] {processor.py:161} INFO - Started process (PID=2119) to work on /opt/airflow/dags/lap_time_analysis.py
[2026-08-11T12:04:05.389+0000] {processor.py:830} INFO - Processing file /opt/airflow/dags/lap_time_analysis.py for tasks to queue
[2026-08-11T12:04:05.394+0000] {logging_mixin.py:188} INFO - [2026-08-11T12:04:05.394+0000] {dagbag.py:545} INFO - Filling up the DagBag from /opt/airflow/dags/lap_time_analysis.py
[2026-08-11T12:04:05.673+0000] {processor.py:840} INFO - DAG(s) 'lap_time_analysis' retrieved from /opt/airflow/dags/lap_time_analysis.py
[2026-08-11T12:04:05.726+0000] {logging_mixin.py:188} INFO - [2026-08-11T12:04:05.726+0000] {dag.py:3096} INFO - Sync 1 DAGs
[2026-08-11T12:04:05.748+0000] {logging_mixin.py:188} INFO - [2026-08-11T12:04:05.748+0000] {dag.py:3954} INFO - Setting next_dagrun for lap_time_analysis to None, run_after=None
[2026-08-11T12:04:05.799+0000] {processor.py:183} INFO - Processing /opt/airflow/dags/lap_time_analysis.py took 0.420 seconds
[2026-08-11T12:04:37.029+0000] {processor.py:161} INFO - Started process (PID=2135) to work on /opt/airflow/dags/lap_time_analysis.py
[2026-08-11T12:04:37.032+0000] {processor.py:830} INFO - Processing file /opt/airflow/dags/lap_time_analysis.py for tasks to queue
[2026-08-11T12:04:37.035+0000] {logging_mixin.py:188} INFO - [2026-08-11T12:04:37.034+0000] {dagbag.py:545} INFO - Filling up the DagBag from /opt/airflow/dags/lap_time_analysis.py
[2026-08-11T12:04:37.286+0000] {processor.py:840} INFO - DAG(s) 'lap_time_analysis' retrieved from /opt/airflow/dags/lap_time_analysis.py
[2026-08-11T12:04:37.369+0000] {logging_mixin.py:188} INFO - [2026-08-11T12:04:37.368+0000] {dag.py:3096} INFO - Sync 1 DAGs
[2026-08-11T12:04:37.393+0000] {logging_mixin.py:188} INFO - [2026-08-11T12:04:37.393+0000] {dag.py:3954} INFO - Setting next_dagrun for lap_time_analysis to None, run_after=None
[2026-08-11T12:04:37.419+0000] {processor.py:183} INFO - Processing /opt/airflow/dags/lap_time_analysis.py took 0.416 seconds
[2026-08-11T12:05:08.868+0000] {processor.py:161} INFO - Started process (PID=2151) to work on /opt/airflow/dags/lap_time_analysis.py
[2026-08-11T12:05:08.870+0000] {processor.py:830} INFO - Processing file /opt/airflow/dags/lap_time_analysis.py for tasks to queue
[2026-08-11T12:05:08.875+0000] {logging_mixin.py:188} INFO - [2026-08-11T12:05:08.873+0000] {dagbag.py:545} INFO - Filling up the DagBag from /opt/airflow/dags/lap_time_analysis.py
[2026-08-11T12:05:09.016+0000] {processor.py:840} INFO - DAG(s) 'lap_time_analysis' retrieved from /opt/airflow/dags/lap_time_analysis.py
[2026-08-11T12:05:09.059+0000] {logging_mixin.py:188} INFO - [2026-08-11T12:05:09.058+0000] {dag.py:3096} INFO - Sync 1 DAGs
[2026-08-11T12:05:09.082+0000] {logging_mixin.py:188} INFO - [2026-08-11T12:05:09.082+0000] {dag.py:3954} INFO - Setting next_dagrun for lap_time_analysis to None, run_after=None
[2026-08-11T12:05:09.111+0000] {processor.py:183} INFO - Processing /opt/airflow/dags/lap_time_analysis.py took 0.261 seconds
[2026-08-11T12:05:39.290+0000] {processor.py:161} INFO - Started process (PID=2167) to work on /opt/airflow/dags/lap_time_analysis.py
[2026-08-11T12:05:39.292+0000] {processor.py:830} INFO - Processing file /opt/airflow/dags/lap_time_analysis.py for tasks to queue
[2026-08-11T12:05:39.295+0000] {logging_mixin.py:188} INFO - [2026-08-11T12:05:39.295+0000] {dagbag.py:545} INFO - Filling up the DagBag from /opt/airflow/dags/lap_time_analysis.py
[2026-08-11T12:05:40.683+0000] {processor.py:840} INFO - DAG(s) 'lap_time_analysis' retrieved from /opt/airflow/dags/lap_time_analysis.py
[2026-08-11T12:05:40.715+0000] {logging_mixin.py:188} INFO - [2026-08-11T12:05:40.715+0000] {dag.py:3096} INFO - Sync 1 DAGs
[2026-08-11T12:05:40.731+0000] {logging_mixin.py:188} INFO - [2026-08-11T12:05:40.731+0000] {dag.py:3954} INFO - Setting next_dagrun for lap_time_analysis to None, run_after=None
[2026-08-11T12:05:40.758+0000] {processor.py:183} INFO - Processing /opt/airflow/dags/lap_time_analysis.py took 0.222 seconds
[2026-08-11T12:06:12.955+0000] {processor.py:161} INFO - Started process (PID=2183) to work on /opt/airflow/dags/lap_time_analysis.py
[2026-08-11T12:06:12.956+0000] {processor.py:830} INFO - Processing file /opt/airflow/dags/lap_time_analysis.py for tasks to queue
[2026-08-11T12:06:12.962+0000] {logging_mixin.py:188} INFO - [2026-08-11T12:06:12.961+0000] {dagbag.py:545} INFO - Filling up the DagBag from /opt/airflow/dags/lap_time_analysis.py
[2026-08-11T12:06:13.121+0000] {processor.py:840} INFO - DAG(s) 'lap_time_analysis' retrieved from /opt/airflow/dags/lap_time_analysis.py
[2026-08-11T12:06:13.158+0000] {logging_mixin.py:188} INFO - [2026-08-11T12:06:13.157+0000] {dag.py:3096} INFO - Sync 1 DAGs
[2026-08-11T12:06:13.190+0000] {logging_mixin.py:188} INFO - [2026-08-11T12:06:13.190+0000] {dag.py:3954} INFO - Setting next_dagrun for lap_time_analysis to None, run_after=None
[2026-08-11T12:06:13.239+0000] {processor.py:183} INFO - Processing /opt/airflow/dags/lap_time_analysis.py took 0.292 seconds
[2026-08-11T12:06:44.362+0000] {processor.py:161} INFO - Started process (PID=2199) to work on /opt/airflow/dags/lap_time_analysis.py
[2026-08-11T12:06:44.364+0000] {processor.py:830} INFO - Processing file /opt/airflow/dags/lap_time_analysis.py for tasks to queue
[2026-08-11T12:06:44.367+0000] {logging_mixin.py:188} INFO - [2026-08-11T12:06:44.367+0000] {dagbag.py:545} INFO - Filling up the DagBag from /opt/airflow/dags/lap_time_analysis.py
[2026-08-11T12:06:44.499+0000] {processor.py:840} INFO - DAG(s) 'lap_time_analysis' retrieved from /opt/airflow/dags/lap_time_analysis.py
[2026-08-11T12:06:44.547+0000] {logging_mixin.py:188} INFO - [2026-08-11T12:06:44.547+0000] {dag.py:3096} INFO - Sync 1 DAGs
[2026-08-11T12:06:44.567+0000] {logging_mixin.py:188} INFO - [2026-08-11T12:06:44.567+0000] {dag.py:3954} INFO - Setting next_dagrun for lap_time_analysis to None, run_after=None
[2026-08-11T12:06:44.624+0000] {processor.py:183} INFO - Processing /opt/airflow/dags/lap_time_analysis.py took 0.271 seconds
[2026-08-11T12:07:14.794+0000] {processor.py:161} INFO - Started process (PID=2212) to work on /opt/airflow/dags/lap_time_analysis.py
[2026-08-11T12:07:14.799+0000] {processor.py:830} INFO - Processing file /opt/airflow/dags/lap_time_analysis.py for tasks to queue
[2026-08-11T12:07:16.074+0000] {logging_mixin.py:188} INFO - [2026-08-11T12:07:16.072+0000] {dagbag.py:545} INFO - Filling up the DagBag from /opt/airflow/dags/lap_time_analysis.py
[2026-08-11T12:07:16.226+0000] {processor.py:840} INFO - DAG(s) 'lap_time_analysis' retrieved from /opt/airflow/dags/lap_time_analysis.py
[2026-08-11T12:07:16.257+0000] {logging_mixin.py:188} INFO - [2026-08-11T12:07:16.257+0000] {dag.py:3096} INFO - Sync 1 DAGs
[2026-08-11T12:07:16.271+0000] {logging_mixin.py:188} INFO - [2026-08-11T12:07:16.271+0000] {dag.py:3954} INFO - Setting next_dagrun for lap_time_analysis to None, run_after=None
[2026-08-11T12:07:16.297+0000] {processor.py:183} INFO - Processing /opt/airflow/dags/lap_time_analysis.py took 0.271 seconds
[2026-08-11T12:07:48.126+0000] {processor.py:161} INFO - Started process (PID=2230) to work on /opt/airflow/dags/lap_time_analysis.py
[2026-08-11T12:07:48.130+0000] {processor.py:830} INFO - Processing file /opt/airflow/dags/lap_time_analysis.py for tasks to queue
[2026-08-11T12:07:48.136+0000] {logging_mixin.py:188} INFO - [2026-08-11T12:07:48.135+0000] {dagbag.py:545} INFO - Filling up the DagBag from /opt/airflow/dags/lap_time_analysis.py
[2026-08-11T12:07:48.573+0000] {processor.py:840} INFO - DAG(s) 'lap_time_analysis' retrieved from /opt/airflow/dags/lap_time_analysis.py
[2026-08-11T12:07:48.770+0000] {logging_mixin.py:188} INFO - [2026-08-11T12:07:48.768+0000] {dag.py:3096} INFO - Sync 1 DAGs
[2026-08-11T12:07:48.829+0000] {logging_mixin.py:188} INFO - [2026-08-11T12:07:48.828+0000] {dag.py:3954} INFO - Setting next_dagrun for lap_time_analysis to None, run_after=None
[2026-08-11T12:07:48.895+0000] {processor.py:183} INFO - Processing /opt/airflow/dags/lap_time_analysis.py took 0.780 seconds
[2026-08-11T12:08:20.496+0000] {processor.py:161} INFO - Started process (PID=2247) to work on /opt/airflow/dags/lap_time_analysis.py
[2026-08-11T12:08:20.499+0000] {processor.py:830} INFO - Processing file /opt/airflow/dags/lap_time_analysis.py for tasks to queue
[2026-08-11T12:08:20.503+0000] {logging_mixin.py:188} INFO - [2026-08-11T12:08:20.502+0000] {dagbag.py:545} INFO - Filling up the DagBag from /opt/airflow/dags/lap_time_analysis.py
[2026-08-11T12:08:20.759+0000] {processor.py:840} INFO - DAG(s) 'lap_time_analysis' retrieved from /opt/airflow/dags/lap_time_analysis.py
[2026-08-11T12:08:20.810+0000] {logging_mixin.py:188} INFO - [2026-08-11T12:08:20.810+0000] {dag.py:3096} INFO - Sync 1 DAGs
[2026-08-11T12:08:20.828+0000] {logging_mixin.py:188} INFO - [2026-08-11T12:08:20.828+0000] {dag.py:3954} INFO - Setting next_dagrun for lap_time_analysis to None, run_after=None
[2026-08-11T12:08:20.852+0000] {processor.py:183} INFO - Processing /opt/airflow/dags/lap_time_analysis.py took 0.400 seconds
[2026-08-11T12:08:52.008+0000] {processor.py:161} INFO - Started process (PID=2263) to work on /opt/airflow/dags/lap_time_analysis.py
[2026-08-11T12:08:52.012+0000] {processor.py:830} INFO - Processing file /opt/airflow/dags/lap_time_analysis.py for tasks to queue
[2026-08-11T12:08:52.019+0000] {logging_mixin.py:188} INFO - [2026-08-11T12:08:52.018+0000] {dagbag.py:545} INFO - Filling up the DagBag from /opt/airflow/dags/lap_time_analysis.py
[2026-08-11T12:08:52.173+0000] {processor.py:840} INFO - DAG(s) 'lap_time_analysis' retrieved from /opt/airflow/dags/lap_time_analysis.py
[2026-08-11T12:08:52.204+0000] {logging_mixin.py:188} INFO - [2026-08-11T12:08:52.204+0000] {dag.py:3096} INFO - Sync 1 DAGs
[2026-08-11T12:08:52.219+0000] {logging_mixin.py:188} INFO - [2026-08-11T12:08:52.219+0000] {dag.py:3954} INFO - Setting next_dagrun for lap_time_analysis to None, run_after=None
[2026-08-11T12:08:52.240+0000] {processor.py:183} INFO - Processing /opt/airflow/dags/lap_time_analysis.py took 0.254 seconds
[2026-08-11T12:09:24.253+0000] {processor.py:161} INFO - Started process (PID=2279) to work on /opt/airflow/dags/lap_time_analysis.py
[2026-08-11T12:09:24.255+0000] {processor.py:830} INFO - Processing file /opt/airflow/dags/lap_time_analysis.py for tasks to queue
[2026-08-11T12:09:24.258+0000] {logging_mixin.py:188} INFO - [2026-08-11T12:09:24.258+0000] {dagbag.py:545} INFO - Filling up the DagBag from /opt/airflow/dags/lap_time_analysis.py
[2026-08-11T12:09:24.408+0000] {processor.py:840} INFO - DAG(s) 'lap_time_analysis' retrieved from /opt/airflow/dags/lap_time_analysis.py
[2026-08-11T12:09:24.449+0000] {logging_mixin.py:188} INFO - [2026-08-11T12:09:24.448+0000] {dag.py:3096} INFO - Sync 1 DAGs
[2026-08-11T12:09:24.473+0000] {logging_mixin.py:188} INFO - [2026-08-11T12:09:24.473+0000] {dag.py:3954} INFO - Setting next_dagrun for lap_time_analysis to None, run_after=None
[2026-08-11T12:09:24.504+0000] {processor.py:183} INFO - Processing /opt/airflow/dags/lap_time_analysis.py took 0.259 seconds
[2026-08-11T12:09:55.641+0000] {processor.py:161} INFO - Started process (PID=2295) to work on /opt/airflow/dags/lap_time_analysis.py
[2026-08-11T12:09:55.643+0000] {processor.py:830} INFO - Processing file /opt/airflow/dags/lap_time_analysis.py for tasks to queue
[2026-08-11T12:09:55.646+0000] {logging_mixin.py:188} INFO - [2026-08-11T12:09:55.645+0000] {dagbag.py:545} INFO - Filling up the DagBag from /opt/airflow/dags/lap_time_analysis.py
[2026-08-11T12:09:55.814+0000] {processor.py:840} INFO - DAG(s) 'lap_time_analysis' retrieved from /opt/airflow/dags/lap_time_analysis.py
[2026-08-11T12:09:55.845+0000] {logging_mixin.py:188} INFO - [2026-08-11T12:09:55.845+0000] {dag.py:3096} INFO - Sync 1 DAGs
[2026-08-11T12:09:55.862+0000] {logging_mixin.py:188} INFO - [2026-08-11T12:09:55.861+0000] {dag.py:3954} INFO - Setting next_dagrun for lap_time_analysis to None, run_after=None
[2026-08-11T12:09:55.886+0000] {processor.py:183} INFO - Processing /opt/airflow/dags/lap_time_analysis.py took 0.253 seconds
[2026-08-11T12:10:27.655+0000] {processor.py:161} INFO - Started process (PID=2311) to work on /opt/airflow/dags/lap_time_analysis.py
[2026-08-11T12:10:27.661+0000] {processor.py:830} INFO - Processing file /opt/airflow/dags/lap_time_analysis.py for tasks to queue
[2026-08-11T12:10:27.668+0000] {logging_mixin.py:188} INFO - [2026-08-11T12:10:27.667+0000] {dagbag.py:545} INFO - Filling up the DagBag from /opt/airflow/dags/lap_time_analysis.py
[2026-08-11T12:10:27.914+0000] {processor.py:840} INFO - DAG(s) 'lap_time_analysis' retrieved from /opt/airflow/dags/lap_time_analysis.py
[2026-08-11T12:10:27.957+0000] {logging_mixin.py:188} INFO - [2026-08-11T12:10:27.956+0000] {dag.py:3096} INFO - Sync 1 DAGs
[2026-08-11T12:10:27.978+0000] {logging_mixin.py:188} INFO - [2026-08-11T12:10:27.977+0000] {dag.py:3954} INFO - Setting next_dagrun for lap_time_analysis to None, run_after=None
[2026-08-11T12:10:28.008+0000] {processor.py:183} INFO - Processing /opt/airflow/dags/lap_time_analysis.py took 0.377 seconds
[2026-08-11T12:10:59.263+0000] {processor.py:161} INFO - Started process (PID=2327) to work on /opt/airflow/dags/lap_time_analysis.py
[2026-08-11T12:10:59.267+0000] {processor.py:830} INFO - Processing file /opt/airflow/dags/lap_time_analysis.py for tasks to queue
[2026-08-11T12:10:59.270+0000] {logging_mixin.py:188} INFO - [2026-08-11T12:10:59.270+0000] {dagbag.py:545} INFO - Filling up the DagBag from /opt/airflow/dags/lap_time_analysis.py
[2026-08-11T12:10:59.438+0000] {processor.py:840} INFO - DAG(s) 'lap_time_analysis' retrieved from /opt/airflow/dags/lap_time_analysis.py
[2026-08-11T12:10:59.474+0000] {logging_mixin.py:188} INFO - [2026-08-11T12:10:59.474+0000] {dag.py:3096} INFO - Sync 1 DAGs
[2026-08-11T12:10:59.494+0000] {logging_mixin.py:188} INFO - [2026-08-11T12:10:59.493+0000] {dag.py:3954} INFO - Setting next_dagrun for lap_time_analysis to None, run_after=None
[2026-08-11T12:10:59.529+0000] {processor.py:183} INFO - Processing /opt/airflow/dags/lap_time_analysis.py took 0.276 seconds
[2026-08-11T12:11:29.699+0000] {processor.py:161} INFO - Started process (PID=2343) to work on /opt/airflow/dags/lap_time_analysis.py
[2026-08-11T12:11:29.700+0000] {processor.py:830} INFO - Processing file /opt/airflow/dags/lap_time_analysis.py for tasks to queue
[2026-08-11T12:11:29.703+0000] {logging_mixin.py:188} INFO - [2026-08-11T12:11:29.702+0000] {dagbag.py:545} INFO - Filling up the DagBag from /opt/airflow/dags/lap_time_analysis.py
[2026-08-11T12:11:31.098+0000] {processor.py:840} INFO - DAG(s) 'lap_time_analysis' retrieved from /opt/airflow/dags/lap_time_analysis.py
[2026-08-11T12:11:31.126+0000] {logging_mixin.py:188} INFO - [2026-08-11T12:11:31.125+0000] {dag.py:3096} INFO - Sync 1 DAGs
[2026-08-11T12:11:31.141+0000] {logging_mixin.py:188} INFO - [2026-08-11T12:11:31.140+0000] {dag.py:3954} INFO - Setting next_dagrun for lap_time_analysis to None, run_after=None
[2026-08-11T12:11:31.164+0000] {processor.py:183} INFO - Processing /opt/airflow/dags/lap_time_analysis.py took 0.192 seconds
[2026-08-11T12:12:03.400+0000] {processor.py:161} INFO - Started process (PID=2359) to work on /opt/airflow/dags/lap_time_analysis.py
[2026-08-11T12:12:03.404+0000] {processor.py:830} INFO - Processing file /opt/airflow/dags/lap_time_analysis.py for tasks to queue
[2026-08-11T12:12:03.413+0000] {logging_mixin.py:188} INFO - [2026-08-11T12:12:03.412+0000] {dagbag.py:545} INFO - Filling up the DagBag from /opt/airflow/dags/lap_time_analysis.py
[2026-08-11T12:12:03.692+0000] {processor.py:840} INFO - DAG(s) 'lap_time_analysis' retrieved from /opt/airflow/dags/lap_time_analysis.py
[2026-08-11T12:12:03.767+0000] {logging_mixin.py:188} INFO - [2026-08-11T12:12:03.767+0000] {dag.py:3096} INFO - Sync 1 DAGs
[2026-08-11T12:12:03.789+0000] {logging_mixin.py:188} INFO - [2026-08-11T12:12:03.788+0000] {dag.py:3954} INFO - Setting next_dagrun for lap_time_analysis to None, run_after=None
[2026-08-11T12:12:03.834+0000] {processor.py:183} INFO - Processing /opt/airflow/dags/lap_time_analysis.py took 0.469 seconds
[2026-08-11T12:12:35.342+0000] {processor.py:161} INFO - Started process (PID=2377) to work on /opt/airflow/dags/lap_time_analysis.py
[2026-08-11T12:12:35.344+0000] {processor.py:830} INFO - Processing file /opt/airflow/dags/lap_time_analysis.py for tasks to queue
[2026-08-11T12:12:35.348+0000] {logging_mixin.py:188} INFO - [2026-08-11T12:12:35.348+0000] {dagbag.py:545} INFO - Filling up the DagBag from /opt/airflow/dags/lap_time_analysis.py
[2026-08-11T12:12:35.478+0000] {processor.py:840} INFO - DAG(s) 'lap_time_analysis' retrieved from /opt/airflow/dags/lap_time_analysis.py
[2026-08-11T12:12:35.507+0000] {logging_mixin.py:188} INFO - [2026-08-11T12:12:35.507+0000] {dag.py:3096} INFO - Sync 1 DAGs
[2026-08-11T12:12:35.522+0000] {logging_mixin.py:188} INFO - [2026-08-11T12:12:35.521+0000] {dag.py:3954} INFO - Setting next_dagrun for lap_time_analysis to None, run_after=None
[2026-08-11T12:12:35.556+0000] {processor.py:183} INFO - Processing /opt/airflow/dags/lap_time_analysis.py took 0.224 seconds
[2026-08-11T12:13:07.415+0000] {processor.py:161} INFO - Started process (PID=2391) to work on /opt/airflow/dags/lap_time_analysis.py
[2026-08-11T12:13:07.418+0000] {processor.py:830} INFO - Processing file /opt/airflow/dags/lap_time_analysis.py for tasks to queue
[2026-08-11T12:13:07.426+0000] {logging_mixin.py:188} INFO - [2026-08-11T12:13:07.423+0000] {dagbag.py:545} INFO - Filling up the DagBag from /opt/airflow/dags/lap_time_analysis.py
[2026-08-11T12:13:07.645+0000] {processor.py:840} INFO - DAG(s) 'lap_time_analysis' retrieved from /opt/airflow/dags/lap_time_analysis.py
[2026-08-11T12:13:07.685+0000] {logging_mixin.py:188} INFO - [2026-08-11T12:13:07.684+0000] {dag.py:3096} INFO - Sync 1 DAGs
[2026-08-11T12:13:07.703+0000] {logging_mixin.py:188} INFO - [2026-08-11T12:13:07.703+0000] {dag.py:3954} INFO - Setting next_dagrun for lap_time_analysis to None, run_after=None
[2026-08-11T12:13:07.740+0000] {processor.py:183} INFO - Processing /opt/airflow/dags/lap_time_analysis.py took 0.339 seconds
[2026-08-11T12:13:38.595+0000] {processor.py:161} INFO - Started process (PID=2407) to work on /opt/airflow/dags/lap_time_analysis.py
[2026-08-11T12:13:38.596+0000] {processor.py:830} INFO - Processing file /opt/airflow/dags/lap_time_analysis.py for tasks to queue
[2026-08-11T12:13:38.602+0000] {logging_mixin.py:188} INFO - [2026-08-11T12:13:38.600+0000] {dagbag.py:545} INFO - Filling up the DagBag from /opt/airflow/dags/lap_time_analysis.py
[2026-08-11T12:13:38.766+0000] {processor.py:840} INFO - DAG(s) 'lap_time_analysis' retrieved from /opt/airflow/dags/lap_time_analysis.py
[2026-08-11T12:13:38.811+0000] {logging_mixin.py:188} INFO - [2026-08-11T12:13:38.811+0000] {dag.py:3096} INFO - Sync 1 DAGs
[2026-08-11T12:13:38.831+0000] {logging_mixin.py:188} INFO - [2026-08-11T12:13:38.831+0000] {dag.py:3954} INFO - Setting next_dagrun for lap_time_analysis to None, run_after=None
[2026-08-11T12:13:38.865+0000] {processor.py:183} INFO - Processing /opt/airflow/dags/lap_time_analysis.py took 0.278 seconds
[2026-08-11T12:14:09.113+0000] {processor.py:161} INFO - Started process (PID=2423) to work on /opt/airflow/dags/lap_time_analysis.py
[2026-08-11T12:14:09.115+0000] {processor.py:830} INFO - Processing file /opt/airflow/dags/lap_time_analysis.py for tasks to queue
[2026-08-11T12:14:09.118+0000] {logging_mixin.py:188} INFO - [2026-08-11T12:14:09.118+0000] {dagbag.py:545} INFO - Filling up the DagBag from /opt/airflow/dags/lap_time_analysis.py
[2026-08-11T12:14:09.257+0000] {processor.py:840} INFO - DAG(s) 'lap_time_analysis' retrieved from /opt/airflow/dags/lap_time_analysis.py
[2026-08-11T12:14:09.330+0000] {logging_mixin.py:188} INFO - [2026-08-11T12:14:09.330+0000] {dag.py:3096} INFO - Sync 1 DAGs
[2026-08-11T12:14:09.372+0000] {logging_mixin.py:188} INFO - [2026-08-11T12:14:09.372+0000] {dag.py:3954} INFO - Setting next_dagrun for lap_time_analysis to None, run_after=None
[2026-08-11T12:14:09.421+0000] {processor.py:183} INFO - Processing /opt/airflow/dags/lap_time_analysis.py took 0.502 seconds
[2026-08-11T12:14:40.107+0000] {processor.py:161} INFO - Started process (PID=2439) to work on /opt/airflow/dags/lap_time_analysis.py
[2026-08-11T12:14:40.108+0000] {processor.py:830} INFO - Processing file /opt/airflow/dags/lap_time_analysis.py for tasks to queue
[2026-08-11T12:14:40.111+0000] {logging_mixin.py:188} INFO - [2026-08-11T12:14:40.111+0000] {dagbag.py:545} INFO - Filling up the DagBag from /opt/airflow/dags/lap_time_analysis.py
[2026-08-11T12:14:40.237+0000] {processor.py:840} INFO - DAG(s) 'lap_time_analysis' retrieved from /opt/airflow/dags/lap_time_analysis.py
[2026-08-11T12:14:40.273+0000] {logging_mixin.py:188} INFO - [2026-08-11T12:14:40.273+0000] {dag.py:3096} INFO - Sync 1 DAGs
[2026-08-11T12:14:40.290+0000] {logging_mixin.py:188} INFO - [2026-08-11T12:14:40.289+0000] {dag.py:3954} INFO - Setting next_dagrun for lap_time_analysis to None, run_after=None
[2026-08-11T12:14:40.312+0000] {processor.py:183} INFO - Processing /opt/airflow/dags/lap_time_analysis.py took 0.215 seconds
[2026-08-11T12:15:10.538+0000] {processor.py:161} INFO - Started process (PID=2455) to work on /opt/airflow/dags/lap_time_analysis.py
[2026-08-11T12:15:10.539+0000] {processor.py:830} INFO - Processing file /opt/airflow/dags/lap_time_analysis.py for tasks to queue
[2026-08-11T12:15:10.547+0000] {logging_mixin.py:188} INFO - [2026-08-11T12:15:10.546+0000] {dagbag.py:545} INFO - Filling up the DagBag from /opt/airflow/dags/lap_time_analysis.py
[2026-08-11T12:15:10.674+0000] {processor.py:840} INFO - DAG(s) 'lap_time_analysis' retrieved from /opt/airflow/dags/lap_time_analysis.py
[2026-08-11T12:15:10.703+0000] {logging_mixin.py:188} INFO - [2026-08-11T12:15:10.703+0000] {dag.py:3096} INFO - Sync 1 DAGs
[2026-08-11T12:15:10.718+0000] {logging_mixin.py:188} INFO - [2026-08-11T12:15:10.718+0000] {dag.py:3954} INFO - Setting next_dagrun for lap_time_analysis to None, run_after=None
[2026-08-11T12:15:10.744+0000] {processor.py:183} INFO - Processing /opt/airflow/dags/lap_time_analysis.py took 0.218 seconds
[2026-08-11T12:15:41.239+0000] {processor.py:161} INFO - Started process (PID=2471) to work on /opt/airflow/dags/lap_time_analysis.py
[2026-08-11T12:15:41.241+0000] {processor.py:830} INFO - Processing file /opt/airflow/dags/lap_time_analysis.py for tasks to queue
[2026-08-11T12:15:41.245+0000] {logging_mixin.py:188} INFO - [2026-08-11T12:15:41.245+0000] {dagbag.py:545} INFO - Filling up the DagBag from /opt/airflow/dags/lap_time_analysis.py
[2026-08-11T12:15:41.383+0000] {processor.py:840} INFO - DAG(s) 'lap_time_analysis' retrieved from /opt/airflow/dags/lap_time_analysis.py
[2026-08-11T12:15:41.421+0000] {logging_mixin.py:188} INFO - [2026-08-11T12:15:41.420+0000] {dag.py:3096} INFO - Sync 1 DAGs
[2026-08-11T12:15:41.441+0000] {logging_mixin.py:188} INFO - [2026-08-11T12:15:41.440+0000] {dag.py:3954} INFO - Setting next_dagrun for lap_time_analysis to None, run_after=None
[2026-08-11T12:15:41.472+0000] {processor.py:183} INFO - Processing /opt/airflow/dags/lap_time_analysis.py took 0.245 seconds
[2026-08-11T12:16:12.039+0000] {processor.py:161} INFO - Started process (PID=2487) to work on /opt/airflow/dags/lap_time_analysis.py
[2026-08-11T12:16:12.041+0000] {processor.py:830} INFO - Processing file /opt/airflow/dags/lap_time_analysis.py for tasks to queue
[2026-08-11T12:16:12.043+0000] {logging_mixin.py:188} INFO - [2026-08-11T12:16:12.043+0000] {dagbag.py:545} INFO - Filling up the DagBag from /opt/airflow/dags/lap_time_analysis.py
[2026-08-11T12:16:12.174+0000] {processor.py:840} INFO - DAG(s) 'lap_time_analysis' retrieved from /opt/airflow/dags/lap_time_analysis.py
[2026-08-11T12:16:12.212+0000] {logging_mixin.py:188} INFO - [2026-08-11T12:16:12.212+0000] {dag.py:3096} INFO - Sync 1 DAGs
[2026-08-11T12:16:12.234+0000] {logging_mixin.py:188} INFO - [2026-08-11T12:16:12.234+0000] {dag.py:3954} INFO - Setting next_dagrun for lap_time_analysis to None, run_after=None
[2026-08-11T12:16:12.263+0000] {processor.py:183} INFO - Processing /opt/airflow/dags/lap_time_analysis.py took 0.234 seconds
[2026-08-11T12:16:42.381+0000] {processor.py:161} INFO - Started process (PID=2497) to work on /opt/airflow/dags/lap_time_analysis.py
[2026-08-11T12:16:42.383+0000] {processor.py:830} INFO - Processing file /opt/airflow/dags/lap_time_analysis.py for tasks to queue
[2026-08-11T12:16:42.388+0000] {logging_mixin.py:188} INFO - [2026-08-11T12:16:42.386+0000] {dagbag.py:545} INFO - Filling up the DagBag from /opt/airflow/dags/lap_time_analysis.py
[2026-08-11T12:16:42.542+0000] {processor.py:840} INFO - DAG(s) 'lap_time_analysis' retrieved from /opt/airflow/dags/lap_time_analysis.py
[2026-08-11T12:16:42.570+0000] {logging_mixin.py:188} INFO - [2026-08-11T12:16:42.570+0000] {dag.py:3096} INFO - Sync 1 DAGs
[2026-08-11T12:16:42.588+0000] {logging_mixin.py:188} INFO - [2026-08-11T12:16:42.588+0000] {dag.py:3954} INFO - Setting next_dagrun for lap_time_analysis to None, run_after=None
[2026-08-11T12:16:42.615+0000] {processor.py:183} INFO - Processing /opt/airflow/dags/lap_time_analysis.py took 0.241 seconds
[2026-08-11T12:17:12.889+0000] {processor.py:161} INFO - Started process (PID=2513) to work on /opt/airflow/dags/lap_time_analysis.py
[2026-08-11T12:17:12.890+0000] {processor.py:830} INFO - Processing file /opt/airflow/dags/lap_time_analysis.py for tasks to queue
[2026-08-11T12:17:12.893+0000] {logging_mixin.py:188} INFO - [2026-08-11T12:17:12.893+0000] {dagbag.py:545} INFO - Filling up the DagBag from /opt/airflow/dags/lap_time_analysis.py
[2026-08-11T12:17:12.997+0000] {processor.py:840} INFO - DAG(s) 'lap_time_analysis' retrieved from /opt/airflow/dags/lap_time_analysis.py
[2026-08-11T12:17:13.024+0000] {logging_mixin.py:188} INFO - [2026-08-11T12:17:13.024+0000] {dag.py:3096} INFO - Sync 1 DAGs
[2026-08-11T12:17:13.042+0000] {logging_mixin.py:188} INFO - [2026-08-11T12:17:13.041+0000] {dag.py:3954} INFO - Setting next_dagrun for lap_time_analysis to None, run_after=None
[2026-08-11T12:17:13.066+0000] {processor.py:183} INFO - Processing /opt/airflow/dags/lap_time_analysis.py took 0.185 seconds
[2026-08-11T12:17:43.344+0000] {processor.py:161} INFO - Started process (PID=2529) to work on /opt/airflow/dags/lap_time_analysis.py
[2026-08-11T12:17:43.346+0000] {processor.py:830} INFO - Processing file /opt/airflow/dags/lap_time_analysis.py for tasks to queue
[2026-08-11T12:17:43.350+0000] {logging_mixin.py:188} INFO - [2026-08-11T12:17:43.349+0000] {dagbag.py:545} INFO - Filling up the DagBag from /opt/airflow/dags/lap_time_analysis.py
[2026-08-11T12:17:43.501+0000] {processor.py:840} INFO - DAG(s) 'lap_time_analysis' retrieved from /opt/airflow/dags/lap_time_analysis.py
[2026-08-11T12:17:43.561+0000] {logging_mixin.py:188} INFO - [2026-08-11T12:17:43.560+0000] {dag.py:3096} INFO - Sync 1 DAGs
[2026-08-11T12:17:43.601+0000] {logging_mixin.py:188} INFO - [2026-08-11T12:17:43.600+0000] {dag.py:3954} INFO - Setting next_dagrun for lap_time_analysis to None, run_after=None
[2026-08-11T12:17:43.652+0000] {processor.py:183} INFO - Processing /opt/airflow/dags/lap_time_analysis.py took 0.319 seconds
[2026-08-11T12:18:13.940+0000] {processor.py:161} INFO - Started process (PID=2545) to work on /opt/airflow/dags/lap_time_analysis.py
[2026-08-11T12:18:13.942+0000] {processor.py:830} INFO - Processing file /opt/airflow/dags/lap_time_analysis.py for tasks to queue
[2026-08-11T12:18:13.945+0000] {logging_mixin.py:188} INFO - [2026-08-11T12:18:13.944+0000] {dagbag.py:545} INFO - Filling up the DagBag from /opt/airflow/dags/lap_time_analysis.py
[2026-08-11T12:18:14.050+0000] {processor.py:840} INFO - DAG(s) 'lap_time_analysis' retrieved from /opt/airflow/dags/lap_time_analysis.py
[2026-08-11T12:18:14.078+0000] {logging_mixin.py:188} INFO - [2026-08-11T12:18:14.078+0000] {dag.py:3096} INFO - Sync 1 DAGs
[2026-08-11T12:18:14.092+0000] {logging_mixin.py:188} INFO - [2026-08-11T12:18:14.092+0000] {dag.py:3954} INFO - Setting next_dagrun for lap_time_analysis to None, run_after=None
[2026-08-11T12:18:14.115+0000] {processor.py:183} INFO - Processing /opt/airflow/dags/lap_time_analysis.py took 0.182 seconds
[2026-08-11T12:18:44.481+0000] {processor.py:161} INFO - Started process (PID=2561) to work on /opt/airflow/dags/lap_time_analysis.py
[2026-08-11T12:18:44.484+0000] {processor.py:830} INFO - Processing file /opt/airflow/dags/lap_time_analysis.py for tasks to queue
[2026-08-11T12:18:44.487+0000] {logging_mixin.py:188} INFO - [2026-08-11T12:18:44.487+0000] {dagbag.py:545} INFO - Filling up the DagBag from /opt/airflow/dags/lap_time_analysis.py
[2026-08-11T12:18:44.672+0000] {processor.py:840} INFO - DAG(s) 'lap_time_analysis' retrieved from /opt/airflow/dags/lap_time_analysis.py
[2026-08-11T12:18:44.721+0000] {logging_mixin.py:188} INFO - [2026-08-11T12:18:44.721+0000] {dag.py:3096} INFO - Sync 1 DAGs
[2026-08-11T12:18:44.767+0000] {logging_mixin.py:188} INFO - [2026-08-11T12:18:44.766+0000] {dag.py:3954} INFO - Setting next_dagrun for lap_time_analysis to None, run_after=None
[2026-08-11T12:18:44.844+0000] {processor.py:183} INFO - Processing /opt/airflow/dags/lap_time_analysis.py took 0.377 seconds
[2026-08-11T12:19:15.074+0000] {processor.py:161} INFO - Started process (PID=2577) to work on /opt/airflow/dags/lap_time_analysis.py
[2026-08-11T12:19:15.084+0000] {processor.py:830} INFO - Processing file /opt/airflow/dags/lap_time_analysis.py for tasks to queue
[2026-08-11T12:19:15.095+0000] {logging_mixin.py:188} INFO - [2026-08-11T12:19:15.094+0000] {dagbag.py:545} INFO - Filling up the DagBag from /opt/airflow/dags/lap_time_analysis.py
[2026-08-11T12:19:15.378+0000] {processor.py:840} INFO - DAG(s) 'lap_time_analysis' retrieved from /opt/airflow/dags/lap_time_analysis.py
[2026-08-11T12:19:15.412+0000] {logging_mixin.py:188} INFO - [2026-08-11T12:19:15.411+0000] {dag.py:3096} INFO - Sync 1 DAGs
[2026-08-11T12:19:15.447+0000] {logging_mixin.py:188} INFO - [2026-08-11T12:19:15.447+0000] {dag.py:3954} INFO - Setting next_dagrun for lap_time_analysis to None, run_after=None
[2026-08-11T12:19:15.497+0000] {processor.py:183} INFO - Processing /opt/airflow/dags/lap_time_analysis.py took 0.443 seconds
[2026-08-11T12:19:45.763+0000] {processor.py:161} INFO - Started process (PID=2593) to work on /opt/airflow/dags/lap_time_analysis.py
[2026-08-11T12:19:45.765+0000] {processor.py:830} INFO - Processing file /opt/airflow/dags/lap_time_analysis.py for tasks to queue
[2026-08-11T12:19:45.769+0000] {logging_mixin.py:188} INFO - [2026-08-11T12:19:45.768+0000] {dagbag.py:545} INFO - Filling up the DagBag from /opt/airflow/dags/lap_time_analysis.py
[2026-08-11T12:19:45.895+0000] {processor.py:840} INFO - DAG(s) 'lap_time_analysis' retrieved from /opt/airflow/dags/lap_time_analysis.py
[2026-08-11T12:19:45.932+0000] {logging_mixin.py:188} INFO - [2026-08-11T12:19:45.932+0000] {dag.py:3096} INFO - Sync 1 DAGs
[2026-08-11T12:19:45.950+0000] {logging_mixin.py:188} INFO - [2026-08-11T12:19:45.949+0000] {dag.py:3954} INFO - Setting next_dagrun for lap_time_analysis to None, run_after=None
[2026-08-11T12:19:45.980+0000] {processor.py:183} INFO - Processing /opt/airflow/dags/lap_time_analysis.py took 0.226 seconds
[2026-08-11T12:20:16.230+0000] {processor.py:161} INFO - Started process (PID=2609) to work on /opt/airflow/dags/lap_time_analysis.py
[2026-08-11T12:20:16.232+0000] {processor.py:830} INFO - Processing file /opt/airflow/dags/lap_time_analysis.py for tasks to queue
[2026-08-11T12:20:16.235+0000] {logging_mixin.py:188} INFO - [2026-08-11T12:20:16.234+0000] {dagbag.py:545} INFO - Filling up the DagBag from /opt/airflow/dags/lap_time_analysis.py
[2026-08-11T12:20:16.351+0000] {processor.py:840} INFO - DAG(s) 'lap_time_analysis' retrieved from /opt/airflow/dags/lap_time_analysis.py
[2026-08-11T12:20:16.377+0000] {logging_mixin.py:188} INFO - [2026-08-11T12:20:16.376+0000] {dag.py:3096} INFO - Sync 1 DAGs
[2026-08-11T12:20:16.389+0000] {logging_mixin.py:188} INFO - [2026-08-11T12:20:16.389+0000] {dag.py:3954} INFO - Setting next_dagrun for lap_time_analysis to None, run_after=None
[2026-08-11T12:20:16.412+0000] {processor.py:183} INFO - Processing /opt/airflow/dags/lap_time_analysis.py took 0.189 seconds
[2026-08-11T12:20:46.595+0000] {processor.py:161} INFO - Started process (PID=2625) to work on /opt/airflow/dags/lap_time_analysis.py
[2026-08-11T12:20:46.596+0000] {processor.py:830} INFO - Processing file /opt/airflow/dags/lap_time_analysis.py for tasks to queue
[2026-08-11T12:20:46.599+0000] {logging_mixin.py:188} INFO - [2026-08-11T12:20:46.599+0000] {dagbag.py:545} INFO - Filling up the DagBag from /opt/airflow/dags/lap_time_analysis.py
[2026-08-11T12:20:46.716+0000] {processor.py:840} INFO - DAG(s) 'lap_time_analysis' retrieved from /opt/airflow/dags/lap_time_analysis.py
[2026-08-11T12:20:46.749+0000] {logging_mixin.py:188} INFO - [2026-08-11T12:20:46.748+0000] {dag.py:3096} INFO - Sync 1 DAGs
[2026-08-11T12:20:46.764+0000] {logging_mixin.py:188} INFO - [2026-08-11T12:20:46.764+0000] {dag.py:3954} INFO - Setting next_dagrun for lap_time_analysis to None, run_after=None
[2026-08-11T12:20:46.790+0000] {processor.py:183} INFO - Processing /opt/airflow/dags/lap_time_analysis.py took 0.203 seconds
[2026-08-11T12:21:16.976+0000] {processor.py:161} INFO - Started process (PID=2641) to work on /opt/airflow/dags/lap_time_analysis.py
[2026-08-11T12:21:16.977+0000] {processor.py:830} INFO - Processing file /opt/airflow/dags/lap_time_analysis.py for tasks to queue
[2026-08-11T12:21:16.979+0000] {logging_mixin.py:188} INFO - [2026-08-11T12:21:16.979+0000] {dagbag.py:545} INFO - Filling up the DagBag from /opt/airflow/dags/lap_time_analysis.py
[2026-08-11T12:21:17.096+0000] {processor.py:840} INFO - DAG(s) 'lap_time_analysis' retrieved from /opt/airflow/dags/lap_time_analysis.py
[2026-08-11T12:21:17.126+0000] {logging_mixin.py:188} INFO - [2026-08-11T12:21:17.126+0000] {dag.py:3096} INFO - Sync 1 DAGs
[2026-08-11T12:21:17.142+0000] {logging_mixin.py:188} INFO - [2026-08-11T12:21:17.142+0000] {dag.py:3954} INFO - Setting next_dagrun for lap_time_analysis to None, run_after=None
[2026-08-11T12:21:17.165+0000] {processor.py:183} INFO - Processing /opt/airflow/dags/lap_time_analysis.py took 0.196 seconds
[2026-08-11T12:21:47.460+0000] {processor.py:161} INFO - Started process (PID=2657) to work on /opt/airflow/dags/lap_time_analysis.py
[2026-08-11T12:21:47.462+0000] {processor.py:830} INFO - Processing file /opt/airflow/dags/lap_time_analysis.py for tasks to queue
[2026-08-11T12:21:47.464+0000] {logging_mixin.py:188} INFO - [2026-08-11T12:21:47.464+0000] {dagbag.py:545} INFO - Filling up the DagBag from /opt/airflow/dags/lap_time_analysis.py
[2026-08-11T12:21:47.592+0000] {processor.py:840} INFO - DAG(s) 'lap_time_analysis' retrieved from /opt/airflow/dags/lap_time_analysis.py
[2026-08-11T12:21:47.628+0000] {logging_mixin.py:188} INFO - [2026-08-11T12:21:47.628+0000] {dag.py:3096} INFO - Sync 1 DAGs
[2026-08-11T12:21:47.652+0000] {logging_mixin.py:188} INFO - [2026-08-11T12:21:47.652+0000] {dag.py:3954} INFO - Setting next_dagrun for lap_time_analysis to None, run_after=None
[2026-08-11T12:21:47.681+0000] {processor.py:183} INFO - Processing /opt/airflow/dags/lap_time_analysis.py took 0.228 seconds
[2026-08-11T12:22:17.875+0000] {processor.py:161} INFO - Started process (PID=2673) to work on /opt/airflow/dags/lap_time_analysis.py
[2026-08-11T12:22:17.877+0000] {processor.py:830} INFO - Processing file /opt/airflow/dags/lap_time_analysis.py for tasks to queue
[2026-08-11T12:22:17.879+0000] {logging_mixin.py:188} INFO - [2026-08-11T12:22:17.879+0000] {dagbag.py:545} INFO - Filling up the DagBag from /opt/airflow/dags/lap_time_analysis.py
[2026-08-11T12:22:17.980+0000] {processor.py:840} INFO - DAG(s) 'lap_time_analysis' retrieved from /opt/airflow/dags/lap_time_analysis.py
[2026-08-11T12:22:18.005+0000] {logging_mixin.py:188} INFO - [2026-08-11T12:22:18.004+0000] {dag.py:3096} INFO - Sync 1 DAGs
[2026-08-11T12:22:18.018+0000] {logging_mixin.py:188} INFO - [2026-08-11T12:22:18.018+0000] {dag.py:3954} INFO - Setting next_dagrun for lap_time_analysis to None, run_after=None
[2026-08-11T12:22:18.037+0000] {processor.py:183} INFO - Processing /opt/airflow/dags/lap_time_analysis.py took 0.170 seconds
[2026-08-11T12:22:48.304+0000] {processor.py:161} INFO - Started process (PID=2689) to work on /opt/airflow/dags/lap_time_analysis.py
[2026-08-11T12:22:48.307+0000] {processor.py:830} INFO - Processing file /opt/airflow/dags/lap_time_analysis.py for tasks to queue
[2026-08-11T12:22:48.310+0000] {logging_mixin.py:188} INFO - [2026-08-11T12:22:48.310+0000] {dagbag.py:545} INFO - Filling up the DagBag from /opt/airflow/dags/lap_time_analysis.py
[2026-08-11T12:22:48.492+0000] {processor.py:840} INFO - DAG(s) 'lap_time_analysis' retrieved from /opt/airflow/dags/lap_time_analysis.py
[2026-08-11T12:22:48.545+0000] {logging_mixin.py:188} INFO - [2026-08-11T12:22:48.545+0000] {dag.py:3096} INFO - Sync 1 DAGs
[2026-08-11T12:22:48.572+0000] {logging_mixin.py:188} INFO - [2026-08-11T12:22:48.572+0000] {dag.py:3954} INFO - Setting next_dagrun for lap_time_analysis to None, run_after=None
[2026-08-11T12:22:48.604+0000] {processor.py:183} INFO - Processing /opt/airflow/dags/lap_time_analysis.py took 0.311 seconds
[2026-08-11T12:23:18.775+0000] {processor.py:161} INFO - Started process (PID=2705) to work on /opt/airflow/dags/lap_time_analysis.py
[2026-08-11T12:23:18.776+0000] {processor.py:830} INFO - Processing file /opt/airflow/dags/lap_time_analysis.py for tasks to queue
[2026-08-11T12:23:18.779+0000] {logging_mixin.py:188} INFO - [2026-08-11T12:23:18.778+0000] {dagbag.py:545} INFO - Filling up the DagBag from /opt/airflow/dags/lap_time_analysis.py
[2026-08-11T12:23:18.897+0000] {processor.py:840} INFO - DAG(s) 'lap_time_analysis' retrieved from /opt/airflow/dags/lap_time_analysis.py
[2026-08-11T12:23:18.925+0000] {logging_mixin.py:188} INFO - [2026-08-11T12:23:18.925+0000] {dag.py:3096} INFO - Sync 1 DAGs
[2026-08-11T12:23:18.939+0000] {logging_mixin.py:188} INFO - [2026-08-11T12:23:18.939+0000] {dag.py:3954} INFO - Setting next_dagrun for lap_time_analysis to None, run_after=None
[2026-08-11T12:23:18.980+0000] {processor.py:183} INFO - Processing /opt/airflow/dags/lap_time_analysis.py took 0.212 seconds
[2026-08-11T12:23:49.479+0000] {processor.py:161} INFO - Started process (PID=2721) to work on /opt/airflow/dags/lap_time_analysis.py
[2026-08-11T12:23:49.489+0000] {processor.py:830} INFO - Processing file /opt/airflow/dags/lap_time_analysis.py for tasks to queue
[2026-08-11T12:23:49.509+0000] {logging_mixin.py:188} INFO - [2026-08-11T12:23:49.507+0000] {dagbag.py:545} INFO - Filling up the DagBag from /opt/airflow/dags/lap_time_analysis.py
[2026-08-11T12:23:49.935+0000] {processor.py:840} INFO - DAG(s) 'lap_time_analysis' retrieved from /opt/airflow/dags/lap_time_analysis.py
[2026-08-11T12:23:49.977+0000] {logging_mixin.py:188} INFO - [2026-08-11T12:23:49.977+0000] {dag.py:3096} INFO - Sync 1 DAGs
[2026-08-11T12:23:50.005+0000] {logging_mixin.py:188} INFO - [2026-08-11T12:23:50.005+0000] {dag.py:3954} INFO - Setting next_dagrun for lap_time_analysis to None, run_after=None
[2026-08-11T12:23:50.037+0000] {processor.py:183} INFO - Processing /opt/airflow/dags/lap_time_analysis.py took 0.611 seconds
[2026-08-11T12:24:20.345+0000] {processor.py:161} INFO - Started process (PID=2737) to work on /opt/airflow/dags/lap_time_analysis.py
[2026-08-11T12:24:20.346+0000] {processor.py:830} INFO - Processing file /opt/airflow/dags/lap_time_analysis.py for tasks to queue
[2026-08-11T12:24:20.348+0000] {logging_mixin.py:188} INFO - [2026-08-11T12:24:20.348+0000] {dagbag.py:545} INFO - Filling up the DagBag from /opt/airflow/dags/lap_time_analysis.py
[2026-08-11T12:24:20.469+0000] {processor.py:840} INFO - DAG(s) 'lap_time_analysis' retrieved from /opt/airflow/dags/lap_time_analysis.py
[2026-08-11T12:24:20.613+0000] {logging_mixin.py:188} INFO - [2026-08-11T12:24:20.610+0000] {dag.py:3096} INFO - Sync 1 DAGs
[2026-08-11T12:24:20.694+0000] {logging_mixin.py:188} INFO - [2026-08-11T12:24:20.693+0000] {dag.py:3954} INFO - Setting next_dagrun for lap_time_analysis to None, run_after=None
[2026-08-11T12:24:20.779+0000] {processor.py:183} INFO - Processing /opt/airflow/dags/lap_time_analysis.py took 0.443 seconds
[2026-08-11T12:24:51.101+0000] {processor.py:161} INFO - Started process (PID=2753) to work on /opt/airflow/dags/lap_time_analysis.py
[2026-08-11T12:24:51.103+0000] {processor.py:830} INFO - Processing file /opt/airflow/dags/lap_time_analysis.py for tasks to queue
[2026-08-11T12:24:51.105+0000] {logging_mixin.py:188} INFO - [2026-08-11T12:24:51.104+0000] {dagbag.py:545} INFO - Filling up the DagBag from /opt/airflow/dags/lap_time_analysis.py
[2026-08-11T12:24:51.226+0000] {processor.py:840} INFO - DAG(s) 'lap_time_analysis' retrieved from /opt/airflow/dags/lap_time_analysis.py
[2026-08-11T12:24:51.306+0000] {logging_mixin.py:188} INFO - [2026-08-11T12:24:51.306+0000] {dag.py:3096} INFO - Sync 1 DAGs
[2026-08-11T12:24:51.343+0000] {logging_mixin.py:188} INFO - [2026-08-11T12:24:51.342+0000] {dag.py:3954} INFO - Setting next_dagrun for lap_time_analysis to None, run_after=None
[2026-08-11T12:24:51.379+0000] {processor.py:183} INFO - Processing /opt/airflow/dags/lap_time_analysis.py took 0.288 seconds
[2026-08-11T12:25:22.279+0000] {processor.py:161} INFO - Started process (PID=2769) to work on /opt/airflow/dags/lap_time_analysis.py
[2026-08-11T12:25:22.280+0000] {processor.py:830} INFO - Processing file /opt/airflow/dags/lap_time_analysis.py for tasks to queue
[2026-08-11T12:25:22.283+0000] {logging_mixin.py:188} INFO - [2026-08-11T12:25:22.282+0000] {dagbag.py:545} INFO - Filling up the DagBag from /opt/airflow/dags/lap_time_analysis.py
[2026-08-11T12:25:22.397+0000] {processor.py:840} INFO - DAG(s) 'lap_time_analysis' retrieved from /opt/airflow/dags/lap_time_analysis.py
[2026-08-11T12:25:22.425+0000] {logging_mixin.py:188} INFO - [2026-08-11T12:25:22.425+0000] {dag.py:3096} INFO - Sync 1 DAGs
[2026-08-11T12:25:22.439+0000] {logging_mixin.py:188} INFO - [2026-08-11T12:25:22.438+0000] {dag.py:3954} INFO - Setting next_dagrun for lap_time_analysis to None, run_after=None
[2026-08-11T12:25:22.464+0000] {processor.py:183} INFO - Processing /opt/airflow/dags/lap_time_analysis.py took 0.196 seconds
[2026-08-11T12:25:54.111+0000] {processor.py:161} INFO - Started process (PID=2785) to work on /opt/airflow/dags/lap_time_analysis.py
[2026-08-11T12:25:54.113+0000] {processor.py:830} INFO - Processing file /opt/airflow/dags/lap_time_analysis.py for tasks to queue
[2026-08-11T12:25:54.115+0000] {logging_mixin.py:188} INFO - [2026-08-11T12:25:54.115+0000] {dagbag.py:545} INFO - Filling up the DagBag from /opt/airflow/dags/lap_time_analysis.py
[2026-08-11T12:25:54.230+0000] {processor.py:840} INFO - DAG(s) 'lap_time_analysis' retrieved from /opt/airflow/dags/lap_time_analysis.py
[2026-08-11T12:25:54.264+0000] {logging_mixin.py:188} INFO - [2026-08-11T12:25:54.264+0000] {dag.py:3096} INFO - Sync 1 DAGs
[2026-08-11T12:25:54.281+0000] {logging_mixin.py:188} INFO - [2026-08-11T12:25:54.280+0000] {dag.py:3954} INFO - Setting next_dagrun for lap_time_analysis to None, run_after=None
[2026-08-11T12:25:54.308+0000] {processor.py:183} INFO - Processing /opt/airflow/dags/lap_time_analysis.py took 0.206 seconds
[2026-08-11T12:26:26.247+0000] {processor.py:161} INFO - Started process (PID=2801) to work on /opt/airflow/dags/lap_time_analysis.py
[2026-08-11T12:26:26.252+0000] {processor.py:830} INFO - Processing file /opt/airflow/dags/lap_time_analysis.py for tasks to queue
[2026-08-11T12:26:26.259+0000] {logging_mixin.py:188} INFO - [2026-08-11T12:26:26.258+0000] {dagbag.py:545} INFO - Filling up the DagBag from /opt/airflow/dags/lap_time_analysis.py
[2026-08-11T12:26:26.449+0000] {processor.py:840} INFO - DAG(s) 'lap_time_analysis' retrieved from /opt/airflow/dags/lap_time_analysis.py
[2026-08-11T12:26:26.486+0000] {logging_mixin.py:188} INFO - [2026-08-11T12:26:26.485+0000] {dag.py:3096} INFO - Sync 1 DAGs
[2026-08-11T12:26:26.506+0000] {logging_mixin.py:188} INFO - [2026-08-11T12:26:26.506+0000] {dag.py:3954} INFO - Setting next_dagrun for lap_time_analysis to None, run_after=None
[2026-08-11T12:26:26.542+0000] {processor.py:183} INFO - Processing /opt/airflow/dags/lap_time_analysis.py took 0.311 seconds
[2026-08-11T12:26:58.455+0000] {processor.py:161} INFO - Started process (PID=2817) to work on /opt/airflow/dags/lap_time_analysis.py
[2026-08-11T12:26:58.456+0000] {processor.py:830} INFO - Processing file /opt/airflow/dags/lap_time_analysis.py for tasks to queue
[2026-08-11T12:26:58.459+0000] {logging_mixin.py:188} INFO - [2026-08-11T12:26:58.459+0000] {dagbag.py:545} INFO - Filling up the DagBag from /opt/airflow/dags/lap_time_analysis.py
[2026-08-11T12:26:58.565+0000] {processor.py:840} INFO - DAG(s) 'lap_time_analysis' retrieved from /opt/airflow/dags/lap_time_analysis.py
[2026-08-11T12:26:58.600+0000] {logging_mixin.py:188} INFO - [2026-08-11T12:26:58.600+0000] {dag.py:3096} INFO - Sync 1 DAGs
[2026-08-11T12:26:58.621+0000] {logging_mixin.py:188} INFO - [2026-08-11T12:26:58.620+0000] {dag.py:3954} INFO - Setting next_dagrun for lap_time_analysis to None, run_after=None
[2026-08-11T12:26:58.648+0000] {processor.py:183} INFO - Processing /opt/airflow/dags/lap_time_analysis.py took 0.199 seconds
[2026-08-11T12:27:30.075+0000] {processor.py:161} INFO - Started process (PID=2833) to work on /opt/airflow/dags/lap_time_analysis.py
[2026-08-11T12:27:30.076+0000] {processor.py:830} INFO - Processing file /opt/airflow/dags/lap_time_analysis.py for tasks to queue
[2026-08-11T12:27:30.079+0000] {logging_mixin.py:188} INFO - [2026-08-11T12:27:30.078+0000] {dagbag.py:545} INFO - Filling up the DagBag from /opt/airflow/dags/lap_time_analysis.py
[2026-08-11T12:27:30.192+0000] {processor.py:840} INFO - DAG(s) 'lap_time_analysis' retrieved from /opt/airflow/dags/lap_time_analysis.py
[2026-08-11T12:27:30.227+0000] {logging_mixin.py:188} INFO - [2026-08-11T12:27:30.226+0000] {dag.py:3096} INFO - Sync 1 DAGs
[2026-08-11T12:27:30.242+0000] {logging_mixin.py:188} INFO - [2026-08-11T12:27:30.242+0000] {dag.py:3954} INFO - Setting next_dagrun for lap_time_analysis to None, run_after=None
[2026-08-11T12:27:30.266+0000] {processor.py:183} INFO - Processing /opt/airflow/dags/lap_time_analysis.py took 0.197 seconds
[2026-08-11T12:28:00.584+0000] {processor.py:161} INFO - Started process (PID=2849) to work on /opt/airflow/dags/lap_time_analysis.py
[2026-08-11T12:28:00.585+0000] {processor.py:830} INFO - Processing file /opt/airflow/dags/lap_time_analysis.py for tasks to queue
[2026-08-11T12:28:00.590+0000] {logging_mixin.py:188} INFO - [2026-08-11T12:28:00.590+0000] {dagbag.py:545} INFO - Filling up the DagBag from /opt/airflow/dags/lap_time_analysis.py
[2026-08-11T12:28:02.023+0000] {processor.py:840} INFO - DAG(s) 'lap_time_analysis' retrieved from /opt/airflow/dags/lap_time_analysis.py
[2026-08-11T12:28:02.056+0000] {logging_mixin.py:188} INFO - [2026-08-11T12:28:02.056+0000] {dag.py:3096} INFO - Sync 1 DAGs
[2026-08-11T12:28:02.073+0000] {logging_mixin.py:188} INFO - [2026-08-11T12:28:02.073+0000] {dag.py:3954} INFO - Setting next_dagrun for lap_time_analysis to None, run_after=None
[2026-08-11T12:28:02.102+0000] {processor.py:183} INFO - Processing /opt/airflow/dags/lap_time_analysis.py took 0.222 seconds
[2026-08-11T12:40:38.328+0000] {processor.py:161} INFO - Started process (PID=2871) to work on /opt/airflow/dags/lap_time_analysis.py
[2026-08-11T12:40:38.375+0000] {processor.py:830} INFO - Processing file /opt/airflow/dags/lap_time_analysis.py for tasks to queue
[2026-08-11T12:40:38.589+0000] {logging_mixin.py:188} INFO - [2026-08-11T12:40:38.575+0000] {dagbag.py:545} INFO - Filling up the DagBag from /opt/airflow/dags/lap_time_analysis.py
[2026-08-11T12:40:43.225+0000] {processor.py:840} INFO - DAG(s) 'lap_time_analysis' retrieved from /opt/airflow/dags/lap_time_analysis.py
[2026-08-11T12:40:43.432+0000] {logging_mixin.py:188} INFO - [2026-08-11T12:40:43.431+0000] {dag.py:3096} INFO - Sync 1 DAGs
[2026-08-11T12:40:43.492+0000] {logging_mixin.py:188} INFO - [2026-08-11T12:40:43.492+0000] {dag.py:3954} INFO - Setting next_dagrun for lap_time_analysis to None, run_after=None
[2026-08-11T12:40:45.641+0000] {processor.py:183} INFO - Processing /opt/airflow/dags/lap_time_analysis.py took 5.995 seconds
[2026-08-11T12:41:16.226+0000] {processor.py:161} INFO - Started process (PID=2883) to work on /opt/airflow/dags/lap_time_analysis.py
[2026-08-11T12:41:16.229+0000] {processor.py:830} INFO - Processing file /opt/airflow/dags/lap_time_analysis.py for tasks to queue
[2026-08-11T12:41:16.233+0000] {logging_mixin.py:188} INFO - [2026-08-11T12:41:16.232+0000] {dagbag.py:545} INFO - Filling up the DagBag from /opt/airflow/dags/lap_time_analysis.py
[2026-08-11T12:41:16.500+0000] {processor.py:840} INFO - DAG(s) 'lap_time_analysis' retrieved from /opt/airflow/dags/lap_time_analysis.py
[2026-08-11T12:41:16.580+0000] {logging_mixin.py:188} INFO - [2026-08-11T12:41:16.579+0000] {dag.py:3096} INFO - Sync 1 DAGs
[2026-08-11T12:41:16.623+0000] {logging_mixin.py:188} INFO - [2026-08-11T12:41:16.622+0000] {dag.py:3954} INFO - Setting next_dagrun for lap_time_analysis to None, run_after=None
[2026-08-11T12:41:16.705+0000] {processor.py:183} INFO - Processing /opt/airflow/dags/lap_time_analysis.py took 0.493 seconds
[2026-08-11T12:41:46.890+0000] {processor.py:161} INFO - Started process (PID=2899) to work on /opt/airflow/dags/lap_time_analysis.py
[2026-08-11T12:41:46.899+0000] {processor.py:830} INFO - Processing file /opt/airflow/dags/lap_time_analysis.py for tasks to queue
[2026-08-11T12:41:46.918+0000] {logging_mixin.py:188} INFO - [2026-08-11T12:41:46.915+0000] {dagbag.py:545} INFO - Filling up the DagBag from /opt/airflow/dags/lap_time_analysis.py
[2026-08-11T12:41:47.194+0000] {processor.py:840} INFO - DAG(s) 'lap_time_analysis' retrieved from /opt/airflow/dags/lap_time_analysis.py
[2026-08-11T12:41:47.225+0000] {logging_mixin.py:188} INFO - [2026-08-11T12:41:47.225+0000] {dag.py:3096} INFO - Sync 1 DAGs
[2026-08-11T12:41:47.240+0000] {logging_mixin.py:188} INFO - [2026-08-11T12:41:47.239+0000] {dag.py:3954} INFO - Setting next_dagrun for lap_time_analysis to None, run_after=None
[2026-08-11T12:41:47.263+0000] {processor.py:183} INFO - Processing /opt/airflow/dags/lap_time_analysis.py took 0.382 seconds
[2026-08-11T12:42:17.651+0000] {processor.py:161} INFO - Started process (PID=2915) to work on /opt/airflow/dags/lap_time_analysis.py
[2026-08-11T12:42:17.652+0000] {processor.py:830} INFO - Processing file /opt/airflow/dags/lap_time_analysis.py for tasks to queue
[2026-08-11T12:42:17.655+0000] {logging_mixin.py:188} INFO - [2026-08-11T12:42:17.654+0000] {dagbag.py:545} INFO - Filling up the DagBag from /opt/airflow/dags/lap_time_analysis.py
[2026-08-11T12:42:17.758+0000] {processor.py:840} INFO - DAG(s) 'lap_time_analysis' retrieved from /opt/airflow/dags/lap_time_analysis.py
[2026-08-11T12:42:17.803+0000] {logging_mixin.py:188} INFO - [2026-08-11T12:42:17.802+0000] {dag.py:3096} INFO - Sync 1 DAGs
[2026-08-11T12:42:17.821+0000] {logging_mixin.py:188} INFO - [2026-08-11T12:42:17.821+0000] {dag.py:3954} INFO - Setting next_dagrun for lap_time_analysis to None, run_after=None
[2026-08-11T12:42:17.842+0000] {processor.py:183} INFO - Processing /opt/airflow/dags/lap_time_analysis.py took 0.199 seconds
[2026-08-11T12:42:48.998+0000] {processor.py:161} INFO - Started process (PID=2931) to work on /opt/airflow/dags/lap_time_analysis.py
[2026-08-11T12:42:48.999+0000] {processor.py:830} INFO - Processing file /opt/airflow/dags/lap_time_analysis.py for tasks to queue
[2026-08-11T12:42:49.002+0000] {logging_mixin.py:188} INFO - [2026-08-11T12:42:49.002+0000] {dagbag.py:545} INFO - Filling up the DagBag from /opt/airflow/dags/lap_time_analysis.py
[2026-08-11T12:42:49.092+0000] {processor.py:840} INFO - DAG(s) 'lap_time_analysis' retrieved from /opt/airflow/dags/lap_time_analysis.py
[2026-08-11T12:42:49.130+0000] {logging_mixin.py:188} INFO - [2026-08-11T12:42:49.130+0000] {dag.py:3096} INFO - Sync 1 DAGs
[2026-08-11T12:42:49.151+0000] {logging_mixin.py:188} INFO - [2026-08-11T12:42:49.151+0000] {dag.py:3954} INFO - Setting next_dagrun for lap_time_analysis to None, run_after=None
[2026-08-11T12:42:49.175+0000] {processor.py:183} INFO - Processing /opt/airflow/dags/lap_time_analysis.py took 0.183 seconds
[2026-08-11T12:43:20.343+0000] {processor.py:161} INFO - Started process (PID=2947) to work on /opt/airflow/dags/lap_time_analysis.py
[2026-08-11T12:43:20.344+0000] {processor.py:830} INFO - Processing file /opt/airflow/dags/lap_time_analysis.py for tasks to queue
[2026-08-11T12:43:20.346+0000] {logging_mixin.py:188} INFO - [2026-08-11T12:43:20.346+0000] {dagbag.py:545} INFO - Filling up the DagBag from /opt/airflow/dags/lap_time_analysis.py
[2026-08-11T12:43:20.463+0000] {processor.py:840} INFO - DAG(s) 'lap_time_analysis' retrieved from /opt/airflow/dags/lap_time_analysis.py
[2026-08-11T12:43:20.495+0000] {logging_mixin.py:188} INFO - [2026-08-11T12:43:20.495+0000] {dag.py:3096} INFO - Sync 1 DAGs
[2026-08-11T12:43:20.508+0000] {logging_mixin.py:188} INFO - [2026-08-11T12:43:20.507+0000] {dag.py:3954} INFO - Setting next_dagrun for lap_time_analysis to None, run_after=None
[2026-08-11T12:43:20.527+0000] {processor.py:183} INFO - Processing /opt/airflow/dags/lap_time_analysis.py took 0.214 seconds
[2026-08-11T12:43:52.509+0000] {processor.py:161} INFO - Started process (PID=2963) to work on /opt/airflow/dags/lap_time_analysis.py
[2026-08-11T12:43:52.511+0000] {processor.py:830} INFO - Processing file /opt/airflow/dags/lap_time_analysis.py for tasks to queue
[2026-08-11T12:43:52.514+0000] {logging_mixin.py:188} INFO - [2026-08-11T12:43:52.513+0000] {dagbag.py:545} INFO - Filling up the DagBag from /opt/airflow/dags/lap_time_analysis.py
[2026-08-11T12:43:52.606+0000] {processor.py:840} INFO - DAG(s) 'lap_time_analysis' retrieved from /opt/airflow/dags/lap_time_analysis.py
[2026-08-11T12:43:52.632+0000] {logging_mixin.py:188} INFO - [2026-08-11T12:43:52.632+0000] {dag.py:3096} INFO - Sync 1 DAGs
[2026-08-11T12:43:52.650+0000] {logging_mixin.py:188} INFO - [2026-08-11T12:43:52.649+0000] {dag.py:3954} INFO - Setting next_dagrun for lap_time_analysis to None, run_after=None
[2026-08-11T12:43:52.671+0000] {processor.py:183} INFO - Processing /opt/airflow/dags/lap_time_analysis.py took 0.168 seconds
[2026-08-11T12:44:24.346+0000] {processor.py:161} INFO - Started process (PID=2979) to work on /opt/airflow/dags/lap_time_analysis.py
[2026-08-11T12:44:24.350+0000] {processor.py:830} INFO - Processing file /opt/airflow/dags/lap_time_analysis.py for tasks to queue
[2026-08-11T12:44:24.362+0000] {logging_mixin.py:188} INFO - [2026-08-11T12:44:24.360+0000] {dagbag.py:545} INFO - Filling up the DagBag from /opt/airflow/dags/lap_time_analysis.py
[2026-08-11T12:44:24.456+0000] {processor.py:840} INFO - DAG(s) 'lap_time_analysis' retrieved from /opt/airflow/dags/lap_time_analysis.py
[2026-08-11T12:44:24.479+0000] {logging_mixin.py:188} INFO - [2026-08-11T12:44:24.479+0000] {dag.py:3096} INFO - Sync 1 DAGs
[2026-08-11T12:44:24.492+0000] {logging_mixin.py:188} INFO - [2026-08-11T12:44:24.492+0000] {dag.py:3954} INFO - Setting next_dagrun for lap_time_analysis to None, run_after=None
[2026-08-11T12:44:24.514+0000] {processor.py:183} INFO - Processing /opt/airflow/dags/lap_time_analysis.py took 0.185 seconds
[2026-08-11T12:44:54.639+0000] {processor.py:161} INFO - Started process (PID=2995) to work on /opt/airflow/dags/lap_time_analysis.py
[2026-08-11T12:44:54.641+0000] {processor.py:830} INFO - Processing file /opt/airflow/dags/lap_time_analysis.py for tasks to queue
[2026-08-11T12:44:54.648+0000] {logging_mixin.py:188} INFO - [2026-08-11T12:44:54.647+0000] {dagbag.py:545} INFO - Filling up the DagBag from /opt/airflow/dags/lap_time_analysis.py
[2026-08-11T12:44:56.224+0000] {processor.py:840} INFO - DAG(s) 'lap_time_analysis' retrieved from /opt/airflow/dags/lap_time_analysis.py
[2026-08-11T12:44:56.280+0000] {logging_mixin.py:188} INFO - [2026-08-11T12:44:56.279+0000] {dag.py:3096} INFO - Sync 1 DAGs
[2026-08-11T12:44:56.311+0000] {logging_mixin.py:188} INFO - [2026-08-11T12:44:56.311+0000] {dag.py:3954} INFO - Setting next_dagrun for lap_time_analysis to None, run_after=None
[2026-08-11T12:44:56.354+0000] {processor.py:183} INFO - Processing /opt/airflow/dags/lap_time_analysis.py took 0.365 seconds
[2026-08-11T12:45:26.652+0000] {processor.py:161} INFO - Started process (PID=3011) to work on /opt/airflow/dags/lap_time_analysis.py
[2026-08-11T12:45:26.653+0000] {processor.py:830} INFO - Processing file /opt/airflow/dags/lap_time_analysis.py for tasks to queue
[2026-08-11T12:45:26.657+0000] {logging_mixin.py:188} INFO - [2026-08-11T12:45:26.656+0000] {dagbag.py:545} INFO - Filling up the DagBag from /opt/airflow/dags/lap_time_analysis.py
[2026-08-11T12:45:26.765+0000] {processor.py:840} INFO - DAG(s) 'lap_time_analysis' retrieved from /opt/airflow/dags/lap_time_analysis.py
[2026-08-11T12:45:26.797+0000] {logging_mixin.py:188} INFO - [2026-08-11T12:45:26.797+0000] {dag.py:3096} INFO - Sync 1 DAGs
[2026-08-11T12:45:26.814+0000] {logging_mixin.py:188} INFO - [2026-08-11T12:45:26.814+0000] {dag.py:3954} INFO - Setting next_dagrun for lap_time_analysis to None, run_after=None
[2026-08-11T12:45:26.844+0000] {processor.py:183} INFO - Processing /opt/airflow/dags/lap_time_analysis.py took 0.199 seconds
[2026-08-11T12:45:58.724+0000] {processor.py:161} INFO - Started process (PID=3027) to work on /opt/airflow/dags/lap_time_analysis.py
[2026-08-11T12:45:58.726+0000] {processor.py:830} INFO - Processing file /opt/airflow/dags/lap_time_analysis.py for tasks to queue
[2026-08-11T12:45:58.729+0000] {logging_mixin.py:188} INFO - [2026-08-11T12:45:58.729+0000] {dagbag.py:545} INFO - Filling up the DagBag from /opt/airflow/dags/lap_time_analysis.py
[2026-08-11T12:46:00.251+0000] {processor.py:840} INFO - DAG(s) 'lap_time_analysis' retrieved from /opt/airflow/dags/lap_time_analysis.py
[2026-08-11T12:46:00.342+0000] {logging_mixin.py:188} INFO - [2026-08-11T12:46:00.341+0000] {dag.py:3096} INFO - Sync 1 DAGs
[2026-08-11T12:46:00.363+0000] {logging_mixin.py:188} INFO - [2026-08-11T12:46:00.363+0000] {dag.py:3954} INFO - Setting next_dagrun for lap_time_analysis to None, run_after=None
[2026-08-11T12:46:00.392+0000] {processor.py:183} INFO - Processing /opt/airflow/dags/lap_time_analysis.py took 0.321 seconds
[2026-08-11T12:46:30.558+0000] {processor.py:161} INFO - Started process (PID=3041) to work on /opt/airflow/dags/lap_time_analysis.py
[2026-08-11T12:46:30.566+0000] {processor.py:830} INFO - Processing file /opt/airflow/dags/lap_time_analysis.py for tasks to queue
[2026-08-11T12:46:30.584+0000] {logging_mixin.py:188} INFO - [2026-08-11T12:46:30.582+0000] {dagbag.py:545} INFO - Filling up the DagBag from /opt/airflow/dags/lap_time_analysis.py
[2026-08-11T12:46:32.620+0000] {processor.py:840} INFO - DAG(s) 'lap_time_analysis' retrieved from /opt/airflow/dags/lap_time_analysis.py
[2026-08-11T12:46:32.746+0000] {logging_mixin.py:188} INFO - [2026-08-11T12:46:32.746+0000] {dag.py:3096} INFO - Sync 1 DAGs
[2026-08-11T12:46:32.809+0000] {logging_mixin.py:188} INFO - [2026-08-11T12:46:32.809+0000] {dag.py:3954} INFO - Setting next_dagrun for lap_time_analysis to None, run_after=None
[2026-08-11T12:46:32.847+0000] {processor.py:183} INFO - Processing /opt/airflow/dags/lap_time_analysis.py took 1.000 seconds
[2026-08-11T12:47:04.126+0000] {processor.py:161} INFO - Started process (PID=3056) to work on /opt/airflow/dags/lap_time_analysis.py
[2026-08-11T12:47:04.128+0000] {processor.py:830} INFO - Processing file /opt/airflow/dags/lap_time_analysis.py for tasks to queue
[2026-08-11T12:47:04.131+0000] {logging_mixin.py:188} INFO - [2026-08-11T12:47:04.130+0000] {dagbag.py:545} INFO - Filling up the DagBag from /opt/airflow/dags/lap_time_analysis.py
[2026-08-11T12:47:04.273+0000] {processor.py:840} INFO - DAG(s) 'lap_time_analysis' retrieved from /opt/airflow/dags/lap_time_analysis.py
[2026-08-11T12:47:04.315+0000] {logging_mixin.py:188} INFO - [2026-08-11T12:47:04.315+0000] {dag.py:3096} INFO - Sync 1 DAGs
[2026-08-11T12:47:04.346+0000] {logging_mixin.py:188} INFO - [2026-08-11T12:47:04.345+0000] {dag.py:3954} INFO - Setting next_dagrun for lap_time_analysis to None, run_after=None
[2026-08-11T12:47:04.428+0000] {processor.py:183} INFO - Processing /opt/airflow/dags/lap_time_analysis.py took 0.309 seconds
[2026-08-11T12:47:36.436+0000] {processor.py:161} INFO - Started process (PID=3069) to work on /opt/airflow/dags/lap_time_analysis.py
[2026-08-11T12:47:36.441+0000] {processor.py:830} INFO - Processing file /opt/airflow/dags/lap_time_analysis.py for tasks to queue
[2026-08-11T12:47:36.450+0000] {logging_mixin.py:188} INFO - [2026-08-11T12:47:36.449+0000] {dagbag.py:545} INFO - Filling up the DagBag from /opt/airflow/dags/lap_time_analysis.py
[2026-08-11T12:47:36.713+0000] {processor.py:840} INFO - DAG(s) 'lap_time_analysis' retrieved from /opt/airflow/dags/lap_time_analysis.py
[2026-08-11T12:47:36.776+0000] {logging_mixin.py:188} INFO - [2026-08-11T12:47:36.776+0000] {dag.py:3096} INFO - Sync 1 DAGs
[2026-08-11T12:47:36.813+0000] {logging_mixin.py:188} INFO - [2026-08-11T12:47:36.812+0000] {dag.py:3954} INFO - Setting next_dagrun for lap_time_analysis to None, run_after=None
[2026-08-11T12:47:36.864+0000] {processor.py:183} INFO - Processing /opt/airflow/dags/lap_time_analysis.py took 0.437 seconds
[2026-08-11T12:48:08.570+0000] {processor.py:161} INFO - Started process (PID=3088) to work on /opt/airflow/dags/lap_time_analysis.py
[2026-08-11T12:48:08.571+0000] {processor.py:830} INFO - Processing file /opt/airflow/dags/lap_time_analysis.py for tasks to queue
[2026-08-11T12:48:08.573+0000] {logging_mixin.py:188} INFO - [2026-08-11T12:48:08.573+0000] {dagbag.py:545} INFO - Filling up the DagBag from /opt/airflow/dags/lap_time_analysis.py
[2026-08-11T12:48:08.703+0000] {processor.py:840} INFO - DAG(s) 'lap_time_analysis' retrieved from /opt/airflow/dags/lap_time_analysis.py
[2026-08-11T12:48:08.742+0000] {logging_mixin.py:188} INFO - [2026-08-11T12:48:08.742+0000] {dag.py:3096} INFO - Sync 1 DAGs
[2026-08-11T12:48:08.761+0000] {logging_mixin.py:188} INFO - [2026-08-11T12:48:08.761+0000] {dag.py:3954} INFO - Setting next_dagrun for lap_time_analysis to None, run_after=None
[2026-08-11T12:48:08.788+0000] {processor.py:183} INFO - Processing /opt/airflow/dags/lap_time_analysis.py took 0.226 seconds
[2026-08-11T12:48:40.055+0000] {processor.py:161} INFO - Started process (PID=3104) to work on /opt/airflow/dags/lap_time_analysis.py
[2026-08-11T12:48:40.057+0000] {processor.py:830} INFO - Processing file /opt/airflow/dags/lap_time_analysis.py for tasks to queue
[2026-08-11T12:48:40.060+0000] {logging_mixin.py:188} INFO - [2026-08-11T12:48:40.059+0000] {dagbag.py:545} INFO - Filling up the DagBag from /opt/airflow/dags/lap_time_analysis.py
[2026-08-11T12:48:40.172+0000] {processor.py:840} INFO - DAG(s) 'lap_time_analysis' retrieved from /opt/airflow/dags/lap_time_analysis.py
[2026-08-11T12:48:40.202+0000] {logging_mixin.py:188} INFO - [2026-08-11T12:48:40.202+0000] {dag.py:3096} INFO - Sync 1 DAGs
[2026-08-11T12:48:40.218+0000] {logging_mixin.py:188} INFO - [2026-08-11T12:48:40.217+0000] {dag.py:3954} INFO - Setting next_dagrun for lap_time_analysis to None, run_after=None
[2026-08-11T12:48:40.246+0000] {processor.py:183} INFO - Processing /opt/airflow/dags/lap_time_analysis.py took 0.198 seconds
[2026-08-11T12:49:10.413+0000] {processor.py:161} INFO - Started process (PID=3117) to work on /opt/airflow/dags/lap_time_analysis.py
[2026-08-11T12:49:10.415+0000] {processor.py:830} INFO - Processing file /opt/airflow/dags/lap_time_analysis.py for tasks to queue
[2026-08-11T12:49:10.418+0000] {logging_mixin.py:188} INFO - [2026-08-11T12:49:10.417+0000] {dagbag.py:545} INFO - Filling up the DagBag from /opt/airflow/dags/lap_time_analysis.py
[2026-08-11T12:49:11.872+0000] {processor.py:840} INFO - DAG(s) 'lap_time_analysis' retrieved from /opt/airflow/dags/lap_time_analysis.py
[2026-08-11T12:49:11.901+0000] {logging_mixin.py:188} INFO - [2026-08-11T12:49:11.901+0000] {dag.py:3096} INFO - Sync 1 DAGs
[2026-08-11T12:49:11.914+0000] {logging_mixin.py:188} INFO - [2026-08-11T12:49:11.913+0000] {dag.py:3954} INFO - Setting next_dagrun for lap_time_analysis to None, run_after=None
[2026-08-11T12:49:11.934+0000] {processor.py:183} INFO - Processing /opt/airflow/dags/lap_time_analysis.py took 0.187 seconds
[2026-08-11T12:49:44.026+0000] {processor.py:161} INFO - Started process (PID=3136) to work on /opt/airflow/dags/lap_time_analysis.py
[2026-08-11T12:49:44.029+0000] {processor.py:830} INFO - Processing file /opt/airflow/dags/lap_time_analysis.py for tasks to queue
[2026-08-11T12:49:44.032+0000] {logging_mixin.py:188} INFO - [2026-08-11T12:49:44.031+0000] {dagbag.py:545} INFO - Filling up the DagBag from /opt/airflow/dags/lap_time_analysis.py
[2026-08-11T12:49:44.360+0000] {processor.py:840} INFO - DAG(s) 'lap_time_analysis' retrieved from /opt/airflow/dags/lap_time_analysis.py
[2026-08-11T12:49:44.434+0000] {logging_mixin.py:188} INFO - [2026-08-11T12:49:44.434+0000] {dag.py:3096} INFO - Sync 1 DAGs
[2026-08-11T12:49:44.484+0000] {logging_mixin.py:188} INFO - [2026-08-11T12:49:44.484+0000] {dag.py:3954} INFO - Setting next_dagrun for lap_time_analysis to None, run_after=None
[2026-08-11T12:49:44.527+0000] {processor.py:183} INFO - Processing /opt/airflow/dags/lap_time_analysis.py took 0.508 seconds
[2026-08-11T12:50:15.901+0000] {processor.py:161} INFO - Started process (PID=3149) to work on /opt/airflow/dags/lap_time_analysis.py
[2026-08-11T12:50:15.903+0000] {processor.py:830} INFO - Processing file /opt/airflow/dags/lap_time_analysis.py for tasks to queue
[2026-08-11T12:50:15.906+0000] {logging_mixin.py:188} INFO - [2026-08-11T12:50:15.906+0000] {dagbag.py:545} INFO - Filling up the DagBag from /opt/airflow/dags/lap_time_analysis.py
[2026-08-11T12:50:16.010+0000] {processor.py:840} INFO - DAG(s) 'lap_time_analysis' retrieved from /opt/airflow/dags/lap_time_analysis.py
[2026-08-11T12:50:16.039+0000] {logging_mixin.py:188} INFO - [2026-08-11T12:50:16.039+0000] {dag.py:3096} INFO - Sync 1 DAGs
[2026-08-11T12:50:16.062+0000] {logging_mixin.py:188} INFO - [2026-08-11T12:50:16.062+0000] {dag.py:3954} INFO - Setting next_dagrun for lap_time_analysis to None, run_after=None
[2026-08-11T12:50:16.090+0000] {processor.py:183} INFO - Processing /opt/airflow/dags/lap_time_analysis.py took 0.195 seconds
[2026-08-11T12:50:48.000+0000] {processor.py:161} INFO - Started process (PID=3165) to work on /opt/airflow/dags/lap_time_analysis.py
[2026-08-11T12:50:48.001+0000] {processor.py:830} INFO - Processing file /opt/airflow/dags/lap_time_analysis.py for tasks to queue
[2026-08-11T12:50:48.005+0000] {logging_mixin.py:188} INFO - [2026-08-11T12:50:48.004+0000] {dagbag.py:545} INFO - Filling up the DagBag from /opt/airflow/dags/lap_time_analysis.py
[2026-08-11T12:50:48.110+0000] {processor.py:840} INFO - DAG(s) 'lap_time_analysis' retrieved from /opt/airflow/dags/lap_time_analysis.py
[2026-08-11T12:50:48.139+0000] {logging_mixin.py:188} INFO - [2026-08-11T12:50:48.139+0000] {dag.py:3096} INFO - Sync 1 DAGs
[2026-08-11T12:50:48.154+0000] {logging_mixin.py:188} INFO - [2026-08-11T12:50:48.154+0000] {dag.py:3954} INFO - Setting next_dagrun for lap_time_analysis to None, run_after=None
[2026-08-11T12:50:48.176+0000] {processor.py:183} INFO - Processing /opt/airflow/dags/lap_time_analysis.py took 0.184 seconds
[2026-08-11T12:51:18.301+0000] {processor.py:161} INFO - Started process (PID=3181) to work on /opt/airflow/dags/lap_time_analysis.py
[2026-08-11T12:51:18.303+0000] {processor.py:830} INFO - Processing file /opt/airflow/dags/lap_time_analysis.py for tasks to queue
[2026-08-11T12:51:18.306+0000] {logging_mixin.py:188} INFO - [2026-08-11T12:51:18.306+0000] {dagbag.py:545} INFO - Filling up the DagBag from /opt/airflow/dags/lap_time_analysis.py
[2026-08-11T12:51:18.439+0000] {processor.py:840} INFO - DAG(s) 'lap_time_analysis' retrieved from /opt/airflow/dags/lap_time_analysis.py
[2026-08-11T12:51:18.478+0000] {logging_mixin.py:188} INFO - [2026-08-11T12:51:18.477+0000] {dag.py:3096} INFO - Sync 1 DAGs
[2026-08-11T12:51:18.504+0000] {logging_mixin.py:188} INFO - [2026-08-11T12:51:18.504+0000] {dag.py:3954} INFO - Setting next_dagrun for lap_time_analysis to None, run_after=None
[2026-08-11T12:51:19.876+0000] {processor.py:183} INFO - Processing /opt/airflow/dags/lap_time_analysis.py took 0.236 seconds
[2026-08-11T12:51:50.859+0000] {processor.py:161} INFO - Started process (PID=3197) to work on /opt/airflow/dags/lap_time_analysis.py
[2026-08-11T12:51:50.865+0000] {processor.py:830} INFO - Processing file /opt/airflow/dags/lap_time_analysis.py for tasks to queue
[2026-08-11T12:51:50.872+0000] {logging_mixin.py:188} INFO - [2026-08-11T12:51:50.871+0000] {dagbag.py:545} INFO - Filling up the DagBag from /opt/airflow/dags/lap_time_analysis.py
[2026-08-11T12:51:51.194+0000] {processor.py:840} INFO - DAG(s) 'lap_time_analysis' retrieved from /opt/airflow/dags/lap_time_analysis.py
[2026-08-11T12:51:51.270+0000] {logging_mixin.py:188} INFO - [2026-08-11T12:51:51.270+0000] {dag.py:3096} INFO - Sync 1 DAGs
[2026-08-11T12:51:51.290+0000] {logging_mixin.py:188} INFO - [2026-08-11T12:51:51.289+0000] {dag.py:3954} INFO - Setting next_dagrun for lap_time_analysis to None, run_after=None
[2026-08-11T12:51:51.326+0000] {processor.py:183} INFO - Processing /opt/airflow/dags/lap_time_analysis.py took 0.479 seconds
[2026-08-11T12:52:21.753+0000] {processor.py:161} INFO - Started process (PID=3213) to work on /opt/airflow/dags/lap_time_analysis.py
[2026-08-11T12:52:21.757+0000] {processor.py:830} INFO - Processing file /opt/airflow/dags/lap_time_analysis.py for tasks to queue
[2026-08-11T12:52:21.770+0000] {logging_mixin.py:188} INFO - [2026-08-11T12:52:21.768+0000] {dagbag.py:545} INFO - Filling up the DagBag from /opt/airflow/dags/lap_time_analysis.py
[2026-08-11T12:52:21.968+0000] {processor.py:840} INFO - DAG(s) 'lap_time_analysis' retrieved from /opt/airflow/dags/lap_time_analysis.py
[2026-08-11T12:52:22.021+0000] {logging_mixin.py:188} INFO - [2026-08-11T12:52:22.021+0000] {dag.py:3096} INFO - Sync 1 DAGs
[2026-08-11T12:52:22.077+0000] {logging_mixin.py:188} INFO - [2026-08-11T12:52:22.076+0000] {dag.py:3954} INFO - Setting next_dagrun for lap_time_analysis to None, run_after=None
[2026-08-11T12:52:22.112+0000] {processor.py:183} INFO - Processing /opt/airflow/dags/lap_time_analysis.py took 0.371 seconds
[2026-08-11T12:52:52.831+0000] {processor.py:161} INFO - Started process (PID=3229) to work on /opt/airflow/dags/lap_time_analysis.py
[2026-08-11T12:52:52.834+0000] {processor.py:830} INFO - Processing file /opt/airflow/dags/lap_time_analysis.py for tasks to queue
[2026-08-11T12:52:52.838+0000] {logging_mixin.py:188} INFO - [2026-08-11T12:52:52.837+0000] {dagbag.py:545} INFO - Filling up the DagBag from /opt/airflow/dags/lap_time_analysis.py
[2026-08-11T12:52:53.164+0000] {processor.py:840} INFO - DAG(s) 'lap_time_analysis' retrieved from /opt/airflow/dags/lap_time_analysis.py
[2026-08-11T12:52:53.265+0000] {logging_mixin.py:188} INFO - [2026-08-11T12:52:53.264+0000] {dag.py:3096} INFO - Sync 1 DAGs
[2026-08-11T12:52:53.344+0000] {logging_mixin.py:188} INFO - [2026-08-11T12:52:53.344+0000] {dag.py:3954} INFO - Setting next_dagrun for lap_time_analysis to None, run_after=None
[2026-08-11T12:52:54.098+0000] {processor.py:183} INFO - Processing /opt/airflow/dags/lap_time_analysis.py took 0.608 seconds
[2026-08-11T12:53:24.371+0000] {processor.py:161} INFO - Started process (PID=3245) to work on /opt/airflow/dags/lap_time_analysis.py
[2026-08-11T12:53:24.375+0000] {processor.py:830} INFO - Processing file /opt/airflow/dags/lap_time_analysis.py for tasks to queue
[2026-08-11T12:53:24.393+0000] {logging_mixin.py:188} INFO - [2026-08-11T12:53:24.391+0000] {dagbag.py:545} INFO - Filling up the DagBag from /opt/airflow/dags/lap_time_analysis.py
[2026-08-11T12:53:25.136+0000] {processor.py:840} INFO - DAG(s) 'lap_time_analysis' retrieved from /opt/airflow/dags/lap_time_analysis.py
[2026-08-11T12:53:26.522+0000] {logging_mixin.py:188} INFO - [2026-08-11T12:53:26.521+0000] {dag.py:3096} INFO - Sync 1 DAGs
[2026-08-11T12:53:26.557+0000] {logging_mixin.py:188} INFO - [2026-08-11T12:53:26.556+0000] {dag.py:3954} INFO - Setting next_dagrun for lap_time_analysis to None, run_after=None
[2026-08-11T12:53:26.592+0000] {processor.py:183} INFO - Processing /opt/airflow/dags/lap_time_analysis.py took 1.613 seconds
[2026-08-11T12:53:57.246+0000] {processor.py:161} INFO - Started process (PID=3261) to work on /opt/airflow/dags/lap_time_analysis.py
[2026-08-11T12:53:57.248+0000] {processor.py:830} INFO - Processing file /opt/airflow/dags/lap_time_analysis.py for tasks to queue
[2026-08-11T12:53:57.251+0000] {logging_mixin.py:188} INFO - [2026-08-11T12:53:57.251+0000] {dagbag.py:545} INFO - Filling up the DagBag from /opt/airflow/dags/lap_time_analysis.py
[2026-08-11T12:53:57.701+0000] {processor.py:840} INFO - DAG(s) 'lap_time_analysis' retrieved from /opt/airflow/dags/lap_time_analysis.py
[2026-08-11T12:53:57.782+0000] {logging_mixin.py:188} INFO - [2026-08-11T12:53:57.781+0000] {dag.py:3096} INFO - Sync 1 DAGs
[2026-08-11T12:53:57.826+0000] {logging_mixin.py:188} INFO - [2026-08-11T12:53:57.826+0000] {dag.py:3954} INFO - Setting next_dagrun for lap_time_analysis to None, run_after=None
[2026-08-11T12:53:58.527+0000] {processor.py:183} INFO - Processing /opt/airflow/dags/lap_time_analysis.py took 0.661 seconds
[2026-08-11T12:54:28.643+0000] {processor.py:161} INFO - Started process (PID=3277) to work on /opt/airflow/dags/lap_time_analysis.py
[2026-08-11T12:54:28.656+0000] {processor.py:830} INFO - Processing file /opt/airflow/dags/lap_time_analysis.py for tasks to queue
[2026-08-11T12:54:28.659+0000] {logging_mixin.py:188} INFO - [2026-08-11T12:54:28.658+0000] {dagbag.py:545} INFO - Filling up the DagBag from /opt/airflow/dags/lap_time_analysis.py
[2026-08-11T12:54:28.794+0000] {processor.py:840} INFO - DAG(s) 'lap_time_analysis' retrieved from /opt/airflow/dags/lap_time_analysis.py
[2026-08-11T12:54:28.821+0000] {logging_mixin.py:188} INFO - [2026-08-11T12:54:28.821+0000] {dag.py:3096} INFO - Sync 1 DAGs
[2026-08-11T12:54:28.836+0000] {logging_mixin.py:188} INFO - [2026-08-11T12:54:28.836+0000] {dag.py:3954} INFO - Setting next_dagrun for lap_time_analysis to None, run_after=None
[2026-08-11T12:54:28.856+0000] {processor.py:183} INFO - Processing /opt/airflow/dags/lap_time_analysis.py took 0.219 seconds
[2026-08-11T12:54:59.535+0000] {processor.py:161} INFO - Started process (PID=3293) to work on /opt/airflow/dags/lap_time_analysis.py
[2026-08-11T12:54:59.539+0000] {processor.py:830} INFO - Processing file /opt/airflow/dags/lap_time_analysis.py for tasks to queue
[2026-08-11T12:54:59.543+0000] {logging_mixin.py:188} INFO - [2026-08-11T12:54:59.542+0000] {dagbag.py:545} INFO - Filling up the DagBag from /opt/airflow/dags/lap_time_analysis.py
[2026-08-11T12:54:59.732+0000] {processor.py:840} INFO - DAG(s) 'lap_time_analysis' retrieved from /opt/airflow/dags/lap_time_analysis.py
[2026-08-11T12:54:59.791+0000] {logging_mixin.py:188} INFO - [2026-08-11T12:54:59.791+0000] {dag.py:3096} INFO - Sync 1 DAGs
[2026-08-11T12:54:59.816+0000] {logging_mixin.py:188} INFO - [2026-08-11T12:54:59.815+0000] {dag.py:3954} INFO - Setting next_dagrun for lap_time_analysis to None, run_after=None
[2026-08-11T12:54:59.857+0000] {processor.py:183} INFO - Processing /opt/airflow/dags/lap_time_analysis.py took 0.337 seconds
[2026-08-11T12:55:30.325+0000] {processor.py:161} INFO - Started process (PID=3309) to work on /opt/airflow/dags/lap_time_analysis.py
[2026-08-11T12:55:30.327+0000] {processor.py:830} INFO - Processing file /opt/airflow/dags/lap_time_analysis.py for tasks to queue
[2026-08-11T12:55:30.332+0000] {logging_mixin.py:188} INFO - [2026-08-11T12:55:30.331+0000] {dagbag.py:545} INFO - Filling up the DagBag from /opt/airflow/dags/lap_time_analysis.py
[2026-08-11T12:55:30.491+0000] {processor.py:840} INFO - DAG(s) 'lap_time_analysis' retrieved from /opt/airflow/dags/lap_time_analysis.py
[2026-08-11T12:55:30.549+0000] {logging_mixin.py:188} INFO - [2026-08-11T12:55:30.549+0000] {dag.py:3096} INFO - Sync 1 DAGs
[2026-08-11T12:55:30.573+0000] {logging_mixin.py:188} INFO - [2026-08-11T12:55:30.572+0000] {dag.py:3954} INFO - Setting next_dagrun for lap_time_analysis to None, run_after=None
[2026-08-11T12:55:30.629+0000] {processor.py:183} INFO - Processing /opt/airflow/dags/lap_time_analysis.py took 0.314 seconds
[2026-08-11T12:56:01.171+0000] {processor.py:161} INFO - Started process (PID=3325) to work on /opt/airflow/dags/lap_time_analysis.py
[2026-08-11T12:56:01.173+0000] {processor.py:830} INFO - Processing file /opt/airflow/dags/lap_time_analysis.py for tasks to queue
[2026-08-11T12:56:01.175+0000] {logging_mixin.py:188} INFO - [2026-08-11T12:56:01.174+0000] {dagbag.py:545} INFO - Filling up the DagBag from /opt/airflow/dags/lap_time_analysis.py
[2026-08-11T12:56:01.272+0000] {processor.py:840} INFO - DAG(s) 'lap_time_analysis' retrieved from /opt/airflow/dags/lap_time_analysis.py
[2026-08-11T12:56:01.333+0000] {logging_mixin.py:188} INFO - [2026-08-11T12:56:01.332+0000] {dag.py:3096} INFO - Sync 1 DAGs
[2026-08-11T12:56:01.353+0000] {logging_mixin.py:188} INFO - [2026-08-11T12:56:01.353+0000] {dag.py:3954} INFO - Setting next_dagrun for lap_time_analysis to None, run_after=None
[2026-08-11T12:56:01.376+0000] {processor.py:183} INFO - Processing /opt/airflow/dags/lap_time_analysis.py took 0.211 seconds
[2026-08-11T12:56:31.563+0000] {processor.py:161} INFO - Started process (PID=3341) to work on /opt/airflow/dags/lap_time_analysis.py
[2026-08-11T12:56:31.565+0000] {processor.py:830} INFO - Processing file /opt/airflow/dags/lap_time_analysis.py for tasks to queue
[2026-08-11T12:56:31.567+0000] {logging_mixin.py:188} INFO - [2026-08-11T12:56:31.567+0000] {dagbag.py:545} INFO - Filling up the DagBag from /opt/airflow/dags/lap_time_analysis.py
[2026-08-11T12:56:31.741+0000] {processor.py:840} INFO - DAG(s) 'lap_time_analysis' retrieved from /opt/airflow/dags/lap_time_analysis.py
[2026-08-11T12:56:31.927+0000] {logging_mixin.py:188} INFO - [2026-08-11T12:56:31.926+0000] {dag.py:3096} INFO - Sync 1 DAGs
[2026-08-11T12:56:32.065+0000] {logging_mixin.py:188} INFO - [2026-08-11T12:56:32.064+0000] {dag.py:3954} INFO - Setting next_dagrun for lap_time_analysis to None, run_after=None
[2026-08-11T12:56:32.170+0000] {processor.py:183} INFO - Processing /opt/airflow/dags/lap_time_analysis.py took 0.614 seconds
[2026-08-11T12:57:02.651+0000] {processor.py:161} INFO - Started process (PID=3357) to work on /opt/airflow/dags/lap_time_analysis.py
[2026-08-11T12:57:02.653+0000] {processor.py:830} INFO - Processing file /opt/airflow/dags/lap_time_analysis.py for tasks to queue
[2026-08-11T12:57:02.656+0000] {logging_mixin.py:188} INFO - [2026-08-11T12:57:02.656+0000] {dagbag.py:545} INFO - Filling up the DagBag from /opt/airflow/dags/lap_time_analysis.py
[2026-08-11T12:57:02.902+0000] {processor.py:840} INFO - DAG(s) 'lap_time_analysis' retrieved from /opt/airflow/dags/lap_time_analysis.py
[2026-08-11T12:57:02.991+0000] {logging_mixin.py:188} INFO - [2026-08-11T12:57:02.990+0000] {dag.py:3096} INFO - Sync 1 DAGs
[2026-08-11T12:57:03.013+0000] {logging_mixin.py:188} INFO - [2026-08-11T12:57:03.013+0000] {dag.py:3954} INFO - Setting next_dagrun for lap_time_analysis to None, run_after=None
[2026-08-11T12:57:03.050+0000] {processor.py:183} INFO - Processing /opt/airflow/dags/lap_time_analysis.py took 0.407 seconds
[2026-08-11T12:57:33.351+0000] {processor.py:161} INFO - Started process (PID=3373) to work on /opt/airflow/dags/lap_time_analysis.py
[2026-08-11T12:57:33.352+0000] {processor.py:830} INFO - Processing file /opt/airflow/dags/lap_time_analysis.py for tasks to queue
[2026-08-11T12:57:33.356+0000] {logging_mixin.py:188} INFO - [2026-08-11T12:57:33.356+0000] {dagbag.py:545} INFO - Filling up the DagBag from /opt/airflow/dags/lap_time_analysis.py
[2026-08-11T12:57:33.553+0000] {processor.py:840} INFO - DAG(s) 'lap_time_analysis' retrieved from /opt/airflow/dags/lap_time_analysis.py
[2026-08-11T12:57:33.589+0000] {logging_mixin.py:188} INFO - [2026-08-11T12:57:33.589+0000] {dag.py:3096} INFO - Sync 1 DAGs
[2026-08-11T12:57:33.604+0000] {logging_mixin.py:188} INFO - [2026-08-11T12:57:33.604+0000] {dag.py:3954} INFO - Setting next_dagrun for lap_time_analysis to None, run_after=None
[2026-08-11T12:57:33.623+0000] {processor.py:183} INFO - Processing /opt/airflow/dags/lap_time_analysis.py took 0.280 seconds
[2026-08-11T12:58:03.728+0000] {processor.py:161} INFO - Started process (PID=3389) to work on /opt/airflow/dags/lap_time_analysis.py
[2026-08-11T12:58:03.730+0000] {processor.py:830} INFO - Processing file /opt/airflow/dags/lap_time_analysis.py for tasks to queue
[2026-08-11T12:58:03.733+0000] {logging_mixin.py:188} INFO - [2026-08-11T12:58:03.733+0000] {dagbag.py:545} INFO - Filling up the DagBag from /opt/airflow/dags/lap_time_analysis.py
[2026-08-11T12:58:04.147+0000] {processor.py:840} INFO - DAG(s) 'lap_time_analysis' retrieved from /opt/airflow/dags/lap_time_analysis.py
[2026-08-11T12:58:04.197+0000] {logging_mixin.py:188} INFO - [2026-08-11T12:58:04.197+0000] {dag.py:3096} INFO - Sync 1 DAGs
[2026-08-11T12:58:04.223+0000] {logging_mixin.py:188} INFO - [2026-08-11T12:58:04.223+0000] {dag.py:3954} INFO - Setting next_dagrun for lap_time_analysis to None, run_after=None
[2026-08-11T12:58:04.251+0000] {processor.py:183} INFO - Processing /opt/airflow/dags/lap_time_analysis.py took 0.531 seconds
[2026-08-11T12:58:34.789+0000] {processor.py:161} INFO - Started process (PID=3405) to work on /opt/airflow/dags/lap_time_analysis.py
[2026-08-11T12:58:34.792+0000] {processor.py:830} INFO - Processing file /opt/airflow/dags/lap_time_analysis.py for tasks to queue
[2026-08-11T12:58:34.795+0000] {logging_mixin.py:188} INFO - [2026-08-11T12:58:34.795+0000] {dagbag.py:545} INFO - Filling up the DagBag from /opt/airflow/dags/lap_time_analysis.py
[2026-08-11T12:58:34.914+0000] {processor.py:840} INFO - DAG(s) 'lap_time_analysis' retrieved from /opt/airflow/dags/lap_time_analysis.py
[2026-08-11T12:58:34.990+0000] {logging_mixin.py:188} INFO - [2026-08-11T12:58:34.989+0000] {dag.py:3096} INFO - Sync 1 DAGs
[2026-08-11T12:58:35.007+0000] {logging_mixin.py:188} INFO - [2026-08-11T12:58:35.006+0000] {dag.py:3954} INFO - Setting next_dagrun for lap_time_analysis to None, run_after=None
[2026-08-11T12:58:35.036+0000] {processor.py:183} INFO - Processing /opt/airflow/dags/lap_time_analysis.py took 0.305 seconds
[2026-08-11T12:59:05.530+0000] {processor.py:161} INFO - Started process (PID=3421) to work on /opt/airflow/dags/lap_time_analysis.py
[2026-08-11T12:59:05.534+0000] {processor.py:830} INFO - Processing file /opt/airflow/dags/lap_time_analysis.py for tasks to queue
[2026-08-11T12:59:05.551+0000] {logging_mixin.py:188} INFO - [2026-08-11T12:59:05.549+0000] {dagbag.py:545} INFO - Filling up the DagBag from /opt/airflow/dags/lap_time_analysis.py
[2026-08-11T12:59:05.872+0000] {processor.py:840} INFO - DAG(s) 'lap_time_analysis' retrieved from /opt/airflow/dags/lap_time_analysis.py
[2026-08-11T12:59:06.056+0000] {logging_mixin.py:188} INFO - [2026-08-11T12:59:06.055+0000] {dag.py:3096} INFO - Sync 1 DAGs
[2026-08-11T12:59:06.152+0000] {logging_mixin.py:188} INFO - [2026-08-11T12:59:06.152+0000] {dag.py:3954} INFO - Setting next_dagrun for lap_time_analysis to None, run_after=None
[2026-08-11T12:59:06.247+0000] {processor.py:183} INFO - Processing /opt/airflow/dags/lap_time_analysis.py took 0.754 seconds
[2026-08-11T12:59:37.308+0000] {processor.py:161} INFO - Started process (PID=3437) to work on /opt/airflow/dags/lap_time_analysis.py
[2026-08-11T12:59:37.318+0000] {processor.py:830} INFO - Processing file /opt/airflow/dags/lap_time_analysis.py for tasks to queue
[2026-08-11T12:59:37.323+0000] {logging_mixin.py:188} INFO - [2026-08-11T12:59:37.323+0000] {dagbag.py:545} INFO - Filling up the DagBag from /opt/airflow/dags/lap_time_analysis.py
[2026-08-11T12:59:37.627+0000] {processor.py:840} INFO - DAG(s) 'lap_time_analysis' retrieved from /opt/airflow/dags/lap_time_analysis.py
[2026-08-11T12:59:37.780+0000] {logging_mixin.py:188} INFO - [2026-08-11T12:59:37.780+0000] {dag.py:3096} INFO - Sync 1 DAGs
[2026-08-11T12:59:37.898+0000] {logging_mixin.py:188} INFO - [2026-08-11T12:59:37.897+0000] {dag.py:3954} INFO - Setting next_dagrun for lap_time_analysis to None, run_after=None
[2026-08-11T12:59:37.963+0000] {processor.py:183} INFO - Processing /opt/airflow/dags/lap_time_analysis.py took 0.662 seconds
[2026-08-11T13:00:08.580+0000] {processor.py:161} INFO - Started process (PID=3451) to work on /opt/airflow/dags/lap_time_analysis.py
[2026-08-11T13:00:08.594+0000] {processor.py:830} INFO - Processing file /opt/airflow/dags/lap_time_analysis.py for tasks to queue
[2026-08-11T13:00:08.603+0000] {logging_mixin.py:188} INFO - [2026-08-11T13:00:08.602+0000] {dagbag.py:545} INFO - Filling up the DagBag from /opt/airflow/dags/lap_time_analysis.py
[2026-08-11T13:00:12.270+0000] {processor.py:840} INFO - DAG(s) 'lap_time_analysis' retrieved from /opt/airflow/dags/lap_time_analysis.py
[2026-08-11T13:00:12.565+0000] {logging_mixin.py:188} INFO - [2026-08-11T13:00:12.564+0000] {dag.py:3096} INFO - Sync 1 DAGs
[2026-08-11T13:00:12.642+0000] {logging_mixin.py:188} INFO - [2026-08-11T13:00:12.642+0000] {dag.py:3954} INFO - Setting next_dagrun for lap_time_analysis to None, run_after=None
[2026-08-11T13:00:12.909+0000] {processor.py:183} INFO - Processing /opt/airflow/dags/lap_time_analysis.py took 4.337 seconds
[2026-08-11T13:00:44.102+0000] {processor.py:161} INFO - Started process (PID=3463) to work on /opt/airflow/dags/lap_time_analysis.py
[2026-08-11T13:00:44.127+0000] {processor.py:830} INFO - Processing file /opt/airflow/dags/lap_time_analysis.py for tasks to queue
[2026-08-11T13:00:44.195+0000] {logging_mixin.py:188} INFO - [2026-08-11T13:00:44.159+0000] {dagbag.py:545} INFO - Filling up the DagBag from /opt/airflow/dags/lap_time_analysis.py
[2026-08-11T13:00:45.158+0000] {processor.py:840} INFO - DAG(s) 'lap_time_analysis' retrieved from /opt/airflow/dags/lap_time_analysis.py
[2026-08-11T13:00:45.209+0000] {logging_mixin.py:188} INFO - [2026-08-11T13:00:45.209+0000] {dag.py:3096} INFO - Sync 1 DAGs
[2026-08-11T13:00:45.254+0000] {logging_mixin.py:188} INFO - [2026-08-11T13:00:45.253+0000] {dag.py:3954} INFO - Setting next_dagrun for lap_time_analysis to None, run_after=None
[2026-08-11T13:00:45.285+0000] {processor.py:183} INFO - Processing /opt/airflow/dags/lap_time_analysis.py took 1.193 seconds
[2026-08-11T13:01:15.599+0000] {processor.py:161} INFO - Started process (PID=3479) to work on /opt/airflow/dags/lap_time_analysis.py
[2026-08-11T13:01:15.601+0000] {processor.py:830} INFO - Processing file /opt/airflow/dags/lap_time_analysis.py for tasks to queue
[2026-08-11T13:01:15.609+0000] {logging_mixin.py:188} INFO - [2026-08-11T13:01:15.608+0000] {dagbag.py:545} INFO - Filling up the DagBag from /opt/airflow/dags/lap_time_analysis.py
[2026-08-11T13:01:15.789+0000] {processor.py:840} INFO - DAG(s) 'lap_time_analysis' retrieved from /opt/airflow/dags/lap_time_analysis.py
[2026-08-11T13:01:15.851+0000] {logging_mixin.py:188} INFO - [2026-08-11T13:01:15.851+0000] {dag.py:3096} INFO - Sync 1 DAGs
[2026-08-11T13:01:15.874+0000] {logging_mixin.py:188} INFO - [2026-08-11T13:01:15.874+0000] {dag.py:3954} INFO - Setting next_dagrun for lap_time_analysis to None, run_after=None
[2026-08-11T13:01:15.898+0000] {processor.py:183} INFO - Processing /opt/airflow/dags/lap_time_analysis.py took 0.332 seconds
[2026-08-11T13:01:46.224+0000] {processor.py:161} INFO - Started process (PID=3495) to work on /opt/airflow/dags/lap_time_analysis.py
[2026-08-11T13:01:46.226+0000] {processor.py:830} INFO - Processing file /opt/airflow/dags/lap_time_analysis.py for tasks to queue
[2026-08-11T13:01:46.230+0000] {logging_mixin.py:188} INFO - [2026-08-11T13:01:46.230+0000] {dagbag.py:545} INFO - Filling up the DagBag from /opt/airflow/dags/lap_time_analysis.py
[2026-08-11T13:01:46.824+0000] {processor.py:840} INFO - DAG(s) 'lap_time_analysis' retrieved from /opt/airflow/dags/lap_time_analysis.py
[2026-08-11T13:01:46.863+0000] {logging_mixin.py:188} INFO - [2026-08-11T13:01:46.863+0000] {dag.py:3096} INFO - Sync 1 DAGs
[2026-08-11T13:01:46.885+0000] {logging_mixin.py:188} INFO - [2026-08-11T13:01:46.884+0000] {dag.py:3954} INFO - Setting next_dagrun for lap_time_analysis to None, run_after=None
[2026-08-11T13:01:46.949+0000] {processor.py:183} INFO - Processing /opt/airflow/dags/lap_time_analysis.py took 0.731 seconds
[2026-08-11T13:02:17.366+0000] {processor.py:161} INFO - Started process (PID=3511) to work on /opt/airflow/dags/lap_time_analysis.py
[2026-08-11T13:02:17.368+0000] {processor.py:830} INFO - Processing file /opt/airflow/dags/lap_time_analysis.py for tasks to queue
[2026-08-11T13:02:17.372+0000] {logging_mixin.py:188} INFO - [2026-08-11T13:02:17.371+0000] {dagbag.py:545} INFO - Filling up the DagBag from /opt/airflow/dags/lap_time_analysis.py
[2026-08-11T13:02:17.523+0000] {processor.py:840} INFO - DAG(s) 'lap_time_analysis' retrieved from /opt/airflow/dags/lap_time_analysis.py
[2026-08-11T13:02:17.552+0000] {logging_mixin.py:188} INFO - [2026-08-11T13:02:17.551+0000] {dag.py:3096} INFO - Sync 1 DAGs
[2026-08-11T13:02:17.568+0000] {logging_mixin.py:188} INFO - [2026-08-11T13:02:17.568+0000] {dag.py:3954} INFO - Setting next_dagrun for lap_time_analysis to None, run_after=None
[2026-08-11T13:02:17.592+0000] {processor.py:183} INFO - Processing /opt/airflow/dags/lap_time_analysis.py took 0.243 seconds
[2026-08-11T13:02:47.954+0000] {processor.py:161} INFO - Started process (PID=3527) to work on /opt/airflow/dags/lap_time_analysis.py
[2026-08-11T13:02:47.955+0000] {processor.py:830} INFO - Processing file /opt/airflow/dags/lap_time_analysis.py for tasks to queue
[2026-08-11T13:02:47.958+0000] {logging_mixin.py:188} INFO - [2026-08-11T13:02:47.957+0000] {dagbag.py:545} INFO - Filling up the DagBag from /opt/airflow/dags/lap_time_analysis.py
[2026-08-11T13:02:48.083+0000] {processor.py:840} INFO - DAG(s) 'lap_time_analysis' retrieved from /opt/airflow/dags/lap_time_analysis.py
[2026-08-11T13:02:48.111+0000] {logging_mixin.py:188} INFO - [2026-08-11T13:02:48.111+0000] {dag.py:3096} INFO - Sync 1 DAGs
[2026-08-11T13:02:48.126+0000] {logging_mixin.py:188} INFO - [2026-08-11T13:02:48.126+0000] {dag.py:3954} INFO - Setting next_dagrun for lap_time_analysis to None, run_after=None
[2026-08-11T13:02:48.151+0000] {processor.py:183} INFO - Processing /opt/airflow/dags/lap_time_analysis.py took 0.203 seconds
[2026-08-11T13:03:18.289+0000] {processor.py:161} INFO - Started process (PID=3543) to work on /opt/airflow/dags/lap_time_analysis.py
[2026-08-11T13:03:18.293+0000] {processor.py:830} INFO - Processing file /opt/airflow/dags/lap_time_analysis.py for tasks to queue
[2026-08-11T13:03:18.305+0000] {logging_mixin.py:188} INFO - [2026-08-11T13:03:18.303+0000] {dagbag.py:545} INFO - Filling up the DagBag from /opt/airflow/dags/lap_time_analysis.py
[2026-08-11T13:03:18.455+0000] {processor.py:840} INFO - DAG(s) 'lap_time_analysis' retrieved from /opt/airflow/dags/lap_time_analysis.py
[2026-08-11T13:03:18.482+0000] {logging_mixin.py:188} INFO - [2026-08-11T13:03:18.482+0000] {dag.py:3096} INFO - Sync 1 DAGs
[2026-08-11T13:03:18.496+0000] {logging_mixin.py:188} INFO - [2026-08-11T13:03:18.496+0000] {dag.py:3954} INFO - Setting next_dagrun for lap_time_analysis to None, run_after=None
[2026-08-11T13:03:18.515+0000] {processor.py:183} INFO - Processing /opt/airflow/dags/lap_time_analysis.py took 0.245 seconds
[2026-08-11T13:03:48.931+0000] {processor.py:161} INFO - Started process (PID=3556) to work on /opt/airflow/dags/lap_time_analysis.py
[2026-08-11T13:03:48.932+0000] {processor.py:830} INFO - Processing file /opt/airflow/dags/lap_time_analysis.py for tasks to queue
[2026-08-11T13:03:48.936+0000] {logging_mixin.py:188} INFO - [2026-08-11T13:03:48.935+0000] {dagbag.py:545} INFO - Filling up the DagBag from /opt/airflow/dags/lap_time_analysis.py
[2026-08-11T13:03:49.124+0000] {processor.py:840} INFO - DAG(s) 'lap_time_analysis' retrieved from /opt/airflow/dags/lap_time_analysis.py
[2026-08-11T13:03:49.195+0000] {logging_mixin.py:188} INFO - [2026-08-11T13:03:49.194+0000] {dag.py:3096} INFO - Sync 1 DAGs
[2026-08-11T13:03:49.239+0000] {logging_mixin.py:188} INFO - [2026-08-11T13:03:49.238+0000] {dag.py:3954} INFO - Setting next_dagrun for lap_time_analysis to None, run_after=None
[2026-08-11T13:03:49.273+0000] {processor.py:183} INFO - Processing /opt/airflow/dags/lap_time_analysis.py took 0.351 seconds
[2026-08-11T13:04:19.546+0000] {processor.py:161} INFO - Started process (PID=3569) to work on /opt/airflow/dags/lap_time_analysis.py
[2026-08-11T13:04:19.555+0000] {processor.py:830} INFO - Processing file /opt/airflow/dags/lap_time_analysis.py for tasks to queue
[2026-08-11T13:04:19.579+0000] {logging_mixin.py:188} INFO - [2026-08-11T13:04:19.574+0000] {dagbag.py:545} INFO - Filling up the DagBag from /opt/airflow/dags/lap_time_analysis.py
[2026-08-11T13:04:20.120+0000] {processor.py:840} INFO - DAG(s) 'lap_time_analysis' retrieved from /opt/airflow/dags/lap_time_analysis.py
[2026-08-11T13:04:20.199+0000] {logging_mixin.py:188} INFO - [2026-08-11T13:04:20.199+0000] {dag.py:3096} INFO - Sync 1 DAGs
[2026-08-11T13:04:20.231+0000] {logging_mixin.py:188} INFO - [2026-08-11T13:04:20.231+0000] {dag.py:3954} INFO - Setting next_dagrun for lap_time_analysis to None, run_after=None
[2026-08-11T13:04:20.274+0000] {processor.py:183} INFO - Processing /opt/airflow/dags/lap_time_analysis.py took 0.775 seconds
[2026-08-11T13:04:57.876+0000] {processor.py:161} INFO - Started process (PID=3585) to work on /opt/airflow/dags/lap_time_analysis.py
[2026-08-11T13:04:59.170+0000] {processor.py:830} INFO - Processing file /opt/airflow/dags/lap_time_analysis.py for tasks to queue
[2026-08-11T13:04:59.751+0000] {logging_mixin.py:188} INFO - [2026-08-11T13:04:59.750+0000] {dagbag.py:545} INFO - Filling up the DagBag from /opt/airflow/dags/lap_time_analysis.py
[2026-08-11T13:05:00.716+0000] {processor.py:840} INFO - DAG(s) 'lap_time_analysis' retrieved from /opt/airflow/dags/lap_time_analysis.py
[2026-08-11T13:05:01.545+0000] {logging_mixin.py:188} INFO - [2026-08-11T13:05:01.544+0000] {dag.py:3096} INFO - Sync 1 DAGs
[2026-08-11T13:05:01.609+0000] {logging_mixin.py:188} INFO - [2026-08-11T13:05:01.609+0000] {dag.py:3954} INFO - Setting next_dagrun for lap_time_analysis to None, run_after=None
[2026-08-11T13:05:01.721+0000] {processor.py:183} INFO - Processing /opt/airflow/dags/lap_time_analysis.py took 4.511 seconds
[2026-08-11T13:05:32.720+0000] {processor.py:161} INFO - Started process (PID=3602) to work on /opt/airflow/dags/lap_time_analysis.py
[2026-08-11T13:05:32.724+0000] {processor.py:830} INFO - Processing file /opt/airflow/dags/lap_time_analysis.py for tasks to queue
[2026-08-11T13:05:32.763+0000] {logging_mixin.py:188} INFO - [2026-08-11T13:05:32.757+0000] {dagbag.py:545} INFO - Filling up the DagBag from /opt/airflow/dags/lap_time_analysis.py
[2026-08-11T13:05:34.049+0000] {processor.py:840} INFO - DAG(s) 'lap_time_analysis' retrieved from /opt/airflow/dags/lap_time_analysis.py
[2026-08-11T13:05:34.269+0000] {logging_mixin.py:188} INFO - [2026-08-11T13:05:34.269+0000] {dag.py:3096} INFO - Sync 1 DAGs
[2026-08-11T13:05:34.357+0000] {logging_mixin.py:188} INFO - [2026-08-11T13:05:34.357+0000] {dag.py:3954} INFO - Setting next_dagrun for lap_time_analysis to None, run_after=None
[2026-08-11T13:05:34.425+0000] {processor.py:183} INFO - Processing /opt/airflow/dags/lap_time_analysis.py took 1.802 seconds
[2026-08-11T13:06:19.044+0000] {processor.py:161} INFO - Started process (PID=3618) to work on /opt/airflow/dags/lap_time_analysis.py
[2026-08-11T13:06:19.078+0000] {processor.py:830} INFO - Processing file /opt/airflow/dags/lap_time_analysis.py for tasks to queue
[2026-08-11T13:06:19.273+0000] {logging_mixin.py:188} INFO - [2026-08-11T13:06:19.256+0000] {dagbag.py:545} INFO - Filling up the DagBag from /opt/airflow/dags/lap_time_analysis.py
[2026-08-11T13:06:22.342+0000] {processor.py:840} INFO - DAG(s) 'lap_time_analysis' retrieved from /opt/airflow/dags/lap_time_analysis.py
[2026-08-11T13:06:22.494+0000] {logging_mixin.py:188} INFO - [2026-08-11T13:06:22.494+0000] {dag.py:3096} INFO - Sync 1 DAGs
[2026-08-11T13:06:22.605+0000] {logging_mixin.py:188} INFO - [2026-08-11T13:06:22.604+0000] {dag.py:3954} INFO - Setting next_dagrun for lap_time_analysis to None, run_after=None
[2026-08-11T13:06:22.728+0000] {processor.py:183} INFO - Processing /opt/airflow/dags/lap_time_analysis.py took 1.791 seconds
[2026-08-11T13:06:58.026+0000] {processor.py:161} INFO - Started process (PID=3633) to work on /opt/airflow/dags/lap_time_analysis.py
[2026-08-11T13:06:58.099+0000] {processor.py:830} INFO - Processing file /opt/airflow/dags/lap_time_analysis.py for tasks to queue
[2026-08-11T13:06:58.343+0000] {logging_mixin.py:188} INFO - [2026-08-11T13:06:58.310+0000] {dagbag.py:545} INFO - Filling up the DagBag from /opt/airflow/dags/lap_time_analysis.py
[2026-08-11T13:07:01.215+0000] {processor.py:840} INFO - DAG(s) 'lap_time_analysis' retrieved from /opt/airflow/dags/lap_time_analysis.py
[2026-08-11T13:07:01.528+0000] {logging_mixin.py:188} INFO - [2026-08-11T13:07:01.528+0000] {dag.py:3096} INFO - Sync 1 DAGs
[2026-08-11T13:07:01.853+0000] {logging_mixin.py:188} INFO - [2026-08-11T13:07:01.852+0000] {dag.py:3954} INFO - Setting next_dagrun for lap_time_analysis to None, run_after=None
[2026-08-11T13:07:02.791+0000] {processor.py:183} INFO - Processing /opt/airflow/dags/lap_time_analysis.py took 5.485 seconds
[2026-08-11T13:07:35.372+0000] {processor.py:161} INFO - Started process (PID=3647) to work on /opt/airflow/dags/lap_time_analysis.py
[2026-08-11T13:07:35.437+0000] {processor.py:830} INFO - Processing file /opt/airflow/dags/lap_time_analysis.py for tasks to queue
[2026-08-11T13:07:35.488+0000] {logging_mixin.py:188} INFO - [2026-08-11T13:07:35.476+0000] {dagbag.py:545} INFO - Filling up the DagBag from /opt/airflow/dags/lap_time_analysis.py
[2026-08-11T13:07:40.091+0000] {processor.py:840} INFO - DAG(s) 'lap_time_analysis' retrieved from /opt/airflow/dags/lap_time_analysis.py
[2026-08-11T13:07:45.427+0000] {logging_mixin.py:188} INFO - [2026-08-11T13:07:45.426+0000] {dag.py:3096} INFO - Sync 1 DAGs
[2026-08-11T13:07:45.882+0000] {logging_mixin.py:188} INFO - [2026-08-11T13:07:45.881+0000] {dag.py:3954} INFO - Setting next_dagrun for lap_time_analysis to None, run_after=None
[2026-08-11T13:07:46.534+0000] {processor.py:183} INFO - Processing /opt/airflow/dags/lap_time_analysis.py took 11.319 seconds
[2026-08-11T13:08:18.265+0000] {processor.py:161} INFO - Started process (PID=3659) to work on /opt/airflow/dags/lap_time_analysis.py
[2026-08-11T13:08:18.309+0000] {processor.py:830} INFO - Processing file /opt/airflow/dags/lap_time_analysis.py for tasks to queue
[2026-08-11T13:08:18.400+0000] {logging_mixin.py:188} INFO - [2026-08-11T13:08:18.395+0000] {dagbag.py:545} INFO - Filling up the DagBag from /opt/airflow/dags/lap_time_analysis.py
[2026-08-11T13:08:20.046+0000] {processor.py:840} INFO - DAG(s) 'lap_time_analysis' retrieved from /opt/airflow/dags/lap_time_analysis.py
[2026-08-11T13:08:20.240+0000] {logging_mixin.py:188} INFO - [2026-08-11T13:08:20.239+0000] {dag.py:3096} INFO - Sync 1 DAGs
[2026-08-11T13:08:21.030+0000] {logging_mixin.py:188} INFO - [2026-08-11T13:08:21.029+0000] {dag.py:3954} INFO - Setting next_dagrun for lap_time_analysis to None, run_after=None
[2026-08-11T13:08:21.413+0000] {processor.py:183} INFO - Processing /opt/airflow/dags/lap_time_analysis.py took 3.443 seconds
[2026-08-11T13:08:56.590+0000] {processor.py:161} INFO - Started process (PID=3673) to work on /opt/airflow/dags/lap_time_analysis.py
[2026-08-11T13:08:56.639+0000] {processor.py:830} INFO - Processing file /opt/airflow/dags/lap_time_analysis.py for tasks to queue
[2026-08-11T13:08:56.866+0000] {logging_mixin.py:188} INFO - [2026-08-11T13:08:56.844+0000] {dagbag.py:545} INFO - Filling up the DagBag from /opt/airflow/dags/lap_time_analysis.py
[2026-08-11T13:08:58.562+0000] {processor.py:840} INFO - DAG(s) 'lap_time_analysis' retrieved from /opt/airflow/dags/lap_time_analysis.py
[2026-08-11T13:08:58.758+0000] {logging_mixin.py:188} INFO - [2026-08-11T13:08:58.758+0000] {dag.py:3096} INFO - Sync 1 DAGs
[2026-08-11T13:08:58.877+0000] {logging_mixin.py:188} INFO - [2026-08-11T13:08:58.876+0000] {dag.py:3954} INFO - Setting next_dagrun for lap_time_analysis to None, run_after=None
[2026-08-11T13:08:59.039+0000] {processor.py:183} INFO - Processing /opt/airflow/dags/lap_time_analysis.py took 4.117 seconds
[2026-08-11T13:09:31.263+0000] {processor.py:161} INFO - Started process (PID=3693) to work on /opt/airflow/dags/lap_time_analysis.py
[2026-08-11T13:09:31.284+0000] {processor.py:830} INFO - Processing file /opt/airflow/dags/lap_time_analysis.py for tasks to queue
[2026-08-11T13:09:31.295+0000] {logging_mixin.py:188} INFO - [2026-08-11T13:09:31.294+0000] {dagbag.py:545} INFO - Filling up the DagBag from /opt/airflow/dags/lap_time_analysis.py
[2026-08-11T13:09:31.599+0000] {processor.py:840} INFO - DAG(s) 'lap_time_analysis' retrieved from /opt/airflow/dags/lap_time_analysis.py
[2026-08-11T13:09:31.707+0000] {logging_mixin.py:188} INFO - [2026-08-11T13:09:31.707+0000] {dag.py:3096} INFO - Sync 1 DAGs
[2026-08-11T13:09:31.747+0000] {logging_mixin.py:188} INFO - [2026-08-11T13:09:31.746+0000] {dag.py:3954} INFO - Setting next_dagrun for lap_time_analysis to None, run_after=None
[2026-08-11T13:09:31.876+0000] {processor.py:183} INFO - Processing /opt/airflow/dags/lap_time_analysis.py took 0.634 seconds
[2026-08-11T13:10:07.653+0000] {processor.py:161} INFO - Started process (PID=3704) to work on /opt/airflow/dags/lap_time_analysis.py
[2026-08-11T13:10:07.714+0000] {processor.py:830} INFO - Processing file /opt/airflow/dags/lap_time_analysis.py for tasks to queue
[2026-08-11T13:10:07.749+0000] {logging_mixin.py:188} INFO - [2026-08-11T13:10:07.747+0000] {dagbag.py:545} INFO - Filling up the DagBag from /opt/airflow/dags/lap_time_analysis.py
[2026-08-11T13:10:09.082+0000] {processor.py:840} INFO - DAG(s) 'lap_time_analysis' retrieved from /opt/airflow/dags/lap_time_analysis.py
[2026-08-11T13:10:14.476+0000] {logging_mixin.py:188} INFO - [2026-08-11T13:10:14.469+0000] {dag.py:3096} INFO - Sync 1 DAGs
[2026-08-11T13:10:15.079+0000] {logging_mixin.py:188} INFO - [2026-08-11T13:10:15.078+0000] {dag.py:3954} INFO - Setting next_dagrun for lap_time_analysis to None, run_after=None
[2026-08-11T13:10:16.422+0000] {processor.py:183} INFO - Processing /opt/airflow/dags/lap_time_analysis.py took 7.303 seconds
[2026-08-11T13:10:49.439+0000] {processor.py:161} INFO - Started process (PID=3715) to work on /opt/airflow/dags/lap_time_analysis.py
[2026-08-11T13:10:49.467+0000] {processor.py:830} INFO - Processing file /opt/airflow/dags/lap_time_analysis.py for tasks to queue
[2026-08-11T13:10:49.531+0000] {logging_mixin.py:188} INFO - [2026-08-11T13:10:49.527+0000] {dagbag.py:545} INFO - Filling up the DagBag from /opt/airflow/dags/lap_time_analysis.py
[2026-08-11T13:10:51.559+0000] {processor.py:840} INFO - DAG(s) 'lap_time_analysis' retrieved from /opt/airflow/dags/lap_time_analysis.py
[2026-08-11T13:10:52.162+0000] {logging_mixin.py:188} INFO - [2026-08-11T13:10:52.161+0000] {dag.py:3096} INFO - Sync 1 DAGs
[2026-08-11T13:10:52.310+0000] {logging_mixin.py:188} INFO - [2026-08-11T13:10:52.310+0000] {dag.py:3954} INFO - Setting next_dagrun for lap_time_analysis to None, run_after=None
[2026-08-11T13:10:52.405+0000] {processor.py:183} INFO - Processing /opt/airflow/dags/lap_time_analysis.py took 3.349 seconds
[2026-08-11T13:11:22.507+0000] {processor.py:161} INFO - Started process (PID=3727) to work on /opt/airflow/dags/lap_time_analysis.py
[2026-08-11T13:11:22.513+0000] {processor.py:830} INFO - Processing file /opt/airflow/dags/lap_time_analysis.py for tasks to queue
[2026-08-11T13:11:22.514+0000] {logging_mixin.py:188} INFO - [2026-08-11T13:11:22.514+0000] {dagbag.py:545} INFO - Filling up the DagBag from /opt/airflow/dags/lap_time_analysis.py
[2026-08-11T13:11:22.619+0000] {processor.py:840} INFO - DAG(s) 'lap_time_analysis' retrieved from /opt/airflow/dags/lap_time_analysis.py
[2026-08-11T13:11:22.649+0000] {logging_mixin.py:188} INFO - [2026-08-11T13:11:22.649+0000] {dag.py:3096} INFO - Sync 1 DAGs
[2026-08-11T13:11:22.662+0000] {logging_mixin.py:188} INFO - [2026-08-11T13:11:22.662+0000] {dag.py:3954} INFO - Setting next_dagrun for lap_time_analysis to None, run_after=None
[2026-08-11T13:11:22.683+0000] {processor.py:183} INFO - Processing /opt/airflow/dags/lap_time_analysis.py took 0.207 seconds
[2026-08-11T13:11:53.227+0000] {processor.py:161} INFO - Started process (PID=3743) to work on /opt/airflow/dags/lap_time_analysis.py
[2026-08-11T13:11:53.242+0000] {processor.py:830} INFO - Processing file /opt/airflow/dags/lap_time_analysis.py for tasks to queue
[2026-08-11T13:11:53.251+0000] {logging_mixin.py:188} INFO - [2026-08-11T13:11:53.246+0000] {dagbag.py:545} INFO - Filling up the DagBag from /opt/airflow/dags/lap_time_analysis.py
[2026-08-11T13:11:53.934+0000] {processor.py:840} INFO - DAG(s) 'lap_time_analysis' retrieved from /opt/airflow/dags/lap_time_analysis.py
[2026-08-11T13:11:54.059+0000] {logging_mixin.py:188} INFO - [2026-08-11T13:11:54.058+0000] {dag.py:3096} INFO - Sync 1 DAGs
[2026-08-11T13:11:54.126+0000] {logging_mixin.py:188} INFO - [2026-08-11T13:11:54.126+0000] {dag.py:3954} INFO - Setting next_dagrun for lap_time_analysis to None, run_after=None
[2026-08-11T13:11:54.188+0000] {processor.py:183} INFO - Processing /opt/airflow/dags/lap_time_analysis.py took 1.029 seconds
[2026-08-11T13:12:24.726+0000] {processor.py:161} INFO - Started process (PID=3760) to work on /opt/airflow/dags/lap_time_analysis.py
[2026-08-11T13:12:24.728+0000] {processor.py:830} INFO - Processing file /opt/airflow/dags/lap_time_analysis.py for tasks to queue
[2026-08-11T13:12:24.757+0000] {logging_mixin.py:188} INFO - [2026-08-11T13:12:24.736+0000] {dagbag.py:545} INFO - Filling up the DagBag from /opt/airflow/dags/lap_time_analysis.py
[2026-08-11T13:12:25.450+0000] {processor.py:840} INFO - DAG(s) 'lap_time_analysis' retrieved from /opt/airflow/dags/lap_time_analysis.py
[2026-08-11T13:12:25.589+0000] {logging_mixin.py:188} INFO - [2026-08-11T13:12:25.588+0000] {dag.py:3096} INFO - Sync 1 DAGs
[2026-08-11T13:12:25.843+0000] {logging_mixin.py:188} INFO - [2026-08-11T13:12:25.842+0000] {dag.py:3954} INFO - Setting next_dagrun for lap_time_analysis to None, run_after=None
[2026-08-11T13:12:26.030+0000] {processor.py:183} INFO - Processing /opt/airflow/dags/lap_time_analysis.py took 1.313 seconds
[2026-08-11T13:12:58.787+0000] {processor.py:161} INFO - Started process (PID=3776) to work on /opt/airflow/dags/lap_time_analysis.py
[2026-08-11T13:12:58.847+0000] {processor.py:830} INFO - Processing file /opt/airflow/dags/lap_time_analysis.py for tasks to queue
[2026-08-11T13:12:58.884+0000] {logging_mixin.py:188} INFO - [2026-08-11T13:12:58.867+0000] {dagbag.py:545} INFO - Filling up the DagBag from /opt/airflow/dags/lap_time_analysis.py
[2026-08-11T13:13:03.869+0000] {processor.py:840} INFO - DAG(s) 'lap_time_analysis' retrieved from /opt/airflow/dags/lap_time_analysis.py
[2026-08-11T13:13:04.352+0000] {logging_mixin.py:188} INFO - [2026-08-11T13:13:04.351+0000] {dag.py:3096} INFO - Sync 1 DAGs
[2026-08-11T13:13:04.872+0000] {logging_mixin.py:188} INFO - [2026-08-11T13:13:04.871+0000] {dag.py:3954} INFO - Setting next_dagrun for lap_time_analysis to None, run_after=None
[2026-08-11T13:13:05.116+0000] {processor.py:183} INFO - Processing /opt/airflow/dags/lap_time_analysis.py took 7.079 seconds
[2026-08-11T13:14:03.542+0000] {processor.py:161} INFO - Started process (PID=3795) to work on /opt/airflow/dags/lap_time_analysis.py
[2026-08-11T13:14:03.579+0000] {processor.py:830} INFO - Processing file /opt/airflow/dags/lap_time_analysis.py for tasks to queue
[2026-08-11T13:14:03.584+0000] {logging_mixin.py:188} INFO - [2026-08-11T13:14:03.583+0000] {dagbag.py:545} INFO - Filling up the DagBag from /opt/airflow/dags/lap_time_analysis.py
[2026-08-11T13:14:04.786+0000] {processor.py:840} INFO - DAG(s) 'lap_time_analysis' retrieved from /opt/airflow/dags/lap_time_analysis.py
[2026-08-11T13:14:05.156+0000] {logging_mixin.py:188} INFO - [2026-08-11T13:14:05.155+0000] {dag.py:3096} INFO - Sync 1 DAGs
[2026-08-11T13:14:05.317+0000] {logging_mixin.py:188} INFO - [2026-08-11T13:14:05.317+0000] {dag.py:3954} INFO - Setting next_dagrun for lap_time_analysis to None, run_after=None
[2026-08-11T13:14:05.431+0000] {processor.py:183} INFO - Processing /opt/airflow/dags/lap_time_analysis.py took 2.066 seconds
[2026-08-11T13:15:00.400+0000] {processor.py:161} INFO - Started process (PID=3811) to work on /opt/airflow/dags/lap_time_analysis.py
[2026-08-11T13:15:00.413+0000] {processor.py:830} INFO - Processing file /opt/airflow/dags/lap_time_analysis.py for tasks to queue
[2026-08-11T13:15:00.420+0000] {logging_mixin.py:188} INFO - [2026-08-11T13:15:00.417+0000] {dagbag.py:545} INFO - Filling up the DagBag from /opt/airflow/dags/lap_time_analysis.py
[2026-08-11T13:15:00.655+0000] {processor.py:840} INFO - DAG(s) 'lap_time_analysis' retrieved from /opt/airflow/dags/lap_time_analysis.py
[2026-08-11T13:15:00.696+0000] {logging_mixin.py:188} INFO - [2026-08-11T13:15:00.695+0000] {dag.py:3096} INFO - Sync 1 DAGs
[2026-08-11T13:15:00.727+0000] {logging_mixin.py:188} INFO - [2026-08-11T13:15:00.727+0000] {dag.py:3954} INFO - Setting next_dagrun for lap_time_analysis to None, run_after=None
[2026-08-11T13:15:00.777+0000] {processor.py:183} INFO - Processing /opt/airflow/dags/lap_time_analysis.py took 0.431 seconds
[2026-08-11T13:15:31.691+0000] {processor.py:161} INFO - Started process (PID=3823) to work on /opt/airflow/dags/lap_time_analysis.py
[2026-08-11T13:15:31.693+0000] {processor.py:830} INFO - Processing file /opt/airflow/dags/lap_time_analysis.py for tasks to queue
[2026-08-11T13:15:31.695+0000] {logging_mixin.py:188} INFO - [2026-08-11T13:15:31.695+0000] {dagbag.py:545} INFO - Filling up the DagBag from /opt/airflow/dags/lap_time_analysis.py
[2026-08-11T13:15:32.840+0000] {processor.py:840} INFO - DAG(s) 'lap_time_analysis' retrieved from /opt/airflow/dags/lap_time_analysis.py
[2026-08-11T13:15:32.992+0000] {logging_mixin.py:188} INFO - [2026-08-11T13:15:32.991+0000] {dag.py:3096} INFO - Sync 1 DAGs
[2026-08-11T13:15:33.030+0000] {logging_mixin.py:188} INFO - [2026-08-11T13:15:33.030+0000] {dag.py:3954} INFO - Setting next_dagrun for lap_time_analysis to None, run_after=None
[2026-08-11T13:15:33.067+0000] {processor.py:183} INFO - Processing /opt/airflow/dags/lap_time_analysis.py took 1.386 seconds
[2026-08-11T13:16:03.622+0000] {processor.py:161} INFO - Started process (PID=3839) to work on /opt/airflow/dags/lap_time_analysis.py
[2026-08-11T13:16:03.756+0000] {processor.py:830} INFO - Processing file /opt/airflow/dags/lap_time_analysis.py for tasks to queue
[2026-08-11T13:16:03.793+0000] {logging_mixin.py:188} INFO - [2026-08-11T13:16:03.792+0000] {dagbag.py:545} INFO - Filling up the DagBag from /opt/airflow/dags/lap_time_analysis.py
[2026-08-11T13:16:04.065+0000] {processor.py:840} INFO - DAG(s) 'lap_time_analysis' retrieved from /opt/airflow/dags/lap_time_analysis.py
[2026-08-11T13:16:04.105+0000] {logging_mixin.py:188} INFO - [2026-08-11T13:16:04.105+0000] {dag.py:3096} INFO - Sync 1 DAGs
[2026-08-11T13:16:04.125+0000] {logging_mixin.py:188} INFO - [2026-08-11T13:16:04.124+0000] {dag.py:3954} INFO - Setting next_dagrun for lap_time_analysis to None, run_after=None
[2026-08-11T13:16:04.159+0000] {processor.py:183} INFO - Processing /opt/airflow/dags/lap_time_analysis.py took 0.875 seconds
[2026-08-11T13:16:34.345+0000] {processor.py:161} INFO - Started process (PID=3855) to work on /opt/airflow/dags/lap_time_analysis.py
[2026-08-11T13:16:34.352+0000] {processor.py:830} INFO - Processing file /opt/airflow/dags/lap_time_analysis.py for tasks to queue
[2026-08-11T13:16:34.355+0000] {logging_mixin.py:188} INFO - [2026-08-11T13:16:34.354+0000] {dagbag.py:545} INFO - Filling up the DagBag from /opt/airflow/dags/lap_time_analysis.py
[2026-08-11T13:16:34.546+0000] {processor.py:840} INFO - DAG(s) 'lap_time_analysis' retrieved from /opt/airflow/dags/lap_time_analysis.py
[2026-08-11T13:16:34.580+0000] {logging_mixin.py:188} INFO - [2026-08-11T13:16:34.579+0000] {dag.py:3096} INFO - Sync 1 DAGs
[2026-08-11T13:16:34.593+0000] {logging_mixin.py:188} INFO - [2026-08-11T13:16:34.593+0000] {dag.py:3954} INFO - Setting next_dagrun for lap_time_analysis to None, run_after=None
[2026-08-11T13:16:34.621+0000] {processor.py:183} INFO - Processing /opt/airflow/dags/lap_time_analysis.py took 0.298 seconds
[2026-08-11T13:17:09.424+0000] {processor.py:161} INFO - Started process (PID=3869) to work on /opt/airflow/dags/lap_time_analysis.py
[2026-08-11T13:17:09.428+0000] {processor.py:830} INFO - Processing file /opt/airflow/dags/lap_time_analysis.py for tasks to queue
[2026-08-11T13:17:09.431+0000] {logging_mixin.py:188} INFO - [2026-08-11T13:17:09.430+0000] {dagbag.py:545} INFO - Filling up the DagBag from /opt/airflow/dags/lap_time_analysis.py
[2026-08-11T13:17:09.658+0000] {processor.py:840} INFO - DAG(s) 'lap_time_analysis' retrieved from /opt/airflow/dags/lap_time_analysis.py
[2026-08-11T13:17:09.706+0000] {logging_mixin.py:188} INFO - [2026-08-11T13:17:09.705+0000] {dag.py:3096} INFO - Sync 1 DAGs
[2026-08-11T13:17:09.730+0000] {logging_mixin.py:188} INFO - [2026-08-11T13:17:09.730+0000] {dag.py:3954} INFO - Setting next_dagrun for lap_time_analysis to None, run_after=None
[2026-08-11T13:17:09.765+0000] {processor.py:183} INFO - Processing /opt/airflow/dags/lap_time_analysis.py took 0.352 seconds
[2026-08-11T13:17:40.061+0000] {processor.py:161} INFO - Started process (PID=3879) to work on /opt/airflow/dags/lap_time_analysis.py
[2026-08-11T13:17:40.064+0000] {processor.py:830} INFO - Processing file /opt/airflow/dags/lap_time_analysis.py for tasks to queue
[2026-08-11T13:17:40.066+0000] {logging_mixin.py:188} INFO - [2026-08-11T13:17:40.065+0000] {dagbag.py:545} INFO - Filling up the DagBag from /opt/airflow/dags/lap_time_analysis.py
[2026-08-11T13:17:40.367+0000] {processor.py:840} INFO - DAG(s) 'lap_time_analysis' retrieved from /opt/airflow/dags/lap_time_analysis.py
[2026-08-11T13:17:40.454+0000] {logging_mixin.py:188} INFO - [2026-08-11T13:17:40.454+0000] {dag.py:3096} INFO - Sync 1 DAGs
[2026-08-11T13:17:40.499+0000] {logging_mixin.py:188} INFO - [2026-08-11T13:17:40.499+0000] {dag.py:3954} INFO - Setting next_dagrun for lap_time_analysis to None, run_after=None
[2026-08-11T13:17:40.548+0000] {processor.py:183} INFO - Processing /opt/airflow/dags/lap_time_analysis.py took 0.507 seconds
[2026-08-11T13:18:15.798+0000] {processor.py:161} INFO - Started process (PID=3895) to work on /opt/airflow/dags/lap_time_analysis.py
[2026-08-11T13:18:15.940+0000] {processor.py:830} INFO - Processing file /opt/airflow/dags/lap_time_analysis.py for tasks to queue
[2026-08-11T13:18:16.328+0000] {logging_mixin.py:188} INFO - [2026-08-11T13:18:16.074+0000] {dagbag.py:545} INFO - Filling up the DagBag from /opt/airflow/dags/lap_time_analysis.py
[2026-08-11T13:18:32.176+0000] {processor.py:840} INFO - DAG(s) 'lap_time_analysis' retrieved from /opt/airflow/dags/lap_time_analysis.py
[2026-08-11T13:50:56.110+0000] {processor.py:161} INFO - Started process (PID=3907) to work on /opt/airflow/dags/lap_time_analysis.py
[2026-08-11T13:50:56.150+0000] {processor.py:830} INFO - Processing file /opt/airflow/dags/lap_time_analysis.py for tasks to queue
[2026-08-11T13:50:56.221+0000] {logging_mixin.py:188} INFO - [2026-08-11T13:50:56.186+0000] {dagbag.py:545} INFO - Filling up the DagBag from /opt/airflow/dags/lap_time_analysis.py
[2026-08-11T13:51:03.324+0000] {processor.py:840} INFO - DAG(s) 'lap_time_analysis' retrieved from /opt/airflow/dags/lap_time_analysis.py
[2026-08-11T13:51:04.077+0000] {logging_mixin.py:188} INFO - [2026-08-11T13:51:04.071+0000] {dag.py:3096} INFO - Sync 1 DAGs
[2026-08-11T13:51:04.307+0000] {logging_mixin.py:188} INFO - [2026-08-11T13:51:04.306+0000] {dag.py:3954} INFO - Setting next_dagrun for lap_time_analysis to None, run_after=None
[2026-08-11T13:51:04.679+0000] {processor.py:183} INFO - Processing /opt/airflow/dags/lap_time_analysis.py took 8.766 seconds
[2026-08-11T13:51:35.367+0000] {processor.py:161} INFO - Started process (PID=3923) to work on /opt/airflow/dags/lap_time_analysis.py
[2026-08-11T13:51:35.379+0000] {processor.py:830} INFO - Processing file /opt/airflow/dags/lap_time_analysis.py for tasks to queue
[2026-08-11T13:51:35.385+0000] {logging_mixin.py:188} INFO - [2026-08-11T13:51:35.382+0000] {dagbag.py:545} INFO - Filling up the DagBag from /opt/airflow/dags/lap_time_analysis.py
[2026-08-11T13:51:35.837+0000] {processor.py:840} INFO - DAG(s) 'lap_time_analysis' retrieved from /opt/airflow/dags/lap_time_analysis.py
[2026-08-11T13:51:36.076+0000] {logging_mixin.py:188} INFO - [2026-08-11T13:51:36.076+0000] {dag.py:3096} INFO - Sync 1 DAGs
[2026-08-11T13:51:36.185+0000] {logging_mixin.py:188} INFO - [2026-08-11T13:51:36.184+0000] {dag.py:3954} INFO - Setting next_dagrun for lap_time_analysis to None, run_after=None
[2026-08-11T13:51:36.266+0000] {processor.py:183} INFO - Processing /opt/airflow/dags/lap_time_analysis.py took 0.974 seconds
[2026-08-11T13:52:06.852+0000] {processor.py:161} INFO - Started process (PID=3935) to work on /opt/airflow/dags/lap_time_analysis.py
[2026-08-11T13:52:06.863+0000] {processor.py:830} INFO - Processing file /opt/airflow/dags/lap_time_analysis.py for tasks to queue
[2026-08-11T13:52:06.867+0000] {logging_mixin.py:188} INFO - [2026-08-11T13:52:06.865+0000] {dagbag.py:545} INFO - Filling up the DagBag from /opt/airflow/dags/lap_time_analysis.py
[2026-08-11T13:52:07.600+0000] {processor.py:840} INFO - DAG(s) 'lap_time_analysis' retrieved from /opt/airflow/dags/lap_time_analysis.py
[2026-08-11T13:52:07.857+0000] {logging_mixin.py:188} INFO - [2026-08-11T13:52:07.856+0000] {dag.py:3096} INFO - Sync 1 DAGs
[2026-08-11T13:52:07.977+0000] {logging_mixin.py:188} INFO - [2026-08-11T13:52:07.976+0000] {dag.py:3954} INFO - Setting next_dagrun for lap_time_analysis to None, run_after=None
[2026-08-11T13:52:08.093+0000] {processor.py:183} INFO - Processing /opt/airflow/dags/lap_time_analysis.py took 1.285 seconds
[2026-08-11T13:52:55.200+0000] {processor.py:161} INFO - Started process (PID=3949) to work on /opt/airflow/dags/lap_time_analysis.py
[2026-08-11T13:52:55.206+0000] {processor.py:830} INFO - Processing file /opt/airflow/dags/lap_time_analysis.py for tasks to queue
[2026-08-11T13:52:55.220+0000] {logging_mixin.py:188} INFO - [2026-08-11T13:52:55.212+0000] {dagbag.py:545} INFO - Filling up the DagBag from /opt/airflow/dags/lap_time_analysis.py
[2026-08-11T13:52:56.156+0000] {processor.py:840} INFO - DAG(s) 'lap_time_analysis' retrieved from /opt/airflow/dags/lap_time_analysis.py
[2026-08-11T13:52:56.276+0000] {logging_mixin.py:188} INFO - [2026-08-11T13:52:56.276+0000] {dag.py:3096} INFO - Sync 1 DAGs
[2026-08-11T13:52:56.384+0000] {logging_mixin.py:188} INFO - [2026-08-11T13:52:56.384+0000] {dag.py:3954} INFO - Setting next_dagrun for lap_time_analysis to None, run_after=None
[2026-08-11T13:52:56.415+0000] {processor.py:183} INFO - Processing /opt/airflow/dags/lap_time_analysis.py took 1.344 seconds
[2026-08-11T13:53:28.543+0000] {processor.py:161} INFO - Started process (PID=3965) to work on /opt/airflow/dags/lap_time_analysis.py
[2026-08-11T13:53:28.545+0000] {processor.py:830} INFO - Processing file /opt/airflow/dags/lap_time_analysis.py for tasks to queue
[2026-08-11T13:53:28.547+0000] {logging_mixin.py:188} INFO - [2026-08-11T13:53:28.547+0000] {dagbag.py:545} INFO - Filling up the DagBag from /opt/airflow/dags/lap_time_analysis.py
[2026-08-11T13:53:28.710+0000] {processor.py:840} INFO - DAG(s) 'lap_time_analysis' retrieved from /opt/airflow/dags/lap_time_analysis.py
[2026-08-11T13:53:28.809+0000] {logging_mixin.py:188} INFO - [2026-08-11T13:53:28.808+0000] {dag.py:3096} INFO - Sync 1 DAGs
[2026-08-11T13:53:28.836+0000] {logging_mixin.py:188} INFO - [2026-08-11T13:53:28.835+0000] {dag.py:3954} INFO - Setting next_dagrun for lap_time_analysis to None, run_after=None
[2026-08-11T13:53:28.870+0000] {processor.py:183} INFO - Processing /opt/airflow/dags/lap_time_analysis.py took 0.335 seconds
[2026-08-11T13:53:59.671+0000] {processor.py:161} INFO - Started process (PID=3973) to work on /opt/airflow/dags/lap_time_analysis.py
[2026-08-11T13:53:59.675+0000] {processor.py:830} INFO - Processing file /opt/airflow/dags/lap_time_analysis.py for tasks to queue
[2026-08-11T13:53:59.686+0000] {logging_mixin.py:188} INFO - [2026-08-11T13:53:59.680+0000] {dagbag.py:545} INFO - Filling up the DagBag from /opt/airflow/dags/lap_time_analysis.py
[2026-08-11T13:54:00.608+0000] {processor.py:840} INFO - DAG(s) 'lap_time_analysis' retrieved from /opt/airflow/dags/lap_time_analysis.py
[2026-08-11T13:54:00.944+0000] {logging_mixin.py:188} INFO - [2026-08-11T13:54:00.943+0000] {dag.py:3096} INFO - Sync 1 DAGs
[2026-08-11T13:54:01.075+0000] {logging_mixin.py:188} INFO - [2026-08-11T13:54:01.074+0000] {dag.py:3954} INFO - Setting next_dagrun for lap_time_analysis to None, run_after=None
[2026-08-11T13:54:01.172+0000] {processor.py:183} INFO - Processing /opt/airflow/dags/lap_time_analysis.py took 1.585 seconds
[2026-08-11T13:54:32.085+0000] {processor.py:161} INFO - Started process (PID=3989) to work on /opt/airflow/dags/lap_time_analysis.py
[2026-08-11T13:54:32.098+0000] {processor.py:830} INFO - Processing file /opt/airflow/dags/lap_time_analysis.py for tasks to queue
[2026-08-11T13:54:32.109+0000] {logging_mixin.py:188} INFO - [2026-08-11T13:54:32.103+0000] {dagbag.py:545} INFO - Filling up the DagBag from /opt/airflow/dags/lap_time_analysis.py
[2026-08-11T13:54:33.619+0000] {processor.py:840} INFO - DAG(s) 'lap_time_analysis' retrieved from /opt/airflow/dags/lap_time_analysis.py
[2026-08-11T13:54:34.043+0000] {logging_mixin.py:188} INFO - [2026-08-11T13:54:34.042+0000] {dag.py:3096} INFO - Sync 1 DAGs
[2026-08-11T13:54:34.237+0000] {logging_mixin.py:188} INFO - [2026-08-11T13:54:34.237+0000] {dag.py:3954} INFO - Setting next_dagrun for lap_time_analysis to None, run_after=None
[2026-08-11T13:54:34.393+0000] {processor.py:183} INFO - Processing /opt/airflow/dags/lap_time_analysis.py took 2.420 seconds
[2026-08-11T13:55:04.917+0000] {processor.py:161} INFO - Started process (PID=4007) to work on /opt/airflow/dags/lap_time_analysis.py
[2026-08-11T13:55:04.930+0000] {processor.py:830} INFO - Processing file /opt/airflow/dags/lap_time_analysis.py for tasks to queue
[2026-08-11T13:55:04.939+0000] {logging_mixin.py:188} INFO - [2026-08-11T13:55:04.935+0000] {dagbag.py:545} INFO - Filling up the DagBag from /opt/airflow/dags/lap_time_analysis.py
[2026-08-11T13:55:05.441+0000] {processor.py:840} INFO - DAG(s) 'lap_time_analysis' retrieved from /opt/airflow/dags/lap_time_analysis.py
[2026-08-11T13:55:05.524+0000] {logging_mixin.py:188} INFO - [2026-08-11T13:55:05.523+0000] {dag.py:3096} INFO - Sync 1 DAGs
[2026-08-11T13:55:05.557+0000] {logging_mixin.py:188} INFO - [2026-08-11T13:55:05.557+0000] {dag.py:3954} INFO - Setting next_dagrun for lap_time_analysis to None, run_after=None
[2026-08-11T13:55:05.636+0000] {processor.py:183} INFO - Processing /opt/airflow/dags/lap_time_analysis.py took 0.773 seconds
[2026-08-11T13:55:36.198+0000] {processor.py:161} INFO - Started process (PID=4023) to work on /opt/airflow/dags/lap_time_analysis.py
[2026-08-11T13:55:36.200+0000] {processor.py:830} INFO - Processing file /opt/airflow/dags/lap_time_analysis.py for tasks to queue
[2026-08-11T13:55:36.201+0000] {logging_mixin.py:188} INFO - [2026-08-11T13:55:36.201+0000] {dagbag.py:545} INFO - Filling up the DagBag from /opt/airflow/dags/lap_time_analysis.py
[2026-08-11T13:55:36.351+0000] {processor.py:840} INFO - DAG(s) 'lap_time_analysis' retrieved from /opt/airflow/dags/lap_time_analysis.py
[2026-08-11T13:55:36.403+0000] {logging_mixin.py:188} INFO - [2026-08-11T13:55:36.402+0000] {dag.py:3096} INFO - Sync 1 DAGs
[2026-08-11T13:55:36.429+0000] {logging_mixin.py:188} INFO - [2026-08-11T13:55:36.428+0000] {dag.py:3954} INFO - Setting next_dagrun for lap_time_analysis to None, run_after=None
[2026-08-11T13:55:36.460+0000] {processor.py:183} INFO - Processing /opt/airflow/dags/lap_time_analysis.py took 0.269 seconds
[2026-08-11T13:56:08.286+0000] {processor.py:161} INFO - Started process (PID=4039) to work on /opt/airflow/dags/lap_time_analysis.py
[2026-08-11T13:56:08.290+0000] {processor.py:830} INFO - Processing file /opt/airflow/dags/lap_time_analysis.py for tasks to queue
[2026-08-11T13:56:08.292+0000] {logging_mixin.py:188} INFO - [2026-08-11T13:56:08.291+0000] {dagbag.py:545} INFO - Filling up the DagBag from /opt/airflow/dags/lap_time_analysis.py
[2026-08-11T13:56:08.591+0000] {processor.py:840} INFO - DAG(s) 'lap_time_analysis' retrieved from /opt/airflow/dags/lap_time_analysis.py
[2026-08-11T13:56:08.660+0000] {logging_mixin.py:188} INFO - [2026-08-11T13:56:08.660+0000] {dag.py:3096} INFO - Sync 1 DAGs
[2026-08-11T13:56:08.678+0000] {logging_mixin.py:188} INFO - [2026-08-11T13:56:08.678+0000] {dag.py:3954} INFO - Setting next_dagrun for lap_time_analysis to None, run_after=None
[2026-08-11T13:56:08.703+0000] {processor.py:183} INFO - Processing /opt/airflow/dags/lap_time_analysis.py took 0.430 seconds
[2026-08-11T13:56:41.743+0000] {processor.py:161} INFO - Started process (PID=4055) to work on /opt/airflow/dags/lap_time_analysis.py
[2026-08-11T13:56:41.755+0000] {processor.py:830} INFO - Processing file /opt/airflow/dags/lap_time_analysis.py for tasks to queue
[2026-08-11T13:56:41.764+0000] {logging_mixin.py:188} INFO - [2026-08-11T13:56:41.761+0000] {dagbag.py:545} INFO - Filling up the DagBag from /opt/airflow/dags/lap_time_analysis.py
[2026-08-11T13:56:42.629+0000] {processor.py:840} INFO - DAG(s) 'lap_time_analysis' retrieved from /opt/airflow/dags/lap_time_analysis.py
[2026-08-11T13:56:42.710+0000] {logging_mixin.py:188} INFO - [2026-08-11T13:56:42.709+0000] {dag.py:3096} INFO - Sync 1 DAGs
[2026-08-11T13:56:42.755+0000] {logging_mixin.py:188} INFO - [2026-08-11T13:56:42.754+0000] {dag.py:3954} INFO - Setting next_dagrun for lap_time_analysis to None, run_after=None
[2026-08-11T13:56:42.800+0000] {processor.py:183} INFO - Processing /opt/airflow/dags/lap_time_analysis.py took 1.832 seconds
[2026-08-11T16:49:34.675+0000] {processor.py:161} INFO - Started process (PID=4071) to work on /opt/airflow/dags/lap_time_analysis.py
[2026-08-11T16:49:34.678+0000] {processor.py:830} INFO - Processing file /opt/airflow/dags/lap_time_analysis.py for tasks to queue
[2026-08-11T16:49:34.680+0000] {logging_mixin.py:188} INFO - [2026-08-11T16:49:34.680+0000] {dagbag.py:545} INFO - Filling up the DagBag from /opt/airflow/dags/lap_time_analysis.py
[2026-08-11T16:49:34.796+0000] {processor.py:840} INFO - DAG(s) 'lap_time_analysis' retrieved from /opt/airflow/dags/lap_time_analysis.py
[2026-08-11T16:49:34.831+0000] {logging_mixin.py:188} INFO - [2026-08-11T16:49:34.830+0000] {dag.py:3096} INFO - Sync 1 DAGs
[2026-08-11T16:49:34.892+0000] {logging_mixin.py:188} INFO - [2026-08-11T16:49:34.892+0000] {dag.py:3954} INFO - Setting next_dagrun for lap_time_analysis to None, run_after=None
[2026-08-11T16:49:34.947+0000] {processor.py:183} INFO - Processing /opt/airflow/dags/lap_time_analysis.py took 0.280 seconds
[2026-08-11T16:50:05.944+0000] {processor.py:161} INFO - Started process (PID=4079) to work on /opt/airflow/dags/lap_time_analysis.py
[2026-08-11T16:50:05.950+0000] {processor.py:830} INFO - Processing file /opt/airflow/dags/lap_time_analysis.py for tasks to queue
[2026-08-11T16:50:05.963+0000] {logging_mixin.py:188} INFO - [2026-08-11T16:50:05.955+0000] {dagbag.py:545} INFO - Filling up the DagBag from /opt/airflow/dags/lap_time_analysis.py
[2026-08-11T16:50:06.715+0000] {processor.py:840} INFO - DAG(s) 'lap_time_analysis' retrieved from /opt/airflow/dags/lap_time_analysis.py
[2026-08-11T16:50:06.831+0000] {logging_mixin.py:188} INFO - [2026-08-11T16:50:06.831+0000] {dag.py:3096} INFO - Sync 1 DAGs
[2026-08-11T16:50:06.875+0000] {logging_mixin.py:188} INFO - [2026-08-11T16:50:06.875+0000] {dag.py:3954} INFO - Setting next_dagrun for lap_time_analysis to None, run_after=None
[2026-08-11T16:50:06.944+0000] {processor.py:183} INFO - Processing /opt/airflow/dags/lap_time_analysis.py took 1.125 seconds
[2026-08-11T16:50:37.387+0000] {processor.py:161} INFO - Started process (PID=4097) to work on /opt/airflow/dags/lap_time_analysis.py
[2026-08-11T16:50:37.389+0000] {processor.py:830} INFO - Processing file /opt/airflow/dags/lap_time_analysis.py for tasks to queue
[2026-08-11T16:50:37.392+0000] {logging_mixin.py:188} INFO - [2026-08-11T16:50:37.391+0000] {dagbag.py:545} INFO - Filling up the DagBag from /opt/airflow/dags/lap_time_analysis.py
[2026-08-11T16:50:37.631+0000] {processor.py:840} INFO - DAG(s) 'lap_time_analysis' retrieved from /opt/airflow/dags/lap_time_analysis.py
[2026-08-11T16:50:37.680+0000] {logging_mixin.py:188} INFO - [2026-08-11T16:50:37.679+0000] {dag.py:3096} INFO - Sync 1 DAGs
[2026-08-11T16:50:37.698+0000] {logging_mixin.py:188} INFO - [2026-08-11T16:50:37.698+0000] {dag.py:3954} INFO - Setting next_dagrun for lap_time_analysis to None, run_after=None
[2026-08-11T16:50:37.727+0000] {processor.py:183} INFO - Processing /opt/airflow/dags/lap_time_analysis.py took 0.367 seconds
[2026-08-11T16:51:07.801+0000] {processor.py:161} INFO - Started process (PID=4113) to work on /opt/airflow/dags/lap_time_analysis.py
[2026-08-11T16:51:07.804+0000] {processor.py:830} INFO - Processing file /opt/airflow/dags/lap_time_analysis.py for tasks to queue
[2026-08-11T16:51:07.806+0000] {logging_mixin.py:188} INFO - [2026-08-11T16:51:07.805+0000] {dagbag.py:545} INFO - Filling up the DagBag from /opt/airflow/dags/lap_time_analysis.py
[2026-08-11T16:51:07.950+0000] {processor.py:840} INFO - DAG(s) 'lap_time_analysis' retrieved from /opt/airflow/dags/lap_time_analysis.py
[2026-08-11T16:51:07.992+0000] {logging_mixin.py:188} INFO - [2026-08-11T16:51:07.992+0000] {dag.py:3096} INFO - Sync 1 DAGs
[2026-08-11T16:51:08.011+0000] {logging_mixin.py:188} INFO - [2026-08-11T16:51:08.011+0000] {dag.py:3954} INFO - Setting next_dagrun for lap_time_analysis to None, run_after=None
[2026-08-11T16:51:08.034+0000] {processor.py:183} INFO - Processing /opt/airflow/dags/lap_time_analysis.py took 0.242 seconds
