[2026-08-11T09:01:04.650+0000] {processor.py:161} INFO - Started process (PID=212) to work on /opt/airflow/dags/load_ergast_data.py
[2026-08-11T09:01:04.657+0000] {processor.py:830} INFO - Processing file /opt/airflow/dags/load_ergast_data.py for tasks to queue
[2026-08-11T09:01:04.685+0000] {logging_mixin.py:188} INFO - [2026-08-11T09:01:04.683+0000] {dagbag.py:545} INFO - Filling up the DagBag from /opt/airflow/dags/load_ergast_data.py
[2026-08-11T09:01:06.443+0000] {processor.py:840} INFO - DAG(s) 'load_ergast_data' retrieved from /opt/airflow/dags/load_ergast_data.py
[2026-08-11T09:01:06.524+0000] {logging_mixin.py:188} INFO - [2026-08-11T09:01:06.523+0000] {dag.py:3096} INFO - Sync 1 DAGs
[2026-08-11T09:01:06.551+0000] {logging_mixin.py:188} INFO - [2026-08-11T09:01:06.551+0000] {dag.py:3954} INFO - Setting next_dagrun for load_ergast_data to None, run_after=None
[2026-08-11T09:01:06.582+0000] {processor.py:183} INFO - Processing /opt/airflow/dags/load_ergast_data.py took 1.972 seconds
[2026-08-11T09:01:37.385+0000] {processor.py:161} INFO - Started process (PID=238) to work on /opt/airflow/dags/load_ergast_data.py
[2026-08-11T09:01:37.387+0000] {processor.py:830} INFO - Processing file /opt/airflow/dags/load_ergast_data.py for tasks to queue
[2026-08-11T09:01:37.390+0000] {logging_mixin.py:188} INFO - [2026-08-11T09:01:37.390+0000] {dagbag.py:545} INFO - Filling up the DagBag from /opt/airflow/dags/load_ergast_data.py
[2026-08-11T09:01:38.216+0000] {processor.py:840} INFO - DAG(s) 'load_ergast_data' retrieved from /opt/airflow/dags/load_ergast_data.py
[2026-08-11T09:01:41.468+0000] {logging_mixin.py:188} INFO - [2026-08-11T09:01:41.466+0000] {dag.py:3096} INFO - Sync 1 DAGs
[2026-08-11T09:01:41.489+0000] {logging_mixin.py:188} INFO - [2026-08-11T09:01:41.489+0000] {dag.py:3954} INFO - Setting next_dagrun for load_ergast_data to None, run_after=None
[2026-08-11T09:01:41.528+0000] {processor.py:183} INFO - Processing /opt/airflow/dags/load_ergast_data.py took 4.154 seconds
[2026-08-11T09:02:16.347+0000] {processor.py:161} INFO - Started process (PID=270) to work on /opt/airflow/dags/load_ergast_data.py
[2026-08-11T09:02:16.350+0000] {processor.py:830} INFO - Processing file /opt/airflow/dags/load_ergast_data.py for tasks to queue
[2026-08-11T09:02:16.356+0000] {logging_mixin.py:188} INFO - [2026-08-11T09:02:16.355+0000] {dagbag.py:545} INFO - Filling up the DagBag from /opt/airflow/dags/load_ergast_data.py
[2026-08-11T09:02:17.001+0000] {processor.py:840} INFO - DAG(s) 'load_ergast_data' retrieved from /opt/airflow/dags/load_ergast_data.py
[2026-08-11T09:02:17.030+0000] {logging_mixin.py:188} INFO - [2026-08-11T09:02:17.029+0000] {dag.py:3096} INFO - Sync 1 DAGs
[2026-08-11T09:02:17.042+0000] {logging_mixin.py:188} INFO - [2026-08-11T09:02:17.041+0000] {dag.py:3954} INFO - Setting next_dagrun for load_ergast_data to None, run_after=None
[2026-08-11T09:02:17.060+0000] {processor.py:183} INFO - Processing /opt/airflow/dags/load_ergast_data.py took 0.732 seconds
[2026-08-11T09:02:47.662+0000] {processor.py:161} INFO - Started process (PID=279) to work on /opt/airflow/dags/load_ergast_data.py
[2026-08-11T09:02:47.671+0000] {processor.py:830} INFO - Processing file /opt/airflow/dags/load_ergast_data.py for tasks to queue
[2026-08-11T09:02:47.679+0000] {logging_mixin.py:188} INFO - [2026-08-11T09:02:47.678+0000] {dagbag.py:545} INFO - Filling up the DagBag from /opt/airflow/dags/load_ergast_data.py
[2026-08-11T09:02:48.023+0000] {processor.py:840} INFO - DAG(s) 'load_ergast_data' retrieved from /opt/airflow/dags/load_ergast_data.py
[2026-08-11T09:02:48.060+0000] {logging_mixin.py:188} INFO - [2026-08-11T09:02:48.059+0000] {dag.py:3096} INFO - Sync 1 DAGs
[2026-08-11T09:02:48.109+0000] {logging_mixin.py:188} INFO - [2026-08-11T09:02:48.109+0000] {dag.py:3954} INFO - Setting next_dagrun for load_ergast_data to None, run_after=None
[2026-08-11T09:02:48.135+0000] {processor.py:183} INFO - Processing /opt/airflow/dags/load_ergast_data.py took 0.498 seconds
[2026-08-11T09:03:18.842+0000] {processor.py:161} INFO - Started process (PID=295) to work on /opt/airflow/dags/load_ergast_data.py
[2026-08-11T09:03:18.844+0000] {processor.py:830} INFO - Processing file /opt/airflow/dags/load_ergast_data.py for tasks to queue
[2026-08-11T09:03:18.849+0000] {logging_mixin.py:188} INFO - [2026-08-11T09:03:18.848+0000] {dagbag.py:545} INFO - Filling up the DagBag from /opt/airflow/dags/load_ergast_data.py
[2026-08-11T09:03:19.768+0000] {processor.py:840} INFO - DAG(s) 'load_ergast_data' retrieved from /opt/airflow/dags/load_ergast_data.py
[2026-08-11T09:03:19.858+0000] {logging_mixin.py:188} INFO - [2026-08-11T09:03:19.856+0000] {dag.py:3096} INFO - Sync 1 DAGs
[2026-08-11T09:03:19.886+0000] {logging_mixin.py:188} INFO - [2026-08-11T09:03:19.885+0000] {dag.py:3954} INFO - Setting next_dagrun for load_ergast_data to None, run_after=None
[2026-08-11T09:03:21.781+0000] {processor.py:183} INFO - Processing /opt/airflow/dags/load_ergast_data.py took 2.950 seconds
[2026-08-11T09:03:52.292+0000] {processor.py:161} INFO - Started process (PID=318) to work on /opt/airflow/dags/load_ergast_data.py
[2026-08-11T09:03:52.294+0000] {processor.py:830} INFO - Processing file /opt/airflow/dags/load_ergast_data.py for tasks to queue
[2026-08-11T09:03:52.298+0000] {logging_mixin.py:188} INFO - [2026-08-11T09:03:52.298+0000] {dagbag.py:545} INFO - Filling up the DagBag from /opt/airflow/dags/load_ergast_data.py
[2026-08-11T09:03:52.905+0000] {processor.py:840} INFO - DAG(s) 'load_ergast_data' retrieved from /opt/airflow/dags/load_ergast_data.py
[2026-08-11T09:03:52.986+0000] {logging_mixin.py:188} INFO - [2026-08-11T09:03:52.986+0000] {dag.py:3096} INFO - Sync 1 DAGs
[2026-08-11T09:03:53.030+0000] {logging_mixin.py:188} INFO - [2026-08-11T09:03:53.030+0000] {dag.py:3954} INFO - Setting next_dagrun for load_ergast_data to None, run_after=None
[2026-08-11T09:03:53.127+0000] {processor.py:183} INFO - Processing /opt/airflow/dags/load_ergast_data.py took 0.892 seconds
[2026-08-11T09:04:23.920+0000] {processor.py:161} INFO - Started process (PID=334) to work on /opt/airflow/dags/load_ergast_data.py
[2026-08-11T09:04:23.921+0000] {processor.py:830} INFO - Processing file /opt/airflow/dags/load_ergast_data.py for tasks to queue
[2026-08-11T09:04:23.923+0000] {logging_mixin.py:188} INFO - [2026-08-11T09:04:23.923+0000] {dagbag.py:545} INFO - Filling up the DagBag from /opt/airflow/dags/load_ergast_data.py
[2026-08-11T09:04:24.211+0000] {processor.py:840} INFO - DAG(s) 'load_ergast_data' retrieved from /opt/airflow/dags/load_ergast_data.py
[2026-08-11T09:04:24.241+0000] {logging_mixin.py:188} INFO - [2026-08-11T09:04:24.240+0000] {dag.py:3096} INFO - Sync 1 DAGs
[2026-08-11T09:04:24.258+0000] {logging_mixin.py:188} INFO - [2026-08-11T09:04:24.257+0000] {dag.py:3954} INFO - Setting next_dagrun for load_ergast_data to None, run_after=None
[2026-08-11T09:04:24.286+0000] {processor.py:183} INFO - Processing /opt/airflow/dags/load_ergast_data.py took 0.371 seconds
[2026-08-11T09:04:54.712+0000] {processor.py:161} INFO - Started process (PID=350) to work on /opt/airflow/dags/load_ergast_data.py
[2026-08-11T09:04:54.715+0000] {processor.py:830} INFO - Processing file /opt/airflow/dags/load_ergast_data.py for tasks to queue
[2026-08-11T09:04:54.721+0000] {logging_mixin.py:188} INFO - [2026-08-11T09:04:54.720+0000] {dagbag.py:545} INFO - Filling up the DagBag from /opt/airflow/dags/load_ergast_data.py
[2026-08-11T09:04:55.121+0000] {processor.py:840} INFO - DAG(s) 'load_ergast_data' retrieved from /opt/airflow/dags/load_ergast_data.py
[2026-08-11T09:04:55.146+0000] {logging_mixin.py:188} INFO - [2026-08-11T09:04:55.145+0000] {dag.py:3096} INFO - Sync 1 DAGs
[2026-08-11T09:04:55.157+0000] {logging_mixin.py:188} INFO - [2026-08-11T09:04:55.157+0000] {dag.py:3954} INFO - Setting next_dagrun for load_ergast_data to None, run_after=None
[2026-08-11T09:04:55.174+0000] {processor.py:183} INFO - Processing /opt/airflow/dags/load_ergast_data.py took 0.471 seconds
[2026-08-11T09:05:26.129+0000] {processor.py:161} INFO - Started process (PID=366) to work on /opt/airflow/dags/load_ergast_data.py
[2026-08-11T09:05:26.130+0000] {processor.py:830} INFO - Processing file /opt/airflow/dags/load_ergast_data.py for tasks to queue
[2026-08-11T09:05:26.132+0000] {logging_mixin.py:188} INFO - [2026-08-11T09:05:26.132+0000] {dagbag.py:545} INFO - Filling up the DagBag from /opt/airflow/dags/load_ergast_data.py
[2026-08-11T09:05:26.409+0000] {processor.py:840} INFO - DAG(s) 'load_ergast_data' retrieved from /opt/airflow/dags/load_ergast_data.py
[2026-08-11T09:05:26.446+0000] {logging_mixin.py:188} INFO - [2026-08-11T09:05:26.445+0000] {dag.py:3096} INFO - Sync 1 DAGs
[2026-08-11T09:05:26.466+0000] {logging_mixin.py:188} INFO - [2026-08-11T09:05:26.465+0000] {dag.py:3954} INFO - Setting next_dagrun for load_ergast_data to None, run_after=None
[2026-08-11T09:05:26.484+0000] {processor.py:183} INFO - Processing /opt/airflow/dags/load_ergast_data.py took 0.360 seconds
[2026-08-11T09:05:57.184+0000] {processor.py:161} INFO - Started process (PID=382) to work on /opt/airflow/dags/load_ergast_data.py
[2026-08-11T09:05:57.186+0000] {processor.py:830} INFO - Processing file /opt/airflow/dags/load_ergast_data.py for tasks to queue
[2026-08-11T09:05:57.188+0000] {logging_mixin.py:188} INFO - [2026-08-11T09:05:57.188+0000] {dagbag.py:545} INFO - Filling up the DagBag from /opt/airflow/dags/load_ergast_data.py
[2026-08-11T09:05:57.599+0000] {processor.py:840} INFO - DAG(s) 'load_ergast_data' retrieved from /opt/airflow/dags/load_ergast_data.py
[2026-08-11T09:05:57.636+0000] {logging_mixin.py:188} INFO - [2026-08-11T09:05:57.635+0000] {dag.py:3096} INFO - Sync 1 DAGs
[2026-08-11T09:05:57.651+0000] {logging_mixin.py:188} INFO - [2026-08-11T09:05:57.651+0000] {dag.py:3954} INFO - Setting next_dagrun for load_ergast_data to None, run_after=None
[2026-08-11T09:05:57.671+0000] {processor.py:183} INFO - Processing /opt/airflow/dags/load_ergast_data.py took 0.493 seconds
[2026-08-11T09:06:28.716+0000] {processor.py:161} INFO - Started process (PID=398) to work on /opt/airflow/dags/load_ergast_data.py
[2026-08-11T09:06:28.717+0000] {processor.py:830} INFO - Processing file /opt/airflow/dags/load_ergast_data.py for tasks to queue
[2026-08-11T09:06:28.720+0000] {logging_mixin.py:188} INFO - [2026-08-11T09:06:28.719+0000] {dagbag.py:545} INFO - Filling up the DagBag from /opt/airflow/dags/load_ergast_data.py
[2026-08-11T09:06:28.962+0000] {processor.py:840} INFO - DAG(s) 'load_ergast_data' retrieved from /opt/airflow/dags/load_ergast_data.py
[2026-08-11T09:06:28.990+0000] {logging_mixin.py:188} INFO - [2026-08-11T09:06:28.989+0000] {dag.py:3096} INFO - Sync 1 DAGs
[2026-08-11T09:06:29.004+0000] {logging_mixin.py:188} INFO - [2026-08-11T09:06:29.004+0000] {dag.py:3954} INFO - Setting next_dagrun for load_ergast_data to None, run_after=None
[2026-08-11T09:06:29.028+0000] {processor.py:183} INFO - Processing /opt/airflow/dags/load_ergast_data.py took 0.318 seconds
[2026-08-11T09:06:59.756+0000] {processor.py:161} INFO - Started process (PID=414) to work on /opt/airflow/dags/load_ergast_data.py
[2026-08-11T09:06:59.757+0000] {processor.py:830} INFO - Processing file /opt/airflow/dags/load_ergast_data.py for tasks to queue
[2026-08-11T09:06:59.759+0000] {logging_mixin.py:188} INFO - [2026-08-11T09:06:59.759+0000] {dagbag.py:545} INFO - Filling up the DagBag from /opt/airflow/dags/load_ergast_data.py
[2026-08-11T09:07:00.004+0000] {processor.py:840} INFO - DAG(s) 'load_ergast_data' retrieved from /opt/airflow/dags/load_ergast_data.py
[2026-08-11T09:07:00.031+0000] {logging_mixin.py:188} INFO - [2026-08-11T09:07:00.030+0000] {dag.py:3096} INFO - Sync 1 DAGs
[2026-08-11T09:07:00.060+0000] {logging_mixin.py:188} INFO - [2026-08-11T09:07:00.060+0000] {dag.py:3954} INFO - Setting next_dagrun for load_ergast_data to None, run_after=None
[2026-08-11T09:07:02.081+0000] {processor.py:183} INFO - Processing /opt/airflow/dags/load_ergast_data.py took 2.330 seconds
[2026-08-11T09:07:32.953+0000] {processor.py:161} INFO - Started process (PID=430) to work on /opt/airflow/dags/load_ergast_data.py
[2026-08-11T09:07:32.954+0000] {processor.py:830} INFO - Processing file /opt/airflow/dags/load_ergast_data.py for tasks to queue
[2026-08-11T09:07:32.957+0000] {logging_mixin.py:188} INFO - [2026-08-11T09:07:32.956+0000] {dagbag.py:545} INFO - Filling up the DagBag from /opt/airflow/dags/load_ergast_data.py
[2026-08-11T09:07:33.253+0000] {processor.py:840} INFO - DAG(s) 'load_ergast_data' retrieved from /opt/airflow/dags/load_ergast_data.py
[2026-08-11T09:07:33.286+0000] {logging_mixin.py:188} INFO - [2026-08-11T09:07:33.285+0000] {dag.py:3096} INFO - Sync 1 DAGs
[2026-08-11T09:07:33.300+0000] {logging_mixin.py:188} INFO - [2026-08-11T09:07:33.300+0000] {dag.py:3954} INFO - Setting next_dagrun for load_ergast_data to None, run_after=None
[2026-08-11T09:07:33.318+0000] {processor.py:183} INFO - Processing /opt/airflow/dags/load_ergast_data.py took 0.372 seconds
[2026-08-11T09:08:03.627+0000] {processor.py:161} INFO - Started process (PID=446) to work on /opt/airflow/dags/load_ergast_data.py
[2026-08-11T09:08:03.628+0000] {processor.py:830} INFO - Processing file /opt/airflow/dags/load_ergast_data.py for tasks to queue
[2026-08-11T09:08:03.633+0000] {logging_mixin.py:188} INFO - [2026-08-11T09:08:03.633+0000] {dagbag.py:545} INFO - Filling up the DagBag from /opt/airflow/dags/load_ergast_data.py
[2026-08-11T09:08:04.109+0000] {processor.py:840} INFO - DAG(s) 'load_ergast_data' retrieved from /opt/airflow/dags/load_ergast_data.py
[2026-08-11T09:08:04.184+0000] {logging_mixin.py:188} INFO - [2026-08-11T09:08:04.183+0000] {dag.py:3096} INFO - Sync 1 DAGs
[2026-08-11T09:08:04.213+0000] {logging_mixin.py:188} INFO - [2026-08-11T09:08:04.212+0000] {dag.py:3954} INFO - Setting next_dagrun for load_ergast_data to None, run_after=None
[2026-08-11T09:08:04.249+0000] {processor.py:183} INFO - Processing /opt/airflow/dags/load_ergast_data.py took 0.628 seconds
[2026-08-11T09:08:39.801+0000] {processor.py:161} INFO - Started process (PID=585) to work on /opt/airflow/dags/load_ergast_data.py
[2026-08-11T09:08:39.808+0000] {processor.py:830} INFO - Processing file /opt/airflow/dags/load_ergast_data.py for tasks to queue
[2026-08-11T09:08:39.816+0000] {logging_mixin.py:188} INFO - [2026-08-11T09:08:39.815+0000] {dagbag.py:545} INFO - Filling up the DagBag from /opt/airflow/dags/load_ergast_data.py
[2026-08-11T09:08:43.590+0000] {processor.py:840} INFO - DAG(s) 'load_ergast_data' retrieved from /opt/airflow/dags/load_ergast_data.py
[2026-08-11T09:08:43.852+0000] {logging_mixin.py:188} INFO - [2026-08-11T09:08:43.850+0000] {dag.py:3096} INFO - Sync 1 DAGs
[2026-08-11T09:08:43.970+0000] {logging_mixin.py:188} INFO - [2026-08-11T09:08:43.969+0000] {dag.py:3954} INFO - Setting next_dagrun for load_ergast_data to None, run_after=None
[2026-08-11T09:08:44.110+0000] {processor.py:183} INFO - Processing /opt/airflow/dags/load_ergast_data.py took 4.321 seconds
[2026-08-11T09:09:26.730+0000] {processor.py:161} INFO - Started process (PID=698) to work on /opt/airflow/dags/load_ergast_data.py
[2026-08-11T09:09:26.733+0000] {processor.py:830} INFO - Processing file /opt/airflow/dags/load_ergast_data.py for tasks to queue
[2026-08-11T09:09:26.747+0000] {logging_mixin.py:188} INFO - [2026-08-11T09:09:26.746+0000] {dagbag.py:545} INFO - Filling up the DagBag from /opt/airflow/dags/load_ergast_data.py
[2026-08-11T09:09:32.320+0000] {processor.py:840} INFO - DAG(s) 'load_ergast_data' retrieved from /opt/airflow/dags/load_ergast_data.py
[2026-08-11T09:09:32.492+0000] {logging_mixin.py:188} INFO - [2026-08-11T09:09:32.489+0000] {dag.py:3096} INFO - Sync 1 DAGs
[2026-08-11T09:09:32.619+0000] {logging_mixin.py:188} INFO - [2026-08-11T09:09:32.617+0000] {dag.py:3954} INFO - Setting next_dagrun for load_ergast_data to None, run_after=None
[2026-08-11T09:09:32.806+0000] {processor.py:183} INFO - Processing /opt/airflow/dags/load_ergast_data.py took 6.092 seconds
[2026-08-11T09:10:15.803+0000] {processor.py:161} INFO - Started process (PID=840) to work on /opt/airflow/dags/load_ergast_data.py
[2026-08-11T09:10:15.899+0000] {processor.py:830} INFO - Processing file /opt/airflow/dags/load_ergast_data.py for tasks to queue
[2026-08-11T09:10:16.051+0000] {logging_mixin.py:188} INFO - [2026-08-11T09:10:16.049+0000] {dagbag.py:545} INFO - Filling up the DagBag from /opt/airflow/dags/load_ergast_data.py
[2026-08-11T09:10:21.888+0000] {processor.py:840} INFO - DAG(s) 'load_ergast_data' retrieved from /opt/airflow/dags/load_ergast_data.py
[2026-08-11T09:10:22.256+0000] {logging_mixin.py:188} INFO - [2026-08-11T09:10:22.255+0000] {dag.py:3096} INFO - Sync 1 DAGs
[2026-08-11T09:10:22.445+0000] {logging_mixin.py:188} INFO - [2026-08-11T09:10:22.444+0000] {dag.py:3954} INFO - Setting next_dagrun for load_ergast_data to None, run_after=None
[2026-08-11T09:10:28.994+0000] {processor.py:183} INFO - Processing /opt/airflow/dags/load_ergast_data.py took 13.283 seconds
[2026-08-11T09:10:59.597+0000] {processor.py:161} INFO - Started process (PID=938) to work on /opt/airflow/dags/load_ergast_data.py
[2026-08-11T09:10:59.599+0000] {processor.py:830} INFO - Processing file /opt/airflow/dags/load_ergast_data.py for tasks to queue
[2026-08-11T09:10:59.603+0000] {logging_mixin.py:188} INFO - [2026-08-11T09:10:59.603+0000] {dagbag.py:545} INFO - Filling up the DagBag from /opt/airflow/dags/load_ergast_data.py
[2026-08-11T09:11:00.732+0000] {processor.py:840} INFO - DAG(s) 'load_ergast_data' retrieved from /opt/airflow/dags/load_ergast_data.py
[2026-08-11T09:11:00.878+0000] {logging_mixin.py:188} INFO - [2026-08-11T09:11:00.876+0000] {dag.py:3096} INFO - Sync 1 DAGs
[2026-08-11T09:11:00.990+0000] {logging_mixin.py:188} INFO - [2026-08-11T09:11:00.989+0000] {dag.py:3954} INFO - Setting next_dagrun for load_ergast_data to None, run_after=None
[2026-08-11T09:11:01.088+0000] {processor.py:183} INFO - Processing /opt/airflow/dags/load_ergast_data.py took 1.497 seconds
[2026-08-11T09:11:31.751+0000] {processor.py:161} INFO - Started process (PID=954) to work on /opt/airflow/dags/load_ergast_data.py
[2026-08-11T09:11:31.753+0000] {processor.py:830} INFO - Processing file /opt/airflow/dags/load_ergast_data.py for tasks to queue
[2026-08-11T09:11:31.755+0000] {logging_mixin.py:188} INFO - [2026-08-11T09:11:31.755+0000] {dagbag.py:545} INFO - Filling up the DagBag from /opt/airflow/dags/load_ergast_data.py
[2026-08-11T09:11:33.637+0000] {processor.py:840} INFO - DAG(s) 'load_ergast_data' retrieved from /opt/airflow/dags/load_ergast_data.py
[2026-08-11T09:11:33.912+0000] {logging_mixin.py:188} INFO - [2026-08-11T09:11:33.911+0000] {dag.py:3096} INFO - Sync 1 DAGs
[2026-08-11T09:11:34.016+0000] {logging_mixin.py:188} INFO - [2026-08-11T09:11:34.015+0000] {dag.py:3954} INFO - Setting next_dagrun for load_ergast_data to None, run_after=None
[2026-08-11T09:11:34.087+0000] {processor.py:183} INFO - Processing /opt/airflow/dags/load_ergast_data.py took 2.342 seconds
[2026-08-11T09:12:04.744+0000] {processor.py:161} INFO - Started process (PID=970) to work on /opt/airflow/dags/load_ergast_data.py
[2026-08-11T09:12:04.746+0000] {processor.py:830} INFO - Processing file /opt/airflow/dags/load_ergast_data.py for tasks to queue
[2026-08-11T09:12:04.750+0000] {logging_mixin.py:188} INFO - [2026-08-11T09:12:04.750+0000] {dagbag.py:545} INFO - Filling up the DagBag from /opt/airflow/dags/load_ergast_data.py
[2026-08-11T09:12:06.255+0000] {processor.py:840} INFO - DAG(s) 'load_ergast_data' retrieved from /opt/airflow/dags/load_ergast_data.py
[2026-08-11T09:12:06.466+0000] {logging_mixin.py:188} INFO - [2026-08-11T09:12:06.465+0000] {dag.py:3096} INFO - Sync 1 DAGs
[2026-08-11T09:12:06.559+0000] {logging_mixin.py:188} INFO - [2026-08-11T09:12:06.558+0000] {dag.py:3954} INFO - Setting next_dagrun for load_ergast_data to None, run_after=None
[2026-08-11T09:12:06.658+0000] {processor.py:183} INFO - Processing /opt/airflow/dags/load_ergast_data.py took 1.924 seconds
[2026-08-11T09:12:36.784+0000] {processor.py:161} INFO - Started process (PID=986) to work on /opt/airflow/dags/load_ergast_data.py
[2026-08-11T09:12:36.810+0000] {processor.py:830} INFO - Processing file /opt/airflow/dags/load_ergast_data.py for tasks to queue
[2026-08-11T09:12:36.814+0000] {logging_mixin.py:188} INFO - [2026-08-11T09:12:36.814+0000] {dagbag.py:545} INFO - Filling up the DagBag from /opt/airflow/dags/load_ergast_data.py
[2026-08-11T09:12:37.379+0000] {processor.py:840} INFO - DAG(s) 'load_ergast_data' retrieved from /opt/airflow/dags/load_ergast_data.py
[2026-08-11T09:12:37.568+0000] {logging_mixin.py:188} INFO - [2026-08-11T09:12:37.566+0000] {dag.py:3096} INFO - Sync 1 DAGs
[2026-08-11T09:12:37.688+0000] {logging_mixin.py:188} INFO - [2026-08-11T09:12:37.687+0000] {dag.py:3954} INFO - Setting next_dagrun for load_ergast_data to None, run_after=None
[2026-08-11T09:12:37.798+0000] {processor.py:183} INFO - Processing /opt/airflow/dags/load_ergast_data.py took 1.024 seconds
[2026-08-11T09:13:08.837+0000] {processor.py:161} INFO - Started process (PID=1002) to work on /opt/airflow/dags/load_ergast_data.py
[2026-08-11T09:13:08.842+0000] {processor.py:830} INFO - Processing file /opt/airflow/dags/load_ergast_data.py for tasks to queue
[2026-08-11T09:13:08.853+0000] {logging_mixin.py:188} INFO - [2026-08-11T09:13:08.852+0000] {dagbag.py:545} INFO - Filling up the DagBag from /opt/airflow/dags/load_ergast_data.py
[2026-08-11T09:13:12.027+0000] {processor.py:840} INFO - DAG(s) 'load_ergast_data' retrieved from /opt/airflow/dags/load_ergast_data.py
[2026-08-11T09:13:13.034+0000] {logging_mixin.py:188} INFO - [2026-08-11T09:13:13.033+0000] {dag.py:3096} INFO - Sync 1 DAGs
[2026-08-11T09:13:13.123+0000] {logging_mixin.py:188} INFO - [2026-08-11T09:13:13.123+0000] {dag.py:3954} INFO - Setting next_dagrun for load_ergast_data to None, run_after=None
[2026-08-11T09:13:13.206+0000] {processor.py:183} INFO - Processing /opt/airflow/dags/load_ergast_data.py took 4.419 seconds
[2026-08-11T09:13:43.765+0000] {processor.py:161} INFO - Started process (PID=1018) to work on /opt/airflow/dags/load_ergast_data.py
[2026-08-11T09:13:43.768+0000] {processor.py:830} INFO - Processing file /opt/airflow/dags/load_ergast_data.py for tasks to queue
[2026-08-11T09:13:43.771+0000] {logging_mixin.py:188} INFO - [2026-08-11T09:13:43.771+0000] {dagbag.py:545} INFO - Filling up the DagBag from /opt/airflow/dags/load_ergast_data.py
[2026-08-11T09:13:44.533+0000] {processor.py:840} INFO - DAG(s) 'load_ergast_data' retrieved from /opt/airflow/dags/load_ergast_data.py
[2026-08-11T09:13:44.601+0000] {logging_mixin.py:188} INFO - [2026-08-11T09:13:44.600+0000] {dag.py:3096} INFO - Sync 1 DAGs
[2026-08-11T09:13:44.676+0000] {logging_mixin.py:188} INFO - [2026-08-11T09:13:44.675+0000] {dag.py:3954} INFO - Setting next_dagrun for load_ergast_data to None, run_after=None
[2026-08-11T09:13:47.665+0000] {processor.py:183} INFO - Processing /opt/airflow/dags/load_ergast_data.py took 3.912 seconds
[2026-08-11T09:14:17.826+0000] {processor.py:161} INFO - Started process (PID=1034) to work on /opt/airflow/dags/load_ergast_data.py
[2026-08-11T09:14:17.827+0000] {processor.py:830} INFO - Processing file /opt/airflow/dags/load_ergast_data.py for tasks to queue
[2026-08-11T09:14:17.830+0000] {logging_mixin.py:188} INFO - [2026-08-11T09:14:17.829+0000] {dagbag.py:545} INFO - Filling up the DagBag from /opt/airflow/dags/load_ergast_data.py
[2026-08-11T09:14:18.248+0000] {processor.py:840} INFO - DAG(s) 'load_ergast_data' retrieved from /opt/airflow/dags/load_ergast_data.py
[2026-08-11T09:14:18.290+0000] {logging_mixin.py:188} INFO - [2026-08-11T09:14:18.289+0000] {dag.py:3096} INFO - Sync 1 DAGs
[2026-08-11T09:14:18.314+0000] {logging_mixin.py:188} INFO - [2026-08-11T09:14:18.313+0000] {dag.py:3954} INFO - Setting next_dagrun for load_ergast_data to None, run_after=None
[2026-08-11T09:14:18.388+0000] {processor.py:183} INFO - Processing /opt/airflow/dags/load_ergast_data.py took 0.569 seconds
[2026-08-11T09:14:49.280+0000] {processor.py:161} INFO - Started process (PID=1050) to work on /opt/airflow/dags/load_ergast_data.py
[2026-08-11T09:14:49.282+0000] {processor.py:830} INFO - Processing file /opt/airflow/dags/load_ergast_data.py for tasks to queue
[2026-08-11T09:14:49.285+0000] {logging_mixin.py:188} INFO - [2026-08-11T09:14:49.284+0000] {dagbag.py:545} INFO - Filling up the DagBag from /opt/airflow/dags/load_ergast_data.py
[2026-08-11T09:14:49.569+0000] {processor.py:840} INFO - DAG(s) 'load_ergast_data' retrieved from /opt/airflow/dags/load_ergast_data.py
[2026-08-11T09:14:49.597+0000] {logging_mixin.py:188} INFO - [2026-08-11T09:14:49.596+0000] {dag.py:3096} INFO - Sync 1 DAGs
[2026-08-11T09:14:49.610+0000] {logging_mixin.py:188} INFO - [2026-08-11T09:14:49.609+0000] {dag.py:3954} INFO - Setting next_dagrun for load_ergast_data to None, run_after=None
[2026-08-11T09:14:49.630+0000] {processor.py:183} INFO - Processing /opt/airflow/dags/load_ergast_data.py took 0.357 seconds
[2026-08-11T09:15:20.616+0000] {processor.py:161} INFO - Started process (PID=1066) to work on /opt/airflow/dags/load_ergast_data.py
[2026-08-11T09:15:20.617+0000] {processor.py:830} INFO - Processing file /opt/airflow/dags/load_ergast_data.py for tasks to queue
[2026-08-11T09:15:20.619+0000] {logging_mixin.py:188} INFO - [2026-08-11T09:15:20.619+0000] {dagbag.py:545} INFO - Filling up the DagBag from /opt/airflow/dags/load_ergast_data.py
[2026-08-11T09:15:20.869+0000] {processor.py:840} INFO - DAG(s) 'load_ergast_data' retrieved from /opt/airflow/dags/load_ergast_data.py
[2026-08-11T09:15:20.899+0000] {logging_mixin.py:188} INFO - [2026-08-11T09:15:20.898+0000] {dag.py:3096} INFO - Sync 1 DAGs
[2026-08-11T09:15:20.910+0000] {logging_mixin.py:188} INFO - [2026-08-11T09:15:20.910+0000] {dag.py:3954} INFO - Setting next_dagrun for load_ergast_data to None, run_after=None
[2026-08-11T09:15:20.933+0000] {processor.py:183} INFO - Processing /opt/airflow/dags/load_ergast_data.py took 0.322 seconds
[2026-08-11T09:15:51.913+0000] {processor.py:161} INFO - Started process (PID=1082) to work on /opt/airflow/dags/load_ergast_data.py
[2026-08-11T09:15:51.915+0000] {processor.py:830} INFO - Processing file /opt/airflow/dags/load_ergast_data.py for tasks to queue
[2026-08-11T09:15:51.917+0000] {logging_mixin.py:188} INFO - [2026-08-11T09:15:51.917+0000] {dagbag.py:545} INFO - Filling up the DagBag from /opt/airflow/dags/load_ergast_data.py
[2026-08-11T09:15:52.328+0000] {processor.py:840} INFO - DAG(s) 'load_ergast_data' retrieved from /opt/airflow/dags/load_ergast_data.py
[2026-08-11T09:15:52.432+0000] {logging_mixin.py:188} INFO - [2026-08-11T09:15:52.431+0000] {dag.py:3096} INFO - Sync 1 DAGs
[2026-08-11T09:15:52.489+0000] {logging_mixin.py:188} INFO - [2026-08-11T09:15:52.489+0000] {dag.py:3954} INFO - Setting next_dagrun for load_ergast_data to None, run_after=None
[2026-08-11T09:15:52.544+0000] {processor.py:183} INFO - Processing /opt/airflow/dags/load_ergast_data.py took 0.637 seconds
[2026-08-11T09:16:22.636+0000] {processor.py:161} INFO - Started process (PID=1098) to work on /opt/airflow/dags/load_ergast_data.py
[2026-08-11T09:16:22.637+0000] {processor.py:830} INFO - Processing file /opt/airflow/dags/load_ergast_data.py for tasks to queue
[2026-08-11T09:16:22.640+0000] {logging_mixin.py:188} INFO - [2026-08-11T09:16:22.640+0000] {dagbag.py:545} INFO - Filling up the DagBag from /opt/airflow/dags/load_ergast_data.py
[2026-08-11T09:16:22.902+0000] {processor.py:840} INFO - DAG(s) 'load_ergast_data' retrieved from /opt/airflow/dags/load_ergast_data.py
[2026-08-11T09:16:22.927+0000] {logging_mixin.py:188} INFO - [2026-08-11T09:16:22.927+0000] {dag.py:3096} INFO - Sync 1 DAGs
[2026-08-11T09:16:22.938+0000] {logging_mixin.py:188} INFO - [2026-08-11T09:16:22.938+0000] {dag.py:3954} INFO - Setting next_dagrun for load_ergast_data to None, run_after=None
[2026-08-11T09:16:24.033+0000] {processor.py:183} INFO - Processing /opt/airflow/dags/load_ergast_data.py took 1.403 seconds
[2026-08-11T09:16:54.155+0000] {processor.py:161} INFO - Started process (PID=1114) to work on /opt/airflow/dags/load_ergast_data.py
[2026-08-11T09:16:54.157+0000] {processor.py:830} INFO - Processing file /opt/airflow/dags/load_ergast_data.py for tasks to queue
[2026-08-11T09:16:54.163+0000] {logging_mixin.py:188} INFO - [2026-08-11T09:16:54.163+0000] {dagbag.py:545} INFO - Filling up the DagBag from /opt/airflow/dags/load_ergast_data.py
[2026-08-11T09:16:54.496+0000] {processor.py:840} INFO - DAG(s) 'load_ergast_data' retrieved from /opt/airflow/dags/load_ergast_data.py
[2026-08-11T09:16:54.521+0000] {logging_mixin.py:188} INFO - [2026-08-11T09:16:54.521+0000] {dag.py:3096} INFO - Sync 1 DAGs
[2026-08-11T09:16:54.536+0000] {logging_mixin.py:188} INFO - [2026-08-11T09:16:54.536+0000] {dag.py:3954} INFO - Setting next_dagrun for load_ergast_data to None, run_after=None
[2026-08-11T09:16:54.751+0000] {processor.py:183} INFO - Processing /opt/airflow/dags/load_ergast_data.py took 0.601 seconds
[2026-08-11T09:17:25.711+0000] {processor.py:161} INFO - Started process (PID=1130) to work on /opt/airflow/dags/load_ergast_data.py
[2026-08-11T09:17:25.712+0000] {processor.py:830} INFO - Processing file /opt/airflow/dags/load_ergast_data.py for tasks to queue
[2026-08-11T09:17:25.715+0000] {logging_mixin.py:188} INFO - [2026-08-11T09:17:25.714+0000] {dagbag.py:545} INFO - Filling up the DagBag from /opt/airflow/dags/load_ergast_data.py
[2026-08-11T09:17:26.002+0000] {processor.py:840} INFO - DAG(s) 'load_ergast_data' retrieved from /opt/airflow/dags/load_ergast_data.py
[2026-08-11T09:17:26.050+0000] {logging_mixin.py:188} INFO - [2026-08-11T09:17:26.046+0000] {dag.py:3096} INFO - Sync 1 DAGs
[2026-08-11T09:17:26.091+0000] {logging_mixin.py:188} INFO - [2026-08-11T09:17:26.091+0000] {dag.py:3954} INFO - Setting next_dagrun for load_ergast_data to None, run_after=None
[2026-08-11T09:17:26.119+0000] {processor.py:183} INFO - Processing /opt/airflow/dags/load_ergast_data.py took 0.414 seconds
[2026-08-11T09:17:56.181+0000] {processor.py:161} INFO - Started process (PID=1146) to work on /opt/airflow/dags/load_ergast_data.py
[2026-08-11T09:17:56.183+0000] {processor.py:830} INFO - Processing file /opt/airflow/dags/load_ergast_data.py for tasks to queue
[2026-08-11T09:17:56.185+0000] {logging_mixin.py:188} INFO - [2026-08-11T09:17:56.185+0000] {dagbag.py:545} INFO - Filling up the DagBag from /opt/airflow/dags/load_ergast_data.py
[2026-08-11T09:17:56.540+0000] {processor.py:840} INFO - DAG(s) 'load_ergast_data' retrieved from /opt/airflow/dags/load_ergast_data.py
[2026-08-11T09:17:56.572+0000] {logging_mixin.py:188} INFO - [2026-08-11T09:17:56.571+0000] {dag.py:3096} INFO - Sync 1 DAGs
[2026-08-11T09:17:56.588+0000] {logging_mixin.py:188} INFO - [2026-08-11T09:17:56.588+0000] {dag.py:3954} INFO - Setting next_dagrun for load_ergast_data to None, run_after=None
[2026-08-11T09:17:56.611+0000] {processor.py:183} INFO - Processing /opt/airflow/dags/load_ergast_data.py took 0.436 seconds
[2026-08-11T09:18:26.748+0000] {processor.py:161} INFO - Started process (PID=1162) to work on /opt/airflow/dags/load_ergast_data.py
[2026-08-11T09:18:26.751+0000] {processor.py:830} INFO - Processing file /opt/airflow/dags/load_ergast_data.py for tasks to queue
[2026-08-11T09:18:26.769+0000] {logging_mixin.py:188} INFO - [2026-08-11T09:18:26.767+0000] {dagbag.py:545} INFO - Filling up the DagBag from /opt/airflow/dags/load_ergast_data.py
[2026-08-11T09:18:27.414+0000] {processor.py:840} INFO - DAG(s) 'load_ergast_data' retrieved from /opt/airflow/dags/load_ergast_data.py
[2026-08-11T09:18:27.486+0000] {logging_mixin.py:188} INFO - [2026-08-11T09:18:27.485+0000] {dag.py:3096} INFO - Sync 1 DAGs
[2026-08-11T09:18:27.527+0000] {logging_mixin.py:188} INFO - [2026-08-11T09:18:27.526+0000] {dag.py:3954} INFO - Setting next_dagrun for load_ergast_data to None, run_after=None
[2026-08-11T09:18:27.567+0000] {processor.py:183} INFO - Processing /opt/airflow/dags/load_ergast_data.py took 0.847 seconds
[2026-08-11T09:18:57.779+0000] {processor.py:161} INFO - Started process (PID=1178) to work on /opt/airflow/dags/load_ergast_data.py
[2026-08-11T09:18:57.781+0000] {processor.py:830} INFO - Processing file /opt/airflow/dags/load_ergast_data.py for tasks to queue
[2026-08-11T09:18:57.784+0000] {logging_mixin.py:188} INFO - [2026-08-11T09:18:57.784+0000] {dagbag.py:545} INFO - Filling up the DagBag from /opt/airflow/dags/load_ergast_data.py
[2026-08-11T09:18:58.310+0000] {processor.py:840} INFO - DAG(s) 'load_ergast_data' retrieved from /opt/airflow/dags/load_ergast_data.py
[2026-08-11T09:18:58.345+0000] {logging_mixin.py:188} INFO - [2026-08-11T09:18:58.345+0000] {dag.py:3096} INFO - Sync 1 DAGs
[2026-08-11T09:18:58.359+0000] {logging_mixin.py:188} INFO - [2026-08-11T09:18:58.359+0000] {dag.py:3954} INFO - Setting next_dagrun for load_ergast_data to None, run_after=None
[2026-08-11T09:18:58.387+0000] {processor.py:183} INFO - Processing /opt/airflow/dags/load_ergast_data.py took 0.618 seconds
[2026-08-11T09:19:28.550+0000] {processor.py:161} INFO - Started process (PID=1194) to work on /opt/airflow/dags/load_ergast_data.py
[2026-08-11T09:19:28.551+0000] {processor.py:830} INFO - Processing file /opt/airflow/dags/load_ergast_data.py for tasks to queue
[2026-08-11T09:19:28.554+0000] {logging_mixin.py:188} INFO - [2026-08-11T09:19:28.554+0000] {dagbag.py:545} INFO - Filling up the DagBag from /opt/airflow/dags/load_ergast_data.py
[2026-08-11T09:19:28.899+0000] {processor.py:840} INFO - DAG(s) 'load_ergast_data' retrieved from /opt/airflow/dags/load_ergast_data.py
[2026-08-11T09:19:28.939+0000] {logging_mixin.py:188} INFO - [2026-08-11T09:19:28.938+0000] {dag.py:3096} INFO - Sync 1 DAGs
[2026-08-11T09:19:28.962+0000] {logging_mixin.py:188} INFO - [2026-08-11T09:19:28.962+0000] {dag.py:3954} INFO - Setting next_dagrun for load_ergast_data to None, run_after=None
[2026-08-11T09:19:28.994+0000] {processor.py:183} INFO - Processing /opt/airflow/dags/load_ergast_data.py took 0.451 seconds
[2026-08-11T09:19:59.063+0000] {processor.py:161} INFO - Started process (PID=1210) to work on /opt/airflow/dags/load_ergast_data.py
[2026-08-11T09:19:59.065+0000] {processor.py:830} INFO - Processing file /opt/airflow/dags/load_ergast_data.py for tasks to queue
[2026-08-11T09:19:59.067+0000] {logging_mixin.py:188} INFO - [2026-08-11T09:19:59.067+0000] {dagbag.py:545} INFO - Filling up the DagBag from /opt/airflow/dags/load_ergast_data.py
[2026-08-11T09:19:59.331+0000] {processor.py:840} INFO - DAG(s) 'load_ergast_data' retrieved from /opt/airflow/dags/load_ergast_data.py
[2026-08-11T09:19:59.362+0000] {logging_mixin.py:188} INFO - [2026-08-11T09:19:59.362+0000] {dag.py:3096} INFO - Sync 1 DAGs
[2026-08-11T09:19:59.376+0000] {logging_mixin.py:188} INFO - [2026-08-11T09:19:59.376+0000] {dag.py:3954} INFO - Setting next_dagrun for load_ergast_data to None, run_after=None
[2026-08-11T09:19:59.963+0000] {processor.py:183} INFO - Processing /opt/airflow/dags/load_ergast_data.py took 0.907 seconds
[2026-08-11T09:20:30.715+0000] {processor.py:161} INFO - Started process (PID=1226) to work on /opt/airflow/dags/load_ergast_data.py
[2026-08-11T09:20:30.716+0000] {processor.py:830} INFO - Processing file /opt/airflow/dags/load_ergast_data.py for tasks to queue
[2026-08-11T09:20:30.719+0000] {logging_mixin.py:188} INFO - [2026-08-11T09:20:30.719+0000] {dagbag.py:545} INFO - Filling up the DagBag from /opt/airflow/dags/load_ergast_data.py
[2026-08-11T09:20:30.980+0000] {processor.py:840} INFO - DAG(s) 'load_ergast_data' retrieved from /opt/airflow/dags/load_ergast_data.py
[2026-08-11T09:20:31.015+0000] {logging_mixin.py:188} INFO - [2026-08-11T09:20:31.013+0000] {dag.py:3096} INFO - Sync 1 DAGs
[2026-08-11T09:20:31.192+0000] {logging_mixin.py:188} INFO - [2026-08-11T09:20:31.191+0000] {dag.py:3954} INFO - Setting next_dagrun for load_ergast_data to None, run_after=None
[2026-08-11T09:20:31.215+0000] {processor.py:183} INFO - Processing /opt/airflow/dags/load_ergast_data.py took 0.507 seconds
[2026-08-11T09:21:01.981+0000] {processor.py:161} INFO - Started process (PID=1242) to work on /opt/airflow/dags/load_ergast_data.py
[2026-08-11T09:21:01.983+0000] {processor.py:830} INFO - Processing file /opt/airflow/dags/load_ergast_data.py for tasks to queue
[2026-08-11T09:21:01.987+0000] {logging_mixin.py:188} INFO - [2026-08-11T09:21:01.986+0000] {dagbag.py:545} INFO - Filling up the DagBag from /opt/airflow/dags/load_ergast_data.py
[2026-08-11T09:21:02.314+0000] {processor.py:840} INFO - DAG(s) 'load_ergast_data' retrieved from /opt/airflow/dags/load_ergast_data.py
[2026-08-11T09:21:02.339+0000] {logging_mixin.py:188} INFO - [2026-08-11T09:21:02.338+0000] {dag.py:3096} INFO - Sync 1 DAGs
[2026-08-11T09:21:02.350+0000] {logging_mixin.py:188} INFO - [2026-08-11T09:21:02.350+0000] {dag.py:3954} INFO - Setting next_dagrun for load_ergast_data to None, run_after=None
[2026-08-11T09:21:02.371+0000] {processor.py:183} INFO - Processing /opt/airflow/dags/load_ergast_data.py took 0.401 seconds
[2026-08-11T09:21:33.219+0000] {processor.py:161} INFO - Started process (PID=1258) to work on /opt/airflow/dags/load_ergast_data.py
[2026-08-11T09:21:33.220+0000] {processor.py:830} INFO - Processing file /opt/airflow/dags/load_ergast_data.py for tasks to queue
[2026-08-11T09:21:33.222+0000] {logging_mixin.py:188} INFO - [2026-08-11T09:21:33.222+0000] {dagbag.py:545} INFO - Filling up the DagBag from /opt/airflow/dags/load_ergast_data.py
[2026-08-11T09:21:33.476+0000] {processor.py:840} INFO - DAG(s) 'load_ergast_data' retrieved from /opt/airflow/dags/load_ergast_data.py
[2026-08-11T09:21:33.502+0000] {logging_mixin.py:188} INFO - [2026-08-11T09:21:33.501+0000] {dag.py:3096} INFO - Sync 1 DAGs
[2026-08-11T09:21:33.513+0000] {logging_mixin.py:188} INFO - [2026-08-11T09:21:33.513+0000] {dag.py:3954} INFO - Setting next_dagrun for load_ergast_data to None, run_after=None
[2026-08-11T09:21:33.532+0000] {processor.py:183} INFO - Processing /opt/airflow/dags/load_ergast_data.py took 0.320 seconds
[2026-08-11T09:22:04.190+0000] {processor.py:161} INFO - Started process (PID=1274) to work on /opt/airflow/dags/load_ergast_data.py
[2026-08-11T09:22:04.191+0000] {processor.py:830} INFO - Processing file /opt/airflow/dags/load_ergast_data.py for tasks to queue
[2026-08-11T09:22:04.193+0000] {logging_mixin.py:188} INFO - [2026-08-11T09:22:04.193+0000] {dagbag.py:545} INFO - Filling up the DagBag from /opt/airflow/dags/load_ergast_data.py
[2026-08-11T09:22:04.478+0000] {processor.py:840} INFO - DAG(s) 'load_ergast_data' retrieved from /opt/airflow/dags/load_ergast_data.py
[2026-08-11T09:22:04.502+0000] {logging_mixin.py:188} INFO - [2026-08-11T09:22:04.502+0000] {dag.py:3096} INFO - Sync 1 DAGs
[2026-08-11T09:22:04.516+0000] {logging_mixin.py:188} INFO - [2026-08-11T09:22:04.515+0000] {dag.py:3954} INFO - Setting next_dagrun for load_ergast_data to None, run_after=None
[2026-08-11T09:22:04.536+0000] {processor.py:183} INFO - Processing /opt/airflow/dags/load_ergast_data.py took 0.353 seconds
[2026-08-11T09:22:35.484+0000] {processor.py:161} INFO - Started process (PID=1290) to work on /opt/airflow/dags/load_ergast_data.py
[2026-08-11T09:22:35.485+0000] {processor.py:830} INFO - Processing file /opt/airflow/dags/load_ergast_data.py for tasks to queue
[2026-08-11T09:22:35.491+0000] {logging_mixin.py:188} INFO - [2026-08-11T09:22:35.490+0000] {dagbag.py:545} INFO - Filling up the DagBag from /opt/airflow/dags/load_ergast_data.py
[2026-08-11T09:22:35.745+0000] {processor.py:840} INFO - DAG(s) 'load_ergast_data' retrieved from /opt/airflow/dags/load_ergast_data.py
[2026-08-11T09:22:35.769+0000] {logging_mixin.py:188} INFO - [2026-08-11T09:22:35.768+0000] {dag.py:3096} INFO - Sync 1 DAGs
[2026-08-11T09:22:35.781+0000] {logging_mixin.py:188} INFO - [2026-08-11T09:22:35.781+0000] {dag.py:3954} INFO - Setting next_dagrun for load_ergast_data to None, run_after=None
[2026-08-11T09:22:35.801+0000] {processor.py:183} INFO - Processing /opt/airflow/dags/load_ergast_data.py took 0.324 seconds
[2026-08-11T09:23:06.838+0000] {processor.py:161} INFO - Started process (PID=1306) to work on /opt/airflow/dags/load_ergast_data.py
[2026-08-11T09:23:06.839+0000] {processor.py:830} INFO - Processing file /opt/airflow/dags/load_ergast_data.py for tasks to queue
[2026-08-11T09:23:06.842+0000] {logging_mixin.py:188} INFO - [2026-08-11T09:23:06.841+0000] {dagbag.py:545} INFO - Filling up the DagBag from /opt/airflow/dags/load_ergast_data.py
[2026-08-11T09:23:07.116+0000] {processor.py:840} INFO - DAG(s) 'load_ergast_data' retrieved from /opt/airflow/dags/load_ergast_data.py
[2026-08-11T09:23:07.144+0000] {logging_mixin.py:188} INFO - [2026-08-11T09:23:07.144+0000] {dag.py:3096} INFO - Sync 1 DAGs
[2026-08-11T09:23:07.158+0000] {logging_mixin.py:188} INFO - [2026-08-11T09:23:07.158+0000] {dag.py:3954} INFO - Setting next_dagrun for load_ergast_data to None, run_after=None
[2026-08-11T09:23:07.404+0000] {processor.py:183} INFO - Processing /opt/airflow/dags/load_ergast_data.py took 0.574 seconds
[2026-08-11T09:23:38.203+0000] {processor.py:161} INFO - Started process (PID=1322) to work on /opt/airflow/dags/load_ergast_data.py
[2026-08-11T09:23:38.204+0000] {processor.py:830} INFO - Processing file /opt/airflow/dags/load_ergast_data.py for tasks to queue
[2026-08-11T09:23:38.207+0000] {logging_mixin.py:188} INFO - [2026-08-11T09:23:38.206+0000] {dagbag.py:545} INFO - Filling up the DagBag from /opt/airflow/dags/load_ergast_data.py
[2026-08-11T09:23:38.484+0000] {processor.py:840} INFO - DAG(s) 'load_ergast_data' retrieved from /opt/airflow/dags/load_ergast_data.py
[2026-08-11T09:23:38.510+0000] {logging_mixin.py:188} INFO - [2026-08-11T09:23:38.509+0000] {dag.py:3096} INFO - Sync 1 DAGs
[2026-08-11T09:23:38.751+0000] {logging_mixin.py:188} INFO - [2026-08-11T09:23:38.751+0000] {dag.py:3954} INFO - Setting next_dagrun for load_ergast_data to None, run_after=None
[2026-08-11T09:23:38.770+0000] {processor.py:183} INFO - Processing /opt/airflow/dags/load_ergast_data.py took 0.575 seconds
[2026-08-11T09:24:09.795+0000] {processor.py:161} INFO - Started process (PID=1338) to work on /opt/airflow/dags/load_ergast_data.py
[2026-08-11T09:24:09.797+0000] {processor.py:830} INFO - Processing file /opt/airflow/dags/load_ergast_data.py for tasks to queue
[2026-08-11T09:24:09.799+0000] {logging_mixin.py:188} INFO - [2026-08-11T09:24:09.799+0000] {dagbag.py:545} INFO - Filling up the DagBag from /opt/airflow/dags/load_ergast_data.py
[2026-08-11T09:24:10.100+0000] {processor.py:840} INFO - DAG(s) 'load_ergast_data' retrieved from /opt/airflow/dags/load_ergast_data.py
[2026-08-11T09:24:10.127+0000] {logging_mixin.py:188} INFO - [2026-08-11T09:24:10.127+0000] {dag.py:3096} INFO - Sync 1 DAGs
[2026-08-11T09:24:10.141+0000] {logging_mixin.py:188} INFO - [2026-08-11T09:24:10.141+0000] {dag.py:3954} INFO - Setting next_dagrun for load_ergast_data to None, run_after=None
[2026-08-11T09:24:10.161+0000] {processor.py:183} INFO - Processing /opt/airflow/dags/load_ergast_data.py took 0.371 seconds
[2026-08-11T09:24:41.059+0000] {processor.py:161} INFO - Started process (PID=1354) to work on /opt/airflow/dags/load_ergast_data.py
[2026-08-11T09:24:41.066+0000] {processor.py:830} INFO - Processing file /opt/airflow/dags/load_ergast_data.py for tasks to queue
[2026-08-11T09:24:41.072+0000] {logging_mixin.py:188} INFO - [2026-08-11T09:24:41.071+0000] {dagbag.py:545} INFO - Filling up the DagBag from /opt/airflow/dags/load_ergast_data.py
[2026-08-11T09:24:41.843+0000] {processor.py:840} INFO - DAG(s) 'load_ergast_data' retrieved from /opt/airflow/dags/load_ergast_data.py
[2026-08-11T09:24:41.920+0000] {logging_mixin.py:188} INFO - [2026-08-11T09:24:41.920+0000] {dag.py:3096} INFO - Sync 1 DAGs
[2026-08-11T09:24:41.972+0000] {logging_mixin.py:188} INFO - [2026-08-11T09:24:41.972+0000] {dag.py:3954} INFO - Setting next_dagrun for load_ergast_data to None, run_after=None
[2026-08-11T09:24:42.015+0000] {processor.py:183} INFO - Processing /opt/airflow/dags/load_ergast_data.py took 0.975 seconds
[2026-08-11T09:25:12.087+0000] {processor.py:161} INFO - Started process (PID=1370) to work on /opt/airflow/dags/load_ergast_data.py
[2026-08-11T09:25:12.089+0000] {processor.py:830} INFO - Processing file /opt/airflow/dags/load_ergast_data.py for tasks to queue
[2026-08-11T09:25:12.091+0000] {logging_mixin.py:188} INFO - [2026-08-11T09:25:12.091+0000] {dagbag.py:545} INFO - Filling up the DagBag from /opt/airflow/dags/load_ergast_data.py
[2026-08-11T09:25:12.580+0000] {processor.py:840} INFO - DAG(s) 'load_ergast_data' retrieved from /opt/airflow/dags/load_ergast_data.py
[2026-08-11T09:25:12.624+0000] {logging_mixin.py:188} INFO - [2026-08-11T09:25:12.623+0000] {dag.py:3096} INFO - Sync 1 DAGs
[2026-08-11T09:25:12.650+0000] {logging_mixin.py:188} INFO - [2026-08-11T09:25:12.650+0000] {dag.py:3954} INFO - Setting next_dagrun for load_ergast_data to None, run_after=None
[2026-08-11T09:25:12.680+0000] {processor.py:183} INFO - Processing /opt/airflow/dags/load_ergast_data.py took 0.600 seconds
[2026-08-11T09:25:43.016+0000] {processor.py:161} INFO - Started process (PID=1386) to work on /opt/airflow/dags/load_ergast_data.py
[2026-08-11T09:25:43.018+0000] {processor.py:830} INFO - Processing file /opt/airflow/dags/load_ergast_data.py for tasks to queue
[2026-08-11T09:25:43.021+0000] {logging_mixin.py:188} INFO - [2026-08-11T09:25:43.020+0000] {dagbag.py:545} INFO - Filling up the DagBag from /opt/airflow/dags/load_ergast_data.py
[2026-08-11T09:25:43.309+0000] {processor.py:840} INFO - DAG(s) 'load_ergast_data' retrieved from /opt/airflow/dags/load_ergast_data.py
[2026-08-11T09:25:43.337+0000] {logging_mixin.py:188} INFO - [2026-08-11T09:25:43.336+0000] {dag.py:3096} INFO - Sync 1 DAGs
[2026-08-11T09:25:43.350+0000] {logging_mixin.py:188} INFO - [2026-08-11T09:25:43.349+0000] {dag.py:3954} INFO - Setting next_dagrun for load_ergast_data to None, run_after=None
[2026-08-11T09:25:43.371+0000] {processor.py:183} INFO - Processing /opt/airflow/dags/load_ergast_data.py took 0.361 seconds
[2026-08-11T09:26:14.362+0000] {processor.py:161} INFO - Started process (PID=1402) to work on /opt/airflow/dags/load_ergast_data.py
[2026-08-11T09:26:14.363+0000] {processor.py:830} INFO - Processing file /opt/airflow/dags/load_ergast_data.py for tasks to queue
[2026-08-11T09:26:14.366+0000] {logging_mixin.py:188} INFO - [2026-08-11T09:26:14.365+0000] {dagbag.py:545} INFO - Filling up the DagBag from /opt/airflow/dags/load_ergast_data.py
[2026-08-11T09:26:14.662+0000] {processor.py:840} INFO - DAG(s) 'load_ergast_data' retrieved from /opt/airflow/dags/load_ergast_data.py
[2026-08-11T09:26:14.703+0000] {logging_mixin.py:188} INFO - [2026-08-11T09:26:14.702+0000] {dag.py:3096} INFO - Sync 1 DAGs
[2026-08-11T09:26:14.732+0000] {logging_mixin.py:188} INFO - [2026-08-11T09:26:14.731+0000] {dag.py:3954} INFO - Setting next_dagrun for load_ergast_data to None, run_after=None
[2026-08-11T09:26:15.356+0000] {processor.py:183} INFO - Processing /opt/airflow/dags/load_ergast_data.py took 1.002 seconds
[2026-08-11T09:26:46.436+0000] {processor.py:161} INFO - Started process (PID=1418) to work on /opt/airflow/dags/load_ergast_data.py
[2026-08-11T09:26:46.438+0000] {processor.py:830} INFO - Processing file /opt/airflow/dags/load_ergast_data.py for tasks to queue
[2026-08-11T09:26:46.443+0000] {logging_mixin.py:188} INFO - [2026-08-11T09:26:46.442+0000] {dagbag.py:545} INFO - Filling up the DagBag from /opt/airflow/dags/load_ergast_data.py
[2026-08-11T09:26:46.922+0000] {processor.py:840} INFO - DAG(s) 'load_ergast_data' retrieved from /opt/airflow/dags/load_ergast_data.py
[2026-08-11T09:26:46.955+0000] {logging_mixin.py:188} INFO - [2026-08-11T09:26:46.953+0000] {dag.py:3096} INFO - Sync 1 DAGs
[2026-08-11T09:26:47.327+0000] {logging_mixin.py:188} INFO - [2026-08-11T09:26:47.327+0000] {dag.py:3954} INFO - Setting next_dagrun for load_ergast_data to None, run_after=None
[2026-08-11T09:26:47.355+0000] {processor.py:183} INFO - Processing /opt/airflow/dags/load_ergast_data.py took 0.926 seconds
[2026-08-11T09:27:18.291+0000] {processor.py:161} INFO - Started process (PID=1434) to work on /opt/airflow/dags/load_ergast_data.py
[2026-08-11T09:27:18.292+0000] {processor.py:830} INFO - Processing file /opt/airflow/dags/load_ergast_data.py for tasks to queue
[2026-08-11T09:27:18.295+0000] {logging_mixin.py:188} INFO - [2026-08-11T09:27:18.295+0000] {dagbag.py:545} INFO - Filling up the DagBag from /opt/airflow/dags/load_ergast_data.py
[2026-08-11T09:27:18.602+0000] {processor.py:840} INFO - DAG(s) 'load_ergast_data' retrieved from /opt/airflow/dags/load_ergast_data.py
[2026-08-11T09:27:18.631+0000] {logging_mixin.py:188} INFO - [2026-08-11T09:27:18.630+0000] {dag.py:3096} INFO - Sync 1 DAGs
[2026-08-11T09:27:18.644+0000] {logging_mixin.py:188} INFO - [2026-08-11T09:27:18.643+0000] {dag.py:3954} INFO - Setting next_dagrun for load_ergast_data to None, run_after=None
[2026-08-11T09:27:18.671+0000] {processor.py:183} INFO - Processing /opt/airflow/dags/load_ergast_data.py took 0.386 seconds
[2026-08-11T09:27:49.668+0000] {processor.py:161} INFO - Started process (PID=1450) to work on /opt/airflow/dags/load_ergast_data.py
[2026-08-11T09:27:49.670+0000] {processor.py:830} INFO - Processing file /opt/airflow/dags/load_ergast_data.py for tasks to queue
[2026-08-11T09:27:49.673+0000] {logging_mixin.py:188} INFO - [2026-08-11T09:27:49.672+0000] {dagbag.py:545} INFO - Filling up the DagBag from /opt/airflow/dags/load_ergast_data.py
[2026-08-11T09:27:49.937+0000] {processor.py:840} INFO - DAG(s) 'load_ergast_data' retrieved from /opt/airflow/dags/load_ergast_data.py
[2026-08-11T09:27:49.965+0000] {logging_mixin.py:188} INFO - [2026-08-11T09:27:49.965+0000] {dag.py:3096} INFO - Sync 1 DAGs
[2026-08-11T09:27:49.980+0000] {logging_mixin.py:188} INFO - [2026-08-11T09:27:49.980+0000] {dag.py:3954} INFO - Setting next_dagrun for load_ergast_data to None, run_after=None
[2026-08-11T09:27:50.000+0000] {processor.py:183} INFO - Processing /opt/airflow/dags/load_ergast_data.py took 0.338 seconds
[2026-08-11T09:28:20.751+0000] {processor.py:161} INFO - Started process (PID=1466) to work on /opt/airflow/dags/load_ergast_data.py
[2026-08-11T09:28:20.752+0000] {processor.py:830} INFO - Processing file /opt/airflow/dags/load_ergast_data.py for tasks to queue
[2026-08-11T09:28:20.755+0000] {logging_mixin.py:188} INFO - [2026-08-11T09:28:20.755+0000] {dagbag.py:545} INFO - Filling up the DagBag from /opt/airflow/dags/load_ergast_data.py
[2026-08-11T09:28:21.067+0000] {processor.py:840} INFO - DAG(s) 'load_ergast_data' retrieved from /opt/airflow/dags/load_ergast_data.py
[2026-08-11T09:28:21.095+0000] {logging_mixin.py:188} INFO - [2026-08-11T09:28:21.095+0000] {dag.py:3096} INFO - Sync 1 DAGs
[2026-08-11T09:28:21.109+0000] {logging_mixin.py:188} INFO - [2026-08-11T09:28:21.108+0000] {dag.py:3954} INFO - Setting next_dagrun for load_ergast_data to None, run_after=None
[2026-08-11T09:28:21.132+0000] {processor.py:183} INFO - Processing /opt/airflow/dags/load_ergast_data.py took 0.390 seconds
[2026-08-11T09:28:51.881+0000] {processor.py:161} INFO - Started process (PID=1482) to work on /opt/airflow/dags/load_ergast_data.py
[2026-08-11T09:28:51.883+0000] {processor.py:830} INFO - Processing file /opt/airflow/dags/load_ergast_data.py for tasks to queue
[2026-08-11T09:28:51.886+0000] {logging_mixin.py:188} INFO - [2026-08-11T09:28:51.886+0000] {dagbag.py:545} INFO - Filling up the DagBag from /opt/airflow/dags/load_ergast_data.py
[2026-08-11T09:28:52.178+0000] {processor.py:840} INFO - DAG(s) 'load_ergast_data' retrieved from /opt/airflow/dags/load_ergast_data.py
[2026-08-11T09:28:52.201+0000] {logging_mixin.py:188} INFO - [2026-08-11T09:28:52.200+0000] {dag.py:3096} INFO - Sync 1 DAGs
[2026-08-11T09:28:52.213+0000] {logging_mixin.py:188} INFO - [2026-08-11T09:28:52.213+0000] {dag.py:3954} INFO - Setting next_dagrun for load_ergast_data to None, run_after=None
[2026-08-11T09:28:52.232+0000] {processor.py:183} INFO - Processing /opt/airflow/dags/load_ergast_data.py took 0.357 seconds
[2026-08-11T09:29:22.946+0000] {processor.py:161} INFO - Started process (PID=1498) to work on /opt/airflow/dags/load_ergast_data.py
[2026-08-11T09:29:22.948+0000] {processor.py:830} INFO - Processing file /opt/airflow/dags/load_ergast_data.py for tasks to queue
[2026-08-11T09:29:22.951+0000] {logging_mixin.py:188} INFO - [2026-08-11T09:29:22.951+0000] {dagbag.py:545} INFO - Filling up the DagBag from /opt/airflow/dags/load_ergast_data.py
[2026-08-11T09:29:23.278+0000] {processor.py:840} INFO - DAG(s) 'load_ergast_data' retrieved from /opt/airflow/dags/load_ergast_data.py
[2026-08-11T09:29:23.306+0000] {logging_mixin.py:188} INFO - [2026-08-11T09:29:23.305+0000] {dag.py:3096} INFO - Sync 1 DAGs
[2026-08-11T09:29:23.322+0000] {logging_mixin.py:188} INFO - [2026-08-11T09:29:23.321+0000] {dag.py:3954} INFO - Setting next_dagrun for load_ergast_data to None, run_after=None
[2026-08-11T09:29:23.537+0000] {processor.py:183} INFO - Processing /opt/airflow/dags/load_ergast_data.py took 0.600 seconds
[2026-08-11T09:29:53.581+0000] {processor.py:161} INFO - Started process (PID=1514) to work on /opt/airflow/dags/load_ergast_data.py
[2026-08-11T09:29:53.583+0000] {processor.py:830} INFO - Processing file /opt/airflow/dags/load_ergast_data.py for tasks to queue
[2026-08-11T09:29:53.587+0000] {logging_mixin.py:188} INFO - [2026-08-11T09:29:53.586+0000] {dagbag.py:545} INFO - Filling up the DagBag from /opt/airflow/dags/load_ergast_data.py
[2026-08-11T09:29:53.866+0000] {processor.py:840} INFO - DAG(s) 'load_ergast_data' retrieved from /opt/airflow/dags/load_ergast_data.py
[2026-08-11T09:29:53.895+0000] {logging_mixin.py:188} INFO - [2026-08-11T09:29:53.893+0000] {dag.py:3096} INFO - Sync 1 DAGs
[2026-08-11T09:29:54.066+0000] {logging_mixin.py:188} INFO - [2026-08-11T09:29:54.066+0000] {dag.py:3954} INFO - Setting next_dagrun for load_ergast_data to None, run_after=None
[2026-08-11T09:29:54.088+0000] {processor.py:183} INFO - Processing /opt/airflow/dags/load_ergast_data.py took 0.513 seconds
[2026-08-11T09:30:25.039+0000] {processor.py:161} INFO - Started process (PID=1530) to work on /opt/airflow/dags/load_ergast_data.py
[2026-08-11T09:30:25.040+0000] {processor.py:830} INFO - Processing file /opt/airflow/dags/load_ergast_data.py for tasks to queue
[2026-08-11T09:30:25.042+0000] {logging_mixin.py:188} INFO - [2026-08-11T09:30:25.041+0000] {dagbag.py:545} INFO - Filling up the DagBag from /opt/airflow/dags/load_ergast_data.py
[2026-08-11T09:30:25.309+0000] {processor.py:840} INFO - DAG(s) 'load_ergast_data' retrieved from /opt/airflow/dags/load_ergast_data.py
[2026-08-11T09:30:25.348+0000] {logging_mixin.py:188} INFO - [2026-08-11T09:30:25.347+0000] {dag.py:3096} INFO - Sync 1 DAGs
[2026-08-11T09:30:25.373+0000] {logging_mixin.py:188} INFO - [2026-08-11T09:30:25.373+0000] {dag.py:3954} INFO - Setting next_dagrun for load_ergast_data to None, run_after=None
[2026-08-11T09:30:25.406+0000] {processor.py:183} INFO - Processing /opt/airflow/dags/load_ergast_data.py took 0.372 seconds
[2026-08-11T09:30:56.123+0000] {processor.py:161} INFO - Started process (PID=1546) to work on /opt/airflow/dags/load_ergast_data.py
[2026-08-11T09:30:56.124+0000] {processor.py:830} INFO - Processing file /opt/airflow/dags/load_ergast_data.py for tasks to queue
[2026-08-11T09:30:56.126+0000] {logging_mixin.py:188} INFO - [2026-08-11T09:30:56.126+0000] {dagbag.py:545} INFO - Filling up the DagBag from /opt/airflow/dags/load_ergast_data.py
[2026-08-11T09:30:56.395+0000] {processor.py:840} INFO - DAG(s) 'load_ergast_data' retrieved from /opt/airflow/dags/load_ergast_data.py
[2026-08-11T09:30:56.419+0000] {logging_mixin.py:188} INFO - [2026-08-11T09:30:56.418+0000] {dag.py:3096} INFO - Sync 1 DAGs
[2026-08-11T09:30:56.431+0000] {logging_mixin.py:188} INFO - [2026-08-11T09:30:56.431+0000] {dag.py:3954} INFO - Setting next_dagrun for load_ergast_data to None, run_after=None
[2026-08-11T09:30:56.455+0000] {processor.py:183} INFO - Processing /opt/airflow/dags/load_ergast_data.py took 0.338 seconds
[2026-08-11T09:31:27.165+0000] {processor.py:161} INFO - Started process (PID=1562) to work on /opt/airflow/dags/load_ergast_data.py
[2026-08-11T09:31:27.166+0000] {processor.py:830} INFO - Processing file /opt/airflow/dags/load_ergast_data.py for tasks to queue
[2026-08-11T09:31:27.169+0000] {logging_mixin.py:188} INFO - [2026-08-11T09:31:27.168+0000] {dagbag.py:545} INFO - Filling up the DagBag from /opt/airflow/dags/load_ergast_data.py
[2026-08-11T09:31:27.434+0000] {processor.py:840} INFO - DAG(s) 'load_ergast_data' retrieved from /opt/airflow/dags/load_ergast_data.py
[2026-08-11T09:31:27.459+0000] {logging_mixin.py:188} INFO - [2026-08-11T09:31:27.459+0000] {dag.py:3096} INFO - Sync 1 DAGs
[2026-08-11T09:31:27.473+0000] {logging_mixin.py:188} INFO - [2026-08-11T09:31:27.473+0000] {dag.py:3954} INFO - Setting next_dagrun for load_ergast_data to None, run_after=None
[2026-08-11T09:31:27.494+0000] {processor.py:183} INFO - Processing /opt/airflow/dags/load_ergast_data.py took 0.336 seconds
[2026-08-11T09:46:14.837+0000] {processor.py:161} INFO - Started process (PID=1579) to work on /opt/airflow/dags/load_ergast_data.py
[2026-08-11T09:46:14.844+0000] {processor.py:830} INFO - Processing file /opt/airflow/dags/load_ergast_data.py for tasks to queue
[2026-08-11T09:46:14.930+0000] {logging_mixin.py:188} INFO - [2026-08-11T09:46:14.927+0000] {dagbag.py:545} INFO - Filling up the DagBag from /opt/airflow/dags/load_ergast_data.py
[2026-08-11T09:46:29.422+0000] {processor.py:840} INFO - DAG(s) 'load_ergast_data' retrieved from /opt/airflow/dags/load_ergast_data.py
[2026-08-11T09:46:29.613+0000] {logging_mixin.py:188} INFO - [2026-08-11T09:46:29.611+0000] {dag.py:3096} INFO - Sync 1 DAGs
[2026-08-11T09:46:29.700+0000] {logging_mixin.py:188} INFO - [2026-08-11T09:46:29.699+0000] {dag.py:3954} INFO - Setting next_dagrun for load_ergast_data to None, run_after=None
[2026-08-11T09:46:29.810+0000] {processor.py:183} INFO - Processing /opt/airflow/dags/load_ergast_data.py took 15.448 seconds
[2026-08-11T09:47:00.723+0000] {processor.py:161} INFO - Started process (PID=1604) to work on /opt/airflow/dags/load_ergast_data.py
[2026-08-11T09:47:00.744+0000] {processor.py:830} INFO - Processing file /opt/airflow/dags/load_ergast_data.py for tasks to queue
[2026-08-11T09:47:00.767+0000] {logging_mixin.py:188} INFO - [2026-08-11T09:47:00.766+0000] {dagbag.py:545} INFO - Filling up the DagBag from /opt/airflow/dags/load_ergast_data.py
[2026-08-11T09:47:07.764+0000] {processor.py:840} INFO - DAG(s) 'load_ergast_data' retrieved from /opt/airflow/dags/load_ergast_data.py
[2026-08-11T09:47:08.003+0000] {logging_mixin.py:188} INFO - [2026-08-11T09:47:07.994+0000] {dag.py:3096} INFO - Sync 1 DAGs
[2026-08-11T09:47:12.921+0000] {logging_mixin.py:188} INFO - [2026-08-11T09:47:12.921+0000] {dag.py:3954} INFO - Setting next_dagrun for load_ergast_data to None, run_after=None
[2026-08-11T09:47:12.964+0000] {processor.py:183} INFO - Processing /opt/airflow/dags/load_ergast_data.py took 12.319 seconds
[2026-08-11T09:47:43.728+0000] {processor.py:161} INFO - Started process (PID=1620) to work on /opt/airflow/dags/load_ergast_data.py
[2026-08-11T09:47:43.740+0000] {processor.py:830} INFO - Processing file /opt/airflow/dags/load_ergast_data.py for tasks to queue
[2026-08-11T09:47:43.813+0000] {logging_mixin.py:188} INFO - [2026-08-11T09:47:43.808+0000] {dagbag.py:545} INFO - Filling up the DagBag from /opt/airflow/dags/load_ergast_data.py
[2026-08-11T09:47:45.279+0000] {processor.py:840} INFO - DAG(s) 'load_ergast_data' retrieved from /opt/airflow/dags/load_ergast_data.py
[2026-08-11T09:47:45.346+0000] {logging_mixin.py:188} INFO - [2026-08-11T09:47:45.346+0000] {dag.py:3096} INFO - Sync 1 DAGs
[2026-08-11T09:47:45.390+0000] {logging_mixin.py:188} INFO - [2026-08-11T09:47:45.390+0000] {dag.py:3954} INFO - Setting next_dagrun for load_ergast_data to None, run_after=None
[2026-08-11T09:47:45.427+0000] {processor.py:183} INFO - Processing /opt/airflow/dags/load_ergast_data.py took 1.781 seconds
[2026-08-11T09:48:15.975+0000] {processor.py:161} INFO - Started process (PID=1636) to work on /opt/airflow/dags/load_ergast_data.py
[2026-08-11T09:48:16.003+0000] {processor.py:830} INFO - Processing file /opt/airflow/dags/load_ergast_data.py for tasks to queue
[2026-08-11T09:48:16.430+0000] {logging_mixin.py:188} INFO - [2026-08-11T09:48:16.399+0000] {dagbag.py:545} INFO - Filling up the DagBag from /opt/airflow/dags/load_ergast_data.py
[2026-08-11T09:48:19.733+0000] {processor.py:840} INFO - DAG(s) 'load_ergast_data' retrieved from /opt/airflow/dags/load_ergast_data.py
[2026-08-11T09:48:19.869+0000] {logging_mixin.py:188} INFO - [2026-08-11T09:48:19.868+0000] {dag.py:3096} INFO - Sync 1 DAGs
[2026-08-11T09:48:19.918+0000] {logging_mixin.py:188} INFO - [2026-08-11T09:48:19.918+0000] {dag.py:3954} INFO - Setting next_dagrun for load_ergast_data to None, run_after=None
[2026-08-11T09:48:19.983+0000] {processor.py:183} INFO - Processing /opt/airflow/dags/load_ergast_data.py took 4.023 seconds
[2026-08-11T09:48:50.978+0000] {processor.py:161} INFO - Started process (PID=1652) to work on /opt/airflow/dags/load_ergast_data.py
[2026-08-11T09:48:50.981+0000] {processor.py:830} INFO - Processing file /opt/airflow/dags/load_ergast_data.py for tasks to queue
[2026-08-11T09:48:50.990+0000] {logging_mixin.py:188} INFO - [2026-08-11T09:48:50.989+0000] {dagbag.py:545} INFO - Filling up the DagBag from /opt/airflow/dags/load_ergast_data.py
[2026-08-11T09:48:51.739+0000] {processor.py:840} INFO - DAG(s) 'load_ergast_data' retrieved from /opt/airflow/dags/load_ergast_data.py
[2026-08-11T09:48:51.795+0000] {logging_mixin.py:188} INFO - [2026-08-11T09:48:51.795+0000] {dag.py:3096} INFO - Sync 1 DAGs
[2026-08-11T09:48:51.835+0000] {logging_mixin.py:188} INFO - [2026-08-11T09:48:51.835+0000] {dag.py:3954} INFO - Setting next_dagrun for load_ergast_data to None, run_after=None
[2026-08-11T09:48:51.857+0000] {processor.py:183} INFO - Processing /opt/airflow/dags/load_ergast_data.py took 0.908 seconds
[2026-08-11T09:49:22.364+0000] {processor.py:161} INFO - Started process (PID=1668) to work on /opt/airflow/dags/load_ergast_data.py
[2026-08-11T09:49:22.366+0000] {processor.py:830} INFO - Processing file /opt/airflow/dags/load_ergast_data.py for tasks to queue
[2026-08-11T09:49:22.369+0000] {logging_mixin.py:188} INFO - [2026-08-11T09:49:22.368+0000] {dagbag.py:545} INFO - Filling up the DagBag from /opt/airflow/dags/load_ergast_data.py
[2026-08-11T09:49:22.754+0000] {processor.py:840} INFO - DAG(s) 'load_ergast_data' retrieved from /opt/airflow/dags/load_ergast_data.py
[2026-08-11T09:49:22.802+0000] {logging_mixin.py:188} INFO - [2026-08-11T09:49:22.801+0000] {dag.py:3096} INFO - Sync 1 DAGs
[2026-08-11T09:49:22.846+0000] {logging_mixin.py:188} INFO - [2026-08-11T09:49:22.846+0000] {dag.py:3954} INFO - Setting next_dagrun for load_ergast_data to None, run_after=None
[2026-08-11T09:49:22.886+0000] {processor.py:183} INFO - Processing /opt/airflow/dags/load_ergast_data.py took 0.561 seconds
[2026-08-11T09:49:53.932+0000] {processor.py:161} INFO - Started process (PID=1684) to work on /opt/airflow/dags/load_ergast_data.py
[2026-08-11T09:49:53.936+0000] {processor.py:830} INFO - Processing file /opt/airflow/dags/load_ergast_data.py for tasks to queue
[2026-08-11T09:49:53.943+0000] {logging_mixin.py:188} INFO - [2026-08-11T09:49:53.943+0000] {dagbag.py:545} INFO - Filling up the DagBag from /opt/airflow/dags/load_ergast_data.py
[2026-08-11T09:49:54.387+0000] {processor.py:840} INFO - DAG(s) 'load_ergast_data' retrieved from /opt/airflow/dags/load_ergast_data.py
[2026-08-11T09:49:54.414+0000] {logging_mixin.py:188} INFO - [2026-08-11T09:49:54.413+0000] {dag.py:3096} INFO - Sync 1 DAGs
[2026-08-11T09:49:54.428+0000] {logging_mixin.py:188} INFO - [2026-08-11T09:49:54.428+0000] {dag.py:3954} INFO - Setting next_dagrun for load_ergast_data to None, run_after=None
[2026-08-11T09:49:55.950+0000] {processor.py:183} INFO - Processing /opt/airflow/dags/load_ergast_data.py took 2.071 seconds
[2026-08-11T09:50:26.430+0000] {processor.py:161} INFO - Started process (PID=1700) to work on /opt/airflow/dags/load_ergast_data.py
[2026-08-11T09:50:26.433+0000] {processor.py:830} INFO - Processing file /opt/airflow/dags/load_ergast_data.py for tasks to queue
[2026-08-11T09:50:26.443+0000] {logging_mixin.py:188} INFO - [2026-08-11T09:50:26.442+0000] {dagbag.py:545} INFO - Filling up the DagBag from /opt/airflow/dags/load_ergast_data.py
[2026-08-11T09:50:27.367+0000] {processor.py:840} INFO - DAG(s) 'load_ergast_data' retrieved from /opt/airflow/dags/load_ergast_data.py
[2026-08-11T09:50:27.413+0000] {logging_mixin.py:188} INFO - [2026-08-11T09:50:27.411+0000] {dag.py:3096} INFO - Sync 1 DAGs
[2026-08-11T09:50:28.047+0000] {logging_mixin.py:188} INFO - [2026-08-11T09:50:28.047+0000] {dag.py:3954} INFO - Setting next_dagrun for load_ergast_data to None, run_after=None
[2026-08-11T09:50:28.083+0000] {processor.py:183} INFO - Processing /opt/airflow/dags/load_ergast_data.py took 1.677 seconds
[2026-08-11T09:50:58.443+0000] {processor.py:161} INFO - Started process (PID=1716) to work on /opt/airflow/dags/load_ergast_data.py
[2026-08-11T09:50:58.445+0000] {processor.py:830} INFO - Processing file /opt/airflow/dags/load_ergast_data.py for tasks to queue
[2026-08-11T09:50:58.450+0000] {logging_mixin.py:188} INFO - [2026-08-11T09:50:58.449+0000] {dagbag.py:545} INFO - Filling up the DagBag from /opt/airflow/dags/load_ergast_data.py
[2026-08-11T09:50:59.059+0000] {processor.py:840} INFO - DAG(s) 'load_ergast_data' retrieved from /opt/airflow/dags/load_ergast_data.py
[2026-08-11T09:50:59.714+0000] {logging_mixin.py:188} INFO - [2026-08-11T09:50:59.714+0000] {dag.py:3096} INFO - Sync 1 DAGs
[2026-08-11T09:50:59.732+0000] {logging_mixin.py:188} INFO - [2026-08-11T09:50:59.732+0000] {dag.py:3954} INFO - Setting next_dagrun for load_ergast_data to None, run_after=None
[2026-08-11T09:50:59.756+0000] {processor.py:183} INFO - Processing /opt/airflow/dags/load_ergast_data.py took 1.328 seconds
[2026-08-11T09:51:30.736+0000] {processor.py:161} INFO - Started process (PID=1732) to work on /opt/airflow/dags/load_ergast_data.py
[2026-08-11T09:51:30.743+0000] {processor.py:830} INFO - Processing file /opt/airflow/dags/load_ergast_data.py for tasks to queue
[2026-08-11T09:51:30.772+0000] {logging_mixin.py:188} INFO - [2026-08-11T09:51:30.768+0000] {dagbag.py:545} INFO - Filling up the DagBag from /opt/airflow/dags/load_ergast_data.py
[2026-08-11T09:51:32.412+0000] {processor.py:840} INFO - DAG(s) 'load_ergast_data' retrieved from /opt/airflow/dags/load_ergast_data.py
[2026-08-11T09:51:32.858+0000] {logging_mixin.py:188} INFO - [2026-08-11T09:51:32.855+0000] {dag.py:3096} INFO - Sync 1 DAGs
[2026-08-11T09:51:33.079+0000] {logging_mixin.py:188} INFO - [2026-08-11T09:51:33.078+0000] {dag.py:3954} INFO - Setting next_dagrun for load_ergast_data to None, run_after=None
[2026-08-11T09:51:33.322+0000] {processor.py:183} INFO - Processing /opt/airflow/dags/load_ergast_data.py took 2.614 seconds
[2026-08-11T09:52:03.604+0000] {processor.py:161} INFO - Started process (PID=1748) to work on /opt/airflow/dags/load_ergast_data.py
[2026-08-11T09:52:03.607+0000] {processor.py:830} INFO - Processing file /opt/airflow/dags/load_ergast_data.py for tasks to queue
[2026-08-11T09:52:03.611+0000] {logging_mixin.py:188} INFO - [2026-08-11T09:52:03.610+0000] {dagbag.py:545} INFO - Filling up the DagBag from /opt/airflow/dags/load_ergast_data.py
[2026-08-11T09:52:04.973+0000] {processor.py:840} INFO - DAG(s) 'load_ergast_data' retrieved from /opt/airflow/dags/load_ergast_data.py
[2026-08-11T09:52:05.157+0000] {logging_mixin.py:188} INFO - [2026-08-11T09:52:05.156+0000] {dag.py:3096} INFO - Sync 1 DAGs
[2026-08-11T09:52:05.244+0000] {logging_mixin.py:188} INFO - [2026-08-11T09:52:05.244+0000] {dag.py:3954} INFO - Setting next_dagrun for load_ergast_data to None, run_after=None
[2026-08-11T09:52:05.317+0000] {processor.py:183} INFO - Processing /opt/airflow/dags/load_ergast_data.py took 1.722 seconds
[2026-08-11T09:52:36.058+0000] {processor.py:161} INFO - Started process (PID=1764) to work on /opt/airflow/dags/load_ergast_data.py
[2026-08-11T09:52:36.068+0000] {processor.py:830} INFO - Processing file /opt/airflow/dags/load_ergast_data.py for tasks to queue
[2026-08-11T09:52:36.085+0000] {logging_mixin.py:188} INFO - [2026-08-11T09:52:36.084+0000] {dagbag.py:545} INFO - Filling up the DagBag from /opt/airflow/dags/load_ergast_data.py
[2026-08-11T09:52:36.842+0000] {processor.py:840} INFO - DAG(s) 'load_ergast_data' retrieved from /opt/airflow/dags/load_ergast_data.py
[2026-08-11T09:52:36.958+0000] {logging_mixin.py:188} INFO - [2026-08-11T09:52:36.957+0000] {dag.py:3096} INFO - Sync 1 DAGs
[2026-08-11T09:52:37.015+0000] {logging_mixin.py:188} INFO - [2026-08-11T09:52:37.014+0000] {dag.py:3954} INFO - Setting next_dagrun for load_ergast_data to None, run_after=None
[2026-08-11T09:52:37.064+0000] {processor.py:183} INFO - Processing /opt/airflow/dags/load_ergast_data.py took 1.040 seconds
[2026-08-11T11:52:56.299+0000] {processor.py:161} INFO - Started process (PID=1781) to work on /opt/airflow/dags/load_ergast_data.py
[2026-08-11T11:52:56.312+0000] {processor.py:830} INFO - Processing file /opt/airflow/dags/load_ergast_data.py for tasks to queue
[2026-08-11T11:52:57.705+0000] {logging_mixin.py:188} INFO - [2026-08-11T11:52:57.687+0000] {dagbag.py:545} INFO - Filling up the DagBag from /opt/airflow/dags/load_ergast_data.py
[2026-08-11T11:53:14.718+0000] {processor.py:840} INFO - DAG(s) 'load_ergast_data' retrieved from /opt/airflow/dags/load_ergast_data.py
[2026-08-11T11:53:14.902+0000] {logging_mixin.py:188} INFO - [2026-08-11T11:53:14.900+0000] {dag.py:3096} INFO - Sync 1 DAGs
[2026-08-11T11:53:14.955+0000] {logging_mixin.py:188} INFO - [2026-08-11T11:53:14.955+0000] {dag.py:3954} INFO - Setting next_dagrun for load_ergast_data to None, run_after=None
[2026-08-11T11:53:19.933+0000] {processor.py:183} INFO - Processing /opt/airflow/dags/load_ergast_data.py took 22.923 seconds
[2026-08-11T11:53:50.102+0000] {processor.py:161} INFO - Started process (PID=1806) to work on /opt/airflow/dags/load_ergast_data.py
[2026-08-11T11:53:50.104+0000] {processor.py:830} INFO - Processing file /opt/airflow/dags/load_ergast_data.py for tasks to queue
[2026-08-11T11:53:50.109+0000] {logging_mixin.py:188} INFO - [2026-08-11T11:53:50.108+0000] {dagbag.py:545} INFO - Filling up the DagBag from /opt/airflow/dags/load_ergast_data.py
[2026-08-11T11:53:51.455+0000] {processor.py:840} INFO - DAG(s) 'load_ergast_data' retrieved from /opt/airflow/dags/load_ergast_data.py
[2026-08-11T11:53:52.380+0000] {logging_mixin.py:188} INFO - [2026-08-11T11:53:51.511+0000] {dag.py:3096} INFO - Sync 1 DAGs
[2026-08-11T11:53:52.404+0000] {logging_mixin.py:188} INFO - [2026-08-11T11:53:52.403+0000] {dag.py:3954} INFO - Setting next_dagrun for load_ergast_data to None, run_after=None
[2026-08-11T11:53:52.431+0000] {processor.py:183} INFO - Processing /opt/airflow/dags/load_ergast_data.py took 2.337 seconds
[2026-08-11T11:54:22.737+0000] {processor.py:161} INFO - Started process (PID=1822) to work on /opt/airflow/dags/load_ergast_data.py
[2026-08-11T11:54:22.746+0000] {processor.py:830} INFO - Processing file /opt/airflow/dags/load_ergast_data.py for tasks to queue
[2026-08-11T11:54:22.750+0000] {logging_mixin.py:188} INFO - [2026-08-11T11:54:22.749+0000] {dagbag.py:545} INFO - Filling up the DagBag from /opt/airflow/dags/load_ergast_data.py
[2026-08-11T11:54:24.081+0000] {processor.py:840} INFO - DAG(s) 'load_ergast_data' retrieved from /opt/airflow/dags/load_ergast_data.py
[2026-08-11T11:54:24.110+0000] {logging_mixin.py:188} INFO - [2026-08-11T11:54:24.110+0000] {dag.py:3096} INFO - Sync 1 DAGs
[2026-08-11T11:54:24.124+0000] {logging_mixin.py:188} INFO - [2026-08-11T11:54:24.124+0000] {dag.py:3954} INFO - Setting next_dagrun for load_ergast_data to None, run_after=None
[2026-08-11T11:54:24.157+0000] {processor.py:183} INFO - Processing /opt/airflow/dags/load_ergast_data.py took 1.426 seconds
[2026-08-11T11:54:54.250+0000] {processor.py:161} INFO - Started process (PID=1838) to work on /opt/airflow/dags/load_ergast_data.py
[2026-08-11T11:54:54.253+0000] {processor.py:830} INFO - Processing file /opt/airflow/dags/load_ergast_data.py for tasks to queue
[2026-08-11T11:54:54.255+0000] {logging_mixin.py:188} INFO - [2026-08-11T11:54:54.255+0000] {dagbag.py:545} INFO - Filling up the DagBag from /opt/airflow/dags/load_ergast_data.py
[2026-08-11T11:54:54.762+0000] {processor.py:840} INFO - DAG(s) 'load_ergast_data' retrieved from /opt/airflow/dags/load_ergast_data.py
[2026-08-11T11:54:54.802+0000] {logging_mixin.py:188} INFO - [2026-08-11T11:54:54.801+0000] {dag.py:3096} INFO - Sync 1 DAGs
[2026-08-11T11:54:54.816+0000] {logging_mixin.py:188} INFO - [2026-08-11T11:54:54.815+0000] {dag.py:3954} INFO - Setting next_dagrun for load_ergast_data to None, run_after=None
[2026-08-11T11:54:54.844+0000] {processor.py:183} INFO - Processing /opt/airflow/dags/load_ergast_data.py took 0.601 seconds
[2026-08-11T11:55:24.992+0000] {processor.py:161} INFO - Started process (PID=1854) to work on /opt/airflow/dags/load_ergast_data.py
[2026-08-11T11:55:25.008+0000] {processor.py:830} INFO - Processing file /opt/airflow/dags/load_ergast_data.py for tasks to queue
[2026-08-11T11:55:25.013+0000] {logging_mixin.py:188} INFO - [2026-08-11T11:55:25.013+0000] {dagbag.py:545} INFO - Filling up the DagBag from /opt/airflow/dags/load_ergast_data.py
[2026-08-11T11:55:25.759+0000] {processor.py:840} INFO - DAG(s) 'load_ergast_data' retrieved from /opt/airflow/dags/load_ergast_data.py
[2026-08-11T11:55:25.790+0000] {logging_mixin.py:188} INFO - [2026-08-11T11:55:25.789+0000] {dag.py:3096} INFO - Sync 1 DAGs
[2026-08-11T11:55:25.804+0000] {logging_mixin.py:188} INFO - [2026-08-11T11:55:25.804+0000] {dag.py:3954} INFO - Setting next_dagrun for load_ergast_data to None, run_after=None
[2026-08-11T11:55:25.842+0000] {processor.py:183} INFO - Processing /opt/airflow/dags/load_ergast_data.py took 0.857 seconds
[2026-08-11T11:55:56.316+0000] {processor.py:161} INFO - Started process (PID=1870) to work on /opt/airflow/dags/load_ergast_data.py
[2026-08-11T11:55:56.321+0000] {processor.py:830} INFO - Processing file /opt/airflow/dags/load_ergast_data.py for tasks to queue
[2026-08-11T11:55:56.331+0000] {logging_mixin.py:188} INFO - [2026-08-11T11:55:56.329+0000] {dagbag.py:545} INFO - Filling up the DagBag from /opt/airflow/dags/load_ergast_data.py
[2026-08-11T11:55:56.920+0000] {processor.py:840} INFO - DAG(s) 'load_ergast_data' retrieved from /opt/airflow/dags/load_ergast_data.py
[2026-08-11T11:55:56.963+0000] {logging_mixin.py:188} INFO - [2026-08-11T11:55:56.962+0000] {dag.py:3096} INFO - Sync 1 DAGs
[2026-08-11T11:55:56.989+0000] {logging_mixin.py:188} INFO - [2026-08-11T11:55:56.989+0000] {dag.py:3954} INFO - Setting next_dagrun for load_ergast_data to None, run_after=None
[2026-08-11T11:55:58.206+0000] {processor.py:183} INFO - Processing /opt/airflow/dags/load_ergast_data.py took 1.900 seconds
[2026-08-11T11:56:28.846+0000] {processor.py:161} INFO - Started process (PID=1886) to work on /opt/airflow/dags/load_ergast_data.py
[2026-08-11T11:56:28.847+0000] {processor.py:830} INFO - Processing file /opt/airflow/dags/load_ergast_data.py for tasks to queue
[2026-08-11T11:56:28.849+0000] {logging_mixin.py:188} INFO - [2026-08-11T11:56:28.849+0000] {dagbag.py:545} INFO - Filling up the DagBag from /opt/airflow/dags/load_ergast_data.py
[2026-08-11T11:56:29.120+0000] {processor.py:840} INFO - DAG(s) 'load_ergast_data' retrieved from /opt/airflow/dags/load_ergast_data.py
[2026-08-11T11:56:29.151+0000] {logging_mixin.py:188} INFO - [2026-08-11T11:56:29.149+0000] {dag.py:3096} INFO - Sync 1 DAGs
[2026-08-11T11:56:29.354+0000] {logging_mixin.py:188} INFO - [2026-08-11T11:56:29.353+0000] {dag.py:3954} INFO - Setting next_dagrun for load_ergast_data to None, run_after=None
[2026-08-11T11:56:29.375+0000] {processor.py:183} INFO - Processing /opt/airflow/dags/load_ergast_data.py took 0.535 seconds
[2026-08-11T11:56:59.459+0000] {processor.py:161} INFO - Started process (PID=1902) to work on /opt/airflow/dags/load_ergast_data.py
[2026-08-11T11:56:59.461+0000] {processor.py:830} INFO - Processing file /opt/airflow/dags/load_ergast_data.py for tasks to queue
[2026-08-11T11:56:59.465+0000] {logging_mixin.py:188} INFO - [2026-08-11T11:56:59.464+0000] {dagbag.py:545} INFO - Filling up the DagBag from /opt/airflow/dags/load_ergast_data.py
[2026-08-11T11:56:59.819+0000] {processor.py:840} INFO - DAG(s) 'load_ergast_data' retrieved from /opt/airflow/dags/load_ergast_data.py
[2026-08-11T11:57:00.140+0000] {logging_mixin.py:188} INFO - [2026-08-11T11:57:00.139+0000] {dag.py:3096} INFO - Sync 1 DAGs
[2026-08-11T11:57:00.151+0000] {logging_mixin.py:188} INFO - [2026-08-11T11:57:00.151+0000] {dag.py:3954} INFO - Setting next_dagrun for load_ergast_data to None, run_after=None
[2026-08-11T11:57:00.174+0000] {processor.py:183} INFO - Processing /opt/airflow/dags/load_ergast_data.py took 0.722 seconds
[2026-08-11T11:57:30.752+0000] {processor.py:161} INFO - Started process (PID=1918) to work on /opt/airflow/dags/load_ergast_data.py
[2026-08-11T11:57:30.754+0000] {processor.py:830} INFO - Processing file /opt/airflow/dags/load_ergast_data.py for tasks to queue
[2026-08-11T11:57:30.757+0000] {logging_mixin.py:188} INFO - [2026-08-11T11:57:30.757+0000] {dagbag.py:545} INFO - Filling up the DagBag from /opt/airflow/dags/load_ergast_data.py
[2026-08-11T11:57:31.073+0000] {processor.py:840} INFO - DAG(s) 'load_ergast_data' retrieved from /opt/airflow/dags/load_ergast_data.py
[2026-08-11T11:57:31.132+0000] {logging_mixin.py:188} INFO - [2026-08-11T11:57:31.131+0000] {dag.py:3096} INFO - Sync 1 DAGs
[2026-08-11T11:57:31.160+0000] {logging_mixin.py:188} INFO - [2026-08-11T11:57:31.160+0000] {dag.py:3954} INFO - Setting next_dagrun for load_ergast_data to None, run_after=None
[2026-08-11T11:57:31.213+0000] {processor.py:183} INFO - Processing /opt/airflow/dags/load_ergast_data.py took 0.467 seconds
[2026-08-11T11:58:02.022+0000] {processor.py:161} INFO - Started process (PID=1934) to work on /opt/airflow/dags/load_ergast_data.py
[2026-08-11T11:58:02.024+0000] {processor.py:830} INFO - Processing file /opt/airflow/dags/load_ergast_data.py for tasks to queue
[2026-08-11T11:58:02.028+0000] {logging_mixin.py:188} INFO - [2026-08-11T11:58:02.027+0000] {dagbag.py:545} INFO - Filling up the DagBag from /opt/airflow/dags/load_ergast_data.py
[2026-08-11T11:58:02.359+0000] {processor.py:840} INFO - DAG(s) 'load_ergast_data' retrieved from /opt/airflow/dags/load_ergast_data.py
[2026-08-11T11:58:02.400+0000] {logging_mixin.py:188} INFO - [2026-08-11T11:58:02.399+0000] {dag.py:3096} INFO - Sync 1 DAGs
[2026-08-11T11:58:02.427+0000] {logging_mixin.py:188} INFO - [2026-08-11T11:58:02.427+0000] {dag.py:3954} INFO - Setting next_dagrun for load_ergast_data to None, run_after=None
[2026-08-11T11:58:02.454+0000] {processor.py:183} INFO - Processing /opt/airflow/dags/load_ergast_data.py took 0.440 seconds
[2026-08-11T11:58:33.232+0000] {processor.py:161} INFO - Started process (PID=1950) to work on /opt/airflow/dags/load_ergast_data.py
[2026-08-11T11:58:33.235+0000] {processor.py:830} INFO - Processing file /opt/airflow/dags/load_ergast_data.py for tasks to queue
[2026-08-11T11:58:33.241+0000] {logging_mixin.py:188} INFO - [2026-08-11T11:58:33.240+0000] {dagbag.py:545} INFO - Filling up the DagBag from /opt/airflow/dags/load_ergast_data.py
[2026-08-11T11:58:33.711+0000] {processor.py:840} INFO - DAG(s) 'load_ergast_data' retrieved from /opt/airflow/dags/load_ergast_data.py
[2026-08-11T11:58:33.803+0000] {logging_mixin.py:188} INFO - [2026-08-11T11:58:33.802+0000] {dag.py:3096} INFO - Sync 1 DAGs
[2026-08-11T11:58:33.845+0000] {logging_mixin.py:188} INFO - [2026-08-11T11:58:33.844+0000] {dag.py:3954} INFO - Setting next_dagrun for load_ergast_data to None, run_after=None
[2026-08-11T11:58:33.873+0000] {processor.py:183} INFO - Processing /opt/airflow/dags/load_ergast_data.py took 0.657 seconds
[2026-08-11T11:59:03.986+0000] {processor.py:161} INFO - Started process (PID=1966) to work on /opt/airflow/dags/load_ergast_data.py
[2026-08-11T11:59:03.988+0000] {processor.py:830} INFO - Processing file /opt/airflow/dags/load_ergast_data.py for tasks to queue
[2026-08-11T11:59:03.997+0000] {logging_mixin.py:188} INFO - [2026-08-11T11:59:03.994+0000] {dagbag.py:545} INFO - Filling up the DagBag from /opt/airflow/dags/load_ergast_data.py
[2026-08-11T11:59:05.068+0000] {processor.py:840} INFO - DAG(s) 'load_ergast_data' retrieved from /opt/airflow/dags/load_ergast_data.py
[2026-08-11T11:59:05.184+0000] {logging_mixin.py:188} INFO - [2026-08-11T11:59:05.184+0000] {dag.py:3096} INFO - Sync 1 DAGs
[2026-08-11T11:59:05.258+0000] {logging_mixin.py:188} INFO - [2026-08-11T11:59:05.258+0000] {dag.py:3954} INFO - Setting next_dagrun for load_ergast_data to None, run_after=None
[2026-08-11T11:59:07.443+0000] {processor.py:183} INFO - Processing /opt/airflow/dags/load_ergast_data.py took 3.463 seconds
[2026-08-11T11:59:38.226+0000] {processor.py:161} INFO - Started process (PID=1982) to work on /opt/airflow/dags/load_ergast_data.py
[2026-08-11T11:59:38.227+0000] {processor.py:830} INFO - Processing file /opt/airflow/dags/load_ergast_data.py for tasks to queue
[2026-08-11T11:59:38.230+0000] {logging_mixin.py:188} INFO - [2026-08-11T11:59:38.229+0000] {dagbag.py:545} INFO - Filling up the DagBag from /opt/airflow/dags/load_ergast_data.py
[2026-08-11T11:59:38.499+0000] {processor.py:840} INFO - DAG(s) 'load_ergast_data' retrieved from /opt/airflow/dags/load_ergast_data.py
[2026-08-11T11:59:38.524+0000] {logging_mixin.py:188} INFO - [2026-08-11T11:59:38.523+0000] {dag.py:3096} INFO - Sync 1 DAGs
[2026-08-11T11:59:39.193+0000] {logging_mixin.py:188} INFO - [2026-08-11T11:59:39.192+0000] {dag.py:3954} INFO - Setting next_dagrun for load_ergast_data to None, run_after=None
[2026-08-11T11:59:39.222+0000] {processor.py:183} INFO - Processing /opt/airflow/dags/load_ergast_data.py took 1.002 seconds
[2026-08-11T12:00:09.411+0000] {processor.py:161} INFO - Started process (PID=1998) to work on /opt/airflow/dags/load_ergast_data.py
[2026-08-11T12:00:09.412+0000] {processor.py:830} INFO - Processing file /opt/airflow/dags/load_ergast_data.py for tasks to queue
[2026-08-11T12:00:09.414+0000] {logging_mixin.py:188} INFO - [2026-08-11T12:00:09.414+0000] {dagbag.py:545} INFO - Filling up the DagBag from /opt/airflow/dags/load_ergast_data.py
[2026-08-11T12:00:09.740+0000] {processor.py:840} INFO - DAG(s) 'load_ergast_data' retrieved from /opt/airflow/dags/load_ergast_data.py
[2026-08-11T12:00:10.161+0000] {logging_mixin.py:188} INFO - [2026-08-11T12:00:10.161+0000] {dag.py:3096} INFO - Sync 1 DAGs
[2026-08-11T12:00:10.171+0000] {logging_mixin.py:188} INFO - [2026-08-11T12:00:10.171+0000] {dag.py:3954} INFO - Setting next_dagrun for load_ergast_data to None, run_after=None
[2026-08-11T12:00:10.189+0000] {processor.py:183} INFO - Processing /opt/airflow/dags/load_ergast_data.py took 0.784 seconds
[2026-08-11T12:00:40.364+0000] {processor.py:161} INFO - Started process (PID=2014) to work on /opt/airflow/dags/load_ergast_data.py
[2026-08-11T12:00:40.365+0000] {processor.py:830} INFO - Processing file /opt/airflow/dags/load_ergast_data.py for tasks to queue
[2026-08-11T12:00:40.367+0000] {logging_mixin.py:188} INFO - [2026-08-11T12:00:40.367+0000] {dagbag.py:545} INFO - Filling up the DagBag from /opt/airflow/dags/load_ergast_data.py
[2026-08-11T12:00:40.626+0000] {processor.py:840} INFO - DAG(s) 'load_ergast_data' retrieved from /opt/airflow/dags/load_ergast_data.py
[2026-08-11T12:00:40.649+0000] {logging_mixin.py:188} INFO - [2026-08-11T12:00:40.649+0000] {dag.py:3096} INFO - Sync 1 DAGs
[2026-08-11T12:00:40.662+0000] {logging_mixin.py:188} INFO - [2026-08-11T12:00:40.661+0000] {dag.py:3954} INFO - Setting next_dagrun for load_ergast_data to None, run_after=None
[2026-08-11T12:00:40.680+0000] {processor.py:183} INFO - Processing /opt/airflow/dags/load_ergast_data.py took 0.322 seconds
[2026-08-11T12:01:10.844+0000] {processor.py:161} INFO - Started process (PID=2030) to work on /opt/airflow/dags/load_ergast_data.py
[2026-08-11T12:01:10.845+0000] {processor.py:830} INFO - Processing file /opt/airflow/dags/load_ergast_data.py for tasks to queue
[2026-08-11T12:01:10.847+0000] {logging_mixin.py:188} INFO - [2026-08-11T12:01:10.847+0000] {dagbag.py:545} INFO - Filling up the DagBag from /opt/airflow/dags/load_ergast_data.py
[2026-08-11T12:01:11.098+0000] {processor.py:840} INFO - DAG(s) 'load_ergast_data' retrieved from /opt/airflow/dags/load_ergast_data.py
[2026-08-11T12:01:11.125+0000] {logging_mixin.py:188} INFO - [2026-08-11T12:01:11.125+0000] {dag.py:3096} INFO - Sync 1 DAGs
[2026-08-11T12:01:11.138+0000] {logging_mixin.py:188} INFO - [2026-08-11T12:01:11.138+0000] {dag.py:3954} INFO - Setting next_dagrun for load_ergast_data to None, run_after=None
[2026-08-11T12:01:11.157+0000] {processor.py:183} INFO - Processing /opt/airflow/dags/load_ergast_data.py took 0.318 seconds
[2026-08-11T12:01:41.369+0000] {processor.py:161} INFO - Started process (PID=2046) to work on /opt/airflow/dags/load_ergast_data.py
[2026-08-11T12:01:41.377+0000] {processor.py:830} INFO - Processing file /opt/airflow/dags/load_ergast_data.py for tasks to queue
[2026-08-11T12:01:41.387+0000] {logging_mixin.py:188} INFO - [2026-08-11T12:01:41.385+0000] {dagbag.py:545} INFO - Filling up the DagBag from /opt/airflow/dags/load_ergast_data.py
[2026-08-11T12:01:42.078+0000] {processor.py:840} INFO - DAG(s) 'load_ergast_data' retrieved from /opt/airflow/dags/load_ergast_data.py
[2026-08-11T12:01:42.159+0000] {logging_mixin.py:188} INFO - [2026-08-11T12:01:42.158+0000] {dag.py:3096} INFO - Sync 1 DAGs
[2026-08-11T12:01:42.210+0000] {logging_mixin.py:188} INFO - [2026-08-11T12:01:42.210+0000] {dag.py:3954} INFO - Setting next_dagrun for load_ergast_data to None, run_after=None
[2026-08-11T12:01:42.280+0000] {processor.py:183} INFO - Processing /opt/airflow/dags/load_ergast_data.py took 0.923 seconds
[2026-08-11T12:02:12.819+0000] {processor.py:161} INFO - Started process (PID=2062) to work on /opt/airflow/dags/load_ergast_data.py
[2026-08-11T12:02:12.821+0000] {processor.py:830} INFO - Processing file /opt/airflow/dags/load_ergast_data.py for tasks to queue
[2026-08-11T12:02:12.828+0000] {logging_mixin.py:188} INFO - [2026-08-11T12:02:12.827+0000] {dagbag.py:545} INFO - Filling up the DagBag from /opt/airflow/dags/load_ergast_data.py
[2026-08-11T12:02:14.199+0000] {processor.py:840} INFO - DAG(s) 'load_ergast_data' retrieved from /opt/airflow/dags/load_ergast_data.py
[2026-08-11T12:02:14.340+0000] {logging_mixin.py:188} INFO - [2026-08-11T12:02:14.336+0000] {dag.py:3096} INFO - Sync 1 DAGs
[2026-08-11T12:02:14.448+0000] {logging_mixin.py:188} INFO - [2026-08-11T12:02:14.448+0000] {dag.py:3954} INFO - Setting next_dagrun for load_ergast_data to None, run_after=None
[2026-08-11T12:02:16.392+0000] {processor.py:183} INFO - Processing /opt/airflow/dags/load_ergast_data.py took 3.584 seconds
[2026-08-11T12:02:46.967+0000] {processor.py:161} INFO - Started process (PID=2078) to work on /opt/airflow/dags/load_ergast_data.py
[2026-08-11T12:02:46.993+0000] {processor.py:830} INFO - Processing file /opt/airflow/dags/load_ergast_data.py for tasks to queue
[2026-08-11T12:02:47.048+0000] {logging_mixin.py:188} INFO - [2026-08-11T12:02:47.043+0000] {dagbag.py:545} INFO - Filling up the DagBag from /opt/airflow/dags/load_ergast_data.py
[2026-08-11T12:02:48.385+0000] {processor.py:840} INFO - DAG(s) 'load_ergast_data' retrieved from /opt/airflow/dags/load_ergast_data.py
[2026-08-11T12:02:48.510+0000] {logging_mixin.py:188} INFO - [2026-08-11T12:02:48.508+0000] {dag.py:3096} INFO - Sync 1 DAGs
[2026-08-11T12:02:50.422+0000] {logging_mixin.py:188} INFO - [2026-08-11T12:02:50.422+0000] {dag.py:3954} INFO - Setting next_dagrun for load_ergast_data to None, run_after=None
[2026-08-11T12:02:50.466+0000] {processor.py:183} INFO - Processing /opt/airflow/dags/load_ergast_data.py took 3.675 seconds
[2026-08-11T12:03:20.913+0000] {processor.py:161} INFO - Started process (PID=2094) to work on /opt/airflow/dags/load_ergast_data.py
[2026-08-11T12:03:20.915+0000] {processor.py:830} INFO - Processing file /opt/airflow/dags/load_ergast_data.py for tasks to queue
[2026-08-11T12:03:20.918+0000] {logging_mixin.py:188} INFO - [2026-08-11T12:03:20.917+0000] {dagbag.py:545} INFO - Filling up the DagBag from /opt/airflow/dags/load_ergast_data.py
[2026-08-11T12:03:21.212+0000] {processor.py:840} INFO - DAG(s) 'load_ergast_data' retrieved from /opt/airflow/dags/load_ergast_data.py
[2026-08-11T12:03:21.734+0000] {logging_mixin.py:188} INFO - [2026-08-11T12:03:21.732+0000] {dag.py:3096} INFO - Sync 1 DAGs
[2026-08-11T12:03:21.756+0000] {logging_mixin.py:188} INFO - [2026-08-11T12:03:21.756+0000] {dag.py:3954} INFO - Setting next_dagrun for load_ergast_data to None, run_after=None
[2026-08-11T12:03:21.785+0000] {processor.py:183} INFO - Processing /opt/airflow/dags/load_ergast_data.py took 0.903 seconds
[2026-08-11T12:03:52.059+0000] {processor.py:161} INFO - Started process (PID=2110) to work on /opt/airflow/dags/load_ergast_data.py
[2026-08-11T12:03:52.061+0000] {processor.py:830} INFO - Processing file /opt/airflow/dags/load_ergast_data.py for tasks to queue
[2026-08-11T12:03:52.065+0000] {logging_mixin.py:188} INFO - [2026-08-11T12:03:52.064+0000] {dagbag.py:545} INFO - Filling up the DagBag from /opt/airflow/dags/load_ergast_data.py
[2026-08-11T12:03:52.389+0000] {processor.py:840} INFO - DAG(s) 'load_ergast_data' retrieved from /opt/airflow/dags/load_ergast_data.py
[2026-08-11T12:03:53.273+0000] {logging_mixin.py:188} INFO - [2026-08-11T12:03:53.272+0000] {dag.py:3096} INFO - Sync 1 DAGs
[2026-08-11T12:03:53.312+0000] {logging_mixin.py:188} INFO - [2026-08-11T12:03:53.311+0000] {dag.py:3954} INFO - Setting next_dagrun for load_ergast_data to None, run_after=None
[2026-08-11T12:03:53.358+0000] {processor.py:183} INFO - Processing /opt/airflow/dags/load_ergast_data.py took 1.308 seconds
[2026-08-11T12:04:23.984+0000] {processor.py:161} INFO - Started process (PID=2126) to work on /opt/airflow/dags/load_ergast_data.py
[2026-08-11T12:04:23.986+0000] {processor.py:830} INFO - Processing file /opt/airflow/dags/load_ergast_data.py for tasks to queue
[2026-08-11T12:04:23.999+0000] {logging_mixin.py:188} INFO - [2026-08-11T12:04:23.995+0000] {dagbag.py:545} INFO - Filling up the DagBag from /opt/airflow/dags/load_ergast_data.py
[2026-08-11T12:04:26.989+0000] {processor.py:840} INFO - DAG(s) 'load_ergast_data' retrieved from /opt/airflow/dags/load_ergast_data.py
[2026-08-11T12:04:27.020+0000] {logging_mixin.py:188} INFO - [2026-08-11T12:04:27.019+0000] {dag.py:3096} INFO - Sync 1 DAGs
[2026-08-11T12:04:27.033+0000] {logging_mixin.py:188} INFO - [2026-08-11T12:04:27.033+0000] {dag.py:3954} INFO - Setting next_dagrun for load_ergast_data to None, run_after=None
[2026-08-11T12:04:27.069+0000] {processor.py:183} INFO - Processing /opt/airflow/dags/load_ergast_data.py took 3.098 seconds
[2026-08-11T12:04:57.512+0000] {processor.py:161} INFO - Started process (PID=2142) to work on /opt/airflow/dags/load_ergast_data.py
[2026-08-11T12:04:57.517+0000] {processor.py:830} INFO - Processing file /opt/airflow/dags/load_ergast_data.py for tasks to queue
[2026-08-11T12:04:57.521+0000] {logging_mixin.py:188} INFO - [2026-08-11T12:04:57.520+0000] {dagbag.py:545} INFO - Filling up the DagBag from /opt/airflow/dags/load_ergast_data.py
[2026-08-11T12:04:57.853+0000] {processor.py:840} INFO - DAG(s) 'load_ergast_data' retrieved from /opt/airflow/dags/load_ergast_data.py
[2026-08-11T12:04:57.880+0000] {logging_mixin.py:188} INFO - [2026-08-11T12:04:57.879+0000] {dag.py:3096} INFO - Sync 1 DAGs
[2026-08-11T12:04:57.894+0000] {logging_mixin.py:188} INFO - [2026-08-11T12:04:57.893+0000] {dag.py:3954} INFO - Setting next_dagrun for load_ergast_data to None, run_after=None
[2026-08-11T12:04:57.915+0000] {processor.py:183} INFO - Processing /opt/airflow/dags/load_ergast_data.py took 0.411 seconds
[2026-08-11T12:05:28.064+0000] {processor.py:161} INFO - Started process (PID=2158) to work on /opt/airflow/dags/load_ergast_data.py
[2026-08-11T12:05:28.068+0000] {processor.py:830} INFO - Processing file /opt/airflow/dags/load_ergast_data.py for tasks to queue
[2026-08-11T12:05:28.074+0000] {logging_mixin.py:188} INFO - [2026-08-11T12:05:28.073+0000] {dagbag.py:545} INFO - Filling up the DagBag from /opt/airflow/dags/load_ergast_data.py
[2026-08-11T12:05:28.503+0000] {processor.py:840} INFO - DAG(s) 'load_ergast_data' retrieved from /opt/airflow/dags/load_ergast_data.py
[2026-08-11T12:05:28.529+0000] {logging_mixin.py:188} INFO - [2026-08-11T12:05:28.528+0000] {dag.py:3096} INFO - Sync 1 DAGs
[2026-08-11T12:05:28.553+0000] {logging_mixin.py:188} INFO - [2026-08-11T12:05:28.553+0000] {dag.py:3954} INFO - Setting next_dagrun for load_ergast_data to None, run_after=None
[2026-08-11T12:05:29.580+0000] {processor.py:183} INFO - Processing /opt/airflow/dags/load_ergast_data.py took 1.544 seconds
[2026-08-11T12:05:59.991+0000] {processor.py:161} INFO - Started process (PID=2174) to work on /opt/airflow/dags/load_ergast_data.py
[2026-08-11T12:05:59.993+0000] {processor.py:830} INFO - Processing file /opt/airflow/dags/load_ergast_data.py for tasks to queue
[2026-08-11T12:06:00.008+0000] {logging_mixin.py:188} INFO - [2026-08-11T12:06:00.007+0000] {dagbag.py:545} INFO - Filling up the DagBag from /opt/airflow/dags/load_ergast_data.py
[2026-08-11T12:06:00.495+0000] {processor.py:840} INFO - DAG(s) 'load_ergast_data' retrieved from /opt/airflow/dags/load_ergast_data.py
[2026-08-11T12:06:00.531+0000] {logging_mixin.py:188} INFO - [2026-08-11T12:06:00.530+0000] {dag.py:3096} INFO - Sync 1 DAGs
[2026-08-11T12:06:01.084+0000] {logging_mixin.py:188} INFO - [2026-08-11T12:06:01.084+0000] {dag.py:3954} INFO - Setting next_dagrun for load_ergast_data to None, run_after=None
[2026-08-11T12:06:01.117+0000] {processor.py:183} INFO - Processing /opt/airflow/dags/load_ergast_data.py took 1.135 seconds
[2026-08-11T12:06:31.438+0000] {processor.py:161} INFO - Started process (PID=2190) to work on /opt/airflow/dags/load_ergast_data.py
[2026-08-11T12:06:31.439+0000] {processor.py:830} INFO - Processing file /opt/airflow/dags/load_ergast_data.py for tasks to queue
[2026-08-11T12:06:31.444+0000] {logging_mixin.py:188} INFO - [2026-08-11T12:06:31.444+0000] {dagbag.py:545} INFO - Filling up the DagBag from /opt/airflow/dags/load_ergast_data.py
[2026-08-11T12:06:31.837+0000] {processor.py:840} INFO - DAG(s) 'load_ergast_data' retrieved from /opt/airflow/dags/load_ergast_data.py
[2026-08-11T12:06:32.061+0000] {logging_mixin.py:188} INFO - [2026-08-11T12:06:32.061+0000] {dag.py:3096} INFO - Sync 1 DAGs
[2026-08-11T12:06:32.087+0000] {logging_mixin.py:188} INFO - [2026-08-11T12:06:32.087+0000] {dag.py:3954} INFO - Setting next_dagrun for load_ergast_data to None, run_after=None
[2026-08-11T12:06:32.122+0000] {processor.py:183} INFO - Processing /opt/airflow/dags/load_ergast_data.py took 0.692 seconds
[2026-08-11T12:07:02.886+0000] {processor.py:161} INFO - Started process (PID=2206) to work on /opt/airflow/dags/load_ergast_data.py
[2026-08-11T12:07:02.890+0000] {processor.py:830} INFO - Processing file /opt/airflow/dags/load_ergast_data.py for tasks to queue
[2026-08-11T12:07:02.894+0000] {logging_mixin.py:188} INFO - [2026-08-11T12:07:02.894+0000] {dagbag.py:545} INFO - Filling up the DagBag from /opt/airflow/dags/load_ergast_data.py
[2026-08-11T12:07:03.661+0000] {processor.py:840} INFO - DAG(s) 'load_ergast_data' retrieved from /opt/airflow/dags/load_ergast_data.py
[2026-08-11T12:07:04.661+0000] {logging_mixin.py:188} INFO - [2026-08-11T12:07:04.660+0000] {dag.py:3096} INFO - Sync 1 DAGs
[2026-08-11T12:07:04.720+0000] {logging_mixin.py:188} INFO - [2026-08-11T12:07:04.720+0000] {dag.py:3954} INFO - Setting next_dagrun for load_ergast_data to None, run_after=None
[2026-08-11T12:07:04.771+0000] {processor.py:183} INFO - Processing /opt/airflow/dags/load_ergast_data.py took 1.901 seconds
[2026-08-11T12:07:36.029+0000] {processor.py:161} INFO - Started process (PID=2222) to work on /opt/airflow/dags/load_ergast_data.py
[2026-08-11T12:07:36.036+0000] {processor.py:830} INFO - Processing file /opt/airflow/dags/load_ergast_data.py for tasks to queue
[2026-08-11T12:07:36.044+0000] {logging_mixin.py:188} INFO - [2026-08-11T12:07:36.043+0000] {dagbag.py:545} INFO - Filling up the DagBag from /opt/airflow/dags/load_ergast_data.py
[2026-08-11T12:07:36.780+0000] {processor.py:840} INFO - DAG(s) 'load_ergast_data' retrieved from /opt/airflow/dags/load_ergast_data.py
[2026-08-11T12:07:36.863+0000] {logging_mixin.py:188} INFO - [2026-08-11T12:07:36.862+0000] {dag.py:3096} INFO - Sync 1 DAGs
[2026-08-11T12:07:36.930+0000] {logging_mixin.py:188} INFO - [2026-08-11T12:07:36.930+0000] {dag.py:3954} INFO - Setting next_dagrun for load_ergast_data to None, run_after=None
[2026-08-11T12:07:37.011+0000] {processor.py:183} INFO - Processing /opt/airflow/dags/load_ergast_data.py took 1.000 seconds
[2026-08-11T12:08:07.467+0000] {processor.py:161} INFO - Started process (PID=2238) to work on /opt/airflow/dags/load_ergast_data.py
[2026-08-11T12:08:07.470+0000] {processor.py:830} INFO - Processing file /opt/airflow/dags/load_ergast_data.py for tasks to queue
[2026-08-11T12:08:07.479+0000] {logging_mixin.py:188} INFO - [2026-08-11T12:08:07.478+0000] {dagbag.py:545} INFO - Filling up the DagBag from /opt/airflow/dags/load_ergast_data.py
[2026-08-11T12:08:10.260+0000] {processor.py:840} INFO - DAG(s) 'load_ergast_data' retrieved from /opt/airflow/dags/load_ergast_data.py
[2026-08-11T12:08:10.442+0000] {logging_mixin.py:188} INFO - [2026-08-11T12:08:10.439+0000] {dag.py:3096} INFO - Sync 1 DAGs
[2026-08-11T12:08:10.538+0000] {logging_mixin.py:188} INFO - [2026-08-11T12:08:10.538+0000] {dag.py:3954} INFO - Setting next_dagrun for load_ergast_data to None, run_after=None
[2026-08-11T12:08:10.614+0000] {processor.py:183} INFO - Processing /opt/airflow/dags/load_ergast_data.py took 3.162 seconds
[2026-08-11T12:08:41.024+0000] {processor.py:161} INFO - Started process (PID=2254) to work on /opt/airflow/dags/load_ergast_data.py
[2026-08-11T12:08:41.027+0000] {processor.py:830} INFO - Processing file /opt/airflow/dags/load_ergast_data.py for tasks to queue
[2026-08-11T12:08:41.030+0000] {logging_mixin.py:188} INFO - [2026-08-11T12:08:41.030+0000] {dagbag.py:545} INFO - Filling up the DagBag from /opt/airflow/dags/load_ergast_data.py
[2026-08-11T12:08:41.776+0000] {processor.py:840} INFO - DAG(s) 'load_ergast_data' retrieved from /opt/airflow/dags/load_ergast_data.py
[2026-08-11T12:08:41.934+0000] {logging_mixin.py:188} INFO - [2026-08-11T12:08:41.933+0000] {dag.py:3096} INFO - Sync 1 DAGs
[2026-08-11T12:08:42.037+0000] {logging_mixin.py:188} INFO - [2026-08-11T12:08:42.037+0000] {dag.py:3954} INFO - Setting next_dagrun for load_ergast_data to None, run_after=None
[2026-08-11T12:08:44.196+0000] {processor.py:183} INFO - Processing /opt/airflow/dags/load_ergast_data.py took 3.178 seconds
[2026-08-11T12:09:14.469+0000] {processor.py:161} INFO - Started process (PID=2270) to work on /opt/airflow/dags/load_ergast_data.py
[2026-08-11T12:09:14.476+0000] {processor.py:830} INFO - Processing file /opt/airflow/dags/load_ergast_data.py for tasks to queue
[2026-08-11T12:09:14.491+0000] {logging_mixin.py:188} INFO - [2026-08-11T12:09:14.491+0000] {dagbag.py:545} INFO - Filling up the DagBag from /opt/airflow/dags/load_ergast_data.py
[2026-08-11T12:09:14.974+0000] {processor.py:840} INFO - DAG(s) 'load_ergast_data' retrieved from /opt/airflow/dags/load_ergast_data.py
[2026-08-11T12:09:15.115+0000] {logging_mixin.py:188} INFO - [2026-08-11T12:09:15.113+0000] {dag.py:3096} INFO - Sync 1 DAGs
[2026-08-11T12:09:16.276+0000] {logging_mixin.py:188} INFO - [2026-08-11T12:09:16.276+0000] {dag.py:3954} INFO - Setting next_dagrun for load_ergast_data to None, run_after=None
[2026-08-11T12:09:16.311+0000] {processor.py:183} INFO - Processing /opt/airflow/dags/load_ergast_data.py took 1.867 seconds
[2026-08-11T12:09:46.771+0000] {processor.py:161} INFO - Started process (PID=2286) to work on /opt/airflow/dags/load_ergast_data.py
[2026-08-11T12:09:46.772+0000] {processor.py:830} INFO - Processing file /opt/airflow/dags/load_ergast_data.py for tasks to queue
[2026-08-11T12:09:46.775+0000] {logging_mixin.py:188} INFO - [2026-08-11T12:09:46.774+0000] {dagbag.py:545} INFO - Filling up the DagBag from /opt/airflow/dags/load_ergast_data.py
[2026-08-11T12:09:47.207+0000] {processor.py:840} INFO - DAG(s) 'load_ergast_data' retrieved from /opt/airflow/dags/load_ergast_data.py
[2026-08-11T12:09:47.596+0000] {logging_mixin.py:188} INFO - [2026-08-11T12:09:47.595+0000] {dag.py:3096} INFO - Sync 1 DAGs
[2026-08-11T12:09:47.607+0000] {logging_mixin.py:188} INFO - [2026-08-11T12:09:47.607+0000] {dag.py:3954} INFO - Setting next_dagrun for load_ergast_data to None, run_after=None
[2026-08-11T12:09:47.627+0000] {processor.py:183} INFO - Processing /opt/airflow/dags/load_ergast_data.py took 0.863 seconds
[2026-08-11T12:10:18.274+0000] {processor.py:161} INFO - Started process (PID=2302) to work on /opt/airflow/dags/load_ergast_data.py
[2026-08-11T12:10:18.288+0000] {processor.py:830} INFO - Processing file /opt/airflow/dags/load_ergast_data.py for tasks to queue
[2026-08-11T12:10:18.301+0000] {logging_mixin.py:188} INFO - [2026-08-11T12:10:18.299+0000] {dagbag.py:545} INFO - Filling up the DagBag from /opt/airflow/dags/load_ergast_data.py
[2026-08-11T12:10:19.753+0000] {processor.py:840} INFO - DAG(s) 'load_ergast_data' retrieved from /opt/airflow/dags/load_ergast_data.py
[2026-08-11T12:10:22.537+0000] {logging_mixin.py:188} INFO - [2026-08-11T12:10:22.535+0000] {dag.py:3096} INFO - Sync 1 DAGs
[2026-08-11T12:10:22.577+0000] {logging_mixin.py:188} INFO - [2026-08-11T12:10:22.577+0000] {dag.py:3954} INFO - Setting next_dagrun for load_ergast_data to None, run_after=None
[2026-08-11T12:10:22.622+0000] {processor.py:183} INFO - Processing /opt/airflow/dags/load_ergast_data.py took 4.487 seconds
[2026-08-11T12:10:53.318+0000] {processor.py:161} INFO - Started process (PID=2318) to work on /opt/airflow/dags/load_ergast_data.py
[2026-08-11T12:10:53.320+0000] {processor.py:830} INFO - Processing file /opt/airflow/dags/load_ergast_data.py for tasks to queue
[2026-08-11T12:10:53.323+0000] {logging_mixin.py:188} INFO - [2026-08-11T12:10:53.322+0000] {dagbag.py:545} INFO - Filling up the DagBag from /opt/airflow/dags/load_ergast_data.py
[2026-08-11T12:10:54.401+0000] {processor.py:840} INFO - DAG(s) 'load_ergast_data' retrieved from /opt/airflow/dags/load_ergast_data.py
[2026-08-11T12:10:54.432+0000] {logging_mixin.py:188} INFO - [2026-08-11T12:10:54.432+0000] {dag.py:3096} INFO - Sync 1 DAGs
[2026-08-11T12:10:54.451+0000] {logging_mixin.py:188} INFO - [2026-08-11T12:10:54.451+0000] {dag.py:3954} INFO - Setting next_dagrun for load_ergast_data to None, run_after=None
[2026-08-11T12:10:54.482+0000] {processor.py:183} INFO - Processing /opt/airflow/dags/load_ergast_data.py took 1.171 seconds
[2026-08-11T12:11:24.673+0000] {processor.py:161} INFO - Started process (PID=2334) to work on /opt/airflow/dags/load_ergast_data.py
[2026-08-11T12:11:24.675+0000] {processor.py:830} INFO - Processing file /opt/airflow/dags/load_ergast_data.py for tasks to queue
[2026-08-11T12:11:24.679+0000] {logging_mixin.py:188} INFO - [2026-08-11T12:11:24.679+0000] {dagbag.py:545} INFO - Filling up the DagBag from /opt/airflow/dags/load_ergast_data.py
[2026-08-11T12:11:24.966+0000] {processor.py:840} INFO - DAG(s) 'load_ergast_data' retrieved from /opt/airflow/dags/load_ergast_data.py
[2026-08-11T12:11:24.991+0000] {logging_mixin.py:188} INFO - [2026-08-11T12:11:24.991+0000] {dag.py:3096} INFO - Sync 1 DAGs
[2026-08-11T12:11:25.006+0000] {logging_mixin.py:188} INFO - [2026-08-11T12:11:25.006+0000] {dag.py:3954} INFO - Setting next_dagrun for load_ergast_data to None, run_after=None
[2026-08-11T12:11:25.028+0000] {processor.py:183} INFO - Processing /opt/airflow/dags/load_ergast_data.py took 0.368 seconds
[2026-08-11T12:11:55.463+0000] {processor.py:161} INFO - Started process (PID=2350) to work on /opt/airflow/dags/load_ergast_data.py
[2026-08-11T12:11:55.467+0000] {processor.py:830} INFO - Processing file /opt/airflow/dags/load_ergast_data.py for tasks to queue
[2026-08-11T12:11:55.479+0000] {logging_mixin.py:188} INFO - [2026-08-11T12:11:55.476+0000] {dagbag.py:545} INFO - Filling up the DagBag from /opt/airflow/dags/load_ergast_data.py
[2026-08-11T12:11:56.499+0000] {processor.py:840} INFO - DAG(s) 'load_ergast_data' retrieved from /opt/airflow/dags/load_ergast_data.py
[2026-08-11T12:11:56.579+0000] {logging_mixin.py:188} INFO - [2026-08-11T12:11:56.578+0000] {dag.py:3096} INFO - Sync 1 DAGs
[2026-08-11T12:11:56.631+0000] {logging_mixin.py:188} INFO - [2026-08-11T12:11:56.631+0000] {dag.py:3954} INFO - Setting next_dagrun for load_ergast_data to None, run_after=None
[2026-08-11T12:11:58.068+0000] {processor.py:183} INFO - Processing /opt/airflow/dags/load_ergast_data.py took 2.623 seconds
[2026-08-11T12:12:28.966+0000] {processor.py:161} INFO - Started process (PID=2366) to work on /opt/airflow/dags/load_ergast_data.py
[2026-08-11T12:12:28.968+0000] {processor.py:830} INFO - Processing file /opt/airflow/dags/load_ergast_data.py for tasks to queue
[2026-08-11T12:12:28.978+0000] {logging_mixin.py:188} INFO - [2026-08-11T12:12:28.977+0000] {dagbag.py:545} INFO - Filling up the DagBag from /opt/airflow/dags/load_ergast_data.py
[2026-08-11T12:12:29.463+0000] {processor.py:840} INFO - DAG(s) 'load_ergast_data' retrieved from /opt/airflow/dags/load_ergast_data.py
[2026-08-11T12:12:29.813+0000] {logging_mixin.py:188} INFO - [2026-08-11T12:12:29.518+0000] {dag.py:3096} INFO - Sync 1 DAGs
[2026-08-11T12:12:29.826+0000] {logging_mixin.py:188} INFO - [2026-08-11T12:12:29.826+0000] {dag.py:3954} INFO - Setting next_dagrun for load_ergast_data to None, run_after=None
[2026-08-11T12:12:29.855+0000] {processor.py:183} INFO - Processing /opt/airflow/dags/load_ergast_data.py took 0.898 seconds
[2026-08-11T12:13:00.615+0000] {processor.py:161} INFO - Started process (PID=2382) to work on /opt/airflow/dags/load_ergast_data.py
[2026-08-11T12:13:00.618+0000] {processor.py:830} INFO - Processing file /opt/airflow/dags/load_ergast_data.py for tasks to queue
[2026-08-11T12:13:00.621+0000] {logging_mixin.py:188} INFO - [2026-08-11T12:13:00.620+0000] {dagbag.py:545} INFO - Filling up the DagBag from /opt/airflow/dags/load_ergast_data.py
[2026-08-11T12:13:01.059+0000] {processor.py:840} INFO - DAG(s) 'load_ergast_data' retrieved from /opt/airflow/dags/load_ergast_data.py
[2026-08-11T12:13:01.372+0000] {logging_mixin.py:188} INFO - [2026-08-11T12:13:01.372+0000] {dag.py:3096} INFO - Sync 1 DAGs
[2026-08-11T12:13:01.385+0000] {logging_mixin.py:188} INFO - [2026-08-11T12:13:01.385+0000] {dag.py:3954} INFO - Setting next_dagrun for load_ergast_data to None, run_after=None
[2026-08-11T12:13:01.408+0000] {processor.py:183} INFO - Processing /opt/airflow/dags/load_ergast_data.py took 0.804 seconds
[2026-08-11T12:13:31.899+0000] {processor.py:161} INFO - Started process (PID=2398) to work on /opt/airflow/dags/load_ergast_data.py
[2026-08-11T12:13:31.907+0000] {processor.py:830} INFO - Processing file /opt/airflow/dags/load_ergast_data.py for tasks to queue
[2026-08-11T12:13:31.924+0000] {logging_mixin.py:188} INFO - [2026-08-11T12:13:31.922+0000] {dagbag.py:545} INFO - Filling up the DagBag from /opt/airflow/dags/load_ergast_data.py
[2026-08-11T12:13:32.378+0000] {processor.py:840} INFO - DAG(s) 'load_ergast_data' retrieved from /opt/airflow/dags/load_ergast_data.py
[2026-08-11T12:13:32.784+0000] {logging_mixin.py:188} INFO - [2026-08-11T12:13:32.784+0000] {dag.py:3096} INFO - Sync 1 DAGs
[2026-08-11T12:13:32.793+0000] {logging_mixin.py:188} INFO - [2026-08-11T12:13:32.793+0000] {dag.py:3954} INFO - Setting next_dagrun for load_ergast_data to None, run_after=None
[2026-08-11T12:13:32.833+0000] {processor.py:183} INFO - Processing /opt/airflow/dags/load_ergast_data.py took 0.988 seconds
[2026-08-11T12:14:04.059+0000] {processor.py:161} INFO - Started process (PID=2414) to work on /opt/airflow/dags/load_ergast_data.py
[2026-08-11T12:14:04.073+0000] {processor.py:830} INFO - Processing file /opt/airflow/dags/load_ergast_data.py for tasks to queue
[2026-08-11T12:14:04.112+0000] {logging_mixin.py:188} INFO - [2026-08-11T12:14:04.111+0000] {dagbag.py:545} INFO - Filling up the DagBag from /opt/airflow/dags/load_ergast_data.py
[2026-08-11T12:14:07.786+0000] {processor.py:840} INFO - DAG(s) 'load_ergast_data' retrieved from /opt/airflow/dags/load_ergast_data.py
[2026-08-11T12:14:07.892+0000] {logging_mixin.py:188} INFO - [2026-08-11T12:14:07.890+0000] {dag.py:3096} INFO - Sync 1 DAGs
[2026-08-11T12:14:07.926+0000] {logging_mixin.py:188} INFO - [2026-08-11T12:14:07.926+0000] {dag.py:3954} INFO - Setting next_dagrun for load_ergast_data to None, run_after=None
[2026-08-11T12:14:07.980+0000] {processor.py:183} INFO - Processing /opt/airflow/dags/load_ergast_data.py took 3.950 seconds
[2026-08-11T12:14:38.061+0000] {processor.py:161} INFO - Started process (PID=2430) to work on /opt/airflow/dags/load_ergast_data.py
[2026-08-11T12:14:38.063+0000] {processor.py:830} INFO - Processing file /opt/airflow/dags/load_ergast_data.py for tasks to queue
[2026-08-11T12:14:38.069+0000] {logging_mixin.py:188} INFO - [2026-08-11T12:14:38.067+0000] {dagbag.py:545} INFO - Filling up the DagBag from /opt/airflow/dags/load_ergast_data.py
[2026-08-11T12:14:38.486+0000] {processor.py:840} INFO - DAG(s) 'load_ergast_data' retrieved from /opt/airflow/dags/load_ergast_data.py
[2026-08-11T12:14:38.560+0000] {logging_mixin.py:188} INFO - [2026-08-11T12:14:38.560+0000] {dag.py:3096} INFO - Sync 1 DAGs
[2026-08-11T12:14:38.582+0000] {logging_mixin.py:188} INFO - [2026-08-11T12:14:38.581+0000] {dag.py:3954} INFO - Setting next_dagrun for load_ergast_data to None, run_after=None
[2026-08-11T12:14:39.067+0000] {processor.py:183} INFO - Processing /opt/airflow/dags/load_ergast_data.py took 1.016 seconds
[2026-08-11T12:15:09.673+0000] {processor.py:161} INFO - Started process (PID=2446) to work on /opt/airflow/dags/load_ergast_data.py
[2026-08-11T12:15:09.674+0000] {processor.py:830} INFO - Processing file /opt/airflow/dags/load_ergast_data.py for tasks to queue
[2026-08-11T12:15:09.677+0000] {logging_mixin.py:188} INFO - [2026-08-11T12:15:09.677+0000] {dagbag.py:545} INFO - Filling up the DagBag from /opt/airflow/dags/load_ergast_data.py
[2026-08-11T12:15:09.996+0000] {processor.py:840} INFO - DAG(s) 'load_ergast_data' retrieved from /opt/airflow/dags/load_ergast_data.py
[2026-08-11T12:15:10.028+0000] {logging_mixin.py:188} INFO - [2026-08-11T12:15:10.028+0000] {dag.py:3096} INFO - Sync 1 DAGs
[2026-08-11T12:15:10.444+0000] {logging_mixin.py:188} INFO - [2026-08-11T12:15:10.444+0000] {dag.py:3954} INFO - Setting next_dagrun for load_ergast_data to None, run_after=None
[2026-08-11T12:15:10.468+0000] {processor.py:183} INFO - Processing /opt/airflow/dags/load_ergast_data.py took 0.802 seconds
[2026-08-11T12:15:40.956+0000] {processor.py:161} INFO - Started process (PID=2465) to work on /opt/airflow/dags/load_ergast_data.py
[2026-08-11T12:15:40.958+0000] {processor.py:830} INFO - Processing file /opt/airflow/dags/load_ergast_data.py for tasks to queue
[2026-08-11T12:15:40.960+0000] {logging_mixin.py:188} INFO - [2026-08-11T12:15:40.960+0000] {dagbag.py:545} INFO - Filling up the DagBag from /opt/airflow/dags/load_ergast_data.py
[2026-08-11T12:15:41.340+0000] {processor.py:840} INFO - DAG(s) 'load_ergast_data' retrieved from /opt/airflow/dags/load_ergast_data.py
[2026-08-11T12:15:41.564+0000] {logging_mixin.py:188} INFO - [2026-08-11T12:15:41.370+0000] {dag.py:3096} INFO - Sync 1 DAGs
[2026-08-11T12:15:41.573+0000] {logging_mixin.py:188} INFO - [2026-08-11T12:15:41.573+0000] {dag.py:3954} INFO - Setting next_dagrun for load_ergast_data to None, run_after=None
[2026-08-11T12:15:41.595+0000] {processor.py:183} INFO - Processing /opt/airflow/dags/load_ergast_data.py took 0.648 seconds
[2026-08-11T12:16:11.800+0000] {processor.py:161} INFO - Started process (PID=2481) to work on /opt/airflow/dags/load_ergast_data.py
[2026-08-11T12:16:11.801+0000] {processor.py:830} INFO - Processing file /opt/airflow/dags/load_ergast_data.py for tasks to queue
[2026-08-11T12:16:11.804+0000] {logging_mixin.py:188} INFO - [2026-08-11T12:16:11.804+0000] {dagbag.py:545} INFO - Filling up the DagBag from /opt/airflow/dags/load_ergast_data.py
[2026-08-11T12:16:12.148+0000] {processor.py:840} INFO - DAG(s) 'load_ergast_data' retrieved from /opt/airflow/dags/load_ergast_data.py
[2026-08-11T12:16:12.370+0000] {logging_mixin.py:188} INFO - [2026-08-11T12:16:12.370+0000] {dag.py:3096} INFO - Sync 1 DAGs
[2026-08-11T12:16:12.382+0000] {logging_mixin.py:188} INFO - [2026-08-11T12:16:12.382+0000] {dag.py:3954} INFO - Setting next_dagrun for load_ergast_data to None, run_after=None
[2026-08-11T12:16:12.403+0000] {processor.py:183} INFO - Processing /opt/airflow/dags/load_ergast_data.py took 0.610 seconds
[2026-08-11T12:16:42.662+0000] {processor.py:161} INFO - Started process (PID=2504) to work on /opt/airflow/dags/load_ergast_data.py
[2026-08-11T12:16:42.664+0000] {processor.py:830} INFO - Processing file /opt/airflow/dags/load_ergast_data.py for tasks to queue
[2026-08-11T12:16:42.669+0000] {logging_mixin.py:188} INFO - [2026-08-11T12:16:42.669+0000] {dagbag.py:545} INFO - Filling up the DagBag from /opt/airflow/dags/load_ergast_data.py
[2026-08-11T12:16:43.093+0000] {processor.py:840} INFO - DAG(s) 'load_ergast_data' retrieved from /opt/airflow/dags/load_ergast_data.py
[2026-08-11T12:16:43.114+0000] {logging_mixin.py:188} INFO - [2026-08-11T12:16:43.114+0000] {dag.py:3096} INFO - Sync 1 DAGs
[2026-08-11T12:16:43.127+0000] {logging_mixin.py:188} INFO - [2026-08-11T12:16:43.127+0000] {dag.py:3954} INFO - Setting next_dagrun for load_ergast_data to None, run_after=None
[2026-08-11T12:16:43.146+0000] {processor.py:183} INFO - Processing /opt/airflow/dags/load_ergast_data.py took 0.490 seconds
[2026-08-11T12:17:13.918+0000] {processor.py:161} INFO - Started process (PID=2520) to work on /opt/airflow/dags/load_ergast_data.py
[2026-08-11T12:17:13.920+0000] {processor.py:830} INFO - Processing file /opt/airflow/dags/load_ergast_data.py for tasks to queue
[2026-08-11T12:17:13.923+0000] {logging_mixin.py:188} INFO - [2026-08-11T12:17:13.922+0000] {dagbag.py:545} INFO - Filling up the DagBag from /opt/airflow/dags/load_ergast_data.py
[2026-08-11T12:17:14.477+0000] {processor.py:840} INFO - DAG(s) 'load_ergast_data' retrieved from /opt/airflow/dags/load_ergast_data.py
[2026-08-11T12:17:14.502+0000] {logging_mixin.py:188} INFO - [2026-08-11T12:17:14.501+0000] {dag.py:3096} INFO - Sync 1 DAGs
[2026-08-11T12:17:14.513+0000] {logging_mixin.py:188} INFO - [2026-08-11T12:17:14.513+0000] {dag.py:3954} INFO - Setting next_dagrun for load_ergast_data to None, run_after=None
[2026-08-11T12:17:14.534+0000] {processor.py:183} INFO - Processing /opt/airflow/dags/load_ergast_data.py took 0.623 seconds
[2026-08-11T12:17:44.703+0000] {processor.py:161} INFO - Started process (PID=2536) to work on /opt/airflow/dags/load_ergast_data.py
[2026-08-11T12:17:44.705+0000] {processor.py:830} INFO - Processing file /opt/airflow/dags/load_ergast_data.py for tasks to queue
[2026-08-11T12:17:44.708+0000] {logging_mixin.py:188} INFO - [2026-08-11T12:17:44.707+0000] {dagbag.py:545} INFO - Filling up the DagBag from /opt/airflow/dags/load_ergast_data.py
[2026-08-11T12:17:45.235+0000] {processor.py:840} INFO - DAG(s) 'load_ergast_data' retrieved from /opt/airflow/dags/load_ergast_data.py
[2026-08-11T12:17:45.261+0000] {logging_mixin.py:188} INFO - [2026-08-11T12:17:45.259+0000] {dag.py:3096} INFO - Sync 1 DAGs
[2026-08-11T12:17:45.274+0000] {logging_mixin.py:188} INFO - [2026-08-11T12:17:45.273+0000] {dag.py:3954} INFO - Setting next_dagrun for load_ergast_data to None, run_after=None
[2026-08-11T12:17:45.301+0000] {processor.py:183} INFO - Processing /opt/airflow/dags/load_ergast_data.py took 0.603 seconds
[2026-08-11T12:18:15.981+0000] {processor.py:161} INFO - Started process (PID=2552) to work on /opt/airflow/dags/load_ergast_data.py
[2026-08-11T12:18:15.982+0000] {processor.py:830} INFO - Processing file /opt/airflow/dags/load_ergast_data.py for tasks to queue
[2026-08-11T12:18:15.985+0000] {logging_mixin.py:188} INFO - [2026-08-11T12:18:15.984+0000] {dagbag.py:545} INFO - Filling up the DagBag from /opt/airflow/dags/load_ergast_data.py
[2026-08-11T12:18:16.267+0000] {processor.py:840} INFO - DAG(s) 'load_ergast_data' retrieved from /opt/airflow/dags/load_ergast_data.py
[2026-08-11T12:18:16.296+0000] {logging_mixin.py:188} INFO - [2026-08-11T12:18:16.295+0000] {dag.py:3096} INFO - Sync 1 DAGs
[2026-08-11T12:18:16.480+0000] {logging_mixin.py:188} INFO - [2026-08-11T12:18:16.480+0000] {dag.py:3954} INFO - Setting next_dagrun for load_ergast_data to None, run_after=None
[2026-08-11T12:18:16.501+0000] {processor.py:183} INFO - Processing /opt/airflow/dags/load_ergast_data.py took 0.527 seconds
[2026-08-11T12:18:46.876+0000] {processor.py:161} INFO - Started process (PID=2568) to work on /opt/airflow/dags/load_ergast_data.py
[2026-08-11T12:18:46.879+0000] {processor.py:830} INFO - Processing file /opt/airflow/dags/load_ergast_data.py for tasks to queue
[2026-08-11T12:18:46.884+0000] {logging_mixin.py:188} INFO - [2026-08-11T12:18:46.883+0000] {dagbag.py:545} INFO - Filling up the DagBag from /opt/airflow/dags/load_ergast_data.py
[2026-08-11T12:18:47.228+0000] {processor.py:840} INFO - DAG(s) 'load_ergast_data' retrieved from /opt/airflow/dags/load_ergast_data.py
[2026-08-11T12:18:47.536+0000] {logging_mixin.py:188} INFO - [2026-08-11T12:18:47.267+0000] {dag.py:3096} INFO - Sync 1 DAGs
[2026-08-11T12:18:47.551+0000] {logging_mixin.py:188} INFO - [2026-08-11T12:18:47.550+0000] {dag.py:3954} INFO - Setting next_dagrun for load_ergast_data to None, run_after=None
[2026-08-11T12:18:47.578+0000] {processor.py:183} INFO - Processing /opt/airflow/dags/load_ergast_data.py took 0.707 seconds
[2026-08-11T12:19:18.585+0000] {processor.py:161} INFO - Started process (PID=2584) to work on /opt/airflow/dags/load_ergast_data.py
[2026-08-11T12:19:18.586+0000] {processor.py:830} INFO - Processing file /opt/airflow/dags/load_ergast_data.py for tasks to queue
[2026-08-11T12:19:18.592+0000] {logging_mixin.py:188} INFO - [2026-08-11T12:19:18.592+0000] {dagbag.py:545} INFO - Filling up the DagBag from /opt/airflow/dags/load_ergast_data.py
[2026-08-11T12:19:18.947+0000] {processor.py:840} INFO - DAG(s) 'load_ergast_data' retrieved from /opt/airflow/dags/load_ergast_data.py
[2026-08-11T12:19:19.313+0000] {logging_mixin.py:188} INFO - [2026-08-11T12:19:19.312+0000] {dag.py:3096} INFO - Sync 1 DAGs
[2026-08-11T12:19:19.341+0000] {logging_mixin.py:188} INFO - [2026-08-11T12:19:19.341+0000] {dag.py:3954} INFO - Setting next_dagrun for load_ergast_data to None, run_after=None
[2026-08-11T12:19:19.368+0000] {processor.py:183} INFO - Processing /opt/airflow/dags/load_ergast_data.py took 0.790 seconds
[2026-08-11T12:19:50.059+0000] {processor.py:161} INFO - Started process (PID=2600) to work on /opt/airflow/dags/load_ergast_data.py
[2026-08-11T12:19:50.060+0000] {processor.py:830} INFO - Processing file /opt/airflow/dags/load_ergast_data.py for tasks to queue
[2026-08-11T12:19:50.063+0000] {logging_mixin.py:188} INFO - [2026-08-11T12:19:50.062+0000] {dagbag.py:545} INFO - Filling up the DagBag from /opt/airflow/dags/load_ergast_data.py
[2026-08-11T12:19:50.503+0000] {processor.py:840} INFO - DAG(s) 'load_ergast_data' retrieved from /opt/airflow/dags/load_ergast_data.py
[2026-08-11T12:19:50.524+0000] {logging_mixin.py:188} INFO - [2026-08-11T12:19:50.523+0000] {dag.py:3096} INFO - Sync 1 DAGs
[2026-08-11T12:19:50.533+0000] {logging_mixin.py:188} INFO - [2026-08-11T12:19:50.533+0000] {dag.py:3954} INFO - Setting next_dagrun for load_ergast_data to None, run_after=None
[2026-08-11T12:19:50.550+0000] {processor.py:183} INFO - Processing /opt/airflow/dags/load_ergast_data.py took 0.498 seconds
[2026-08-11T12:20:21.289+0000] {processor.py:161} INFO - Started process (PID=2616) to work on /opt/airflow/dags/load_ergast_data.py
[2026-08-11T12:20:21.290+0000] {processor.py:830} INFO - Processing file /opt/airflow/dags/load_ergast_data.py for tasks to queue
[2026-08-11T12:20:21.292+0000] {logging_mixin.py:188} INFO - [2026-08-11T12:20:21.292+0000] {dagbag.py:545} INFO - Filling up the DagBag from /opt/airflow/dags/load_ergast_data.py
[2026-08-11T12:20:21.791+0000] {processor.py:840} INFO - DAG(s) 'load_ergast_data' retrieved from /opt/airflow/dags/load_ergast_data.py
[2026-08-11T12:20:21.830+0000] {logging_mixin.py:188} INFO - [2026-08-11T12:20:21.829+0000] {dag.py:3096} INFO - Sync 1 DAGs
[2026-08-11T12:20:21.848+0000] {logging_mixin.py:188} INFO - [2026-08-11T12:20:21.847+0000] {dag.py:3954} INFO - Setting next_dagrun for load_ergast_data to None, run_after=None
[2026-08-11T12:20:21.868+0000] {processor.py:183} INFO - Processing /opt/airflow/dags/load_ergast_data.py took 0.586 seconds
[2026-08-11T12:20:52.650+0000] {processor.py:161} INFO - Started process (PID=2632) to work on /opt/airflow/dags/load_ergast_data.py
[2026-08-11T12:20:52.655+0000] {processor.py:830} INFO - Processing file /opt/airflow/dags/load_ergast_data.py for tasks to queue
[2026-08-11T12:20:52.662+0000] {logging_mixin.py:188} INFO - [2026-08-11T12:20:52.661+0000] {dagbag.py:545} INFO - Filling up the DagBag from /opt/airflow/dags/load_ergast_data.py
[2026-08-11T12:20:53.156+0000] {processor.py:840} INFO - DAG(s) 'load_ergast_data' retrieved from /opt/airflow/dags/load_ergast_data.py
[2026-08-11T12:20:53.177+0000] {logging_mixin.py:188} INFO - [2026-08-11T12:20:53.177+0000] {dag.py:3096} INFO - Sync 1 DAGs
[2026-08-11T12:20:53.188+0000] {logging_mixin.py:188} INFO - [2026-08-11T12:20:53.188+0000] {dag.py:3954} INFO - Setting next_dagrun for load_ergast_data to None, run_after=None
[2026-08-11T12:20:53.208+0000] {processor.py:183} INFO - Processing /opt/airflow/dags/load_ergast_data.py took 0.566 seconds
[2026-08-11T12:21:23.361+0000] {processor.py:161} INFO - Started process (PID=2648) to work on /opt/airflow/dags/load_ergast_data.py
[2026-08-11T12:21:23.362+0000] {processor.py:830} INFO - Processing file /opt/airflow/dags/load_ergast_data.py for tasks to queue
[2026-08-11T12:21:23.365+0000] {logging_mixin.py:188} INFO - [2026-08-11T12:21:23.365+0000] {dagbag.py:545} INFO - Filling up the DagBag from /opt/airflow/dags/load_ergast_data.py
[2026-08-11T12:21:23.658+0000] {processor.py:840} INFO - DAG(s) 'load_ergast_data' retrieved from /opt/airflow/dags/load_ergast_data.py
[2026-08-11T12:21:23.688+0000] {logging_mixin.py:188} INFO - [2026-08-11T12:21:23.687+0000] {dag.py:3096} INFO - Sync 1 DAGs
[2026-08-11T12:21:23.854+0000] {logging_mixin.py:188} INFO - [2026-08-11T12:21:23.854+0000] {dag.py:3954} INFO - Setting next_dagrun for load_ergast_data to None, run_after=None
[2026-08-11T12:21:23.872+0000] {processor.py:183} INFO - Processing /opt/airflow/dags/load_ergast_data.py took 0.518 seconds
[2026-08-11T12:21:54.735+0000] {processor.py:161} INFO - Started process (PID=2664) to work on /opt/airflow/dags/load_ergast_data.py
[2026-08-11T12:21:54.737+0000] {processor.py:830} INFO - Processing file /opt/airflow/dags/load_ergast_data.py for tasks to queue
[2026-08-11T12:21:54.739+0000] {logging_mixin.py:188} INFO - [2026-08-11T12:21:54.739+0000] {dagbag.py:545} INFO - Filling up the DagBag from /opt/airflow/dags/load_ergast_data.py
[2026-08-11T12:21:55.128+0000] {processor.py:840} INFO - DAG(s) 'load_ergast_data' retrieved from /opt/airflow/dags/load_ergast_data.py
[2026-08-11T12:21:55.457+0000] {logging_mixin.py:188} INFO - [2026-08-11T12:21:55.176+0000] {dag.py:3096} INFO - Sync 1 DAGs
[2026-08-11T12:21:55.473+0000] {logging_mixin.py:188} INFO - [2026-08-11T12:21:55.473+0000] {dag.py:3954} INFO - Setting next_dagrun for load_ergast_data to None, run_after=None
[2026-08-11T12:21:55.510+0000] {processor.py:183} INFO - Processing /opt/airflow/dags/load_ergast_data.py took 0.781 seconds
[2026-08-11T12:22:25.949+0000] {processor.py:161} INFO - Started process (PID=2680) to work on /opt/airflow/dags/load_ergast_data.py
[2026-08-11T12:22:25.951+0000] {processor.py:830} INFO - Processing file /opt/airflow/dags/load_ergast_data.py for tasks to queue
[2026-08-11T12:22:25.953+0000] {logging_mixin.py:188} INFO - [2026-08-11T12:22:25.952+0000] {dagbag.py:545} INFO - Filling up the DagBag from /opt/airflow/dags/load_ergast_data.py
[2026-08-11T12:22:26.236+0000] {processor.py:840} INFO - DAG(s) 'load_ergast_data' retrieved from /opt/airflow/dags/load_ergast_data.py
[2026-08-11T12:22:26.452+0000] {logging_mixin.py:188} INFO - [2026-08-11T12:22:26.452+0000] {dag.py:3096} INFO - Sync 1 DAGs
[2026-08-11T12:22:26.465+0000] {logging_mixin.py:188} INFO - [2026-08-11T12:22:26.465+0000] {dag.py:3954} INFO - Setting next_dagrun for load_ergast_data to None, run_after=None
[2026-08-11T12:22:26.484+0000] {processor.py:183} INFO - Processing /opt/airflow/dags/load_ergast_data.py took 0.542 seconds
[2026-08-11T12:22:56.713+0000] {processor.py:161} INFO - Started process (PID=2696) to work on /opt/airflow/dags/load_ergast_data.py
[2026-08-11T12:22:56.716+0000] {processor.py:830} INFO - Processing file /opt/airflow/dags/load_ergast_data.py for tasks to queue
[2026-08-11T12:22:56.719+0000] {logging_mixin.py:188} INFO - [2026-08-11T12:22:56.719+0000] {dagbag.py:545} INFO - Filling up the DagBag from /opt/airflow/dags/load_ergast_data.py
[2026-08-11T12:22:57.497+0000] {processor.py:840} INFO - DAG(s) 'load_ergast_data' retrieved from /opt/airflow/dags/load_ergast_data.py
[2026-08-11T12:22:57.550+0000] {logging_mixin.py:188} INFO - [2026-08-11T12:22:57.549+0000] {dag.py:3096} INFO - Sync 1 DAGs
[2026-08-11T12:22:57.587+0000] {logging_mixin.py:188} INFO - [2026-08-11T12:22:57.586+0000] {dag.py:3954} INFO - Setting next_dagrun for load_ergast_data to None, run_after=None
[2026-08-11T12:22:57.630+0000] {processor.py:183} INFO - Processing /opt/airflow/dags/load_ergast_data.py took 0.927 seconds
[2026-08-11T12:23:28.466+0000] {processor.py:161} INFO - Started process (PID=2712) to work on /opt/airflow/dags/load_ergast_data.py
[2026-08-11T12:23:28.471+0000] {processor.py:830} INFO - Processing file /opt/airflow/dags/load_ergast_data.py for tasks to queue
[2026-08-11T12:23:28.479+0000] {logging_mixin.py:188} INFO - [2026-08-11T12:23:28.477+0000] {dagbag.py:545} INFO - Filling up the DagBag from /opt/airflow/dags/load_ergast_data.py
[2026-08-11T12:23:32.408+0000] {processor.py:840} INFO - DAG(s) 'load_ergast_data' retrieved from /opt/airflow/dags/load_ergast_data.py
[2026-08-11T12:23:32.539+0000] {logging_mixin.py:188} INFO - [2026-08-11T12:23:32.538+0000] {dag.py:3096} INFO - Sync 1 DAGs
[2026-08-11T12:23:32.599+0000] {logging_mixin.py:188} INFO - [2026-08-11T12:23:32.598+0000] {dag.py:3954} INFO - Setting next_dagrun for load_ergast_data to None, run_after=None
[2026-08-11T12:23:32.661+0000] {processor.py:183} INFO - Processing /opt/airflow/dags/load_ergast_data.py took 4.218 seconds
[2026-08-11T12:24:03.350+0000] {processor.py:161} INFO - Started process (PID=2728) to work on /opt/airflow/dags/load_ergast_data.py
[2026-08-11T12:24:03.352+0000] {processor.py:830} INFO - Processing file /opt/airflow/dags/load_ergast_data.py for tasks to queue
[2026-08-11T12:24:03.357+0000] {logging_mixin.py:188} INFO - [2026-08-11T12:24:03.357+0000] {dagbag.py:545} INFO - Filling up the DagBag from /opt/airflow/dags/load_ergast_data.py
[2026-08-11T12:24:04.959+0000] {processor.py:840} INFO - DAG(s) 'load_ergast_data' retrieved from /opt/airflow/dags/load_ergast_data.py
[2026-08-11T12:24:04.998+0000] {logging_mixin.py:188} INFO - [2026-08-11T12:24:04.997+0000] {dag.py:3096} INFO - Sync 1 DAGs
[2026-08-11T12:24:05.016+0000] {logging_mixin.py:188} INFO - [2026-08-11T12:24:05.016+0000] {dag.py:3954} INFO - Setting next_dagrun for load_ergast_data to None, run_after=None
[2026-08-11T12:24:05.050+0000] {processor.py:183} INFO - Processing /opt/airflow/dags/load_ergast_data.py took 1.709 seconds
[2026-08-11T12:24:35.728+0000] {processor.py:161} INFO - Started process (PID=2744) to work on /opt/airflow/dags/load_ergast_data.py
[2026-08-11T12:24:35.730+0000] {processor.py:830} INFO - Processing file /opt/airflow/dags/load_ergast_data.py for tasks to queue
[2026-08-11T12:24:35.734+0000] {logging_mixin.py:188} INFO - [2026-08-11T12:24:35.734+0000] {dagbag.py:545} INFO - Filling up the DagBag from /opt/airflow/dags/load_ergast_data.py
[2026-08-11T12:24:36.031+0000] {processor.py:840} INFO - DAG(s) 'load_ergast_data' retrieved from /opt/airflow/dags/load_ergast_data.py
[2026-08-11T12:24:36.063+0000] {logging_mixin.py:188} INFO - [2026-08-11T12:24:36.061+0000] {dag.py:3096} INFO - Sync 1 DAGs
[2026-08-11T12:24:36.252+0000] {logging_mixin.py:188} INFO - [2026-08-11T12:24:36.251+0000] {dag.py:3954} INFO - Setting next_dagrun for load_ergast_data to None, run_after=None
[2026-08-11T12:24:36.292+0000] {processor.py:183} INFO - Processing /opt/airflow/dags/load_ergast_data.py took 0.570 seconds
[2026-08-11T12:25:06.463+0000] {processor.py:161} INFO - Started process (PID=2760) to work on /opt/airflow/dags/load_ergast_data.py
[2026-08-11T12:25:06.464+0000] {processor.py:830} INFO - Processing file /opt/airflow/dags/load_ergast_data.py for tasks to queue
[2026-08-11T12:25:06.466+0000] {logging_mixin.py:188} INFO - [2026-08-11T12:25:06.466+0000] {dagbag.py:545} INFO - Filling up the DagBag from /opt/airflow/dags/load_ergast_data.py
[2026-08-11T12:25:06.835+0000] {processor.py:840} INFO - DAG(s) 'load_ergast_data' retrieved from /opt/airflow/dags/load_ergast_data.py
[2026-08-11T12:25:07.071+0000] {logging_mixin.py:188} INFO - [2026-08-11T12:25:07.070+0000] {dag.py:3096} INFO - Sync 1 DAGs
[2026-08-11T12:25:07.085+0000] {logging_mixin.py:188} INFO - [2026-08-11T12:25:07.084+0000] {dag.py:3954} INFO - Setting next_dagrun for load_ergast_data to None, run_after=None
[2026-08-11T12:25:07.104+0000] {processor.py:183} INFO - Processing /opt/airflow/dags/load_ergast_data.py took 0.647 seconds
[2026-08-11T12:25:37.411+0000] {processor.py:161} INFO - Started process (PID=2776) to work on /opt/airflow/dags/load_ergast_data.py
[2026-08-11T12:25:37.413+0000] {processor.py:830} INFO - Processing file /opt/airflow/dags/load_ergast_data.py for tasks to queue
[2026-08-11T12:25:37.416+0000] {logging_mixin.py:188} INFO - [2026-08-11T12:25:37.416+0000] {dagbag.py:545} INFO - Filling up the DagBag from /opt/airflow/dags/load_ergast_data.py
[2026-08-11T12:25:37.700+0000] {processor.py:840} INFO - DAG(s) 'load_ergast_data' retrieved from /opt/airflow/dags/load_ergast_data.py
[2026-08-11T12:25:37.943+0000] {logging_mixin.py:188} INFO - [2026-08-11T12:25:37.942+0000] {dag.py:3096} INFO - Sync 1 DAGs
[2026-08-11T12:25:37.955+0000] {logging_mixin.py:188} INFO - [2026-08-11T12:25:37.955+0000] {dag.py:3954} INFO - Setting next_dagrun for load_ergast_data to None, run_after=None
[2026-08-11T12:25:37.980+0000] {processor.py:183} INFO - Processing /opt/airflow/dags/load_ergast_data.py took 0.576 seconds
[2026-08-11T12:26:08.259+0000] {processor.py:161} INFO - Started process (PID=2792) to work on /opt/airflow/dags/load_ergast_data.py
[2026-08-11T12:26:08.265+0000] {processor.py:830} INFO - Processing file /opt/airflow/dags/load_ergast_data.py for tasks to queue
[2026-08-11T12:26:08.274+0000] {logging_mixin.py:188} INFO - [2026-08-11T12:26:08.273+0000] {dagbag.py:545} INFO - Filling up the DagBag from /opt/airflow/dags/load_ergast_data.py
[2026-08-11T12:26:08.950+0000] {processor.py:840} INFO - DAG(s) 'load_ergast_data' retrieved from /opt/airflow/dags/load_ergast_data.py
[2026-08-11T12:26:08.983+0000] {logging_mixin.py:188} INFO - [2026-08-11T12:26:08.982+0000] {dag.py:3096} INFO - Sync 1 DAGs
[2026-08-11T12:26:08.998+0000] {logging_mixin.py:188} INFO - [2026-08-11T12:26:08.998+0000] {dag.py:3954} INFO - Setting next_dagrun for load_ergast_data to None, run_after=None
[2026-08-11T12:26:09.028+0000] {processor.py:183} INFO - Processing /opt/airflow/dags/load_ergast_data.py took 0.792 seconds
[2026-08-11T12:26:39.711+0000] {processor.py:161} INFO - Started process (PID=2808) to work on /opt/airflow/dags/load_ergast_data.py
[2026-08-11T12:26:39.712+0000] {processor.py:830} INFO - Processing file /opt/airflow/dags/load_ergast_data.py for tasks to queue
[2026-08-11T12:26:39.714+0000] {logging_mixin.py:188} INFO - [2026-08-11T12:26:39.714+0000] {dagbag.py:545} INFO - Filling up the DagBag from /opt/airflow/dags/load_ergast_data.py
[2026-08-11T12:26:40.233+0000] {processor.py:840} INFO - DAG(s) 'load_ergast_data' retrieved from /opt/airflow/dags/load_ergast_data.py
[2026-08-11T12:26:40.268+0000] {logging_mixin.py:188} INFO - [2026-08-11T12:26:40.267+0000] {dag.py:3096} INFO - Sync 1 DAGs
[2026-08-11T12:26:40.285+0000] {logging_mixin.py:188} INFO - [2026-08-11T12:26:40.285+0000] {dag.py:3954} INFO - Setting next_dagrun for load_ergast_data to None, run_after=None
[2026-08-11T12:26:40.304+0000] {processor.py:183} INFO - Processing /opt/airflow/dags/load_ergast_data.py took 0.599 seconds
[2026-08-11T12:27:10.820+0000] {processor.py:161} INFO - Started process (PID=2824) to work on /opt/airflow/dags/load_ergast_data.py
[2026-08-11T12:27:10.821+0000] {processor.py:830} INFO - Processing file /opt/airflow/dags/load_ergast_data.py for tasks to queue
[2026-08-11T12:27:10.827+0000] {logging_mixin.py:188} INFO - [2026-08-11T12:27:10.825+0000] {dagbag.py:545} INFO - Filling up the DagBag from /opt/airflow/dags/load_ergast_data.py
[2026-08-11T12:27:11.337+0000] {processor.py:840} INFO - DAG(s) 'load_ergast_data' retrieved from /opt/airflow/dags/load_ergast_data.py
[2026-08-11T12:27:11.363+0000] {logging_mixin.py:188} INFO - [2026-08-11T12:27:11.363+0000] {dag.py:3096} INFO - Sync 1 DAGs
[2026-08-11T12:27:11.374+0000] {logging_mixin.py:188} INFO - [2026-08-11T12:27:11.373+0000] {dag.py:3954} INFO - Setting next_dagrun for load_ergast_data to None, run_after=None
[2026-08-11T12:27:11.399+0000] {processor.py:183} INFO - Processing /opt/airflow/dags/load_ergast_data.py took 0.585 seconds
[2026-08-11T12:27:42.188+0000] {processor.py:161} INFO - Started process (PID=2840) to work on /opt/airflow/dags/load_ergast_data.py
[2026-08-11T12:27:42.190+0000] {processor.py:830} INFO - Processing file /opt/airflow/dags/load_ergast_data.py for tasks to queue
[2026-08-11T12:27:42.192+0000] {logging_mixin.py:188} INFO - [2026-08-11T12:27:42.192+0000] {dagbag.py:545} INFO - Filling up the DagBag from /opt/airflow/dags/load_ergast_data.py
[2026-08-11T12:27:42.691+0000] {processor.py:840} INFO - DAG(s) 'load_ergast_data' retrieved from /opt/airflow/dags/load_ergast_data.py
[2026-08-11T12:27:42.713+0000] {logging_mixin.py:188} INFO - [2026-08-11T12:27:42.712+0000] {dag.py:3096} INFO - Sync 1 DAGs
[2026-08-11T12:27:42.725+0000] {logging_mixin.py:188} INFO - [2026-08-11T12:27:42.725+0000] {dag.py:3954} INFO - Setting next_dagrun for load_ergast_data to None, run_after=None
[2026-08-11T12:27:42.747+0000] {processor.py:183} INFO - Processing /opt/airflow/dags/load_ergast_data.py took 0.567 seconds
[2026-08-11T12:28:12.989+0000] {processor.py:161} INFO - Started process (PID=2856) to work on /opt/airflow/dags/load_ergast_data.py
[2026-08-11T12:28:12.991+0000] {processor.py:830} INFO - Processing file /opt/airflow/dags/load_ergast_data.py for tasks to queue
[2026-08-11T12:28:12.995+0000] {logging_mixin.py:188} INFO - [2026-08-11T12:28:12.994+0000] {dagbag.py:545} INFO - Filling up the DagBag from /opt/airflow/dags/load_ergast_data.py
[2026-08-11T12:28:13.315+0000] {processor.py:840} INFO - DAG(s) 'load_ergast_data' retrieved from /opt/airflow/dags/load_ergast_data.py
[2026-08-11T12:28:13.514+0000] {logging_mixin.py:188} INFO - [2026-08-11T12:28:13.514+0000] {dag.py:3096} INFO - Sync 1 DAGs
[2026-08-11T12:28:13.523+0000] {logging_mixin.py:188} INFO - [2026-08-11T12:28:13.523+0000] {dag.py:3954} INFO - Setting next_dagrun for load_ergast_data to None, run_after=None
[2026-08-11T12:28:13.544+0000] {processor.py:183} INFO - Processing /opt/airflow/dags/load_ergast_data.py took 0.565 seconds
[2026-08-11T12:40:34.863+0000] {processor.py:161} INFO - Started process (PID=2865) to work on /opt/airflow/dags/load_ergast_data.py
[2026-08-11T12:40:34.872+0000] {processor.py:830} INFO - Processing file /opt/airflow/dags/load_ergast_data.py for tasks to queue
[2026-08-11T12:40:34.943+0000] {logging_mixin.py:188} INFO - [2026-08-11T12:40:34.934+0000] {dagbag.py:545} INFO - Filling up the DagBag from /opt/airflow/dags/load_ergast_data.py
[2026-08-11T12:40:47.925+0000] {processor.py:840} INFO - DAG(s) 'load_ergast_data' retrieved from /opt/airflow/dags/load_ergast_data.py
[2026-08-11T12:41:04.309+0000] {logging_mixin.py:188} INFO - [2026-08-11T12:41:04.308+0000] {dag.py:3096} INFO - Sync 1 DAGs
[2026-08-11T12:41:04.336+0000] {logging_mixin.py:188} INFO - [2026-08-11T12:41:04.335+0000] {dag.py:3954} INFO - Setting next_dagrun for load_ergast_data to None, run_after=None
[2026-08-11T12:41:04.367+0000] {processor.py:183} INFO - Processing /opt/airflow/dags/load_ergast_data.py took 28.233 seconds
[2026-08-11T12:41:35.108+0000] {processor.py:161} INFO - Started process (PID=2888) to work on /opt/airflow/dags/load_ergast_data.py
[2026-08-11T12:41:35.112+0000] {processor.py:830} INFO - Processing file /opt/airflow/dags/load_ergast_data.py for tasks to queue
[2026-08-11T12:41:35.118+0000] {logging_mixin.py:188} INFO - [2026-08-11T12:41:35.117+0000] {dagbag.py:545} INFO - Filling up the DagBag from /opt/airflow/dags/load_ergast_data.py
[2026-08-11T12:41:39.527+0000] {processor.py:840} INFO - DAG(s) 'load_ergast_data' retrieved from /opt/airflow/dags/load_ergast_data.py
[2026-08-11T12:41:39.623+0000] {logging_mixin.py:188} INFO - [2026-08-11T12:41:39.621+0000] {dag.py:3096} INFO - Sync 1 DAGs
[2026-08-11T12:41:39.656+0000] {logging_mixin.py:188} INFO - [2026-08-11T12:41:39.656+0000] {dag.py:3954} INFO - Setting next_dagrun for load_ergast_data to None, run_after=None
[2026-08-11T12:41:39.692+0000] {processor.py:183} INFO - Processing /opt/airflow/dags/load_ergast_data.py took 4.596 seconds
[2026-08-11T12:42:10.552+0000] {processor.py:161} INFO - Started process (PID=2907) to work on /opt/airflow/dags/load_ergast_data.py
[2026-08-11T12:42:10.570+0000] {processor.py:830} INFO - Processing file /opt/airflow/dags/load_ergast_data.py for tasks to queue
[2026-08-11T12:42:10.574+0000] {logging_mixin.py:188} INFO - [2026-08-11T12:42:10.574+0000] {dagbag.py:545} INFO - Filling up the DagBag from /opt/airflow/dags/load_ergast_data.py
[2026-08-11T12:42:12.869+0000] {processor.py:840} INFO - DAG(s) 'load_ergast_data' retrieved from /opt/airflow/dags/load_ergast_data.py
[2026-08-11T12:42:12.926+0000] {logging_mixin.py:188} INFO - [2026-08-11T12:42:12.925+0000] {dag.py:3096} INFO - Sync 1 DAGs
[2026-08-11T12:42:12.958+0000] {logging_mixin.py:188} INFO - [2026-08-11T12:42:12.958+0000] {dag.py:3954} INFO - Setting next_dagrun for load_ergast_data to None, run_after=None
[2026-08-11T12:42:12.990+0000] {processor.py:183} INFO - Processing /opt/airflow/dags/load_ergast_data.py took 2.444 seconds
[2026-08-11T12:42:43.084+0000] {processor.py:161} INFO - Started process (PID=2923) to work on /opt/airflow/dags/load_ergast_data.py
[2026-08-11T12:42:43.096+0000] {processor.py:830} INFO - Processing file /opt/airflow/dags/load_ergast_data.py for tasks to queue
[2026-08-11T12:42:43.101+0000] {logging_mixin.py:188} INFO - [2026-08-11T12:42:43.100+0000] {dagbag.py:545} INFO - Filling up the DagBag from /opt/airflow/dags/load_ergast_data.py
[2026-08-11T12:42:43.748+0000] {processor.py:840} INFO - DAG(s) 'load_ergast_data' retrieved from /opt/airflow/dags/load_ergast_data.py
[2026-08-11T12:42:43.769+0000] {logging_mixin.py:188} INFO - [2026-08-11T12:42:43.769+0000] {dag.py:3096} INFO - Sync 1 DAGs
[2026-08-11T12:42:43.786+0000] {logging_mixin.py:188} INFO - [2026-08-11T12:42:43.786+0000] {dag.py:3954} INFO - Setting next_dagrun for load_ergast_data to None, run_after=None
[2026-08-11T12:42:43.804+0000] {processor.py:183} INFO - Processing /opt/airflow/dags/load_ergast_data.py took 0.727 seconds
[2026-08-11T12:43:14.424+0000] {processor.py:161} INFO - Started process (PID=2941) to work on /opt/airflow/dags/load_ergast_data.py
[2026-08-11T12:43:14.426+0000] {processor.py:830} INFO - Processing file /opt/airflow/dags/load_ergast_data.py for tasks to queue
[2026-08-11T12:43:14.429+0000] {logging_mixin.py:188} INFO - [2026-08-11T12:43:14.428+0000] {dagbag.py:545} INFO - Filling up the DagBag from /opt/airflow/dags/load_ergast_data.py
[2026-08-11T12:43:14.937+0000] {processor.py:840} INFO - DAG(s) 'load_ergast_data' retrieved from /opt/airflow/dags/load_ergast_data.py
[2026-08-11T12:43:14.969+0000] {logging_mixin.py:188} INFO - [2026-08-11T12:43:14.968+0000] {dag.py:3096} INFO - Sync 1 DAGs
[2026-08-11T12:43:14.982+0000] {logging_mixin.py:188} INFO - [2026-08-11T12:43:14.982+0000] {dag.py:3954} INFO - Setting next_dagrun for load_ergast_data to None, run_after=None
[2026-08-11T12:43:15.008+0000] {processor.py:183} INFO - Processing /opt/airflow/dags/load_ergast_data.py took 0.591 seconds
[2026-08-11T12:43:45.772+0000] {processor.py:161} INFO - Started process (PID=2957) to work on /opt/airflow/dags/load_ergast_data.py
[2026-08-11T12:43:45.773+0000] {processor.py:830} INFO - Processing file /opt/airflow/dags/load_ergast_data.py for tasks to queue
[2026-08-11T12:43:45.776+0000] {logging_mixin.py:188} INFO - [2026-08-11T12:43:45.776+0000] {dagbag.py:545} INFO - Filling up the DagBag from /opt/airflow/dags/load_ergast_data.py
[2026-08-11T12:43:46.165+0000] {processor.py:840} INFO - DAG(s) 'load_ergast_data' retrieved from /opt/airflow/dags/load_ergast_data.py
[2026-08-11T12:43:46.489+0000] {logging_mixin.py:188} INFO - [2026-08-11T12:43:46.489+0000] {dag.py:3096} INFO - Sync 1 DAGs
[2026-08-11T12:43:46.505+0000] {logging_mixin.py:188} INFO - [2026-08-11T12:43:46.505+0000] {dag.py:3954} INFO - Setting next_dagrun for load_ergast_data to None, run_after=None
[2026-08-11T12:43:46.524+0000] {processor.py:183} INFO - Processing /opt/airflow/dags/load_ergast_data.py took 0.759 seconds
[2026-08-11T12:44:16.945+0000] {processor.py:161} INFO - Started process (PID=2973) to work on /opt/airflow/dags/load_ergast_data.py
[2026-08-11T12:44:16.948+0000] {processor.py:830} INFO - Processing file /opt/airflow/dags/load_ergast_data.py for tasks to queue
[2026-08-11T12:44:16.951+0000] {logging_mixin.py:188} INFO - [2026-08-11T12:44:16.950+0000] {dagbag.py:545} INFO - Filling up the DagBag from /opt/airflow/dags/load_ergast_data.py
[2026-08-11T12:44:18.301+0000] {processor.py:840} INFO - DAG(s) 'load_ergast_data' retrieved from /opt/airflow/dags/load_ergast_data.py
[2026-08-11T12:44:18.333+0000] {logging_mixin.py:188} INFO - [2026-08-11T12:44:18.332+0000] {dag.py:3096} INFO - Sync 1 DAGs
[2026-08-11T12:44:18.344+0000] {logging_mixin.py:188} INFO - [2026-08-11T12:44:18.344+0000] {dag.py:3954} INFO - Setting next_dagrun for load_ergast_data to None, run_after=None
[2026-08-11T12:44:18.367+0000] {processor.py:183} INFO - Processing /opt/airflow/dags/load_ergast_data.py took 1.429 seconds
[2026-08-11T12:44:48.824+0000] {processor.py:161} INFO - Started process (PID=2989) to work on /opt/airflow/dags/load_ergast_data.py
[2026-08-11T12:44:48.826+0000] {processor.py:830} INFO - Processing file /opt/airflow/dags/load_ergast_data.py for tasks to queue
[2026-08-11T12:44:48.829+0000] {logging_mixin.py:188} INFO - [2026-08-11T12:44:48.829+0000] {dagbag.py:545} INFO - Filling up the DagBag from /opt/airflow/dags/load_ergast_data.py
[2026-08-11T12:44:51.895+0000] {processor.py:840} INFO - DAG(s) 'load_ergast_data' retrieved from /opt/airflow/dags/load_ergast_data.py
[2026-08-11T12:44:51.938+0000] {logging_mixin.py:188} INFO - [2026-08-11T12:44:51.938+0000] {dag.py:3096} INFO - Sync 1 DAGs
[2026-08-11T12:44:51.962+0000] {logging_mixin.py:188} INFO - [2026-08-11T12:44:51.961+0000] {dag.py:3954} INFO - Setting next_dagrun for load_ergast_data to None, run_after=None
[2026-08-11T12:44:52.018+0000] {processor.py:183} INFO - Processing /opt/airflow/dags/load_ergast_data.py took 3.199 seconds
[2026-08-11T12:45:22.663+0000] {processor.py:161} INFO - Started process (PID=3005) to work on /opt/airflow/dags/load_ergast_data.py
[2026-08-11T12:45:22.668+0000] {processor.py:830} INFO - Processing file /opt/airflow/dags/load_ergast_data.py for tasks to queue
[2026-08-11T12:45:22.674+0000] {logging_mixin.py:188} INFO - [2026-08-11T12:45:22.673+0000] {dagbag.py:545} INFO - Filling up the DagBag from /opt/airflow/dags/load_ergast_data.py
[2026-08-11T12:45:23.947+0000] {processor.py:840} INFO - DAG(s) 'load_ergast_data' retrieved from /opt/airflow/dags/load_ergast_data.py
[2026-08-11T12:45:23.984+0000] {logging_mixin.py:188} INFO - [2026-08-11T12:45:23.983+0000] {dag.py:3096} INFO - Sync 1 DAGs
[2026-08-11T12:45:23.994+0000] {logging_mixin.py:188} INFO - [2026-08-11T12:45:23.994+0000] {dag.py:3954} INFO - Setting next_dagrun for load_ergast_data to None, run_after=None
[2026-08-11T12:45:24.014+0000] {processor.py:183} INFO - Processing /opt/airflow/dags/load_ergast_data.py took 1.366 seconds
[2026-08-11T12:45:54.235+0000] {processor.py:161} INFO - Started process (PID=3021) to work on /opt/airflow/dags/load_ergast_data.py
[2026-08-11T12:45:54.236+0000] {processor.py:830} INFO - Processing file /opt/airflow/dags/load_ergast_data.py for tasks to queue
[2026-08-11T12:45:54.239+0000] {logging_mixin.py:188} INFO - [2026-08-11T12:45:54.239+0000] {dagbag.py:545} INFO - Filling up the DagBag from /opt/airflow/dags/load_ergast_data.py
[2026-08-11T12:45:54.998+0000] {processor.py:840} INFO - DAG(s) 'load_ergast_data' retrieved from /opt/airflow/dags/load_ergast_data.py
[2026-08-11T12:45:55.025+0000] {logging_mixin.py:188} INFO - [2026-08-11T12:45:55.024+0000] {dag.py:3096} INFO - Sync 1 DAGs
[2026-08-11T12:45:55.038+0000] {logging_mixin.py:188} INFO - [2026-08-11T12:45:55.037+0000] {dag.py:3954} INFO - Setting next_dagrun for load_ergast_data to None, run_after=None
[2026-08-11T12:45:55.064+0000] {processor.py:183} INFO - Processing /opt/airflow/dags/load_ergast_data.py took 0.837 seconds
[2026-08-11T12:46:25.702+0000] {processor.py:161} INFO - Started process (PID=3037) to work on /opt/airflow/dags/load_ergast_data.py
[2026-08-11T12:46:25.706+0000] {processor.py:830} INFO - Processing file /opt/airflow/dags/load_ergast_data.py for tasks to queue
[2026-08-11T12:46:25.714+0000] {logging_mixin.py:188} INFO - [2026-08-11T12:46:25.713+0000] {dagbag.py:545} INFO - Filling up the DagBag from /opt/airflow/dags/load_ergast_data.py
[2026-08-11T12:46:30.558+0000] {processor.py:840} INFO - DAG(s) 'load_ergast_data' retrieved from /opt/airflow/dags/load_ergast_data.py
[2026-08-11T12:46:30.681+0000] {logging_mixin.py:188} INFO - [2026-08-11T12:46:30.679+0000] {dag.py:3096} INFO - Sync 1 DAGs
[2026-08-11T12:46:32.073+0000] {logging_mixin.py:188} INFO - [2026-08-11T12:46:32.073+0000] {dag.py:3954} INFO - Setting next_dagrun for load_ergast_data to None, run_after=None
[2026-08-11T12:46:32.115+0000] {processor.py:183} INFO - Processing /opt/airflow/dags/load_ergast_data.py took 4.531 seconds
[2026-08-11T12:47:04.118+0000] {processor.py:161} INFO - Started process (PID=3053) to work on /opt/airflow/dags/load_ergast_data.py
[2026-08-11T12:47:04.121+0000] {processor.py:830} INFO - Processing file /opt/airflow/dags/load_ergast_data.py for tasks to queue
[2026-08-11T12:47:04.126+0000] {logging_mixin.py:188} INFO - [2026-08-11T12:47:04.126+0000] {dagbag.py:545} INFO - Filling up the DagBag from /opt/airflow/dags/load_ergast_data.py
[2026-08-11T12:47:05.802+0000] {processor.py:840} INFO - DAG(s) 'load_ergast_data' retrieved from /opt/airflow/dags/load_ergast_data.py
[2026-08-11T12:47:07.185+0000] {logging_mixin.py:188} INFO - [2026-08-11T12:47:07.184+0000] {dag.py:3096} INFO - Sync 1 DAGs
[2026-08-11T12:47:07.200+0000] {logging_mixin.py:188} INFO - [2026-08-11T12:47:07.200+0000] {dag.py:3954} INFO - Setting next_dagrun for load_ergast_data to None, run_after=None
[2026-08-11T12:47:07.227+0000] {processor.py:183} INFO - Processing /opt/airflow/dags/load_ergast_data.py took 3.121 seconds
[2026-08-11T12:47:37.548+0000] {processor.py:161} INFO - Started process (PID=3074) to work on /opt/airflow/dags/load_ergast_data.py
[2026-08-11T12:47:37.550+0000] {processor.py:830} INFO - Processing file /opt/airflow/dags/load_ergast_data.py for tasks to queue
[2026-08-11T12:47:37.552+0000] {logging_mixin.py:188} INFO - [2026-08-11T12:47:37.552+0000] {dagbag.py:545} INFO - Filling up the DagBag from /opt/airflow/dags/load_ergast_data.py
[2026-08-11T12:47:38.273+0000] {processor.py:840} INFO - DAG(s) 'load_ergast_data' retrieved from /opt/airflow/dags/load_ergast_data.py
[2026-08-11T12:47:38.311+0000] {logging_mixin.py:188} INFO - [2026-08-11T12:47:38.310+0000] {dag.py:3096} INFO - Sync 1 DAGs
[2026-08-11T12:47:38.331+0000] {logging_mixin.py:188} INFO - [2026-08-11T12:47:38.331+0000] {dag.py:3954} INFO - Setting next_dagrun for load_ergast_data to None, run_after=None
[2026-08-11T12:47:38.360+0000] {processor.py:183} INFO - Processing /opt/airflow/dags/load_ergast_data.py took 0.818 seconds
[2026-08-11T12:48:08.565+0000] {processor.py:161} INFO - Started process (PID=3085) to work on /opt/airflow/dags/load_ergast_data.py
[2026-08-11T12:48:08.566+0000] {processor.py:830} INFO - Processing file /opt/airflow/dags/load_ergast_data.py for tasks to queue
[2026-08-11T12:48:08.570+0000] {logging_mixin.py:188} INFO - [2026-08-11T12:48:08.569+0000] {dagbag.py:545} INFO - Filling up the DagBag from /opt/airflow/dags/load_ergast_data.py
[2026-08-11T12:48:09.069+0000] {processor.py:840} INFO - DAG(s) 'load_ergast_data' retrieved from /opt/airflow/dags/load_ergast_data.py
[2026-08-11T12:48:09.090+0000] {logging_mixin.py:188} INFO - [2026-08-11T12:48:09.089+0000] {dag.py:3096} INFO - Sync 1 DAGs
[2026-08-11T12:48:09.099+0000] {logging_mixin.py:188} INFO - [2026-08-11T12:48:09.099+0000] {dag.py:3954} INFO - Setting next_dagrun for load_ergast_data to None, run_after=None
[2026-08-11T12:48:09.118+0000] {processor.py:183} INFO - Processing /opt/airflow/dags/load_ergast_data.py took 0.561 seconds
[2026-08-11T12:48:40.039+0000] {processor.py:161} INFO - Started process (PID=3101) to work on /opt/airflow/dags/load_ergast_data.py
[2026-08-11T12:48:40.041+0000] {processor.py:830} INFO - Processing file /opt/airflow/dags/load_ergast_data.py for tasks to queue
[2026-08-11T12:48:40.043+0000] {logging_mixin.py:188} INFO - [2026-08-11T12:48:40.043+0000] {dagbag.py:545} INFO - Filling up the DagBag from /opt/airflow/dags/load_ergast_data.py
[2026-08-11T12:48:40.582+0000] {processor.py:840} INFO - DAG(s) 'load_ergast_data' retrieved from /opt/airflow/dags/load_ergast_data.py
[2026-08-11T12:48:40.606+0000] {logging_mixin.py:188} INFO - [2026-08-11T12:48:40.606+0000] {dag.py:3096} INFO - Sync 1 DAGs
[2026-08-11T12:48:40.620+0000] {logging_mixin.py:188} INFO - [2026-08-11T12:48:40.620+0000] {dag.py:3954} INFO - Setting next_dagrun for load_ergast_data to None, run_after=None
[2026-08-11T12:48:40.643+0000] {processor.py:183} INFO - Processing /opt/airflow/dags/load_ergast_data.py took 0.610 seconds
[2026-08-11T12:49:11.976+0000] {processor.py:161} INFO - Started process (PID=3122) to work on /opt/airflow/dags/load_ergast_data.py
[2026-08-11T12:49:11.978+0000] {processor.py:830} INFO - Processing file /opt/airflow/dags/load_ergast_data.py for tasks to queue
[2026-08-11T12:49:11.981+0000] {logging_mixin.py:188} INFO - [2026-08-11T12:49:11.981+0000] {dagbag.py:545} INFO - Filling up the DagBag from /opt/airflow/dags/load_ergast_data.py
[2026-08-11T12:49:12.713+0000] {processor.py:840} INFO - DAG(s) 'load_ergast_data' retrieved from /opt/airflow/dags/load_ergast_data.py
[2026-08-11T12:49:12.735+0000] {logging_mixin.py:188} INFO - [2026-08-11T12:49:12.735+0000] {dag.py:3096} INFO - Sync 1 DAGs
[2026-08-11T12:49:12.748+0000] {logging_mixin.py:188} INFO - [2026-08-11T12:49:12.748+0000] {dag.py:3954} INFO - Setting next_dagrun for load_ergast_data to None, run_after=None
[2026-08-11T12:49:12.768+0000] {processor.py:183} INFO - Processing /opt/airflow/dags/load_ergast_data.py took 0.798 seconds
[2026-08-11T12:49:44.055+0000] {processor.py:161} INFO - Started process (PID=3133) to work on /opt/airflow/dags/load_ergast_data.py
[2026-08-11T12:49:44.062+0000] {processor.py:830} INFO - Processing file /opt/airflow/dags/load_ergast_data.py for tasks to queue
[2026-08-11T12:49:44.072+0000] {logging_mixin.py:188} INFO - [2026-08-11T12:49:44.071+0000] {dagbag.py:545} INFO - Filling up the DagBag from /opt/airflow/dags/load_ergast_data.py
[2026-08-11T12:49:48.249+0000] {processor.py:840} INFO - DAG(s) 'load_ergast_data' retrieved from /opt/airflow/dags/load_ergast_data.py
[2026-08-11T12:49:48.298+0000] {logging_mixin.py:188} INFO - [2026-08-11T12:49:48.297+0000] {dag.py:3096} INFO - Sync 1 DAGs
[2026-08-11T12:49:48.323+0000] {logging_mixin.py:188} INFO - [2026-08-11T12:49:48.323+0000] {dag.py:3954} INFO - Setting next_dagrun for load_ergast_data to None, run_after=None
[2026-08-11T12:49:48.357+0000] {processor.py:183} INFO - Processing /opt/airflow/dags/load_ergast_data.py took 4.336 seconds
[2026-08-11T12:50:18.937+0000] {processor.py:161} INFO - Started process (PID=3154) to work on /opt/airflow/dags/load_ergast_data.py
[2026-08-11T12:50:18.939+0000] {processor.py:830} INFO - Processing file /opt/airflow/dags/load_ergast_data.py for tasks to queue
[2026-08-11T12:50:18.944+0000] {logging_mixin.py:188} INFO - [2026-08-11T12:50:18.943+0000] {dagbag.py:545} INFO - Filling up the DagBag from /opt/airflow/dags/load_ergast_data.py
[2026-08-11T12:50:19.284+0000] {processor.py:840} INFO - DAG(s) 'load_ergast_data' retrieved from /opt/airflow/dags/load_ergast_data.py
[2026-08-11T12:50:19.612+0000] {logging_mixin.py:188} INFO - [2026-08-11T12:50:19.610+0000] {dag.py:3096} INFO - Sync 1 DAGs
[2026-08-11T12:50:19.645+0000] {logging_mixin.py:188} INFO - [2026-08-11T12:50:19.644+0000] {dag.py:3954} INFO - Setting next_dagrun for load_ergast_data to None, run_after=None
[2026-08-11T12:50:19.688+0000] {processor.py:183} INFO - Processing /opt/airflow/dags/load_ergast_data.py took 0.758 seconds
[2026-08-11T12:50:50.149+0000] {processor.py:161} INFO - Started process (PID=3170) to work on /opt/airflow/dags/load_ergast_data.py
[2026-08-11T12:50:50.150+0000] {processor.py:830} INFO - Processing file /opt/airflow/dags/load_ergast_data.py for tasks to queue
[2026-08-11T12:50:50.152+0000] {logging_mixin.py:188} INFO - [2026-08-11T12:50:50.151+0000] {dagbag.py:545} INFO - Filling up the DagBag from /opt/airflow/dags/load_ergast_data.py
[2026-08-11T12:50:50.844+0000] {processor.py:840} INFO - DAG(s) 'load_ergast_data' retrieved from /opt/airflow/dags/load_ergast_data.py
[2026-08-11T12:50:50.866+0000] {logging_mixin.py:188} INFO - [2026-08-11T12:50:50.865+0000] {dag.py:3096} INFO - Sync 1 DAGs
[2026-08-11T12:50:50.876+0000] {logging_mixin.py:188} INFO - [2026-08-11T12:50:50.876+0000] {dag.py:3954} INFO - Setting next_dagrun for load_ergast_data to None, run_after=None
[2026-08-11T12:50:50.895+0000] {processor.py:183} INFO - Processing /opt/airflow/dags/load_ergast_data.py took 0.753 seconds
[2026-08-11T12:51:21.676+0000] {processor.py:161} INFO - Started process (PID=3186) to work on /opt/airflow/dags/load_ergast_data.py
[2026-08-11T12:51:21.678+0000] {processor.py:830} INFO - Processing file /opt/airflow/dags/load_ergast_data.py for tasks to queue
[2026-08-11T12:51:21.681+0000] {logging_mixin.py:188} INFO - [2026-08-11T12:51:21.680+0000] {dagbag.py:545} INFO - Filling up the DagBag from /opt/airflow/dags/load_ergast_data.py
[2026-08-11T12:51:22.318+0000] {processor.py:840} INFO - DAG(s) 'load_ergast_data' retrieved from /opt/airflow/dags/load_ergast_data.py
[2026-08-11T12:51:22.341+0000] {logging_mixin.py:188} INFO - [2026-08-11T12:51:22.341+0000] {dag.py:3096} INFO - Sync 1 DAGs
[2026-08-11T12:51:22.350+0000] {logging_mixin.py:188} INFO - [2026-08-11T12:51:22.350+0000] {dag.py:3954} INFO - Setting next_dagrun for load_ergast_data to None, run_after=None
[2026-08-11T12:51:22.372+0000] {processor.py:183} INFO - Processing /opt/airflow/dags/load_ergast_data.py took 0.704 seconds
[2026-08-11T12:51:52.473+0000] {processor.py:161} INFO - Started process (PID=3202) to work on /opt/airflow/dags/load_ergast_data.py
[2026-08-11T12:51:52.476+0000] {processor.py:830} INFO - Processing file /opt/airflow/dags/load_ergast_data.py for tasks to queue
[2026-08-11T12:51:52.479+0000] {logging_mixin.py:188} INFO - [2026-08-11T12:51:52.478+0000] {dagbag.py:545} INFO - Filling up the DagBag from /opt/airflow/dags/load_ergast_data.py
[2026-08-11T12:51:54.163+0000] {processor.py:840} INFO - DAG(s) 'load_ergast_data' retrieved from /opt/airflow/dags/load_ergast_data.py
[2026-08-11T12:51:54.201+0000] {logging_mixin.py:188} INFO - [2026-08-11T12:51:54.200+0000] {dag.py:3096} INFO - Sync 1 DAGs
[2026-08-11T12:51:54.222+0000] {logging_mixin.py:188} INFO - [2026-08-11T12:51:54.221+0000] {dag.py:3954} INFO - Setting next_dagrun for load_ergast_data to None, run_after=None
[2026-08-11T12:51:54.252+0000] {processor.py:183} INFO - Processing /opt/airflow/dags/load_ergast_data.py took 1.797 seconds
[2026-08-11T12:52:25.059+0000] {processor.py:161} INFO - Started process (PID=3221) to work on /opt/airflow/dags/load_ergast_data.py
[2026-08-11T12:52:25.068+0000] {processor.py:830} INFO - Processing file /opt/airflow/dags/load_ergast_data.py for tasks to queue
[2026-08-11T12:52:25.083+0000] {logging_mixin.py:188} INFO - [2026-08-11T12:52:25.081+0000] {dagbag.py:545} INFO - Filling up the DagBag from /opt/airflow/dags/load_ergast_data.py
[2026-08-11T12:52:26.813+0000] {processor.py:840} INFO - DAG(s) 'load_ergast_data' retrieved from /opt/airflow/dags/load_ergast_data.py
[2026-08-11T12:52:26.843+0000] {logging_mixin.py:188} INFO - [2026-08-11T12:52:26.841+0000] {dag.py:3096} INFO - Sync 1 DAGs
[2026-08-11T12:52:26.859+0000] {logging_mixin.py:188} INFO - [2026-08-11T12:52:26.859+0000] {dag.py:3954} INFO - Setting next_dagrun for load_ergast_data to None, run_after=None
[2026-08-11T12:52:26.880+0000] {processor.py:183} INFO - Processing /opt/airflow/dags/load_ergast_data.py took 1.870 seconds
[2026-08-11T12:52:57.158+0000] {processor.py:161} INFO - Started process (PID=3239) to work on /opt/airflow/dags/load_ergast_data.py
[2026-08-11T12:52:57.161+0000] {processor.py:830} INFO - Processing file /opt/airflow/dags/load_ergast_data.py for tasks to queue
[2026-08-11T12:52:57.166+0000] {logging_mixin.py:188} INFO - [2026-08-11T12:52:57.165+0000] {dagbag.py:545} INFO - Filling up the DagBag from /opt/airflow/dags/load_ergast_data.py
[2026-08-11T12:53:00.289+0000] {processor.py:840} INFO - DAG(s) 'load_ergast_data' retrieved from /opt/airflow/dags/load_ergast_data.py
[2026-08-11T12:53:00.388+0000] {logging_mixin.py:188} INFO - [2026-08-11T12:53:00.387+0000] {dag.py:3096} INFO - Sync 1 DAGs
[2026-08-11T12:53:00.410+0000] {logging_mixin.py:188} INFO - [2026-08-11T12:53:00.410+0000] {dag.py:3954} INFO - Setting next_dagrun for load_ergast_data to None, run_after=None
[2026-08-11T12:53:00.437+0000] {processor.py:183} INFO - Processing /opt/airflow/dags/load_ergast_data.py took 3.292 seconds
[2026-08-11T12:53:31.028+0000] {processor.py:161} INFO - Started process (PID=3255) to work on /opt/airflow/dags/load_ergast_data.py
[2026-08-11T12:53:31.030+0000] {processor.py:830} INFO - Processing file /opt/airflow/dags/load_ergast_data.py for tasks to queue
[2026-08-11T12:53:31.033+0000] {logging_mixin.py:188} INFO - [2026-08-11T12:53:31.032+0000] {dagbag.py:545} INFO - Filling up the DagBag from /opt/airflow/dags/load_ergast_data.py
[2026-08-11T12:53:31.977+0000] {processor.py:840} INFO - DAG(s) 'load_ergast_data' retrieved from /opt/airflow/dags/load_ergast_data.py
[2026-08-11T12:53:31.999+0000] {logging_mixin.py:188} INFO - [2026-08-11T12:53:31.998+0000] {dag.py:3096} INFO - Sync 1 DAGs
[2026-08-11T12:53:32.008+0000] {logging_mixin.py:188} INFO - [2026-08-11T12:53:32.007+0000] {dag.py:3954} INFO - Setting next_dagrun for load_ergast_data to None, run_after=None
[2026-08-11T12:53:32.027+0000] {processor.py:183} INFO - Processing /opt/airflow/dags/load_ergast_data.py took 1.006 seconds
[2026-08-11T12:54:02.976+0000] {processor.py:161} INFO - Started process (PID=3271) to work on /opt/airflow/dags/load_ergast_data.py
[2026-08-11T12:54:02.978+0000] {processor.py:830} INFO - Processing file /opt/airflow/dags/load_ergast_data.py for tasks to queue
[2026-08-11T12:54:02.982+0000] {logging_mixin.py:188} INFO - [2026-08-11T12:54:02.982+0000] {dagbag.py:545} INFO - Filling up the DagBag from /opt/airflow/dags/load_ergast_data.py
[2026-08-11T12:54:03.993+0000] {processor.py:840} INFO - DAG(s) 'load_ergast_data' retrieved from /opt/airflow/dags/load_ergast_data.py
[2026-08-11T12:54:04.020+0000] {logging_mixin.py:188} INFO - [2026-08-11T12:54:04.019+0000] {dag.py:3096} INFO - Sync 1 DAGs
[2026-08-11T12:54:04.030+0000] {logging_mixin.py:188} INFO - [2026-08-11T12:54:04.030+0000] {dag.py:3954} INFO - Setting next_dagrun for load_ergast_data to None, run_after=None
[2026-08-11T12:54:04.054+0000] {processor.py:183} INFO - Processing /opt/airflow/dags/load_ergast_data.py took 1.087 seconds
[2026-08-11T12:54:34.979+0000] {processor.py:161} INFO - Started process (PID=3287) to work on /opt/airflow/dags/load_ergast_data.py
[2026-08-11T12:54:34.984+0000] {processor.py:830} INFO - Processing file /opt/airflow/dags/load_ergast_data.py for tasks to queue
[2026-08-11T12:54:34.992+0000] {logging_mixin.py:188} INFO - [2026-08-11T12:54:34.991+0000] {dagbag.py:545} INFO - Filling up the DagBag from /opt/airflow/dags/load_ergast_data.py
[2026-08-11T12:54:35.577+0000] {processor.py:840} INFO - DAG(s) 'load_ergast_data' retrieved from /opt/airflow/dags/load_ergast_data.py
[2026-08-11T12:54:35.597+0000] {logging_mixin.py:188} INFO - [2026-08-11T12:54:35.596+0000] {dag.py:3096} INFO - Sync 1 DAGs
[2026-08-11T12:54:35.607+0000] {logging_mixin.py:188} INFO - [2026-08-11T12:54:35.607+0000] {dag.py:3954} INFO - Setting next_dagrun for load_ergast_data to None, run_after=None
[2026-08-11T12:54:35.633+0000] {processor.py:183} INFO - Processing /opt/airflow/dags/load_ergast_data.py took 0.690 seconds
[2026-08-11T12:55:06.081+0000] {processor.py:161} INFO - Started process (PID=3303) to work on /opt/airflow/dags/load_ergast_data.py
[2026-08-11T12:55:06.084+0000] {processor.py:830} INFO - Processing file /opt/airflow/dags/load_ergast_data.py for tasks to queue
[2026-08-11T12:55:06.086+0000] {logging_mixin.py:188} INFO - [2026-08-11T12:55:06.086+0000] {dagbag.py:545} INFO - Filling up the DagBag from /opt/airflow/dags/load_ergast_data.py
[2026-08-11T12:55:07.746+0000] {processor.py:840} INFO - DAG(s) 'load_ergast_data' retrieved from /opt/airflow/dags/load_ergast_data.py
[2026-08-11T12:55:07.781+0000] {logging_mixin.py:188} INFO - [2026-08-11T12:55:07.781+0000] {dag.py:3096} INFO - Sync 1 DAGs
[2026-08-11T12:55:07.804+0000] {logging_mixin.py:188} INFO - [2026-08-11T12:55:07.804+0000] {dag.py:3954} INFO - Setting next_dagrun for load_ergast_data to None, run_after=None
[2026-08-11T12:55:07.833+0000] {processor.py:183} INFO - Processing /opt/airflow/dags/load_ergast_data.py took 1.759 seconds
[2026-08-11T12:55:37.957+0000] {processor.py:161} INFO - Started process (PID=3319) to work on /opt/airflow/dags/load_ergast_data.py
[2026-08-11T12:55:37.961+0000] {processor.py:830} INFO - Processing file /opt/airflow/dags/load_ergast_data.py for tasks to queue
[2026-08-11T12:55:37.966+0000] {logging_mixin.py:188} INFO - [2026-08-11T12:55:37.965+0000] {dagbag.py:545} INFO - Filling up the DagBag from /opt/airflow/dags/load_ergast_data.py
[2026-08-11T12:55:40.271+0000] {processor.py:840} INFO - DAG(s) 'load_ergast_data' retrieved from /opt/airflow/dags/load_ergast_data.py
[2026-08-11T12:55:40.345+0000] {logging_mixin.py:188} INFO - [2026-08-11T12:55:40.343+0000] {dag.py:3096} INFO - Sync 1 DAGs
[2026-08-11T12:55:40.384+0000] {logging_mixin.py:188} INFO - [2026-08-11T12:55:40.383+0000] {dag.py:3954} INFO - Setting next_dagrun for load_ergast_data to None, run_after=None
[2026-08-11T12:55:40.425+0000] {processor.py:183} INFO - Processing /opt/airflow/dags/load_ergast_data.py took 2.474 seconds
[2026-08-11T12:56:10.526+0000] {processor.py:161} INFO - Started process (PID=3335) to work on /opt/airflow/dags/load_ergast_data.py
[2026-08-11T12:56:10.528+0000] {processor.py:830} INFO - Processing file /opt/airflow/dags/load_ergast_data.py for tasks to queue
[2026-08-11T12:56:10.530+0000] {logging_mixin.py:188} INFO - [2026-08-11T12:56:10.530+0000] {dagbag.py:545} INFO - Filling up the DagBag from /opt/airflow/dags/load_ergast_data.py
[2026-08-11T12:56:11.294+0000] {processor.py:840} INFO - DAG(s) 'load_ergast_data' retrieved from /opt/airflow/dags/load_ergast_data.py
[2026-08-11T12:56:11.325+0000] {logging_mixin.py:188} INFO - [2026-08-11T12:56:11.324+0000] {dag.py:3096} INFO - Sync 1 DAGs
[2026-08-11T12:56:11.345+0000] {logging_mixin.py:188} INFO - [2026-08-11T12:56:11.345+0000] {dag.py:3954} INFO - Setting next_dagrun for load_ergast_data to None, run_after=None
[2026-08-11T12:56:11.368+0000] {processor.py:183} INFO - Processing /opt/airflow/dags/load_ergast_data.py took 0.852 seconds
[2026-08-11T12:56:41.427+0000] {processor.py:161} INFO - Started process (PID=3351) to work on /opt/airflow/dags/load_ergast_data.py
[2026-08-11T12:56:41.429+0000] {processor.py:830} INFO - Processing file /opt/airflow/dags/load_ergast_data.py for tasks to queue
[2026-08-11T12:56:41.432+0000] {logging_mixin.py:188} INFO - [2026-08-11T12:56:41.432+0000] {dagbag.py:545} INFO - Filling up the DagBag from /opt/airflow/dags/load_ergast_data.py
[2026-08-11T12:56:42.341+0000] {processor.py:840} INFO - DAG(s) 'load_ergast_data' retrieved from /opt/airflow/dags/load_ergast_data.py
[2026-08-11T12:56:42.394+0000] {logging_mixin.py:188} INFO - [2026-08-11T12:56:42.394+0000] {dag.py:3096} INFO - Sync 1 DAGs
[2026-08-11T12:56:42.407+0000] {logging_mixin.py:188} INFO - [2026-08-11T12:56:42.407+0000] {dag.py:3954} INFO - Setting next_dagrun for load_ergast_data to None, run_after=None
[2026-08-11T12:56:42.426+0000] {processor.py:183} INFO - Processing /opt/airflow/dags/load_ergast_data.py took 1.006 seconds
[2026-08-11T12:57:12.967+0000] {processor.py:161} INFO - Started process (PID=3367) to work on /opt/airflow/dags/load_ergast_data.py
[2026-08-11T12:57:12.969+0000] {processor.py:830} INFO - Processing file /opt/airflow/dags/load_ergast_data.py for tasks to queue
[2026-08-11T12:57:12.972+0000] {logging_mixin.py:188} INFO - [2026-08-11T12:57:12.972+0000] {dagbag.py:545} INFO - Filling up the DagBag from /opt/airflow/dags/load_ergast_data.py
[2026-08-11T12:57:14.323+0000] {processor.py:840} INFO - DAG(s) 'load_ergast_data' retrieved from /opt/airflow/dags/load_ergast_data.py
[2026-08-11T12:57:14.344+0000] {logging_mixin.py:188} INFO - [2026-08-11T12:57:14.344+0000] {dag.py:3096} INFO - Sync 1 DAGs
[2026-08-11T12:57:14.355+0000] {logging_mixin.py:188} INFO - [2026-08-11T12:57:14.355+0000] {dag.py:3954} INFO - Setting next_dagrun for load_ergast_data to None, run_after=None
[2026-08-11T12:57:14.372+0000] {processor.py:183} INFO - Processing /opt/airflow/dags/load_ergast_data.py took 1.413 seconds
[2026-08-11T12:57:44.788+0000] {processor.py:161} INFO - Started process (PID=3383) to work on /opt/airflow/dags/load_ergast_data.py
[2026-08-11T12:57:44.790+0000] {processor.py:830} INFO - Processing file /opt/airflow/dags/load_ergast_data.py for tasks to queue
[2026-08-11T12:57:44.794+0000] {logging_mixin.py:188} INFO - [2026-08-11T12:57:44.793+0000] {dagbag.py:545} INFO - Filling up the DagBag from /opt/airflow/dags/load_ergast_data.py
[2026-08-11T12:57:45.404+0000] {processor.py:840} INFO - DAG(s) 'load_ergast_data' retrieved from /opt/airflow/dags/load_ergast_data.py
[2026-08-11T12:57:45.433+0000] {logging_mixin.py:188} INFO - [2026-08-11T12:57:45.432+0000] {dag.py:3096} INFO - Sync 1 DAGs
[2026-08-11T12:57:45.451+0000] {logging_mixin.py:188} INFO - [2026-08-11T12:57:45.451+0000] {dag.py:3954} INFO - Setting next_dagrun for load_ergast_data to None, run_after=None
[2026-08-11T12:57:45.485+0000] {processor.py:183} INFO - Processing /opt/airflow/dags/load_ergast_data.py took 0.705 seconds
[2026-08-11T12:58:17.514+0000] {processor.py:161} INFO - Started process (PID=3399) to work on /opt/airflow/dags/load_ergast_data.py
[2026-08-11T12:58:17.521+0000] {processor.py:830} INFO - Processing file /opt/airflow/dags/load_ergast_data.py for tasks to queue
[2026-08-11T12:58:17.538+0000] {logging_mixin.py:188} INFO - [2026-08-11T12:58:17.537+0000] {dagbag.py:545} INFO - Filling up the DagBag from /opt/airflow/dags/load_ergast_data.py
[2026-08-11T12:58:18.777+0000] {processor.py:840} INFO - DAG(s) 'load_ergast_data' retrieved from /opt/airflow/dags/load_ergast_data.py
[2026-08-11T12:58:18.819+0000] {logging_mixin.py:188} INFO - [2026-08-11T12:58:18.819+0000] {dag.py:3096} INFO - Sync 1 DAGs
[2026-08-11T12:58:18.844+0000] {logging_mixin.py:188} INFO - [2026-08-11T12:58:18.844+0000] {dag.py:3954} INFO - Setting next_dagrun for load_ergast_data to None, run_after=None
[2026-08-11T12:58:18.870+0000] {processor.py:183} INFO - Processing /opt/airflow/dags/load_ergast_data.py took 1.385 seconds
[2026-08-11T12:58:49.299+0000] {processor.py:161} INFO - Started process (PID=3415) to work on /opt/airflow/dags/load_ergast_data.py
[2026-08-11T12:58:49.300+0000] {processor.py:830} INFO - Processing file /opt/airflow/dags/load_ergast_data.py for tasks to queue
[2026-08-11T12:58:49.303+0000] {logging_mixin.py:188} INFO - [2026-08-11T12:58:49.303+0000] {dagbag.py:545} INFO - Filling up the DagBag from /opt/airflow/dags/load_ergast_data.py
[2026-08-11T12:58:51.332+0000] {processor.py:840} INFO - DAG(s) 'load_ergast_data' retrieved from /opt/airflow/dags/load_ergast_data.py
[2026-08-11T12:58:51.363+0000] {logging_mixin.py:188} INFO - [2026-08-11T12:58:51.362+0000] {dag.py:3096} INFO - Sync 1 DAGs
[2026-08-11T12:58:51.382+0000] {logging_mixin.py:188} INFO - [2026-08-11T12:58:51.382+0000] {dag.py:3954} INFO - Setting next_dagrun for load_ergast_data to None, run_after=None
[2026-08-11T12:58:51.410+0000] {processor.py:183} INFO - Processing /opt/airflow/dags/load_ergast_data.py took 2.119 seconds
[2026-08-11T12:59:21.864+0000] {processor.py:161} INFO - Started process (PID=3431) to work on /opt/airflow/dags/load_ergast_data.py
[2026-08-11T12:59:21.866+0000] {processor.py:830} INFO - Processing file /opt/airflow/dags/load_ergast_data.py for tasks to queue
[2026-08-11T12:59:21.870+0000] {logging_mixin.py:188} INFO - [2026-08-11T12:59:21.870+0000] {dagbag.py:545} INFO - Filling up the DagBag from /opt/airflow/dags/load_ergast_data.py
[2026-08-11T12:59:30.875+0000] {processor.py:840} INFO - DAG(s) 'load_ergast_data' retrieved from /opt/airflow/dags/load_ergast_data.py
[2026-08-11T12:59:30.940+0000] {logging_mixin.py:188} INFO - [2026-08-11T12:59:30.939+0000] {dag.py:3096} INFO - Sync 1 DAGs
[2026-08-11T12:59:31.002+0000] {logging_mixin.py:188} INFO - [2026-08-11T12:59:31.001+0000] {dag.py:3954} INFO - Setting next_dagrun for load_ergast_data to None, run_after=None
[2026-08-11T12:59:31.160+0000] {processor.py:183} INFO - Processing /opt/airflow/dags/load_ergast_data.py took 9.304 seconds
[2026-08-11T13:00:01.634+0000] {processor.py:161} INFO - Started process (PID=3447) to work on /opt/airflow/dags/load_ergast_data.py
[2026-08-11T13:00:01.676+0000] {processor.py:830} INFO - Processing file /opt/airflow/dags/load_ergast_data.py for tasks to queue
[2026-08-11T13:00:01.682+0000] {logging_mixin.py:188} INFO - [2026-08-11T13:00:01.681+0000] {dagbag.py:545} INFO - Filling up the DagBag from /opt/airflow/dags/load_ergast_data.py
[2026-08-11T13:00:19.164+0000] {processor.py:840} INFO - DAG(s) 'load_ergast_data' retrieved from /opt/airflow/dags/load_ergast_data.py
[2026-08-11T13:00:19.282+0000] {logging_mixin.py:188} INFO - [2026-08-11T13:00:19.281+0000] {dag.py:3096} INFO - Sync 1 DAGs
[2026-08-11T13:00:19.326+0000] {logging_mixin.py:188} INFO - [2026-08-11T13:00:19.326+0000] {dag.py:3954} INFO - Setting next_dagrun for load_ergast_data to None, run_after=None
[2026-08-11T13:00:19.447+0000] {processor.py:183} INFO - Processing /opt/airflow/dags/load_ergast_data.py took 17.829 seconds
[2026-08-11T13:00:49.849+0000] {processor.py:161} INFO - Started process (PID=3473) to work on /opt/airflow/dags/load_ergast_data.py
[2026-08-11T13:00:49.851+0000] {processor.py:830} INFO - Processing file /opt/airflow/dags/load_ergast_data.py for tasks to queue
[2026-08-11T13:00:49.854+0000] {logging_mixin.py:188} INFO - [2026-08-11T13:00:49.853+0000] {dagbag.py:545} INFO - Filling up the DagBag from /opt/airflow/dags/load_ergast_data.py
[2026-08-11T13:01:09.590+0000] {processor.py:840} INFO - DAG(s) 'load_ergast_data' retrieved from /opt/airflow/dags/load_ergast_data.py
[2026-08-11T13:01:09.636+0000] {logging_mixin.py:188} INFO - [2026-08-11T13:01:09.635+0000] {dag.py:3096} INFO - Sync 1 DAGs
[2026-08-11T13:01:09.654+0000] {logging_mixin.py:188} INFO - [2026-08-11T13:01:09.653+0000] {dag.py:3954} INFO - Setting next_dagrun for load_ergast_data to None, run_after=None
[2026-08-11T13:01:09.686+0000] {processor.py:183} INFO - Processing /opt/airflow/dags/load_ergast_data.py took 17.824 seconds
[2026-08-11T13:01:40.342+0000] {processor.py:161} INFO - Started process (PID=3489) to work on /opt/airflow/dags/load_ergast_data.py
[2026-08-11T13:01:40.369+0000] {processor.py:830} INFO - Processing file /opt/airflow/dags/load_ergast_data.py for tasks to queue
[2026-08-11T13:01:40.401+0000] {logging_mixin.py:188} INFO - [2026-08-11T13:01:40.399+0000] {dagbag.py:545} INFO - Filling up the DagBag from /opt/airflow/dags/load_ergast_data.py
[2026-08-11T13:01:43.952+0000] {processor.py:840} INFO - DAG(s) 'load_ergast_data' retrieved from /opt/airflow/dags/load_ergast_data.py
[2026-08-11T13:01:44.057+0000] {logging_mixin.py:188} INFO - [2026-08-11T13:01:44.054+0000] {dag.py:3096} INFO - Sync 1 DAGs
[2026-08-11T13:01:44.092+0000] {logging_mixin.py:188} INFO - [2026-08-11T13:01:44.092+0000] {dag.py:3954} INFO - Setting next_dagrun for load_ergast_data to None, run_after=None
[2026-08-11T13:01:44.135+0000] {processor.py:183} INFO - Processing /opt/airflow/dags/load_ergast_data.py took 3.814 seconds
[2026-08-11T13:02:14.274+0000] {processor.py:161} INFO - Started process (PID=3505) to work on /opt/airflow/dags/load_ergast_data.py
[2026-08-11T13:02:14.276+0000] {processor.py:830} INFO - Processing file /opt/airflow/dags/load_ergast_data.py for tasks to queue
[2026-08-11T13:02:14.279+0000] {logging_mixin.py:188} INFO - [2026-08-11T13:02:14.278+0000] {dagbag.py:545} INFO - Filling up the DagBag from /opt/airflow/dags/load_ergast_data.py
[2026-08-11T13:02:15.291+0000] {processor.py:840} INFO - DAG(s) 'load_ergast_data' retrieved from /opt/airflow/dags/load_ergast_data.py
[2026-08-11T13:02:15.317+0000] {logging_mixin.py:188} INFO - [2026-08-11T13:02:15.316+0000] {dag.py:3096} INFO - Sync 1 DAGs
[2026-08-11T13:02:15.328+0000] {logging_mixin.py:188} INFO - [2026-08-11T13:02:15.328+0000] {dag.py:3954} INFO - Setting next_dagrun for load_ergast_data to None, run_after=None
[2026-08-11T13:02:15.346+0000] {processor.py:183} INFO - Processing /opt/airflow/dags/load_ergast_data.py took 1.081 seconds
[2026-08-11T13:02:45.944+0000] {processor.py:161} INFO - Started process (PID=3521) to work on /opt/airflow/dags/load_ergast_data.py
[2026-08-11T13:02:45.947+0000] {processor.py:830} INFO - Processing file /opt/airflow/dags/load_ergast_data.py for tasks to queue
[2026-08-11T13:02:45.952+0000] {logging_mixin.py:188} INFO - [2026-08-11T13:02:45.952+0000] {dagbag.py:545} INFO - Filling up the DagBag from /opt/airflow/dags/load_ergast_data.py
[2026-08-11T13:02:46.819+0000] {processor.py:840} INFO - DAG(s) 'load_ergast_data' retrieved from /opt/airflow/dags/load_ergast_data.py
[2026-08-11T13:02:46.850+0000] {logging_mixin.py:188} INFO - [2026-08-11T13:02:46.850+0000] {dag.py:3096} INFO - Sync 1 DAGs
[2026-08-11T13:02:46.864+0000] {logging_mixin.py:188} INFO - [2026-08-11T13:02:46.864+0000] {dag.py:3954} INFO - Setting next_dagrun for load_ergast_data to None, run_after=None
[2026-08-11T13:02:46.885+0000] {processor.py:183} INFO - Processing /opt/airflow/dags/load_ergast_data.py took 0.957 seconds
[2026-08-11T13:03:17.503+0000] {processor.py:161} INFO - Started process (PID=3537) to work on /opt/airflow/dags/load_ergast_data.py
[2026-08-11T13:03:17.504+0000] {processor.py:830} INFO - Processing file /opt/airflow/dags/load_ergast_data.py for tasks to queue
[2026-08-11T13:03:17.507+0000] {logging_mixin.py:188} INFO - [2026-08-11T13:03:17.506+0000] {dagbag.py:545} INFO - Filling up the DagBag from /opt/airflow/dags/load_ergast_data.py
[2026-08-11T13:03:18.112+0000] {processor.py:840} INFO - DAG(s) 'load_ergast_data' retrieved from /opt/airflow/dags/load_ergast_data.py
[2026-08-11T13:03:18.161+0000] {logging_mixin.py:188} INFO - [2026-08-11T13:03:18.160+0000] {dag.py:3096} INFO - Sync 1 DAGs
[2026-08-11T13:03:18.196+0000] {logging_mixin.py:188} INFO - [2026-08-11T13:03:18.196+0000] {dag.py:3954} INFO - Setting next_dagrun for load_ergast_data to None, run_after=None
[2026-08-11T13:03:18.221+0000] {processor.py:183} INFO - Processing /opt/airflow/dags/load_ergast_data.py took 0.725 seconds
[2026-08-11T13:03:48.921+0000] {processor.py:161} INFO - Started process (PID=3553) to work on /opt/airflow/dags/load_ergast_data.py
[2026-08-11T13:03:48.922+0000] {processor.py:830} INFO - Processing file /opt/airflow/dags/load_ergast_data.py for tasks to queue
[2026-08-11T13:03:48.925+0000] {logging_mixin.py:188} INFO - [2026-08-11T13:03:48.925+0000] {dagbag.py:545} INFO - Filling up the DagBag from /opt/airflow/dags/load_ergast_data.py
[2026-08-11T13:03:50.002+0000] {processor.py:840} INFO - DAG(s) 'load_ergast_data' retrieved from /opt/airflow/dags/load_ergast_data.py
[2026-08-11T13:03:50.047+0000] {logging_mixin.py:188} INFO - [2026-08-11T13:03:50.046+0000] {dag.py:3096} INFO - Sync 1 DAGs
[2026-08-11T13:03:50.063+0000] {logging_mixin.py:188} INFO - [2026-08-11T13:03:50.063+0000] {dag.py:3954} INFO - Setting next_dagrun for load_ergast_data to None, run_after=None
[2026-08-11T13:03:50.086+0000] {processor.py:183} INFO - Processing /opt/airflow/dags/load_ergast_data.py took 1.174 seconds
[2026-08-11T13:04:20.324+0000] {processor.py:161} INFO - Started process (PID=3574) to work on /opt/airflow/dags/load_ergast_data.py
[2026-08-11T13:04:20.326+0000] {processor.py:830} INFO - Processing file /opt/airflow/dags/load_ergast_data.py for tasks to queue
[2026-08-11T13:04:20.330+0000] {logging_mixin.py:188} INFO - [2026-08-11T13:04:20.329+0000] {dagbag.py:545} INFO - Filling up the DagBag from /opt/airflow/dags/load_ergast_data.py
[2026-08-11T13:04:24.451+0000] {processor.py:840} INFO - DAG(s) 'load_ergast_data' retrieved from /opt/airflow/dags/load_ergast_data.py
[2026-08-11T13:04:24.488+0000] {logging_mixin.py:188} INFO - [2026-08-11T13:04:24.488+0000] {dag.py:3096} INFO - Sync 1 DAGs
[2026-08-11T13:04:24.511+0000] {logging_mixin.py:188} INFO - [2026-08-11T13:04:24.511+0000] {dag.py:3954} INFO - Setting next_dagrun for load_ergast_data to None, run_after=None
[2026-08-11T13:04:24.540+0000] {processor.py:183} INFO - Processing /opt/airflow/dags/load_ergast_data.py took 4.222 seconds
[2026-08-11T13:05:01.819+0000] {processor.py:161} INFO - Started process (PID=3595) to work on /opt/airflow/dags/load_ergast_data.py
[2026-08-11T13:05:01.823+0000] {processor.py:830} INFO - Processing file /opt/airflow/dags/load_ergast_data.py for tasks to queue
[2026-08-11T13:05:01.835+0000] {logging_mixin.py:188} INFO - [2026-08-11T13:05:01.834+0000] {dagbag.py:545} INFO - Filling up the DagBag from /opt/airflow/dags/load_ergast_data.py
[2026-08-11T13:05:04.973+0000] {processor.py:840} INFO - DAG(s) 'load_ergast_data' retrieved from /opt/airflow/dags/load_ergast_data.py
[2026-08-11T13:05:05.019+0000] {logging_mixin.py:188} INFO - [2026-08-11T13:05:05.017+0000] {dag.py:3096} INFO - Sync 1 DAGs
[2026-08-11T13:05:05.035+0000] {logging_mixin.py:188} INFO - [2026-08-11T13:05:05.035+0000] {dag.py:3954} INFO - Setting next_dagrun for load_ergast_data to None, run_after=None
[2026-08-11T13:05:05.063+0000] {processor.py:183} INFO - Processing /opt/airflow/dags/load_ergast_data.py took 3.271 seconds
[2026-08-11T13:05:35.494+0000] {processor.py:161} INFO - Started process (PID=3611) to work on /opt/airflow/dags/load_ergast_data.py
[2026-08-11T13:05:35.497+0000] {processor.py:830} INFO - Processing file /opt/airflow/dags/load_ergast_data.py for tasks to queue
[2026-08-11T13:05:35.501+0000] {logging_mixin.py:188} INFO - [2026-08-11T13:05:35.500+0000] {dagbag.py:545} INFO - Filling up the DagBag from /opt/airflow/dags/load_ergast_data.py
[2026-08-11T13:05:43.189+0000] {processor.py:840} INFO - DAG(s) 'load_ergast_data' retrieved from /opt/airflow/dags/load_ergast_data.py
[2026-08-11T13:05:43.308+0000] {logging_mixin.py:188} INFO - [2026-08-11T13:05:43.307+0000] {dag.py:3096} INFO - Sync 1 DAGs
[2026-08-11T13:05:43.371+0000] {logging_mixin.py:188} INFO - [2026-08-11T13:05:43.371+0000] {dag.py:3954} INFO - Setting next_dagrun for load_ergast_data to None, run_after=None
[2026-08-11T13:05:43.420+0000] {processor.py:183} INFO - Processing /opt/airflow/dags/load_ergast_data.py took 7.933 seconds
[2026-08-11T13:06:23.201+0000] {processor.py:161} INFO - Started process (PID=3625) to work on /opt/airflow/dags/load_ergast_data.py
[2026-08-11T13:06:23.223+0000] {processor.py:830} INFO - Processing file /opt/airflow/dags/load_ergast_data.py for tasks to queue
[2026-08-11T13:06:23.397+0000] {logging_mixin.py:188} INFO - [2026-08-11T13:06:23.379+0000] {dagbag.py:545} INFO - Filling up the DagBag from /opt/airflow/dags/load_ergast_data.py
[2026-08-11T13:06:46.409+0000] {processor.py:840} INFO - DAG(s) 'load_ergast_data' retrieved from /opt/airflow/dags/load_ergast_data.py
[2026-08-11T13:06:46.886+0000] {logging_mixin.py:188} INFO - [2026-08-11T13:06:46.884+0000] {dag.py:3096} INFO - Sync 1 DAGs
[2026-08-11T13:06:46.992+0000] {logging_mixin.py:188} INFO - [2026-08-11T13:06:46.992+0000] {dag.py:3954} INFO - Setting next_dagrun for load_ergast_data to None, run_after=None
[2026-08-11T13:06:47.085+0000] {processor.py:183} INFO - Processing /opt/airflow/dags/load_ergast_data.py took 23.976 seconds
[2026-08-11T13:07:24.132+0000] {processor.py:161} INFO - Started process (PID=3643) to work on /opt/airflow/dags/load_ergast_data.py
[2026-08-11T13:07:24.457+0000] {processor.py:830} INFO - Processing file /opt/airflow/dags/load_ergast_data.py for tasks to queue
[2026-08-11T13:07:25.097+0000] {logging_mixin.py:188} INFO - [2026-08-11T13:07:25.057+0000] {dagbag.py:545} INFO - Filling up the DagBag from /opt/airflow/dags/load_ergast_data.py
[2026-08-11T13:08:04.314+0000] {logging_mixin.py:188} INFO - [2026-08-11T13:08:04.313+0000] {timeout.py:68} ERROR - Process timed out, PID: 3643
[2026-08-11T13:08:04.331+0000] {logging_mixin.py:188} WARNING - Exception ignored in: <function WeakKeyDictionary.__init__.<locals>.remove at 0x7bc3cf558ae0>
[2026-08-11T13:08:04.343+0000] {logging_mixin.py:188} WARNING - Traceback (most recent call last):
[2026-08-11T13:08:04.352+0000] {logging_mixin.py:188} WARNING -   File "/usr/local/lib/python3.12/weakref.py", line 369, in remove
[2026-08-11T13:08:04.377+0000] {logging_mixin.py:188} WARNING -     def remove(k, selfref=ref(self)):
[2026-08-11T13:08:04.390+0000] {logging_mixin.py:188} WARNING -   File "/home/airflow/.local/lib/python3.12/site-packages/airflow/utils/timeout.py", line 69, in handle_timeout
[2026-08-11T13:08:04.484+0000] {logging_mixin.py:188} WARNING -     raise AirflowTaskTimeout(self.error_message)
[2026-08-11T13:08:04.503+0000] {logging_mixin.py:188} WARNING - airflow.exceptions.AirflowTaskTimeout: DagBag import timeout for /opt/airflow/dags/load_ergast_data.py after 30.0s.
Please take a look at these docs to improve your DAG import time:
* https://airflow.apache.org/docs/apache-airflow/2.9.1/best-practices.html#top-level-python-code
* https://airflow.apache.org/docs/apache-airflow/2.9.1/best-practices.html#reducing-dag-complexity, PID: 3643
[2026-08-11T13:08:04.881+0000] {processor.py:840} INFO - DAG(s) 'load_ergast_data' retrieved from /opt/airflow/dags/load_ergast_data.py
[2026-08-11T13:08:05.399+0000] {logging_mixin.py:188} INFO - [2026-08-11T13:08:05.398+0000] {dag.py:3096} INFO - Sync 1 DAGs
[2026-08-11T13:08:05.497+0000] {logging_mixin.py:188} INFO - [2026-08-11T13:08:05.497+0000] {dag.py:3954} INFO - Setting next_dagrun for load_ergast_data to None, run_after=None
[2026-08-11T13:08:05.627+0000] {processor.py:183} INFO - Processing /opt/airflow/dags/load_ergast_data.py took 39.739 seconds
[2026-08-11T13:08:36.461+0000] {processor.py:161} INFO - Started process (PID=3669) to work on /opt/airflow/dags/load_ergast_data.py
[2026-08-11T13:08:36.465+0000] {processor.py:830} INFO - Processing file /opt/airflow/dags/load_ergast_data.py for tasks to queue
[2026-08-11T13:08:36.479+0000] {logging_mixin.py:188} INFO - [2026-08-11T13:08:36.478+0000] {dagbag.py:545} INFO - Filling up the DagBag from /opt/airflow/dags/load_ergast_data.py
[2026-08-11T13:08:56.814+0000] {processor.py:840} INFO - DAG(s) 'load_ergast_data' retrieved from /opt/airflow/dags/load_ergast_data.py
[2026-08-11T13:08:57.317+0000] {logging_mixin.py:188} INFO - [2026-08-11T13:08:57.314+0000] {dag.py:3096} INFO - Sync 1 DAGs
[2026-08-11T13:08:57.403+0000] {logging_mixin.py:188} INFO - [2026-08-11T13:08:57.402+0000] {dag.py:3954} INFO - Setting next_dagrun for load_ergast_data to None, run_after=None
[2026-08-11T13:08:57.517+0000] {processor.py:183} INFO - Processing /opt/airflow/dags/load_ergast_data.py took 21.127 seconds
[2026-08-11T13:09:28.968+0000] {processor.py:161} INFO - Started process (PID=3685) to work on /opt/airflow/dags/load_ergast_data.py
[2026-08-11T13:09:29.031+0000] {processor.py:830} INFO - Processing file /opt/airflow/dags/load_ergast_data.py for tasks to queue
[2026-08-11T13:09:29.046+0000] {logging_mixin.py:188} INFO - [2026-08-11T13:09:29.043+0000] {dagbag.py:545} INFO - Filling up the DagBag from /opt/airflow/dags/load_ergast_data.py
[2026-08-11T13:10:03.190+0000] {logging_mixin.py:188} INFO - [2026-08-11T13:10:02.982+0000] {timeout.py:68} ERROR - Process timed out, PID: 3685
[2026-08-11T13:10:38.228+0000] {processor.py:161} INFO - Started process (PID=3711) to work on /opt/airflow/dags/load_ergast_data.py
[2026-08-11T13:10:38.230+0000] {processor.py:830} INFO - Processing file /opt/airflow/dags/load_ergast_data.py for tasks to queue
[2026-08-11T13:10:38.235+0000] {logging_mixin.py:188} INFO - [2026-08-11T13:10:38.234+0000] {dagbag.py:545} INFO - Filling up the DagBag from /opt/airflow/dags/load_ergast_data.py
[2026-08-11T13:10:54.937+0000] {processor.py:840} INFO - DAG(s) 'load_ergast_data' retrieved from /opt/airflow/dags/load_ergast_data.py
[2026-08-11T13:10:55.666+0000] {logging_mixin.py:188} INFO - [2026-08-11T13:10:55.634+0000] {dag.py:3096} INFO - Sync 1 DAGs
[2026-08-11T13:10:55.716+0000] {logging_mixin.py:188} INFO - [2026-08-11T13:10:55.715+0000] {dag.py:3954} INFO - Setting next_dagrun for load_ergast_data to None, run_after=None
[2026-08-11T13:10:55.822+0000] {processor.py:183} INFO - Processing /opt/airflow/dags/load_ergast_data.py took 15.432 seconds
[2026-08-11T13:11:26.435+0000] {processor.py:161} INFO - Started process (PID=3737) to work on /opt/airflow/dags/load_ergast_data.py
[2026-08-11T13:11:26.437+0000] {processor.py:830} INFO - Processing file /opt/airflow/dags/load_ergast_data.py for tasks to queue
[2026-08-11T13:11:26.439+0000] {logging_mixin.py:188} INFO - [2026-08-11T13:11:26.439+0000] {dagbag.py:545} INFO - Filling up the DagBag from /opt/airflow/dags/load_ergast_data.py
[2026-08-11T13:11:27.104+0000] {processor.py:840} INFO - DAG(s) 'load_ergast_data' retrieved from /opt/airflow/dags/load_ergast_data.py
[2026-08-11T13:11:27.125+0000] {logging_mixin.py:188} INFO - [2026-08-11T13:11:27.124+0000] {dag.py:3096} INFO - Sync 1 DAGs
[2026-08-11T13:11:27.143+0000] {logging_mixin.py:188} INFO - [2026-08-11T13:11:27.143+0000] {dag.py:3954} INFO - Setting next_dagrun for load_ergast_data to None, run_after=None
[2026-08-11T13:11:27.163+0000] {processor.py:183} INFO - Processing /opt/airflow/dags/load_ergast_data.py took 0.735 seconds
[2026-08-11T13:11:57.289+0000] {processor.py:161} INFO - Started process (PID=3753) to work on /opt/airflow/dags/load_ergast_data.py
[2026-08-11T13:11:57.292+0000] {processor.py:830} INFO - Processing file /opt/airflow/dags/load_ergast_data.py for tasks to queue
[2026-08-11T13:11:57.295+0000] {logging_mixin.py:188} INFO - [2026-08-11T13:11:57.294+0000] {dagbag.py:545} INFO - Filling up the DagBag from /opt/airflow/dags/load_ergast_data.py
[2026-08-11T13:11:59.723+0000] {processor.py:840} INFO - DAG(s) 'load_ergast_data' retrieved from /opt/airflow/dags/load_ergast_data.py
[2026-08-11T13:11:59.786+0000] {logging_mixin.py:188} INFO - [2026-08-11T13:11:59.785+0000] {dag.py:3096} INFO - Sync 1 DAGs
[2026-08-11T13:11:59.815+0000] {logging_mixin.py:188} INFO - [2026-08-11T13:11:59.815+0000] {dag.py:3954} INFO - Setting next_dagrun for load_ergast_data to None, run_after=None
[2026-08-11T13:11:59.848+0000] {processor.py:183} INFO - Processing /opt/airflow/dags/load_ergast_data.py took 2.581 seconds
[2026-08-11T13:12:30.808+0000] {processor.py:161} INFO - Started process (PID=3770) to work on /opt/airflow/dags/load_ergast_data.py
[2026-08-11T13:12:30.815+0000] {processor.py:830} INFO - Processing file /opt/airflow/dags/load_ergast_data.py for tasks to queue
[2026-08-11T13:12:30.818+0000] {logging_mixin.py:188} INFO - [2026-08-11T13:12:30.816+0000] {dagbag.py:545} INFO - Filling up the DagBag from /opt/airflow/dags/load_ergast_data.py
[2026-08-11T13:12:40.855+0000] {processor.py:840} INFO - DAG(s) 'load_ergast_data' retrieved from /opt/airflow/dags/load_ergast_data.py
[2026-08-11T13:12:41.303+0000] {logging_mixin.py:188} INFO - [2026-08-11T13:12:41.302+0000] {dag.py:3096} INFO - Sync 1 DAGs
[2026-08-11T13:12:41.349+0000] {logging_mixin.py:188} INFO - [2026-08-11T13:12:41.349+0000] {dag.py:3954} INFO - Setting next_dagrun for load_ergast_data to None, run_after=None
[2026-08-11T13:12:41.519+0000] {processor.py:183} INFO - Processing /opt/airflow/dags/load_ergast_data.py took 10.729 seconds
[2026-08-11T13:13:14.199+0000] {processor.py:161} INFO - Started process (PID=3786) to work on /opt/airflow/dags/load_ergast_data.py
[2026-08-11T13:13:14.253+0000] {processor.py:830} INFO - Processing file /opt/airflow/dags/load_ergast_data.py for tasks to queue
[2026-08-11T13:13:14.288+0000] {logging_mixin.py:188} INFO - [2026-08-11T13:13:14.270+0000] {dagbag.py:545} INFO - Filling up the DagBag from /opt/airflow/dags/load_ergast_data.py
[2026-08-11T13:13:57.094+0000] {logging_mixin.py:188} INFO - [2026-08-11T13:13:51.803+0000] {timeout.py:68} ERROR - Process timed out, PID: 3786
[2026-08-11T13:14:52.124+0000] {processor.py:161} INFO - Started process (PID=3802) to work on /opt/airflow/dags/load_ergast_data.py
[2026-08-11T13:14:52.131+0000] {processor.py:830} INFO - Processing file /opt/airflow/dags/load_ergast_data.py for tasks to queue
[2026-08-11T13:14:52.149+0000] {logging_mixin.py:188} INFO - [2026-08-11T13:14:52.140+0000] {dagbag.py:545} INFO - Filling up the DagBag from /opt/airflow/dags/load_ergast_data.py
[2026-08-11T13:15:08.411+0000] {processor.py:840} INFO - DAG(s) 'load_ergast_data' retrieved from /opt/airflow/dags/load_ergast_data.py
[2026-08-11T13:15:08.969+0000] {logging_mixin.py:188} INFO - [2026-08-11T13:15:08.969+0000] {dag.py:3096} INFO - Sync 1 DAGs
[2026-08-11T13:15:09.002+0000] {logging_mixin.py:188} INFO - [2026-08-11T13:15:09.002+0000] {dag.py:3954} INFO - Setting next_dagrun for load_ergast_data to None, run_after=None
[2026-08-11T13:15:09.041+0000] {processor.py:183} INFO - Processing /opt/airflow/dags/load_ergast_data.py took 15.588 seconds
[2026-08-11T13:15:40.391+0000] {processor.py:161} INFO - Started process (PID=3828) to work on /opt/airflow/dags/load_ergast_data.py
[2026-08-11T13:15:40.401+0000] {processor.py:830} INFO - Processing file /opt/airflow/dags/load_ergast_data.py for tasks to queue
[2026-08-11T13:15:40.407+0000] {logging_mixin.py:188} INFO - [2026-08-11T13:15:40.405+0000] {dagbag.py:545} INFO - Filling up the DagBag from /opt/airflow/dags/load_ergast_data.py
[2026-08-11T13:15:44.665+0000] {processor.py:840} INFO - DAG(s) 'load_ergast_data' retrieved from /opt/airflow/dags/load_ergast_data.py
[2026-08-11T13:15:44.713+0000] {logging_mixin.py:188} INFO - [2026-08-11T13:15:44.712+0000] {dag.py:3096} INFO - Sync 1 DAGs
[2026-08-11T13:15:44.734+0000] {logging_mixin.py:188} INFO - [2026-08-11T13:15:44.734+0000] {dag.py:3954} INFO - Setting next_dagrun for load_ergast_data to None, run_after=None
[2026-08-11T13:15:44.761+0000] {processor.py:183} INFO - Processing /opt/airflow/dags/load_ergast_data.py took 4.406 seconds
[2026-08-11T13:16:15.892+0000] {processor.py:161} INFO - Started process (PID=3844) to work on /opt/airflow/dags/load_ergast_data.py
[2026-08-11T13:16:15.981+0000] {processor.py:830} INFO - Processing file /opt/airflow/dags/load_ergast_data.py for tasks to queue
[2026-08-11T13:16:15.985+0000] {logging_mixin.py:188} INFO - [2026-08-11T13:16:15.984+0000] {dagbag.py:545} INFO - Filling up the DagBag from /opt/airflow/dags/load_ergast_data.py
[2026-08-11T13:16:28.681+0000] {processor.py:840} INFO - DAG(s) 'load_ergast_data' retrieved from /opt/airflow/dags/load_ergast_data.py
[2026-08-11T13:16:28.927+0000] {logging_mixin.py:188} INFO - [2026-08-11T13:16:28.925+0000] {dag.py:3096} INFO - Sync 1 DAGs
[2026-08-11T13:16:29.033+0000] {logging_mixin.py:188} INFO - [2026-08-11T13:16:29.033+0000] {dag.py:3954} INFO - Setting next_dagrun for load_ergast_data to None, run_after=None
[2026-08-11T13:16:29.262+0000] {processor.py:183} INFO - Processing /opt/airflow/dags/load_ergast_data.py took 13.485 seconds
[2026-08-11T13:17:00.721+0000] {processor.py:161} INFO - Started process (PID=3860) to work on /opt/airflow/dags/load_ergast_data.py
[2026-08-11T13:17:00.724+0000] {processor.py:830} INFO - Processing file /opt/airflow/dags/load_ergast_data.py for tasks to queue
[2026-08-11T13:17:00.733+0000] {logging_mixin.py:188} INFO - [2026-08-11T13:17:00.729+0000] {dagbag.py:545} INFO - Filling up the DagBag from /opt/airflow/dags/load_ergast_data.py
[2026-08-11T13:17:13.527+0000] {processor.py:840} INFO - DAG(s) 'load_ergast_data' retrieved from /opt/airflow/dags/load_ergast_data.py
[2026-08-11T13:17:13.580+0000] {logging_mixin.py:188} INFO - [2026-08-11T13:17:13.579+0000] {dag.py:3096} INFO - Sync 1 DAGs
[2026-08-11T13:17:13.619+0000] {logging_mixin.py:188} INFO - [2026-08-11T13:17:13.619+0000] {dag.py:3954} INFO - Setting next_dagrun for load_ergast_data to None, run_after=None
[2026-08-11T13:17:13.673+0000] {processor.py:183} INFO - Processing /opt/airflow/dags/load_ergast_data.py took 13.126 seconds
[2026-08-11T13:17:44.629+0000] {processor.py:161} INFO - Started process (PID=3886) to work on /opt/airflow/dags/load_ergast_data.py
[2026-08-11T13:17:44.631+0000] {processor.py:830} INFO - Processing file /opt/airflow/dags/load_ergast_data.py for tasks to queue
[2026-08-11T13:17:44.632+0000] {logging_mixin.py:188} INFO - [2026-08-11T13:17:44.632+0000] {dagbag.py:545} INFO - Filling up the DagBag from /opt/airflow/dags/load_ergast_data.py
[2026-08-11T13:17:50.139+0000] {processor.py:840} INFO - DAG(s) 'load_ergast_data' retrieved from /opt/airflow/dags/load_ergast_data.py
[2026-08-11T13:17:50.299+0000] {logging_mixin.py:188} INFO - [2026-08-11T13:17:50.298+0000] {dag.py:3096} INFO - Sync 1 DAGs
[2026-08-11T13:17:50.442+0000] {logging_mixin.py:188} INFO - [2026-08-11T13:17:50.442+0000] {dag.py:3954} INFO - Setting next_dagrun for load_ergast_data to None, run_after=None
[2026-08-11T13:17:50.755+0000] {processor.py:183} INFO - Processing /opt/airflow/dags/load_ergast_data.py took 3.706 seconds
[2026-08-11T13:50:15.421+0000] {processor.py:161} INFO - Started process (PID=3898) to work on /opt/airflow/dags/load_ergast_data.py
[2026-08-11T13:50:15.442+0000] {processor.py:830} INFO - Processing file /opt/airflow/dags/load_ergast_data.py for tasks to queue
[2026-08-11T13:50:15.503+0000] {logging_mixin.py:188} INFO - [2026-08-11T13:50:15.479+0000] {dagbag.py:545} INFO - Filling up the DagBag from /opt/airflow/dags/load_ergast_data.py
[2026-08-11T13:50:56.289+0000] {logging_mixin.py:188} INFO - [2026-08-11T13:50:56.272+0000] {timeout.py:68} ERROR - Process timed out, PID: 3898
[2026-08-11T13:50:56.294+0000] {logging_mixin.py:188} WARNING - Exception ignored in: <function WeakKeyDictionary.__init__.<locals>.remove at 0x7bc3cf558ae0>
[2026-08-11T13:50:56.297+0000] {logging_mixin.py:188} WARNING - Traceback (most recent call last):
[2026-08-11T13:50:56.300+0000] {logging_mixin.py:188} WARNING -   File "/usr/local/lib/python3.12/weakref.py", line 369, in remove
[2026-08-11T13:50:56.336+0000] {logging_mixin.py:188} WARNING -     def remove(k, selfref=ref(self)):
[2026-08-11T13:50:56.340+0000] {logging_mixin.py:188} WARNING -   File "/home/airflow/.local/lib/python3.12/site-packages/airflow/utils/timeout.py", line 69, in handle_timeout
[2026-08-11T13:50:56.355+0000] {logging_mixin.py:188} WARNING -     raise AirflowTaskTimeout(self.error_message)
[2026-08-11T13:50:56.390+0000] {logging_mixin.py:188} WARNING - airflow.exceptions.AirflowTaskTimeout: DagBag import timeout for /opt/airflow/dags/load_ergast_data.py after 30.0s.
Please take a look at these docs to improve your DAG import time:
* https://airflow.apache.org/docs/apache-airflow/2.9.1/best-practices.html#top-level-python-code
* https://airflow.apache.org/docs/apache-airflow/2.9.1/best-practices.html#reducing-dag-complexity, PID: 3898
[2026-08-11T13:50:57.428+0000] {processor.py:840} INFO - DAG(s) 'load_ergast_data' retrieved from /opt/airflow/dags/load_ergast_data.py
[2026-08-11T13:50:57.956+0000] {logging_mixin.py:188} INFO - [2026-08-11T13:50:57.951+0000] {dag.py:3096} INFO - Sync 1 DAGs
[2026-08-11T13:50:58.382+0000] {logging_mixin.py:188} INFO - [2026-08-11T13:50:58.382+0000] {dag.py:3954} INFO - Setting next_dagrun for load_ergast_data to None, run_after=None
[2026-08-11T13:50:58.961+0000] {processor.py:183} INFO - Processing /opt/airflow/dags/load_ergast_data.py took 41.975 seconds
[2026-08-11T13:51:30.178+0000] {processor.py:161} INFO - Started process (PID=3917) to work on /opt/airflow/dags/load_ergast_data.py
[2026-08-11T13:51:30.195+0000] {processor.py:830} INFO - Processing file /opt/airflow/dags/load_ergast_data.py for tasks to queue
[2026-08-11T13:51:30.206+0000] {logging_mixin.py:188} INFO - [2026-08-11T13:51:30.201+0000] {dagbag.py:545} INFO - Filling up the DagBag from /opt/airflow/dags/load_ergast_data.py
[2026-08-11T13:51:39.918+0000] {processor.py:840} INFO - DAG(s) 'load_ergast_data' retrieved from /opt/airflow/dags/load_ergast_data.py
[2026-08-11T13:51:40.007+0000] {logging_mixin.py:188} INFO - [2026-08-11T13:51:40.005+0000] {dag.py:3096} INFO - Sync 1 DAGs
[2026-08-11T13:51:40.048+0000] {logging_mixin.py:188} INFO - [2026-08-11T13:51:40.048+0000] {dag.py:3954} INFO - Setting next_dagrun for load_ergast_data to None, run_after=None
[2026-08-11T13:51:40.104+0000] {processor.py:183} INFO - Processing /opt/airflow/dags/load_ergast_data.py took 10.001 seconds
[2026-08-11T13:52:11.269+0000] {processor.py:161} INFO - Started process (PID=3940) to work on /opt/airflow/dags/load_ergast_data.py
[2026-08-11T13:52:11.275+0000] {processor.py:830} INFO - Processing file /opt/airflow/dags/load_ergast_data.py for tasks to queue
[2026-08-11T13:52:11.280+0000] {logging_mixin.py:188} INFO - [2026-08-11T13:52:11.278+0000] {dagbag.py:545} INFO - Filling up the DagBag from /opt/airflow/dags/load_ergast_data.py
[2026-08-11T13:52:32.067+0000] {processor.py:840} INFO - DAG(s) 'load_ergast_data' retrieved from /opt/airflow/dags/load_ergast_data.py
[2026-08-11T13:52:38.354+0000] {logging_mixin.py:188} INFO - [2026-08-11T13:52:37.639+0000] {dag.py:3096} INFO - Sync 1 DAGs
[2026-08-11T13:52:40.184+0000] {logging_mixin.py:188} INFO - [2026-08-11T13:52:40.184+0000] {dag.py:3954} INFO - Setting next_dagrun for load_ergast_data to None, run_after=None
[2026-08-11T13:52:42.262+0000] {processor.py:183} INFO - Processing /opt/airflow/dags/load_ergast_data.py took 28.924 seconds
[2026-08-11T13:53:25.361+0000] {processor.py:161} INFO - Started process (PID=3956) to work on /opt/airflow/dags/load_ergast_data.py
[2026-08-11T13:53:26.925+0000] {processor.py:830} INFO - Processing file /opt/airflow/dags/load_ergast_data.py for tasks to queue
[2026-08-11T13:53:26.937+0000] {logging_mixin.py:188} INFO - [2026-08-11T13:53:26.932+0000] {dagbag.py:545} INFO - Filling up the DagBag from /opt/airflow/dags/load_ergast_data.py
[2026-08-11T13:53:32.968+0000] {processor.py:840} INFO - DAG(s) 'load_ergast_data' retrieved from /opt/airflow/dags/load_ergast_data.py
[2026-08-11T13:53:33.042+0000] {logging_mixin.py:188} INFO - [2026-08-11T13:53:33.039+0000] {dag.py:3096} INFO - Sync 1 DAGs
[2026-08-11T13:53:33.074+0000] {logging_mixin.py:188} INFO - [2026-08-11T13:53:33.074+0000] {dag.py:3954} INFO - Setting next_dagrun for load_ergast_data to None, run_after=None
[2026-08-11T13:53:33.153+0000] {processor.py:183} INFO - Processing /opt/airflow/dags/load_ergast_data.py took 6.334 seconds
[2026-08-11T13:54:03.271+0000] {processor.py:161} INFO - Started process (PID=3982) to work on /opt/airflow/dags/load_ergast_data.py
[2026-08-11T13:54:03.273+0000] {processor.py:830} INFO - Processing file /opt/airflow/dags/load_ergast_data.py for tasks to queue
[2026-08-11T13:54:03.276+0000] {logging_mixin.py:188} INFO - [2026-08-11T13:54:03.275+0000] {dagbag.py:545} INFO - Filling up the DagBag from /opt/airflow/dags/load_ergast_data.py
[2026-08-11T13:54:08.524+0000] {processor.py:840} INFO - DAG(s) 'load_ergast_data' retrieved from /opt/airflow/dags/load_ergast_data.py
[2026-08-11T13:54:08.567+0000] {logging_mixin.py:188} INFO - [2026-08-11T13:54:08.565+0000] {dag.py:3096} INFO - Sync 1 DAGs
[2026-08-11T13:54:08.586+0000] {logging_mixin.py:188} INFO - [2026-08-11T13:54:08.586+0000] {dag.py:3954} INFO - Setting next_dagrun for load_ergast_data to None, run_after=None
[2026-08-11T13:54:08.624+0000] {processor.py:183} INFO - Processing /opt/airflow/dags/load_ergast_data.py took 5.364 seconds
[2026-08-11T13:54:39.471+0000] {processor.py:161} INFO - Started process (PID=3998) to work on /opt/airflow/dags/load_ergast_data.py
[2026-08-11T13:54:39.473+0000] {processor.py:830} INFO - Processing file /opt/airflow/dags/load_ergast_data.py for tasks to queue
[2026-08-11T13:54:39.476+0000] {logging_mixin.py:188} INFO - [2026-08-11T13:54:39.475+0000] {dagbag.py:545} INFO - Filling up the DagBag from /opt/airflow/dags/load_ergast_data.py
[2026-08-11T13:54:44.639+0000] {processor.py:840} INFO - DAG(s) 'load_ergast_data' retrieved from /opt/airflow/dags/load_ergast_data.py
[2026-08-11T13:54:44.809+0000] {logging_mixin.py:188} INFO - [2026-08-11T13:54:44.809+0000] {dag.py:3096} INFO - Sync 1 DAGs
[2026-08-11T13:54:44.848+0000] {logging_mixin.py:188} INFO - [2026-08-11T13:54:44.848+0000] {dag.py:3954} INFO - Setting next_dagrun for load_ergast_data to None, run_after=None
[2026-08-11T13:54:44.924+0000] {processor.py:183} INFO - Processing /opt/airflow/dags/load_ergast_data.py took 5.462 seconds
[2026-08-11T13:55:15.851+0000] {processor.py:161} INFO - Started process (PID=4014) to work on /opt/airflow/dags/load_ergast_data.py
[2026-08-11T13:55:15.853+0000] {processor.py:830} INFO - Processing file /opt/airflow/dags/load_ergast_data.py for tasks to queue
[2026-08-11T13:55:15.855+0000] {logging_mixin.py:188} INFO - [2026-08-11T13:55:15.855+0000] {dagbag.py:545} INFO - Filling up the DagBag from /opt/airflow/dags/load_ergast_data.py
[2026-08-11T13:55:16.896+0000] {processor.py:840} INFO - DAG(s) 'load_ergast_data' retrieved from /opt/airflow/dags/load_ergast_data.py
[2026-08-11T13:55:16.928+0000] {logging_mixin.py:188} INFO - [2026-08-11T13:55:16.928+0000] {dag.py:3096} INFO - Sync 1 DAGs
[2026-08-11T13:55:16.943+0000] {logging_mixin.py:188} INFO - [2026-08-11T13:55:16.943+0000] {dag.py:3954} INFO - Setting next_dagrun for load_ergast_data to None, run_after=None
[2026-08-11T13:55:16.963+0000] {processor.py:183} INFO - Processing /opt/airflow/dags/load_ergast_data.py took 1.117 seconds
[2026-08-11T13:55:47.596+0000] {processor.py:161} INFO - Started process (PID=4030) to work on /opt/airflow/dags/load_ergast_data.py
[2026-08-11T13:55:47.601+0000] {processor.py:830} INFO - Processing file /opt/airflow/dags/load_ergast_data.py for tasks to queue
[2026-08-11T13:55:47.605+0000] {logging_mixin.py:188} INFO - [2026-08-11T13:55:47.603+0000] {dagbag.py:545} INFO - Filling up the DagBag from /opt/airflow/dags/load_ergast_data.py
[2026-08-11T13:55:56.710+0000] {processor.py:840} INFO - DAG(s) 'load_ergast_data' retrieved from /opt/airflow/dags/load_ergast_data.py
[2026-08-11T13:55:56.803+0000] {logging_mixin.py:188} INFO - [2026-08-11T13:55:56.802+0000] {dag.py:3096} INFO - Sync 1 DAGs
[2026-08-11T13:55:56.892+0000] {logging_mixin.py:188} INFO - [2026-08-11T13:55:56.891+0000] {dag.py:3954} INFO - Setting next_dagrun for load_ergast_data to None, run_after=None
[2026-08-11T13:55:57.009+0000] {processor.py:183} INFO - Processing /opt/airflow/dags/load_ergast_data.py took 9.430 seconds
[2026-08-11T13:56:27.956+0000] {processor.py:161} INFO - Started process (PID=4046) to work on /opt/airflow/dags/load_ergast_data.py
[2026-08-11T13:56:27.959+0000] {processor.py:830} INFO - Processing file /opt/airflow/dags/load_ergast_data.py for tasks to queue
[2026-08-11T13:56:27.961+0000] {logging_mixin.py:188} INFO - [2026-08-11T13:56:27.961+0000] {dagbag.py:545} INFO - Filling up the DagBag from /opt/airflow/dags/load_ergast_data.py
[2026-08-11T13:56:37.410+0000] {processor.py:840} INFO - DAG(s) 'load_ergast_data' retrieved from /opt/airflow/dags/load_ergast_data.py
[2026-08-11T13:56:37.687+0000] {logging_mixin.py:188} INFO - [2026-08-11T13:56:37.683+0000] {dag.py:3096} INFO - Sync 1 DAGs
[2026-08-11T13:56:37.794+0000] {logging_mixin.py:188} INFO - [2026-08-11T13:56:37.794+0000] {dag.py:3954} INFO - Setting next_dagrun for load_ergast_data to None, run_after=None
[2026-08-11T13:56:37.927+0000] {processor.py:183} INFO - Processing /opt/airflow/dags/load_ergast_data.py took 9.978 seconds
[2026-08-11T16:49:26.015+0000] {processor.py:161} INFO - Started process (PID=4063) to work on /opt/airflow/dags/load_ergast_data.py
[2026-08-11T16:49:26.080+0000] {processor.py:830} INFO - Processing file /opt/airflow/dags/load_ergast_data.py for tasks to queue
[2026-08-11T16:49:26.117+0000] {logging_mixin.py:188} INFO - [2026-08-11T16:49:26.099+0000] {dagbag.py:545} INFO - Filling up the DagBag from /opt/airflow/dags/load_ergast_data.py
[2026-08-11T16:49:42.638+0000] {processor.py:840} INFO - DAG(s) 'load_ergast_data' retrieved from /opt/airflow/dags/load_ergast_data.py
[2026-08-11T16:49:42.713+0000] {logging_mixin.py:188} INFO - [2026-08-11T16:49:42.711+0000] {dag.py:3096} INFO - Sync 1 DAGs
[2026-08-11T16:49:42.753+0000] {logging_mixin.py:188} INFO - [2026-08-11T16:49:42.753+0000] {dag.py:3954} INFO - Setting next_dagrun for load_ergast_data to None, run_after=None
[2026-08-11T16:49:42.788+0000] {processor.py:183} INFO - Processing /opt/airflow/dags/load_ergast_data.py took 17.684 seconds
[2026-08-11T16:50:13.139+0000] {processor.py:161} INFO - Started process (PID=4088) to work on /opt/airflow/dags/load_ergast_data.py
[2026-08-11T16:50:13.143+0000] {processor.py:830} INFO - Processing file /opt/airflow/dags/load_ergast_data.py for tasks to queue
[2026-08-11T16:50:13.153+0000] {logging_mixin.py:188} INFO - [2026-08-11T16:50:13.151+0000] {dagbag.py:545} INFO - Filling up the DagBag from /opt/airflow/dags/load_ergast_data.py
[2026-08-11T16:50:17.991+0000] {processor.py:840} INFO - DAG(s) 'load_ergast_data' retrieved from /opt/airflow/dags/load_ergast_data.py
[2026-08-11T16:50:18.041+0000] {logging_mixin.py:188} INFO - [2026-08-11T16:50:18.041+0000] {dag.py:3096} INFO - Sync 1 DAGs
[2026-08-11T16:50:18.074+0000] {logging_mixin.py:188} INFO - [2026-08-11T16:50:18.073+0000] {dag.py:3954} INFO - Setting next_dagrun for load_ergast_data to None, run_after=None
[2026-08-11T16:50:18.105+0000] {processor.py:183} INFO - Processing /opt/airflow/dags/load_ergast_data.py took 4.993 seconds
[2026-08-11T16:50:48.618+0000] {processor.py:161} INFO - Started process (PID=4104) to work on /opt/airflow/dags/load_ergast_data.py
[2026-08-11T16:50:48.620+0000] {processor.py:830} INFO - Processing file /opt/airflow/dags/load_ergast_data.py for tasks to queue
[2026-08-11T16:50:48.622+0000] {logging_mixin.py:188} INFO - [2026-08-11T16:50:48.622+0000] {dagbag.py:545} INFO - Filling up the DagBag from /opt/airflow/dags/load_ergast_data.py
[2026-08-11T16:50:50.647+0000] {processor.py:840} INFO - DAG(s) 'load_ergast_data' retrieved from /opt/airflow/dags/load_ergast_data.py
[2026-08-11T16:50:50.705+0000] {logging_mixin.py:188} INFO - [2026-08-11T16:50:50.704+0000] {dag.py:3096} INFO - Sync 1 DAGs
[2026-08-11T16:50:50.736+0000] {logging_mixin.py:188} INFO - [2026-08-11T16:50:50.735+0000] {dag.py:3954} INFO - Setting next_dagrun for load_ergast_data to None, run_after=None
[2026-08-11T16:50:50.768+0000] {processor.py:183} INFO - Processing /opt/airflow/dags/load_ergast_data.py took 2.159 seconds
[2026-08-11T16:51:21.784+0000] {processor.py:161} INFO - Started process (PID=4120) to work on /opt/airflow/dags/load_ergast_data.py
[2026-08-11T16:51:21.790+0000] {processor.py:830} INFO - Processing file /opt/airflow/dags/load_ergast_data.py for tasks to queue
[2026-08-11T16:51:21.794+0000] {logging_mixin.py:188} INFO - [2026-08-11T16:51:21.793+0000] {dagbag.py:545} INFO - Filling up the DagBag from /opt/airflow/dags/load_ergast_data.py
[2026-08-11T16:51:24.700+0000] {processor.py:840} INFO - DAG(s) 'load_ergast_data' retrieved from /opt/airflow/dags/load_ergast_data.py
[2026-08-11T16:51:24.781+0000] {logging_mixin.py:188} INFO - [2026-08-11T16:51:24.780+0000] {dag.py:3096} INFO - Sync 1 DAGs
[2026-08-11T16:51:24.825+0000] {logging_mixin.py:188} INFO - [2026-08-11T16:51:24.824+0000] {dag.py:3954} INFO - Setting next_dagrun for load_ergast_data to None, run_after=None
[2026-08-11T16:51:24.874+0000] {processor.py:183} INFO - Processing /opt/airflow/dags/load_ergast_data.py took 3.130 seconds
