[2026-08-09T13:24:30.783+0000] {processor.py:161} INFO - Started process (PID=221) to work on /opt/airflow/dags/lap_time_analysis.py
[2026-08-09T13:24:30.808+0000] {processor.py:830} INFO - Processing file /opt/airflow/dags/lap_time_analysis.py for tasks to queue
[2026-08-09T13:24:30.848+0000] {logging_mixin.py:188} INFO - [2026-08-09T13:24:30.844+0000] {dagbag.py:545} INFO - Filling up the DagBag from /opt/airflow/dags/lap_time_analysis.py
[2026-08-09T13:24:31.901+0000] {processor.py:840} INFO - DAG(s) 'lap_time_analysis' retrieved from /opt/airflow/dags/lap_time_analysis.py
[2026-08-09T13:24:32.093+0000] {logging_mixin.py:188} INFO - [2026-08-09T13:24:32.093+0000] {dag.py:3096} INFO - Sync 1 DAGs
[2026-08-09T13:24:32.302+0000] {logging_mixin.py:188} INFO - [2026-08-09T13:24:32.301+0000] {dag.py:3954} INFO - Setting next_dagrun for lap_time_analysis to None, run_after=None
[2026-08-09T13:24:32.398+0000] {processor.py:183} INFO - Processing /opt/airflow/dags/lap_time_analysis.py took 1.801 seconds
[2026-08-09T13:25:02.676+0000] {processor.py:161} INFO - Started process (PID=240) to work on /opt/airflow/dags/lap_time_analysis.py
[2026-08-09T13:25:02.687+0000] {processor.py:830} INFO - Processing file /opt/airflow/dags/lap_time_analysis.py for tasks to queue
[2026-08-09T13:25:02.706+0000] {logging_mixin.py:188} INFO - [2026-08-09T13:25:02.703+0000] {dagbag.py:545} INFO - Filling up the DagBag from /opt/airflow/dags/lap_time_analysis.py
[2026-08-09T13:25:03.518+0000] {processor.py:840} INFO - DAG(s) 'lap_time_analysis' retrieved from /opt/airflow/dags/lap_time_analysis.py
[2026-08-09T13:25:04.267+0000] {logging_mixin.py:188} INFO - [2026-08-09T13:25:04.267+0000] {dag.py:3096} INFO - Sync 1 DAGs
[2026-08-09T13:25:04.312+0000] {logging_mixin.py:188} INFO - [2026-08-09T13:25:04.312+0000] {dag.py:3954} INFO - Setting next_dagrun for lap_time_analysis to None, run_after=None
[2026-08-09T13:25:04.358+0000] {processor.py:183} INFO - Processing /opt/airflow/dags/lap_time_analysis.py took 1.738 seconds
[2026-08-09T13:25:35.778+0000] {processor.py:161} INFO - Started process (PID=251) to work on /opt/airflow/dags/lap_time_analysis.py
[2026-08-09T13:25:35.790+0000] {processor.py:830} INFO - Processing file /opt/airflow/dags/lap_time_analysis.py for tasks to queue
[2026-08-09T13:25:35.820+0000] {logging_mixin.py:188} INFO - [2026-08-09T13:25:35.816+0000] {dagbag.py:545} INFO - Filling up the DagBag from /opt/airflow/dags/lap_time_analysis.py
[2026-08-09T13:25:36.467+0000] {processor.py:840} INFO - DAG(s) 'lap_time_analysis' retrieved from /opt/airflow/dags/lap_time_analysis.py
[2026-08-09T13:25:36.542+0000] {logging_mixin.py:188} INFO - [2026-08-09T13:25:36.542+0000] {dag.py:3096} INFO - Sync 1 DAGs
[2026-08-09T13:25:36.574+0000] {logging_mixin.py:188} INFO - [2026-08-09T13:25:36.574+0000] {dag.py:3954} INFO - Setting next_dagrun for lap_time_analysis to None, run_after=None
[2026-08-09T13:25:36.627+0000] {processor.py:183} INFO - Processing /opt/airflow/dags/lap_time_analysis.py took 0.885 seconds
[2026-08-09T13:26:08.010+0000] {processor.py:161} INFO - Started process (PID=262) to work on /opt/airflow/dags/lap_time_analysis.py
[2026-08-09T13:26:08.013+0000] {processor.py:830} INFO - Processing file /opt/airflow/dags/lap_time_analysis.py for tasks to queue
[2026-08-09T13:26:08.030+0000] {logging_mixin.py:188} INFO - [2026-08-09T13:26:08.027+0000] {dagbag.py:545} INFO - Filling up the DagBag from /opt/airflow/dags/lap_time_analysis.py
[2026-08-09T13:26:08.262+0000] {processor.py:840} INFO - DAG(s) 'lap_time_analysis' retrieved from /opt/airflow/dags/lap_time_analysis.py
[2026-08-09T13:26:08.317+0000] {logging_mixin.py:188} INFO - [2026-08-09T13:26:08.316+0000] {dag.py:3096} INFO - Sync 1 DAGs
[2026-08-09T13:26:08.360+0000] {logging_mixin.py:188} INFO - [2026-08-09T13:26:08.360+0000] {dag.py:3954} INFO - Setting next_dagrun for lap_time_analysis to None, run_after=None
[2026-08-09T13:26:08.391+0000] {processor.py:183} INFO - Processing /opt/airflow/dags/lap_time_analysis.py took 0.390 seconds
[2026-08-09T13:26:38.592+0000] {processor.py:161} INFO - Started process (PID=273) to work on /opt/airflow/dags/lap_time_analysis.py
[2026-08-09T13:26:38.596+0000] {processor.py:830} INFO - Processing file /opt/airflow/dags/lap_time_analysis.py for tasks to queue
[2026-08-09T13:26:38.609+0000] {logging_mixin.py:188} INFO - [2026-08-09T13:26:38.607+0000] {dagbag.py:545} INFO - Filling up the DagBag from /opt/airflow/dags/lap_time_analysis.py
[2026-08-09T13:26:40.894+0000] {processor.py:840} INFO - DAG(s) 'lap_time_analysis' retrieved from /opt/airflow/dags/lap_time_analysis.py
[2026-08-09T13:26:40.971+0000] {logging_mixin.py:188} INFO - [2026-08-09T13:26:40.971+0000] {dag.py:3096} INFO - Sync 1 DAGs
[2026-08-09T13:26:41.007+0000] {logging_mixin.py:188} INFO - [2026-08-09T13:26:41.007+0000] {dag.py:3954} INFO - Setting next_dagrun for lap_time_analysis to None, run_after=None
[2026-08-09T13:26:41.048+0000] {processor.py:183} INFO - Processing /opt/airflow/dags/lap_time_analysis.py took 0.501 seconds
[2026-08-09T13:27:14.013+0000] {processor.py:161} INFO - Started process (PID=284) to work on /opt/airflow/dags/lap_time_analysis.py
[2026-08-09T13:27:14.016+0000] {processor.py:830} INFO - Processing file /opt/airflow/dags/lap_time_analysis.py for tasks to queue
[2026-08-09T13:27:14.023+0000] {logging_mixin.py:188} INFO - [2026-08-09T13:27:14.022+0000] {dagbag.py:545} INFO - Filling up the DagBag from /opt/airflow/dags/lap_time_analysis.py
[2026-08-09T13:27:14.263+0000] {processor.py:840} INFO - DAG(s) 'lap_time_analysis' retrieved from /opt/airflow/dags/lap_time_analysis.py
[2026-08-09T13:27:14.332+0000] {logging_mixin.py:188} INFO - [2026-08-09T13:27:14.332+0000] {dag.py:3096} INFO - Sync 1 DAGs
[2026-08-09T13:27:14.367+0000] {logging_mixin.py:188} INFO - [2026-08-09T13:27:14.367+0000] {dag.py:3954} INFO - Setting next_dagrun for lap_time_analysis to None, run_after=None
[2026-08-09T13:27:14.416+0000] {processor.py:183} INFO - Processing /opt/airflow/dags/lap_time_analysis.py took 0.418 seconds
[2026-08-09T13:27:50.729+0000] {processor.py:161} INFO - Started process (PID=295) to work on /opt/airflow/dags/lap_time_analysis.py
[2026-08-09T13:27:50.865+0000] {processor.py:830} INFO - Processing file /opt/airflow/dags/lap_time_analysis.py for tasks to queue
[2026-08-09T13:27:51.293+0000] {logging_mixin.py:188} INFO - [2026-08-09T13:27:51.256+0000] {dagbag.py:545} INFO - Filling up the DagBag from /opt/airflow/dags/lap_time_analysis.py
[2026-08-09T13:28:04.983+0000] {processor.py:840} INFO - DAG(s) 'lap_time_analysis' retrieved from /opt/airflow/dags/lap_time_analysis.py
[2026-08-09T13:28:05.201+0000] {logging_mixin.py:188} INFO - [2026-08-09T13:28:05.200+0000] {dag.py:3096} INFO - Sync 1 DAGs
[2026-08-09T13:28:05.320+0000] {logging_mixin.py:188} INFO - [2026-08-09T13:28:05.320+0000] {dag.py:3954} INFO - Setting next_dagrun for lap_time_analysis to None, run_after=None
[2026-08-09T13:28:05.412+0000] {processor.py:183} INFO - Processing /opt/airflow/dags/lap_time_analysis.py took 15.686 seconds
[2026-08-09T13:28:36.410+0000] {processor.py:161} INFO - Started process (PID=306) to work on /opt/airflow/dags/lap_time_analysis.py
[2026-08-09T13:28:36.413+0000] {processor.py:830} INFO - Processing file /opt/airflow/dags/lap_time_analysis.py for tasks to queue
[2026-08-09T13:28:36.418+0000] {logging_mixin.py:188} INFO - [2026-08-09T13:28:36.417+0000] {dagbag.py:545} INFO - Filling up the DagBag from /opt/airflow/dags/lap_time_analysis.py
[2026-08-09T13:28:36.674+0000] {processor.py:840} INFO - DAG(s) 'lap_time_analysis' retrieved from /opt/airflow/dags/lap_time_analysis.py
[2026-08-09T13:28:36.726+0000] {logging_mixin.py:188} INFO - [2026-08-09T13:28:36.726+0000] {dag.py:3096} INFO - Sync 1 DAGs
[2026-08-09T13:28:36.744+0000] {logging_mixin.py:188} INFO - [2026-08-09T13:28:36.744+0000] {dag.py:3954} INFO - Setting next_dagrun for lap_time_analysis to None, run_after=None
[2026-08-09T13:28:36.778+0000] {processor.py:183} INFO - Processing /opt/airflow/dags/lap_time_analysis.py took 0.377 seconds
[2026-08-09T13:29:07.663+0000] {processor.py:161} INFO - Started process (PID=317) to work on /opt/airflow/dags/lap_time_analysis.py
[2026-08-09T13:29:07.665+0000] {processor.py:830} INFO - Processing file /opt/airflow/dags/lap_time_analysis.py for tasks to queue
[2026-08-09T13:29:07.668+0000] {logging_mixin.py:188} INFO - [2026-08-09T13:29:07.668+0000] {dagbag.py:545} INFO - Filling up the DagBag from /opt/airflow/dags/lap_time_analysis.py
[2026-08-09T13:29:07.814+0000] {processor.py:840} INFO - DAG(s) 'lap_time_analysis' retrieved from /opt/airflow/dags/lap_time_analysis.py
[2026-08-09T13:29:07.846+0000] {logging_mixin.py:188} INFO - [2026-08-09T13:29:07.846+0000] {dag.py:3096} INFO - Sync 1 DAGs
[2026-08-09T13:29:07.864+0000] {logging_mixin.py:188} INFO - [2026-08-09T13:29:07.864+0000] {dag.py:3954} INFO - Setting next_dagrun for lap_time_analysis to None, run_after=None
[2026-08-09T13:29:07.896+0000] {processor.py:183} INFO - Processing /opt/airflow/dags/lap_time_analysis.py took 0.242 seconds
[2026-08-09T13:29:38.178+0000] {processor.py:161} INFO - Started process (PID=328) to work on /opt/airflow/dags/lap_time_analysis.py
[2026-08-09T13:29:38.182+0000] {processor.py:830} INFO - Processing file /opt/airflow/dags/lap_time_analysis.py for tasks to queue
[2026-08-09T13:29:38.186+0000] {logging_mixin.py:188} INFO - [2026-08-09T13:29:38.186+0000] {dagbag.py:545} INFO - Filling up the DagBag from /opt/airflow/dags/lap_time_analysis.py
[2026-08-09T13:29:38.394+0000] {processor.py:840} INFO - DAG(s) 'lap_time_analysis' retrieved from /opt/airflow/dags/lap_time_analysis.py
[2026-08-09T13:29:38.441+0000] {logging_mixin.py:188} INFO - [2026-08-09T13:29:38.441+0000] {dag.py:3096} INFO - Sync 1 DAGs
[2026-08-09T13:29:38.470+0000] {logging_mixin.py:188} INFO - [2026-08-09T13:29:38.469+0000] {dag.py:3954} INFO - Setting next_dagrun for lap_time_analysis to None, run_after=None
[2026-08-09T13:29:38.510+0000] {processor.py:183} INFO - Processing /opt/airflow/dags/lap_time_analysis.py took 0.341 seconds
[2026-08-09T13:30:08.758+0000] {processor.py:161} INFO - Started process (PID=339) to work on /opt/airflow/dags/lap_time_analysis.py
[2026-08-09T13:30:08.761+0000] {processor.py:830} INFO - Processing file /opt/airflow/dags/lap_time_analysis.py for tasks to queue
[2026-08-09T13:30:08.764+0000] {logging_mixin.py:188} INFO - [2026-08-09T13:30:08.764+0000] {dagbag.py:545} INFO - Filling up the DagBag from /opt/airflow/dags/lap_time_analysis.py
[2026-08-09T13:30:08.894+0000] {processor.py:840} INFO - DAG(s) 'lap_time_analysis' retrieved from /opt/airflow/dags/lap_time_analysis.py
[2026-08-09T13:30:08.931+0000] {logging_mixin.py:188} INFO - [2026-08-09T13:30:08.931+0000] {dag.py:3096} INFO - Sync 1 DAGs
[2026-08-09T13:30:08.949+0000] {logging_mixin.py:188} INFO - [2026-08-09T13:30:08.949+0000] {dag.py:3954} INFO - Setting next_dagrun for lap_time_analysis to None, run_after=None
[2026-08-09T13:30:08.978+0000] {processor.py:183} INFO - Processing /opt/airflow/dags/lap_time_analysis.py took 0.228 seconds
[2026-08-09T13:30:39.118+0000] {processor.py:161} INFO - Started process (PID=350) to work on /opt/airflow/dags/lap_time_analysis.py
[2026-08-09T13:30:39.121+0000] {processor.py:830} INFO - Processing file /opt/airflow/dags/lap_time_analysis.py for tasks to queue
[2026-08-09T13:30:39.125+0000] {logging_mixin.py:188} INFO - [2026-08-09T13:30:39.124+0000] {dagbag.py:545} INFO - Filling up the DagBag from /opt/airflow/dags/lap_time_analysis.py
[2026-08-09T13:30:39.254+0000] {processor.py:840} INFO - DAG(s) 'lap_time_analysis' retrieved from /opt/airflow/dags/lap_time_analysis.py
[2026-08-09T13:30:39.289+0000] {logging_mixin.py:188} INFO - [2026-08-09T13:30:39.289+0000] {dag.py:3096} INFO - Sync 1 DAGs
[2026-08-09T13:30:39.306+0000] {logging_mixin.py:188} INFO - [2026-08-09T13:30:39.306+0000] {dag.py:3954} INFO - Setting next_dagrun for lap_time_analysis to None, run_after=None
[2026-08-09T13:30:39.335+0000] {processor.py:183} INFO - Processing /opt/airflow/dags/lap_time_analysis.py took 0.226 seconds
[2026-08-09T13:31:09.630+0000] {processor.py:161} INFO - Started process (PID=361) to work on /opt/airflow/dags/lap_time_analysis.py
[2026-08-09T13:31:09.633+0000] {processor.py:830} INFO - Processing file /opt/airflow/dags/lap_time_analysis.py for tasks to queue
[2026-08-09T13:31:09.637+0000] {logging_mixin.py:188} INFO - [2026-08-09T13:31:09.637+0000] {dagbag.py:545} INFO - Filling up the DagBag from /opt/airflow/dags/lap_time_analysis.py
[2026-08-09T13:31:09.867+0000] {processor.py:840} INFO - DAG(s) 'lap_time_analysis' retrieved from /opt/airflow/dags/lap_time_analysis.py
[2026-08-09T13:31:09.920+0000] {logging_mixin.py:188} INFO - [2026-08-09T13:31:09.920+0000] {dag.py:3096} INFO - Sync 1 DAGs
[2026-08-09T13:31:09.943+0000] {logging_mixin.py:188} INFO - [2026-08-09T13:31:09.943+0000] {dag.py:3954} INFO - Setting next_dagrun for lap_time_analysis to None, run_after=None
[2026-08-09T13:31:09.975+0000] {processor.py:183} INFO - Processing /opt/airflow/dags/lap_time_analysis.py took 0.358 seconds
[2026-08-09T13:31:53.770+0000] {processor.py:161} INFO - Started process (PID=372) to work on /opt/airflow/dags/lap_time_analysis.py
[2026-08-09T13:31:53.785+0000] {processor.py:830} INFO - Processing file /opt/airflow/dags/lap_time_analysis.py for tasks to queue
[2026-08-09T13:31:53.918+0000] {logging_mixin.py:188} INFO - [2026-08-09T13:31:53.899+0000] {dagbag.py:545} INFO - Filling up the DagBag from /opt/airflow/dags/lap_time_analysis.py
[2026-08-09T13:31:57.072+0000] {processor.py:840} INFO - DAG(s) 'lap_time_analysis' retrieved from /opt/airflow/dags/lap_time_analysis.py
[2026-08-09T13:31:59.102+0000] {logging_mixin.py:188} INFO - [2026-08-09T13:31:59.100+0000] {dag.py:3096} INFO - Sync 1 DAGs
[2026-08-09T13:31:59.452+0000] {logging_mixin.py:188} INFO - [2026-08-09T13:31:59.452+0000] {dag.py:3954} INFO - Setting next_dagrun for lap_time_analysis to None, run_after=None
[2026-08-09T13:31:59.766+0000] {processor.py:183} INFO - Processing /opt/airflow/dags/lap_time_analysis.py took 6.409 seconds
[2026-08-09T13:32:30.118+0000] {processor.py:161} INFO - Started process (PID=383) to work on /opt/airflow/dags/lap_time_analysis.py
[2026-08-09T13:32:30.123+0000] {processor.py:830} INFO - Processing file /opt/airflow/dags/lap_time_analysis.py for tasks to queue
[2026-08-09T13:32:30.144+0000] {logging_mixin.py:188} INFO - [2026-08-09T13:32:30.141+0000] {dagbag.py:545} INFO - Filling up the DagBag from /opt/airflow/dags/lap_time_analysis.py
[2026-08-09T13:32:31.099+0000] {processor.py:840} INFO - DAG(s) 'lap_time_analysis' retrieved from /opt/airflow/dags/lap_time_analysis.py
[2026-08-09T13:32:31.240+0000] {logging_mixin.py:188} INFO - [2026-08-09T13:32:31.239+0000] {dag.py:3096} INFO - Sync 1 DAGs
[2026-08-09T13:32:31.305+0000] {logging_mixin.py:188} INFO - [2026-08-09T13:32:31.305+0000] {dag.py:3954} INFO - Setting next_dagrun for lap_time_analysis to None, run_after=None
[2026-08-09T13:32:31.364+0000] {processor.py:183} INFO - Processing /opt/airflow/dags/lap_time_analysis.py took 1.313 seconds
[2026-08-09T13:33:01.612+0000] {processor.py:161} INFO - Started process (PID=394) to work on /opt/airflow/dags/lap_time_analysis.py
[2026-08-09T13:33:01.615+0000] {processor.py:830} INFO - Processing file /opt/airflow/dags/lap_time_analysis.py for tasks to queue
[2026-08-09T13:33:01.621+0000] {logging_mixin.py:188} INFO - [2026-08-09T13:33:01.620+0000] {dagbag.py:545} INFO - Filling up the DagBag from /opt/airflow/dags/lap_time_analysis.py
[2026-08-09T13:33:01.819+0000] {processor.py:840} INFO - DAG(s) 'lap_time_analysis' retrieved from /opt/airflow/dags/lap_time_analysis.py
[2026-08-09T13:33:01.887+0000] {logging_mixin.py:188} INFO - [2026-08-09T13:33:01.886+0000] {dag.py:3096} INFO - Sync 1 DAGs
[2026-08-09T13:33:01.919+0000] {logging_mixin.py:188} INFO - [2026-08-09T13:33:01.919+0000] {dag.py:3954} INFO - Setting next_dagrun for lap_time_analysis to None, run_after=None
[2026-08-09T13:33:01.979+0000] {processor.py:183} INFO - Processing /opt/airflow/dags/lap_time_analysis.py took 0.379 seconds
[2026-08-09T13:33:32.823+0000] {processor.py:161} INFO - Started process (PID=405) to work on /opt/airflow/dags/lap_time_analysis.py
[2026-08-09T13:33:32.826+0000] {processor.py:830} INFO - Processing file /opt/airflow/dags/lap_time_analysis.py for tasks to queue
[2026-08-09T13:33:32.830+0000] {logging_mixin.py:188} INFO - [2026-08-09T13:33:32.830+0000] {dagbag.py:545} INFO - Filling up the DagBag from /opt/airflow/dags/lap_time_analysis.py
[2026-08-09T13:33:33.194+0000] {processor.py:840} INFO - DAG(s) 'lap_time_analysis' retrieved from /opt/airflow/dags/lap_time_analysis.py
[2026-08-09T13:33:33.295+0000] {logging_mixin.py:188} INFO - [2026-08-09T13:33:33.295+0000] {dag.py:3096} INFO - Sync 1 DAGs
[2026-08-09T13:33:33.339+0000] {logging_mixin.py:188} INFO - [2026-08-09T13:33:33.339+0000] {dag.py:3954} INFO - Setting next_dagrun for lap_time_analysis to None, run_after=None
[2026-08-09T13:33:33.391+0000] {processor.py:183} INFO - Processing /opt/airflow/dags/lap_time_analysis.py took 0.608 seconds
[2026-08-09T13:34:03.600+0000] {processor.py:161} INFO - Started process (PID=416) to work on /opt/airflow/dags/lap_time_analysis.py
[2026-08-09T13:34:03.602+0000] {processor.py:830} INFO - Processing file /opt/airflow/dags/lap_time_analysis.py for tasks to queue
[2026-08-09T13:34:03.605+0000] {logging_mixin.py:188} INFO - [2026-08-09T13:34:03.605+0000] {dagbag.py:545} INFO - Filling up the DagBag from /opt/airflow/dags/lap_time_analysis.py
[2026-08-09T13:34:03.742+0000] {processor.py:840} INFO - DAG(s) 'lap_time_analysis' retrieved from /opt/airflow/dags/lap_time_analysis.py
[2026-08-09T13:34:03.776+0000] {logging_mixin.py:188} INFO - [2026-08-09T13:34:03.776+0000] {dag.py:3096} INFO - Sync 1 DAGs
[2026-08-09T13:34:03.793+0000] {logging_mixin.py:188} INFO - [2026-08-09T13:34:03.792+0000] {dag.py:3954} INFO - Setting next_dagrun for lap_time_analysis to None, run_after=None
[2026-08-09T13:34:03.821+0000] {processor.py:183} INFO - Processing /opt/airflow/dags/lap_time_analysis.py took 0.226 seconds
[2026-08-09T13:34:34.230+0000] {processor.py:161} INFO - Started process (PID=427) to work on /opt/airflow/dags/lap_time_analysis.py
[2026-08-09T13:34:34.231+0000] {processor.py:830} INFO - Processing file /opt/airflow/dags/lap_time_analysis.py for tasks to queue
[2026-08-09T13:34:34.234+0000] {logging_mixin.py:188} INFO - [2026-08-09T13:34:34.233+0000] {dagbag.py:545} INFO - Filling up the DagBag from /opt/airflow/dags/lap_time_analysis.py
[2026-08-09T13:34:34.413+0000] {processor.py:840} INFO - DAG(s) 'lap_time_analysis' retrieved from /opt/airflow/dags/lap_time_analysis.py
[2026-08-09T13:34:34.438+0000] {logging_mixin.py:188} INFO - [2026-08-09T13:34:34.438+0000] {dag.py:3096} INFO - Sync 1 DAGs
[2026-08-09T13:34:34.449+0000] {logging_mixin.py:188} INFO - [2026-08-09T13:34:34.449+0000] {dag.py:3954} INFO - Setting next_dagrun for lap_time_analysis to None, run_after=None
[2026-08-09T13:34:34.474+0000] {processor.py:183} INFO - Processing /opt/airflow/dags/lap_time_analysis.py took 0.251 seconds
[2026-08-09T13:35:04.553+0000] {processor.py:161} INFO - Started process (PID=438) to work on /opt/airflow/dags/lap_time_analysis.py
[2026-08-09T13:35:04.561+0000] {processor.py:830} INFO - Processing file /opt/airflow/dags/lap_time_analysis.py for tasks to queue
[2026-08-09T13:35:04.574+0000] {logging_mixin.py:188} INFO - [2026-08-09T13:35:04.573+0000] {dagbag.py:545} INFO - Filling up the DagBag from /opt/airflow/dags/lap_time_analysis.py
[2026-08-09T13:35:04.710+0000] {processor.py:840} INFO - DAG(s) 'lap_time_analysis' retrieved from /opt/airflow/dags/lap_time_analysis.py
[2026-08-09T13:35:04.739+0000] {logging_mixin.py:188} INFO - [2026-08-09T13:35:04.739+0000] {dag.py:3096} INFO - Sync 1 DAGs
[2026-08-09T13:35:04.757+0000] {logging_mixin.py:188} INFO - [2026-08-09T13:35:04.757+0000] {dag.py:3954} INFO - Setting next_dagrun for lap_time_analysis to None, run_after=None
[2026-08-09T13:35:04.795+0000] {processor.py:183} INFO - Processing /opt/airflow/dags/lap_time_analysis.py took 0.250 seconds
[2026-08-09T13:35:35.725+0000] {processor.py:161} INFO - Started process (PID=449) to work on /opt/airflow/dags/lap_time_analysis.py
[2026-08-09T13:35:35.740+0000] {processor.py:830} INFO - Processing file /opt/airflow/dags/lap_time_analysis.py for tasks to queue
[2026-08-09T13:35:35.744+0000] {logging_mixin.py:188} INFO - [2026-08-09T13:35:35.744+0000] {dagbag.py:545} INFO - Filling up the DagBag from /opt/airflow/dags/lap_time_analysis.py
[2026-08-09T13:35:35.962+0000] {processor.py:840} INFO - DAG(s) 'lap_time_analysis' retrieved from /opt/airflow/dags/lap_time_analysis.py
[2026-08-09T13:35:36.077+0000] {logging_mixin.py:188} INFO - [2026-08-09T13:35:36.076+0000] {dag.py:3096} INFO - Sync 1 DAGs
[2026-08-09T13:35:36.166+0000] {logging_mixin.py:188} INFO - [2026-08-09T13:35:36.166+0000] {dag.py:3954} INFO - Setting next_dagrun for lap_time_analysis to None, run_after=None
[2026-08-09T13:35:36.245+0000] {processor.py:183} INFO - Processing /opt/airflow/dags/lap_time_analysis.py took 0.620 seconds
[2026-08-09T13:37:37.450+0000] {processor.py:161} INFO - Started process (PID=208) to work on /opt/airflow/dags/lap_time_analysis.py
[2026-08-09T13:37:37.454+0000] {processor.py:830} INFO - Processing file /opt/airflow/dags/lap_time_analysis.py for tasks to queue
[2026-08-09T13:37:37.466+0000] {logging_mixin.py:188} INFO - [2026-08-09T13:37:37.465+0000] {dagbag.py:545} INFO - Filling up the DagBag from /opt/airflow/dags/lap_time_analysis.py
[2026-08-09T13:37:41.367+0000] {processor.py:840} INFO - DAG(s) 'lap_time_analysis' retrieved from /opt/airflow/dags/lap_time_analysis.py
[2026-08-09T13:37:45.386+0000] {logging_mixin.py:188} INFO - [2026-08-09T13:37:45.384+0000] {dag.py:3096} INFO - Sync 1 DAGs
[2026-08-09T13:37:46.599+0000] {logging_mixin.py:188} INFO - [2026-08-09T13:37:46.598+0000] {dag.py:3954} INFO - Setting next_dagrun for lap_time_analysis to None, run_after=None
[2026-08-09T13:37:48.945+0000] {processor.py:183} INFO - Processing /opt/airflow/dags/lap_time_analysis.py took 10.459 seconds
[2026-08-09T13:38:26.711+0000] {processor.py:161} INFO - Started process (PID=217) to work on /opt/airflow/dags/lap_time_analysis.py
[2026-08-09T13:38:26.727+0000] {processor.py:830} INFO - Processing file /opt/airflow/dags/lap_time_analysis.py for tasks to queue
[2026-08-09T13:38:26.775+0000] {logging_mixin.py:188} INFO - [2026-08-09T13:38:26.768+0000] {dagbag.py:545} INFO - Filling up the DagBag from /opt/airflow/dags/lap_time_analysis.py
[2026-08-09T13:38:28.745+0000] {processor.py:840} INFO - DAG(s) 'lap_time_analysis' retrieved from /opt/airflow/dags/lap_time_analysis.py
[2026-08-09T13:38:29.271+0000] {logging_mixin.py:188} INFO - [2026-08-09T13:38:29.268+0000] {dag.py:3096} INFO - Sync 1 DAGs
[2026-08-09T13:38:29.529+0000] {logging_mixin.py:188} INFO - [2026-08-09T13:38:29.529+0000] {dag.py:3954} INFO - Setting next_dagrun for lap_time_analysis to None, run_after=None
[2026-08-09T13:38:29.698+0000] {processor.py:183} INFO - Processing /opt/airflow/dags/lap_time_analysis.py took 3.236 seconds
[2026-08-09T13:39:02.771+0000] {processor.py:161} INFO - Started process (PID=231) to work on /opt/airflow/dags/lap_time_analysis.py
[2026-08-09T13:39:02.792+0000] {processor.py:830} INFO - Processing file /opt/airflow/dags/lap_time_analysis.py for tasks to queue
[2026-08-09T13:39:02.798+0000] {logging_mixin.py:188} INFO - [2026-08-09T13:39:02.797+0000] {dagbag.py:545} INFO - Filling up the DagBag from /opt/airflow/dags/lap_time_analysis.py
[2026-08-09T13:39:04.231+0000] {processor.py:840} INFO - DAG(s) 'lap_time_analysis' retrieved from /opt/airflow/dags/lap_time_analysis.py
[2026-08-09T13:39:05.212+0000] {logging_mixin.py:188} INFO - [2026-08-09T13:39:05.211+0000] {dag.py:3096} INFO - Sync 1 DAGs
[2026-08-09T13:39:05.627+0000] {logging_mixin.py:188} INFO - [2026-08-09T13:39:05.627+0000] {dag.py:3954} INFO - Setting next_dagrun for lap_time_analysis to None, run_after=None
[2026-08-09T13:39:06.414+0000] {processor.py:183} INFO - Processing /opt/airflow/dags/lap_time_analysis.py took 3.778 seconds
[2026-08-09T13:39:37.711+0000] {processor.py:161} INFO - Started process (PID=252) to work on /opt/airflow/dags/lap_time_analysis.py
[2026-08-09T13:39:37.717+0000] {processor.py:830} INFO - Processing file /opt/airflow/dags/lap_time_analysis.py for tasks to queue
[2026-08-09T13:39:37.723+0000] {logging_mixin.py:188} INFO - [2026-08-09T13:39:37.721+0000] {dagbag.py:545} INFO - Filling up the DagBag from /opt/airflow/dags/lap_time_analysis.py
[2026-08-09T13:39:38.510+0000] {processor.py:840} INFO - DAG(s) 'lap_time_analysis' retrieved from /opt/airflow/dags/lap_time_analysis.py
[2026-08-09T13:39:38.615+0000] {logging_mixin.py:188} INFO - [2026-08-09T13:39:38.614+0000] {dag.py:3096} INFO - Sync 1 DAGs
[2026-08-09T13:39:38.720+0000] {logging_mixin.py:188} INFO - [2026-08-09T13:39:38.720+0000] {dag.py:3954} INFO - Setting next_dagrun for lap_time_analysis to None, run_after=None
[2026-08-09T13:39:38.774+0000] {processor.py:183} INFO - Processing /opt/airflow/dags/lap_time_analysis.py took 1.137 seconds
[2026-08-09T13:40:10.737+0000] {processor.py:161} INFO - Started process (PID=263) to work on /opt/airflow/dags/lap_time_analysis.py
[2026-08-09T13:40:10.741+0000] {processor.py:830} INFO - Processing file /opt/airflow/dags/lap_time_analysis.py for tasks to queue
[2026-08-09T13:40:10.746+0000] {logging_mixin.py:188} INFO - [2026-08-09T13:40:10.744+0000] {dagbag.py:545} INFO - Filling up the DagBag from /opt/airflow/dags/lap_time_analysis.py
[2026-08-09T13:40:11.337+0000] {processor.py:840} INFO - DAG(s) 'lap_time_analysis' retrieved from /opt/airflow/dags/lap_time_analysis.py
[2026-08-09T13:40:11.418+0000] {logging_mixin.py:188} INFO - [2026-08-09T13:40:11.417+0000] {dag.py:3096} INFO - Sync 1 DAGs
[2026-08-09T13:40:11.455+0000] {logging_mixin.py:188} INFO - [2026-08-09T13:40:11.454+0000] {dag.py:3954} INFO - Setting next_dagrun for lap_time_analysis to None, run_after=None
[2026-08-09T13:40:11.515+0000] {processor.py:183} INFO - Processing /opt/airflow/dags/lap_time_analysis.py took 0.801 seconds
[2026-08-09T13:40:45.838+0000] {processor.py:161} INFO - Started process (PID=274) to work on /opt/airflow/dags/lap_time_analysis.py
[2026-08-09T13:40:45.939+0000] {processor.py:830} INFO - Processing file /opt/airflow/dags/lap_time_analysis.py for tasks to queue
[2026-08-09T13:40:45.943+0000] {logging_mixin.py:188} INFO - [2026-08-09T13:40:45.942+0000] {dagbag.py:545} INFO - Filling up the DagBag from /opt/airflow/dags/lap_time_analysis.py
[2026-08-09T13:40:46.857+0000] {processor.py:840} INFO - DAG(s) 'lap_time_analysis' retrieved from /opt/airflow/dags/lap_time_analysis.py
[2026-08-09T13:40:46.931+0000] {logging_mixin.py:188} INFO - [2026-08-09T13:40:46.931+0000] {dag.py:3096} INFO - Sync 1 DAGs
[2026-08-09T13:40:46.950+0000] {logging_mixin.py:188} INFO - [2026-08-09T13:40:46.950+0000] {dag.py:3954} INFO - Setting next_dagrun for lap_time_analysis to None, run_after=None
[2026-08-09T13:40:47.093+0000] {processor.py:183} INFO - Processing /opt/airflow/dags/lap_time_analysis.py took 1.266 seconds
[2026-08-09T13:41:17.457+0000] {processor.py:161} INFO - Started process (PID=285) to work on /opt/airflow/dags/lap_time_analysis.py
[2026-08-09T13:41:17.459+0000] {processor.py:830} INFO - Processing file /opt/airflow/dags/lap_time_analysis.py for tasks to queue
[2026-08-09T13:41:17.462+0000] {logging_mixin.py:188} INFO - [2026-08-09T13:41:17.461+0000] {dagbag.py:545} INFO - Filling up the DagBag from /opt/airflow/dags/lap_time_analysis.py
[2026-08-09T13:41:17.681+0000] {processor.py:840} INFO - DAG(s) 'lap_time_analysis' retrieved from /opt/airflow/dags/lap_time_analysis.py
[2026-08-09T13:41:17.732+0000] {logging_mixin.py:188} INFO - [2026-08-09T13:41:17.731+0000] {dag.py:3096} INFO - Sync 1 DAGs
[2026-08-09T13:41:17.752+0000] {logging_mixin.py:188} INFO - [2026-08-09T13:41:17.752+0000] {dag.py:3954} INFO - Setting next_dagrun for lap_time_analysis to None, run_after=None
[2026-08-09T13:41:17.793+0000] {processor.py:183} INFO - Processing /opt/airflow/dags/lap_time_analysis.py took 0.344 seconds
[2026-08-09T13:41:54.156+0000] {processor.py:161} INFO - Started process (PID=296) to work on /opt/airflow/dags/lap_time_analysis.py
[2026-08-09T13:41:54.166+0000] {processor.py:830} INFO - Processing file /opt/airflow/dags/lap_time_analysis.py for tasks to queue
[2026-08-09T13:41:54.178+0000] {logging_mixin.py:188} INFO - [2026-08-09T13:41:54.171+0000] {dagbag.py:545} INFO - Filling up the DagBag from /opt/airflow/dags/lap_time_analysis.py
[2026-08-09T13:41:55.960+0000] {processor.py:840} INFO - DAG(s) 'lap_time_analysis' retrieved from /opt/airflow/dags/lap_time_analysis.py
[2026-08-09T13:41:56.455+0000] {logging_mixin.py:188} INFO - [2026-08-09T13:41:56.455+0000] {dag.py:3096} INFO - Sync 1 DAGs
[2026-08-09T13:41:56.628+0000] {logging_mixin.py:188} INFO - [2026-08-09T13:41:56.628+0000] {dag.py:3954} INFO - Setting next_dagrun for lap_time_analysis to None, run_after=None
[2026-08-09T13:41:56.760+0000] {processor.py:183} INFO - Processing /opt/airflow/dags/lap_time_analysis.py took 3.088 seconds
[2026-08-09T13:42:28.379+0000] {processor.py:161} INFO - Started process (PID=308) to work on /opt/airflow/dags/lap_time_analysis.py
[2026-08-09T13:42:28.393+0000] {processor.py:830} INFO - Processing file /opt/airflow/dags/lap_time_analysis.py for tasks to queue
[2026-08-09T13:42:28.406+0000] {logging_mixin.py:188} INFO - [2026-08-09T13:42:28.400+0000] {dagbag.py:545} INFO - Filling up the DagBag from /opt/airflow/dags/lap_time_analysis.py
[2026-08-09T13:42:32.392+0000] {processor.py:840} INFO - DAG(s) 'lap_time_analysis' retrieved from /opt/airflow/dags/lap_time_analysis.py
[2026-08-09T13:42:32.998+0000] {logging_mixin.py:188} INFO - [2026-08-09T13:42:32.997+0000] {dag.py:3096} INFO - Sync 1 DAGs
[2026-08-09T13:42:34.268+0000] {logging_mixin.py:188} INFO - [2026-08-09T13:42:34.267+0000] {dag.py:3954} INFO - Setting next_dagrun for lap_time_analysis to None, run_after=None
[2026-08-09T13:42:34.528+0000] {processor.py:183} INFO - Processing /opt/airflow/dags/lap_time_analysis.py took 6.302 seconds
[2026-08-09T13:43:05.582+0000] {processor.py:161} INFO - Started process (PID=320) to work on /opt/airflow/dags/lap_time_analysis.py
[2026-08-09T13:43:05.597+0000] {processor.py:830} INFO - Processing file /opt/airflow/dags/lap_time_analysis.py for tasks to queue
[2026-08-09T13:43:05.602+0000] {logging_mixin.py:188} INFO - [2026-08-09T13:43:05.600+0000] {dagbag.py:545} INFO - Filling up the DagBag from /opt/airflow/dags/lap_time_analysis.py
[2026-08-09T13:43:06.108+0000] {processor.py:840} INFO - DAG(s) 'lap_time_analysis' retrieved from /opt/airflow/dags/lap_time_analysis.py
[2026-08-09T13:43:06.199+0000] {logging_mixin.py:188} INFO - [2026-08-09T13:43:06.198+0000] {dag.py:3096} INFO - Sync 1 DAGs
[2026-08-09T13:43:06.253+0000] {logging_mixin.py:188} INFO - [2026-08-09T13:43:06.252+0000] {dag.py:3954} INFO - Setting next_dagrun for lap_time_analysis to None, run_after=None
[2026-08-09T13:43:06.322+0000] {processor.py:183} INFO - Processing /opt/airflow/dags/lap_time_analysis.py took 0.837 seconds
[2026-08-09T13:43:36.951+0000] {processor.py:161} INFO - Started process (PID=435) to work on /opt/airflow/dags/lap_time_analysis.py
[2026-08-09T13:43:36.966+0000] {processor.py:830} INFO - Processing file /opt/airflow/dags/lap_time_analysis.py for tasks to queue
[2026-08-09T13:43:36.980+0000] {logging_mixin.py:188} INFO - [2026-08-09T13:43:36.976+0000] {dagbag.py:545} INFO - Filling up the DagBag from /opt/airflow/dags/lap_time_analysis.py
[2026-08-09T13:43:38.314+0000] {processor.py:840} INFO - DAG(s) 'lap_time_analysis' retrieved from /opt/airflow/dags/lap_time_analysis.py
[2026-08-09T13:43:38.968+0000] {logging_mixin.py:188} INFO - [2026-08-09T13:43:38.967+0000] {dag.py:3096} INFO - Sync 1 DAGs
[2026-08-09T13:43:39.306+0000] {logging_mixin.py:188} INFO - [2026-08-09T13:43:39.305+0000] {dag.py:3954} INFO - Setting next_dagrun for lap_time_analysis to None, run_after=None
[2026-08-09T13:43:39.526+0000] {processor.py:183} INFO - Processing /opt/airflow/dags/lap_time_analysis.py took 2.726 seconds
[2026-08-09T13:44:12.614+0000] {processor.py:161} INFO - Started process (PID=471) to work on /opt/airflow/dags/lap_time_analysis.py
[2026-08-09T13:44:12.643+0000] {processor.py:830} INFO - Processing file /opt/airflow/dags/lap_time_analysis.py for tasks to queue
[2026-08-09T13:44:12.664+0000] {logging_mixin.py:188} INFO - [2026-08-09T13:44:12.656+0000] {dagbag.py:545} INFO - Filling up the DagBag from /opt/airflow/dags/lap_time_analysis.py
[2026-08-09T13:44:18.900+0000] {processor.py:840} INFO - DAG(s) 'lap_time_analysis' retrieved from /opt/airflow/dags/lap_time_analysis.py
[2026-08-09T13:44:19.533+0000] {logging_mixin.py:188} INFO - [2026-08-09T13:44:19.533+0000] {dag.py:3096} INFO - Sync 1 DAGs
[2026-08-09T13:44:19.784+0000] {logging_mixin.py:188} INFO - [2026-08-09T13:44:19.783+0000] {dag.py:3954} INFO - Setting next_dagrun for lap_time_analysis to None, run_after=None
[2026-08-09T13:44:20.017+0000] {processor.py:183} INFO - Processing /opt/airflow/dags/lap_time_analysis.py took 8.036 seconds
[2026-08-09T13:44:51.367+0000] {processor.py:161} INFO - Started process (PID=489) to work on /opt/airflow/dags/lap_time_analysis.py
[2026-08-09T13:44:51.369+0000] {processor.py:830} INFO - Processing file /opt/airflow/dags/lap_time_analysis.py for tasks to queue
[2026-08-09T13:44:51.376+0000] {logging_mixin.py:188} INFO - [2026-08-09T13:44:51.373+0000] {dagbag.py:545} INFO - Filling up the DagBag from /opt/airflow/dags/lap_time_analysis.py
[2026-08-09T13:44:51.794+0000] {processor.py:840} INFO - DAG(s) 'lap_time_analysis' retrieved from /opt/airflow/dags/lap_time_analysis.py
[2026-08-09T13:44:51.885+0000] {logging_mixin.py:188} INFO - [2026-08-09T13:44:51.884+0000] {dag.py:3096} INFO - Sync 1 DAGs
[2026-08-09T13:44:51.919+0000] {logging_mixin.py:188} INFO - [2026-08-09T13:44:51.918+0000] {dag.py:3954} INFO - Setting next_dagrun for lap_time_analysis to None, run_after=None
[2026-08-09T13:44:51.966+0000] {processor.py:183} INFO - Processing /opt/airflow/dags/lap_time_analysis.py took 0.627 seconds
[2026-08-09T13:45:22.501+0000] {processor.py:161} INFO - Started process (PID=542) to work on /opt/airflow/dags/lap_time_analysis.py
[2026-08-09T13:45:22.503+0000] {processor.py:830} INFO - Processing file /opt/airflow/dags/lap_time_analysis.py for tasks to queue
[2026-08-09T13:45:22.504+0000] {logging_mixin.py:188} INFO - [2026-08-09T13:45:22.504+0000] {dagbag.py:545} INFO - Filling up the DagBag from /opt/airflow/dags/lap_time_analysis.py
[2026-08-09T13:45:22.712+0000] {processor.py:840} INFO - DAG(s) 'lap_time_analysis' retrieved from /opt/airflow/dags/lap_time_analysis.py
[2026-08-09T13:45:22.822+0000] {logging_mixin.py:188} INFO - [2026-08-09T13:45:22.821+0000] {dag.py:3096} INFO - Sync 1 DAGs
[2026-08-09T13:45:22.845+0000] {logging_mixin.py:188} INFO - [2026-08-09T13:45:22.845+0000] {dag.py:3954} INFO - Setting next_dagrun for lap_time_analysis to None, run_after=None
[2026-08-09T13:45:22.871+0000] {processor.py:183} INFO - Processing /opt/airflow/dags/lap_time_analysis.py took 0.377 seconds
[2026-08-09T13:45:53.587+0000] {processor.py:161} INFO - Started process (PID=553) to work on /opt/airflow/dags/lap_time_analysis.py
[2026-08-09T13:45:53.589+0000] {processor.py:830} INFO - Processing file /opt/airflow/dags/lap_time_analysis.py for tasks to queue
[2026-08-09T13:45:53.590+0000] {logging_mixin.py:188} INFO - [2026-08-09T13:45:53.590+0000] {dagbag.py:545} INFO - Filling up the DagBag from /opt/airflow/dags/lap_time_analysis.py
[2026-08-09T13:45:53.685+0000] {processor.py:840} INFO - DAG(s) 'lap_time_analysis' retrieved from /opt/airflow/dags/lap_time_analysis.py
[2026-08-09T13:45:53.707+0000] {logging_mixin.py:188} INFO - [2026-08-09T13:45:53.707+0000] {dag.py:3096} INFO - Sync 1 DAGs
[2026-08-09T13:45:53.719+0000] {logging_mixin.py:188} INFO - [2026-08-09T13:45:53.719+0000] {dag.py:3954} INFO - Setting next_dagrun for lap_time_analysis to None, run_after=None
[2026-08-09T13:45:53.738+0000] {processor.py:183} INFO - Processing /opt/airflow/dags/lap_time_analysis.py took 0.155 seconds
[2026-08-09T13:46:24.697+0000] {processor.py:161} INFO - Started process (PID=564) to work on /opt/airflow/dags/lap_time_analysis.py
[2026-08-09T13:46:24.698+0000] {processor.py:830} INFO - Processing file /opt/airflow/dags/lap_time_analysis.py for tasks to queue
[2026-08-09T13:46:24.700+0000] {logging_mixin.py:188} INFO - [2026-08-09T13:46:24.699+0000] {dagbag.py:545} INFO - Filling up the DagBag from /opt/airflow/dags/lap_time_analysis.py
[2026-08-09T13:46:24.797+0000] {processor.py:840} INFO - DAG(s) 'lap_time_analysis' retrieved from /opt/airflow/dags/lap_time_analysis.py
[2026-08-09T13:46:24.823+0000] {logging_mixin.py:188} INFO - [2026-08-09T13:46:24.822+0000] {dag.py:3096} INFO - Sync 1 DAGs
[2026-08-09T13:46:24.834+0000] {logging_mixin.py:188} INFO - [2026-08-09T13:46:24.834+0000] {dag.py:3954} INFO - Setting next_dagrun for lap_time_analysis to None, run_after=None
[2026-08-09T13:46:24.865+0000] {processor.py:183} INFO - Processing /opt/airflow/dags/lap_time_analysis.py took 0.175 seconds
[2026-08-09T13:46:55.489+0000] {processor.py:161} INFO - Started process (PID=575) to work on /opt/airflow/dags/lap_time_analysis.py
[2026-08-09T13:46:55.496+0000] {processor.py:830} INFO - Processing file /opt/airflow/dags/lap_time_analysis.py for tasks to queue
[2026-08-09T13:46:55.528+0000] {logging_mixin.py:188} INFO - [2026-08-09T13:46:55.501+0000] {dagbag.py:545} INFO - Filling up the DagBag from /opt/airflow/dags/lap_time_analysis.py
[2026-08-09T13:46:56.467+0000] {processor.py:840} INFO - DAG(s) 'lap_time_analysis' retrieved from /opt/airflow/dags/lap_time_analysis.py
[2026-08-09T13:46:56.565+0000] {logging_mixin.py:188} INFO - [2026-08-09T13:46:56.565+0000] {dag.py:3096} INFO - Sync 1 DAGs
[2026-08-09T13:46:56.578+0000] {logging_mixin.py:188} INFO - [2026-08-09T13:46:56.578+0000] {dag.py:3954} INFO - Setting next_dagrun for lap_time_analysis to None, run_after=None
[2026-08-09T13:46:56.628+0000] {processor.py:183} INFO - Processing /opt/airflow/dags/lap_time_analysis.py took 1.153 seconds
[2026-08-09T13:47:27.351+0000] {processor.py:161} INFO - Started process (PID=586) to work on /opt/airflow/dags/lap_time_analysis.py
[2026-08-09T13:47:27.353+0000] {processor.py:830} INFO - Processing file /opt/airflow/dags/lap_time_analysis.py for tasks to queue
[2026-08-09T13:47:27.355+0000] {logging_mixin.py:188} INFO - [2026-08-09T13:47:27.355+0000] {dagbag.py:545} INFO - Filling up the DagBag from /opt/airflow/dags/lap_time_analysis.py
[2026-08-09T13:47:27.550+0000] {processor.py:840} INFO - DAG(s) 'lap_time_analysis' retrieved from /opt/airflow/dags/lap_time_analysis.py
[2026-08-09T13:47:27.598+0000] {logging_mixin.py:188} INFO - [2026-08-09T13:47:27.598+0000] {dag.py:3096} INFO - Sync 1 DAGs
[2026-08-09T13:47:27.617+0000] {logging_mixin.py:188} INFO - [2026-08-09T13:47:27.617+0000] {dag.py:3954} INFO - Setting next_dagrun for lap_time_analysis to None, run_after=None
[2026-08-09T13:47:27.636+0000] {processor.py:183} INFO - Processing /opt/airflow/dags/lap_time_analysis.py took 0.302 seconds
[2026-08-09T13:47:58.200+0000] {processor.py:161} INFO - Started process (PID=597) to work on /opt/airflow/dags/lap_time_analysis.py
[2026-08-09T13:47:58.216+0000] {processor.py:830} INFO - Processing file /opt/airflow/dags/lap_time_analysis.py for tasks to queue
[2026-08-09T13:47:58.218+0000] {logging_mixin.py:188} INFO - [2026-08-09T13:47:58.218+0000] {dagbag.py:545} INFO - Filling up the DagBag from /opt/airflow/dags/lap_time_analysis.py
[2026-08-09T13:48:00.546+0000] {processor.py:840} INFO - DAG(s) 'lap_time_analysis' retrieved from /opt/airflow/dags/lap_time_analysis.py
[2026-08-09T13:48:00.572+0000] {logging_mixin.py:188} INFO - [2026-08-09T13:48:00.572+0000] {dag.py:3096} INFO - Sync 1 DAGs
[2026-08-09T13:48:00.584+0000] {logging_mixin.py:188} INFO - [2026-08-09T13:48:00.583+0000] {dag.py:3954} INFO - Setting next_dagrun for lap_time_analysis to None, run_after=None
[2026-08-09T13:48:00.679+0000] {processor.py:183} INFO - Processing /opt/airflow/dags/lap_time_analysis.py took 2.489 seconds
[2026-08-09T13:48:31.236+0000] {processor.py:161} INFO - Started process (PID=608) to work on /opt/airflow/dags/lap_time_analysis.py
[2026-08-09T13:48:31.237+0000] {processor.py:830} INFO - Processing file /opt/airflow/dags/lap_time_analysis.py for tasks to queue
[2026-08-09T13:48:31.239+0000] {logging_mixin.py:188} INFO - [2026-08-09T13:48:31.239+0000] {dagbag.py:545} INFO - Filling up the DagBag from /opt/airflow/dags/lap_time_analysis.py
[2026-08-09T13:48:31.333+0000] {processor.py:840} INFO - DAG(s) 'lap_time_analysis' retrieved from /opt/airflow/dags/lap_time_analysis.py
[2026-08-09T13:48:31.358+0000] {logging_mixin.py:188} INFO - [2026-08-09T13:48:31.358+0000] {dag.py:3096} INFO - Sync 1 DAGs
[2026-08-09T13:48:31.376+0000] {logging_mixin.py:188} INFO - [2026-08-09T13:48:31.376+0000] {dag.py:3954} INFO - Setting next_dagrun for lap_time_analysis to None, run_after=None
[2026-08-09T13:48:31.402+0000] {processor.py:183} INFO - Processing /opt/airflow/dags/lap_time_analysis.py took 0.267 seconds
[2026-08-09T13:49:01.718+0000] {processor.py:161} INFO - Started process (PID=616) to work on /opt/airflow/dags/lap_time_analysis.py
[2026-08-09T13:49:01.730+0000] {processor.py:830} INFO - Processing file /opt/airflow/dags/lap_time_analysis.py for tasks to queue
[2026-08-09T13:49:01.740+0000] {logging_mixin.py:188} INFO - [2026-08-09T13:49:01.735+0000] {dagbag.py:545} INFO - Filling up the DagBag from /opt/airflow/dags/lap_time_analysis.py
[2026-08-09T13:49:02.869+0000] {processor.py:840} INFO - DAG(s) 'lap_time_analysis' retrieved from /opt/airflow/dags/lap_time_analysis.py
[2026-08-09T13:49:03.057+0000] {logging_mixin.py:188} INFO - [2026-08-09T13:49:03.057+0000] {dag.py:3096} INFO - Sync 1 DAGs
[2026-08-09T13:49:03.115+0000] {logging_mixin.py:188} INFO - [2026-08-09T13:49:03.115+0000] {dag.py:3954} INFO - Setting next_dagrun for lap_time_analysis to None, run_after=None
[2026-08-09T13:49:03.169+0000] {processor.py:183} INFO - Processing /opt/airflow/dags/lap_time_analysis.py took 1.514 seconds
[2026-08-09T13:49:33.534+0000] {processor.py:161} INFO - Started process (PID=624) to work on /opt/airflow/dags/lap_time_analysis.py
[2026-08-09T13:49:33.536+0000] {processor.py:830} INFO - Processing file /opt/airflow/dags/lap_time_analysis.py for tasks to queue
[2026-08-09T13:49:33.538+0000] {logging_mixin.py:188} INFO - [2026-08-09T13:49:33.538+0000] {dagbag.py:545} INFO - Filling up the DagBag from /opt/airflow/dags/lap_time_analysis.py
[2026-08-09T13:49:33.762+0000] {processor.py:840} INFO - DAG(s) 'lap_time_analysis' retrieved from /opt/airflow/dags/lap_time_analysis.py
[2026-08-09T13:49:33.858+0000] {logging_mixin.py:188} INFO - [2026-08-09T13:49:33.858+0000] {dag.py:3096} INFO - Sync 1 DAGs
[2026-08-09T13:49:33.878+0000] {logging_mixin.py:188} INFO - [2026-08-09T13:49:33.878+0000] {dag.py:3954} INFO - Setting next_dagrun for lap_time_analysis to None, run_after=None
[2026-08-09T13:49:33.913+0000] {processor.py:183} INFO - Processing /opt/airflow/dags/lap_time_analysis.py took 0.389 seconds
[2026-08-09T13:50:06.121+0000] {processor.py:161} INFO - Started process (PID=635) to work on /opt/airflow/dags/lap_time_analysis.py
[2026-08-09T13:50:06.123+0000] {processor.py:830} INFO - Processing file /opt/airflow/dags/lap_time_analysis.py for tasks to queue
[2026-08-09T13:50:06.124+0000] {logging_mixin.py:188} INFO - [2026-08-09T13:50:06.124+0000] {dagbag.py:545} INFO - Filling up the DagBag from /opt/airflow/dags/lap_time_analysis.py
[2026-08-09T13:50:06.675+0000] {processor.py:840} INFO - DAG(s) 'lap_time_analysis' retrieved from /opt/airflow/dags/lap_time_analysis.py
[2026-08-09T13:50:06.744+0000] {logging_mixin.py:188} INFO - [2026-08-09T13:50:06.744+0000] {dag.py:3096} INFO - Sync 1 DAGs
[2026-08-09T13:50:06.757+0000] {logging_mixin.py:188} INFO - [2026-08-09T13:50:06.757+0000] {dag.py:3954} INFO - Setting next_dagrun for lap_time_analysis to None, run_after=None
[2026-08-09T13:50:06.777+0000] {processor.py:183} INFO - Processing /opt/airflow/dags/lap_time_analysis.py took 0.663 seconds
[2026-08-09T13:50:39.083+0000] {processor.py:161} INFO - Started process (PID=646) to work on /opt/airflow/dags/lap_time_analysis.py
[2026-08-09T13:50:39.086+0000] {processor.py:830} INFO - Processing file /opt/airflow/dags/lap_time_analysis.py for tasks to queue
[2026-08-09T13:50:39.089+0000] {logging_mixin.py:188} INFO - [2026-08-09T13:50:39.088+0000] {dagbag.py:545} INFO - Filling up the DagBag from /opt/airflow/dags/lap_time_analysis.py
[2026-08-09T13:50:39.548+0000] {processor.py:840} INFO - DAG(s) 'lap_time_analysis' retrieved from /opt/airflow/dags/lap_time_analysis.py
[2026-08-09T13:50:39.693+0000] {logging_mixin.py:188} INFO - [2026-08-09T13:50:39.692+0000] {dag.py:3096} INFO - Sync 1 DAGs
[2026-08-09T13:50:39.737+0000] {logging_mixin.py:188} INFO - [2026-08-09T13:50:39.736+0000] {dag.py:3954} INFO - Setting next_dagrun for lap_time_analysis to None, run_after=None
[2026-08-09T13:50:39.785+0000] {processor.py:183} INFO - Processing /opt/airflow/dags/lap_time_analysis.py took 0.720 seconds
[2026-08-09T13:51:12.204+0000] {processor.py:161} INFO - Started process (PID=657) to work on /opt/airflow/dags/lap_time_analysis.py
[2026-08-09T13:51:12.206+0000] {processor.py:830} INFO - Processing file /opt/airflow/dags/lap_time_analysis.py for tasks to queue
[2026-08-09T13:51:12.209+0000] {logging_mixin.py:188} INFO - [2026-08-09T13:51:12.208+0000] {dagbag.py:545} INFO - Filling up the DagBag from /opt/airflow/dags/lap_time_analysis.py
[2026-08-09T13:51:12.389+0000] {processor.py:840} INFO - DAG(s) 'lap_time_analysis' retrieved from /opt/airflow/dags/lap_time_analysis.py
[2026-08-09T13:51:12.438+0000] {logging_mixin.py:188} INFO - [2026-08-09T13:51:12.437+0000] {dag.py:3096} INFO - Sync 1 DAGs
[2026-08-09T13:51:12.459+0000] {logging_mixin.py:188} INFO - [2026-08-09T13:51:12.459+0000] {dag.py:3954} INFO - Setting next_dagrun for lap_time_analysis to None, run_after=None
[2026-08-09T13:51:12.486+0000] {processor.py:183} INFO - Processing /opt/airflow/dags/lap_time_analysis.py took 0.309 seconds
[2026-08-09T13:51:45.410+0000] {processor.py:161} INFO - Started process (PID=668) to work on /opt/airflow/dags/lap_time_analysis.py
[2026-08-09T13:51:45.413+0000] {processor.py:830} INFO - Processing file /opt/airflow/dags/lap_time_analysis.py for tasks to queue
[2026-08-09T13:51:45.416+0000] {logging_mixin.py:188} INFO - [2026-08-09T13:51:45.415+0000] {dagbag.py:545} INFO - Filling up the DagBag from /opt/airflow/dags/lap_time_analysis.py
[2026-08-09T13:51:45.606+0000] {processor.py:840} INFO - DAG(s) 'lap_time_analysis' retrieved from /opt/airflow/dags/lap_time_analysis.py
[2026-08-09T13:51:45.646+0000] {logging_mixin.py:188} INFO - [2026-08-09T13:51:45.645+0000] {dag.py:3096} INFO - Sync 1 DAGs
[2026-08-09T13:51:45.664+0000] {logging_mixin.py:188} INFO - [2026-08-09T13:51:45.663+0000] {dag.py:3954} INFO - Setting next_dagrun for lap_time_analysis to None, run_after=None
[2026-08-09T13:51:45.691+0000] {processor.py:183} INFO - Processing /opt/airflow/dags/lap_time_analysis.py took 0.306 seconds
[2026-08-09T13:52:18.482+0000] {processor.py:161} INFO - Started process (PID=679) to work on /opt/airflow/dags/lap_time_analysis.py
[2026-08-09T13:52:18.488+0000] {processor.py:830} INFO - Processing file /opt/airflow/dags/lap_time_analysis.py for tasks to queue
[2026-08-09T13:52:18.490+0000] {logging_mixin.py:188} INFO - [2026-08-09T13:52:18.490+0000] {dagbag.py:545} INFO - Filling up the DagBag from /opt/airflow/dags/lap_time_analysis.py
[2026-08-09T13:52:18.705+0000] {processor.py:840} INFO - DAG(s) 'lap_time_analysis' retrieved from /opt/airflow/dags/lap_time_analysis.py
[2026-08-09T13:52:18.754+0000] {logging_mixin.py:188} INFO - [2026-08-09T13:52:18.754+0000] {dag.py:3096} INFO - Sync 1 DAGs
[2026-08-09T13:52:18.774+0000] {logging_mixin.py:188} INFO - [2026-08-09T13:52:18.774+0000] {dag.py:3954} INFO - Setting next_dagrun for lap_time_analysis to None, run_after=None
[2026-08-09T13:52:18.807+0000] {processor.py:183} INFO - Processing /opt/airflow/dags/lap_time_analysis.py took 0.335 seconds
[2026-08-09T13:52:49.024+0000] {processor.py:161} INFO - Started process (PID=690) to work on /opt/airflow/dags/lap_time_analysis.py
[2026-08-09T13:52:49.027+0000] {processor.py:830} INFO - Processing file /opt/airflow/dags/lap_time_analysis.py for tasks to queue
[2026-08-09T13:52:49.029+0000] {logging_mixin.py:188} INFO - [2026-08-09T13:52:49.028+0000] {dagbag.py:545} INFO - Filling up the DagBag from /opt/airflow/dags/lap_time_analysis.py
[2026-08-09T13:52:51.382+0000] {processor.py:840} INFO - DAG(s) 'lap_time_analysis' retrieved from /opt/airflow/dags/lap_time_analysis.py
[2026-08-09T13:52:51.464+0000] {logging_mixin.py:188} INFO - [2026-08-09T13:52:51.464+0000] {dag.py:3096} INFO - Sync 1 DAGs
[2026-08-09T13:52:51.507+0000] {logging_mixin.py:188} INFO - [2026-08-09T13:52:51.506+0000] {dag.py:3954} INFO - Setting next_dagrun for lap_time_analysis to None, run_after=None
[2026-08-09T13:52:51.547+0000] {processor.py:183} INFO - Processing /opt/airflow/dags/lap_time_analysis.py took 0.492 seconds
[2026-08-09T13:53:24.494+0000] {processor.py:161} INFO - Started process (PID=701) to work on /opt/airflow/dags/lap_time_analysis.py
[2026-08-09T13:53:24.498+0000] {processor.py:830} INFO - Processing file /opt/airflow/dags/lap_time_analysis.py for tasks to queue
[2026-08-09T13:53:24.504+0000] {logging_mixin.py:188} INFO - [2026-08-09T13:53:24.501+0000] {dagbag.py:545} INFO - Filling up the DagBag from /opt/airflow/dags/lap_time_analysis.py
[2026-08-09T13:53:24.807+0000] {processor.py:840} INFO - DAG(s) 'lap_time_analysis' retrieved from /opt/airflow/dags/lap_time_analysis.py
[2026-08-09T13:53:24.894+0000] {logging_mixin.py:188} INFO - [2026-08-09T13:53:24.893+0000] {dag.py:3096} INFO - Sync 1 DAGs
[2026-08-09T13:53:24.960+0000] {logging_mixin.py:188} INFO - [2026-08-09T13:53:24.960+0000] {dag.py:3954} INFO - Setting next_dagrun for lap_time_analysis to None, run_after=None
[2026-08-09T13:53:24.983+0000] {processor.py:183} INFO - Processing /opt/airflow/dags/lap_time_analysis.py took 0.497 seconds
[2026-08-09T13:53:57.123+0000] {processor.py:161} INFO - Started process (PID=712) to work on /opt/airflow/dags/lap_time_analysis.py
[2026-08-09T13:53:57.125+0000] {processor.py:830} INFO - Processing file /opt/airflow/dags/lap_time_analysis.py for tasks to queue
[2026-08-09T13:53:57.127+0000] {logging_mixin.py:188} INFO - [2026-08-09T13:53:57.126+0000] {dagbag.py:545} INFO - Filling up the DagBag from /opt/airflow/dags/lap_time_analysis.py
[2026-08-09T13:53:57.233+0000] {processor.py:840} INFO - DAG(s) 'lap_time_analysis' retrieved from /opt/airflow/dags/lap_time_analysis.py
[2026-08-09T13:53:57.270+0000] {logging_mixin.py:188} INFO - [2026-08-09T13:53:57.269+0000] {dag.py:3096} INFO - Sync 1 DAGs
[2026-08-09T13:53:57.302+0000] {logging_mixin.py:188} INFO - [2026-08-09T13:53:57.302+0000] {dag.py:3954} INFO - Setting next_dagrun for lap_time_analysis to None, run_after=None
[2026-08-09T13:53:57.342+0000] {processor.py:183} INFO - Processing /opt/airflow/dags/lap_time_analysis.py took 0.225 seconds
[2026-08-09T13:54:27.660+0000] {processor.py:161} INFO - Started process (PID=723) to work on /opt/airflow/dags/lap_time_analysis.py
[2026-08-09T13:54:27.662+0000] {processor.py:830} INFO - Processing file /opt/airflow/dags/lap_time_analysis.py for tasks to queue
[2026-08-09T13:54:27.664+0000] {logging_mixin.py:188} INFO - [2026-08-09T13:54:27.663+0000] {dagbag.py:545} INFO - Filling up the DagBag from /opt/airflow/dags/lap_time_analysis.py
[2026-08-09T13:54:27.766+0000] {processor.py:840} INFO - DAG(s) 'lap_time_analysis' retrieved from /opt/airflow/dags/lap_time_analysis.py
[2026-08-09T13:54:29.847+0000] {logging_mixin.py:188} INFO - [2026-08-09T13:54:29.847+0000] {dag.py:3096} INFO - Sync 1 DAGs
[2026-08-09T13:54:29.861+0000] {logging_mixin.py:188} INFO - [2026-08-09T13:54:29.861+0000] {dag.py:3954} INFO - Setting next_dagrun for lap_time_analysis to None, run_after=None
[2026-08-09T13:54:29.891+0000] {processor.py:183} INFO - Processing /opt/airflow/dags/lap_time_analysis.py took 0.183 seconds
[2026-08-09T13:55:02.866+0000] {processor.py:161} INFO - Started process (PID=734) to work on /opt/airflow/dags/lap_time_analysis.py
[2026-08-09T13:55:02.870+0000] {processor.py:830} INFO - Processing file /opt/airflow/dags/lap_time_analysis.py for tasks to queue
[2026-08-09T13:55:02.873+0000] {logging_mixin.py:188} INFO - [2026-08-09T13:55:02.872+0000] {dagbag.py:545} INFO - Filling up the DagBag from /opt/airflow/dags/lap_time_analysis.py
[2026-08-09T13:55:03.133+0000] {processor.py:840} INFO - DAG(s) 'lap_time_analysis' retrieved from /opt/airflow/dags/lap_time_analysis.py
[2026-08-09T13:55:03.191+0000] {logging_mixin.py:188} INFO - [2026-08-09T13:55:03.190+0000] {dag.py:3096} INFO - Sync 1 DAGs
[2026-08-09T13:55:03.211+0000] {logging_mixin.py:188} INFO - [2026-08-09T13:55:03.211+0000] {dag.py:3954} INFO - Setting next_dagrun for lap_time_analysis to None, run_after=None
[2026-08-09T13:55:03.245+0000] {processor.py:183} INFO - Processing /opt/airflow/dags/lap_time_analysis.py took 0.392 seconds
[2026-08-09T13:55:35.967+0000] {processor.py:161} INFO - Started process (PID=745) to work on /opt/airflow/dags/lap_time_analysis.py
[2026-08-09T13:55:35.968+0000] {processor.py:830} INFO - Processing file /opt/airflow/dags/lap_time_analysis.py for tasks to queue
[2026-08-09T13:55:35.970+0000] {logging_mixin.py:188} INFO - [2026-08-09T13:55:35.969+0000] {dagbag.py:545} INFO - Filling up the DagBag from /opt/airflow/dags/lap_time_analysis.py
[2026-08-09T13:55:36.090+0000] {processor.py:840} INFO - DAG(s) 'lap_time_analysis' retrieved from /opt/airflow/dags/lap_time_analysis.py
[2026-08-09T13:55:36.124+0000] {logging_mixin.py:188} INFO - [2026-08-09T13:55:36.124+0000] {dag.py:3096} INFO - Sync 1 DAGs
[2026-08-09T13:55:36.140+0000] {logging_mixin.py:188} INFO - [2026-08-09T13:55:36.139+0000] {dag.py:3954} INFO - Setting next_dagrun for lap_time_analysis to None, run_after=None
[2026-08-09T13:55:36.172+0000] {processor.py:183} INFO - Processing /opt/airflow/dags/lap_time_analysis.py took 0.212 seconds
[2026-08-09T13:56:08.430+0000] {processor.py:161} INFO - Started process (PID=756) to work on /opt/airflow/dags/lap_time_analysis.py
[2026-08-09T13:56:08.432+0000] {processor.py:830} INFO - Processing file /opt/airflow/dags/lap_time_analysis.py for tasks to queue
[2026-08-09T13:56:08.434+0000] {logging_mixin.py:188} INFO - [2026-08-09T13:56:08.433+0000] {dagbag.py:545} INFO - Filling up the DagBag from /opt/airflow/dags/lap_time_analysis.py
[2026-08-09T13:56:08.573+0000] {processor.py:840} INFO - DAG(s) 'lap_time_analysis' retrieved from /opt/airflow/dags/lap_time_analysis.py
[2026-08-09T13:56:08.607+0000] {logging_mixin.py:188} INFO - [2026-08-09T13:56:08.607+0000] {dag.py:3096} INFO - Sync 1 DAGs
[2026-08-09T13:56:08.625+0000] {logging_mixin.py:188} INFO - [2026-08-09T13:56:08.625+0000] {dag.py:3954} INFO - Setting next_dagrun for lap_time_analysis to None, run_after=None
[2026-08-09T13:56:08.655+0000] {processor.py:183} INFO - Processing /opt/airflow/dags/lap_time_analysis.py took 0.233 seconds
[2026-08-09T13:56:41.803+0000] {processor.py:161} INFO - Started process (PID=767) to work on /opt/airflow/dags/lap_time_analysis.py
[2026-08-09T13:56:41.805+0000] {processor.py:830} INFO - Processing file /opt/airflow/dags/lap_time_analysis.py for tasks to queue
[2026-08-09T13:56:41.806+0000] {logging_mixin.py:188} INFO - [2026-08-09T13:56:41.806+0000] {dagbag.py:545} INFO - Filling up the DagBag from /opt/airflow/dags/lap_time_analysis.py
[2026-08-09T13:56:41.918+0000] {processor.py:840} INFO - DAG(s) 'lap_time_analysis' retrieved from /opt/airflow/dags/lap_time_analysis.py
[2026-08-09T13:56:41.950+0000] {logging_mixin.py:188} INFO - [2026-08-09T13:56:41.950+0000] {dag.py:3096} INFO - Sync 1 DAGs
[2026-08-09T13:56:41.969+0000] {logging_mixin.py:188} INFO - [2026-08-09T13:56:41.968+0000] {dag.py:3954} INFO - Setting next_dagrun for lap_time_analysis to None, run_after=None
[2026-08-09T13:56:42.015+0000] {processor.py:183} INFO - Processing /opt/airflow/dags/lap_time_analysis.py took 0.218 seconds
[2026-08-09T13:57:14.176+0000] {processor.py:161} INFO - Started process (PID=778) to work on /opt/airflow/dags/lap_time_analysis.py
[2026-08-09T13:57:14.179+0000] {processor.py:830} INFO - Processing file /opt/airflow/dags/lap_time_analysis.py for tasks to queue
[2026-08-09T13:57:14.182+0000] {logging_mixin.py:188} INFO - [2026-08-09T13:57:14.181+0000] {dagbag.py:545} INFO - Filling up the DagBag from /opt/airflow/dags/lap_time_analysis.py
[2026-08-09T13:57:14.324+0000] {processor.py:840} INFO - DAG(s) 'lap_time_analysis' retrieved from /opt/airflow/dags/lap_time_analysis.py
[2026-08-09T13:57:14.355+0000] {logging_mixin.py:188} INFO - [2026-08-09T13:57:14.354+0000] {dag.py:3096} INFO - Sync 1 DAGs
[2026-08-09T13:57:14.374+0000] {logging_mixin.py:188} INFO - [2026-08-09T13:57:14.374+0000] {dag.py:3954} INFO - Setting next_dagrun for lap_time_analysis to None, run_after=None
[2026-08-09T13:57:14.401+0000] {processor.py:183} INFO - Processing /opt/airflow/dags/lap_time_analysis.py took 0.234 seconds
[2026-08-09T13:57:47.553+0000] {processor.py:161} INFO - Started process (PID=789) to work on /opt/airflow/dags/lap_time_analysis.py
[2026-08-09T13:57:47.555+0000] {processor.py:830} INFO - Processing file /opt/airflow/dags/lap_time_analysis.py for tasks to queue
[2026-08-09T13:57:47.557+0000] {logging_mixin.py:188} INFO - [2026-08-09T13:57:47.557+0000] {dagbag.py:545} INFO - Filling up the DagBag from /opt/airflow/dags/lap_time_analysis.py
[2026-08-09T13:57:47.676+0000] {processor.py:840} INFO - DAG(s) 'lap_time_analysis' retrieved from /opt/airflow/dags/lap_time_analysis.py
[2026-08-09T13:57:47.703+0000] {logging_mixin.py:188} INFO - [2026-08-09T13:57:47.703+0000] {dag.py:3096} INFO - Sync 1 DAGs
[2026-08-09T13:57:47.717+0000] {logging_mixin.py:188} INFO - [2026-08-09T13:57:47.716+0000] {dag.py:3954} INFO - Setting next_dagrun for lap_time_analysis to None, run_after=None
[2026-08-09T13:57:47.741+0000] {processor.py:183} INFO - Processing /opt/airflow/dags/lap_time_analysis.py took 0.195 seconds
[2026-08-09T13:58:20.925+0000] {processor.py:161} INFO - Started process (PID=800) to work on /opt/airflow/dags/lap_time_analysis.py
[2026-08-09T13:58:20.928+0000] {processor.py:830} INFO - Processing file /opt/airflow/dags/lap_time_analysis.py for tasks to queue
[2026-08-09T13:58:20.933+0000] {logging_mixin.py:188} INFO - [2026-08-09T13:58:20.931+0000] {dagbag.py:545} INFO - Filling up the DagBag from /opt/airflow/dags/lap_time_analysis.py
[2026-08-09T13:58:21.350+0000] {processor.py:840} INFO - DAG(s) 'lap_time_analysis' retrieved from /opt/airflow/dags/lap_time_analysis.py
[2026-08-09T13:58:21.710+0000] {logging_mixin.py:188} INFO - [2026-08-09T13:58:21.710+0000] {dag.py:3096} INFO - Sync 1 DAGs
[2026-08-09T13:58:21.794+0000] {logging_mixin.py:188} INFO - [2026-08-09T13:58:21.794+0000] {dag.py:3954} INFO - Setting next_dagrun for lap_time_analysis to None, run_after=None
[2026-08-09T13:58:21.846+0000] {processor.py:183} INFO - Processing /opt/airflow/dags/lap_time_analysis.py took 0.946 seconds
[2026-08-09T13:58:53.160+0000] {processor.py:161} INFO - Started process (PID=811) to work on /opt/airflow/dags/lap_time_analysis.py
[2026-08-09T13:58:53.200+0000] {processor.py:830} INFO - Processing file /opt/airflow/dags/lap_time_analysis.py for tasks to queue
[2026-08-09T13:58:53.206+0000] {logging_mixin.py:188} INFO - [2026-08-09T13:58:53.203+0000] {dagbag.py:545} INFO - Filling up the DagBag from /opt/airflow/dags/lap_time_analysis.py
[2026-08-09T13:58:53.426+0000] {processor.py:840} INFO - DAG(s) 'lap_time_analysis' retrieved from /opt/airflow/dags/lap_time_analysis.py
[2026-08-09T13:58:53.467+0000] {logging_mixin.py:188} INFO - [2026-08-09T13:58:53.467+0000] {dag.py:3096} INFO - Sync 1 DAGs
[2026-08-09T13:58:53.484+0000] {logging_mixin.py:188} INFO - [2026-08-09T13:58:53.483+0000] {dag.py:3954} INFO - Setting next_dagrun for lap_time_analysis to None, run_after=None
[2026-08-09T13:58:53.521+0000] {processor.py:183} INFO - Processing /opt/airflow/dags/lap_time_analysis.py took 0.409 seconds
[2026-08-09T13:59:23.595+0000] {processor.py:161} INFO - Started process (PID=822) to work on /opt/airflow/dags/lap_time_analysis.py
[2026-08-09T13:59:23.597+0000] {processor.py:830} INFO - Processing file /opt/airflow/dags/lap_time_analysis.py for tasks to queue
[2026-08-09T13:59:23.599+0000] {logging_mixin.py:188} INFO - [2026-08-09T13:59:23.598+0000] {dagbag.py:545} INFO - Filling up the DagBag from /opt/airflow/dags/lap_time_analysis.py
[2026-08-09T13:59:23.818+0000] {processor.py:840} INFO - DAG(s) 'lap_time_analysis' retrieved from /opt/airflow/dags/lap_time_analysis.py
[2026-08-09T13:59:23.876+0000] {logging_mixin.py:188} INFO - [2026-08-09T13:59:23.876+0000] {dag.py:3096} INFO - Sync 1 DAGs
[2026-08-09T13:59:23.893+0000] {logging_mixin.py:188} INFO - [2026-08-09T13:59:23.893+0000] {dag.py:3954} INFO - Setting next_dagrun for lap_time_analysis to None, run_after=None
[2026-08-09T13:59:23.921+0000] {processor.py:183} INFO - Processing /opt/airflow/dags/lap_time_analysis.py took 0.332 seconds
[2026-08-09T13:59:54.884+0000] {processor.py:161} INFO - Started process (PID=833) to work on /opt/airflow/dags/lap_time_analysis.py
[2026-08-09T13:59:54.888+0000] {processor.py:830} INFO - Processing file /opt/airflow/dags/lap_time_analysis.py for tasks to queue
[2026-08-09T13:59:54.890+0000] {logging_mixin.py:188} INFO - [2026-08-09T13:59:54.890+0000] {dagbag.py:545} INFO - Filling up the DagBag from /opt/airflow/dags/lap_time_analysis.py
[2026-08-09T13:59:55.024+0000] {processor.py:840} INFO - DAG(s) 'lap_time_analysis' retrieved from /opt/airflow/dags/lap_time_analysis.py
[2026-08-09T13:59:55.058+0000] {logging_mixin.py:188} INFO - [2026-08-09T13:59:55.058+0000] {dag.py:3096} INFO - Sync 1 DAGs
[2026-08-09T13:59:55.071+0000] {logging_mixin.py:188} INFO - [2026-08-09T13:59:55.070+0000] {dag.py:3954} INFO - Setting next_dagrun for lap_time_analysis to None, run_after=None
[2026-08-09T13:59:55.100+0000] {processor.py:183} INFO - Processing /opt/airflow/dags/lap_time_analysis.py took 0.223 seconds
[2026-08-09T14:00:25.266+0000] {processor.py:161} INFO - Started process (PID=844) to work on /opt/airflow/dags/lap_time_analysis.py
[2026-08-09T14:00:25.273+0000] {processor.py:830} INFO - Processing file /opt/airflow/dags/lap_time_analysis.py for tasks to queue
[2026-08-09T14:00:25.277+0000] {logging_mixin.py:188} INFO - [2026-08-09T14:00:25.276+0000] {dagbag.py:545} INFO - Filling up the DagBag from /opt/airflow/dags/lap_time_analysis.py
[2026-08-09T14:00:25.507+0000] {processor.py:840} INFO - DAG(s) 'lap_time_analysis' retrieved from /opt/airflow/dags/lap_time_analysis.py
[2026-08-09T14:00:25.579+0000] {logging_mixin.py:188} INFO - [2026-08-09T14:00:25.579+0000] {dag.py:3096} INFO - Sync 1 DAGs
[2026-08-09T14:00:25.593+0000] {logging_mixin.py:188} INFO - [2026-08-09T14:00:25.593+0000] {dag.py:3954} INFO - Setting next_dagrun for lap_time_analysis to None, run_after=None
[2026-08-09T14:00:25.631+0000] {processor.py:183} INFO - Processing /opt/airflow/dags/lap_time_analysis.py took 0.394 seconds
[2026-08-09T14:00:55.824+0000] {processor.py:161} INFO - Started process (PID=855) to work on /opt/airflow/dags/lap_time_analysis.py
[2026-08-09T14:00:55.825+0000] {processor.py:830} INFO - Processing file /opt/airflow/dags/lap_time_analysis.py for tasks to queue
[2026-08-09T14:00:55.827+0000] {logging_mixin.py:188} INFO - [2026-08-09T14:00:55.827+0000] {dagbag.py:545} INFO - Filling up the DagBag from /opt/airflow/dags/lap_time_analysis.py
[2026-08-09T14:00:55.921+0000] {processor.py:840} INFO - DAG(s) 'lap_time_analysis' retrieved from /opt/airflow/dags/lap_time_analysis.py
[2026-08-09T14:00:55.955+0000] {logging_mixin.py:188} INFO - [2026-08-09T14:00:55.955+0000] {dag.py:3096} INFO - Sync 1 DAGs
[2026-08-09T14:00:55.969+0000] {logging_mixin.py:188} INFO - [2026-08-09T14:00:55.968+0000] {dag.py:3954} INFO - Setting next_dagrun for lap_time_analysis to None, run_after=None
[2026-08-09T14:00:55.990+0000] {processor.py:183} INFO - Processing /opt/airflow/dags/lap_time_analysis.py took 0.171 seconds
[2026-08-09T14:01:26.892+0000] {processor.py:161} INFO - Started process (PID=866) to work on /opt/airflow/dags/lap_time_analysis.py
[2026-08-09T14:01:26.893+0000] {processor.py:830} INFO - Processing file /opt/airflow/dags/lap_time_analysis.py for tasks to queue
[2026-08-09T14:01:26.895+0000] {logging_mixin.py:188} INFO - [2026-08-09T14:01:26.895+0000] {dagbag.py:545} INFO - Filling up the DagBag from /opt/airflow/dags/lap_time_analysis.py
[2026-08-09T14:01:27.036+0000] {processor.py:840} INFO - DAG(s) 'lap_time_analysis' retrieved from /opt/airflow/dags/lap_time_analysis.py
[2026-08-09T14:01:27.067+0000] {logging_mixin.py:188} INFO - [2026-08-09T14:01:27.066+0000] {dag.py:3096} INFO - Sync 1 DAGs
[2026-08-09T14:01:27.082+0000] {logging_mixin.py:188} INFO - [2026-08-09T14:01:27.081+0000] {dag.py:3954} INFO - Setting next_dagrun for lap_time_analysis to None, run_after=None
[2026-08-09T14:01:27.114+0000] {processor.py:183} INFO - Processing /opt/airflow/dags/lap_time_analysis.py took 0.228 seconds
[2026-08-09T14:01:57.403+0000] {processor.py:161} INFO - Started process (PID=877) to work on /opt/airflow/dags/lap_time_analysis.py
[2026-08-09T14:01:57.405+0000] {processor.py:830} INFO - Processing file /opt/airflow/dags/lap_time_analysis.py for tasks to queue
[2026-08-09T14:01:57.407+0000] {logging_mixin.py:188} INFO - [2026-08-09T14:01:57.406+0000] {dagbag.py:545} INFO - Filling up the DagBag from /opt/airflow/dags/lap_time_analysis.py
[2026-08-09T14:01:57.562+0000] {processor.py:840} INFO - DAG(s) 'lap_time_analysis' retrieved from /opt/airflow/dags/lap_time_analysis.py
[2026-08-09T14:01:57.594+0000] {logging_mixin.py:188} INFO - [2026-08-09T14:01:57.594+0000] {dag.py:3096} INFO - Sync 1 DAGs
[2026-08-09T14:01:57.607+0000] {logging_mixin.py:188} INFO - [2026-08-09T14:01:57.607+0000] {dag.py:3954} INFO - Setting next_dagrun for lap_time_analysis to None, run_after=None
[2026-08-09T14:01:57.625+0000] {processor.py:183} INFO - Processing /opt/airflow/dags/lap_time_analysis.py took 0.229 seconds
[2026-08-09T14:02:27.863+0000] {processor.py:161} INFO - Started process (PID=888) to work on /opt/airflow/dags/lap_time_analysis.py
[2026-08-09T14:02:27.865+0000] {processor.py:830} INFO - Processing file /opt/airflow/dags/lap_time_analysis.py for tasks to queue
[2026-08-09T14:02:27.867+0000] {logging_mixin.py:188} INFO - [2026-08-09T14:02:27.866+0000] {dagbag.py:545} INFO - Filling up the DagBag from /opt/airflow/dags/lap_time_analysis.py
[2026-08-09T14:02:28.007+0000] {processor.py:840} INFO - DAG(s) 'lap_time_analysis' retrieved from /opt/airflow/dags/lap_time_analysis.py
[2026-08-09T14:02:28.044+0000] {logging_mixin.py:188} INFO - [2026-08-09T14:02:28.044+0000] {dag.py:3096} INFO - Sync 1 DAGs
[2026-08-09T14:02:28.056+0000] {logging_mixin.py:188} INFO - [2026-08-09T14:02:28.056+0000] {dag.py:3954} INFO - Setting next_dagrun for lap_time_analysis to None, run_after=None
[2026-08-09T14:02:28.077+0000] {processor.py:183} INFO - Processing /opt/airflow/dags/lap_time_analysis.py took 0.223 seconds
[2026-08-09T14:02:58.272+0000] {processor.py:161} INFO - Started process (PID=899) to work on /opt/airflow/dags/lap_time_analysis.py
[2026-08-09T14:02:58.285+0000] {processor.py:830} INFO - Processing file /opt/airflow/dags/lap_time_analysis.py for tasks to queue
[2026-08-09T14:02:58.290+0000] {logging_mixin.py:188} INFO - [2026-08-09T14:02:58.288+0000] {dagbag.py:545} INFO - Filling up the DagBag from /opt/airflow/dags/lap_time_analysis.py
[2026-08-09T14:02:58.583+0000] {processor.py:840} INFO - DAG(s) 'lap_time_analysis' retrieved from /opt/airflow/dags/lap_time_analysis.py
[2026-08-09T14:02:58.645+0000] {logging_mixin.py:188} INFO - [2026-08-09T14:02:58.644+0000] {dag.py:3096} INFO - Sync 1 DAGs
[2026-08-09T14:02:58.665+0000] {logging_mixin.py:188} INFO - [2026-08-09T14:02:58.665+0000] {dag.py:3954} INFO - Setting next_dagrun for lap_time_analysis to None, run_after=None
[2026-08-09T14:02:58.695+0000] {processor.py:183} INFO - Processing /opt/airflow/dags/lap_time_analysis.py took 0.471 seconds
[2026-08-09T14:03:28.797+0000] {processor.py:161} INFO - Started process (PID=910) to work on /opt/airflow/dags/lap_time_analysis.py
[2026-08-09T14:03:28.807+0000] {processor.py:830} INFO - Processing file /opt/airflow/dags/lap_time_analysis.py for tasks to queue
[2026-08-09T14:03:28.812+0000] {logging_mixin.py:188} INFO - [2026-08-09T14:03:28.810+0000] {dagbag.py:545} INFO - Filling up the DagBag from /opt/airflow/dags/lap_time_analysis.py
[2026-08-09T14:03:28.944+0000] {processor.py:840} INFO - DAG(s) 'lap_time_analysis' retrieved from /opt/airflow/dags/lap_time_analysis.py
[2026-08-09T14:03:28.979+0000] {logging_mixin.py:188} INFO - [2026-08-09T14:03:28.978+0000] {dag.py:3096} INFO - Sync 1 DAGs
[2026-08-09T14:03:29.032+0000] {logging_mixin.py:188} INFO - [2026-08-09T14:03:29.031+0000] {dag.py:3954} INFO - Setting next_dagrun for lap_time_analysis to None, run_after=None
[2026-08-09T14:03:29.077+0000] {processor.py:183} INFO - Processing /opt/airflow/dags/lap_time_analysis.py took 0.313 seconds
[2026-08-09T14:06:02.941+0000] {processor.py:161} INFO - Started process (PID=921) to work on /opt/airflow/dags/lap_time_analysis.py
[2026-08-09T14:06:02.988+0000] {processor.py:830} INFO - Processing file /opt/airflow/dags/lap_time_analysis.py for tasks to queue
[2026-08-09T14:06:03.018+0000] {logging_mixin.py:188} INFO - [2026-08-09T14:06:03.006+0000] {dagbag.py:545} INFO - Filling up the DagBag from /opt/airflow/dags/lap_time_analysis.py
[2026-08-09T14:06:06.247+0000] {processor.py:840} INFO - DAG(s) 'lap_time_analysis' retrieved from /opt/airflow/dags/lap_time_analysis.py
[2026-08-09T14:06:06.557+0000] {logging_mixin.py:188} INFO - [2026-08-09T14:06:06.556+0000] {dag.py:3096} INFO - Sync 1 DAGs
[2026-08-09T14:06:06.747+0000] {logging_mixin.py:188} INFO - [2026-08-09T14:06:06.747+0000] {dag.py:3954} INFO - Setting next_dagrun for lap_time_analysis to None, run_after=None
[2026-08-09T14:06:06.953+0000] {processor.py:183} INFO - Processing /opt/airflow/dags/lap_time_analysis.py took 3.888 seconds
[2026-08-09T14:06:38.340+0000] {processor.py:161} INFO - Started process (PID=932) to work on /opt/airflow/dags/lap_time_analysis.py
[2026-08-09T14:06:38.349+0000] {processor.py:830} INFO - Processing file /opt/airflow/dags/lap_time_analysis.py for tasks to queue
[2026-08-09T14:06:38.363+0000] {logging_mixin.py:188} INFO - [2026-08-09T14:06:38.357+0000] {dagbag.py:545} INFO - Filling up the DagBag from /opt/airflow/dags/lap_time_analysis.py
[2026-08-09T14:06:39.592+0000] {processor.py:840} INFO - DAG(s) 'lap_time_analysis' retrieved from /opt/airflow/dags/lap_time_analysis.py
[2026-08-09T14:06:39.926+0000] {logging_mixin.py:188} INFO - [2026-08-09T14:06:39.925+0000] {dag.py:3096} INFO - Sync 1 DAGs
[2026-08-09T14:06:40.100+0000] {logging_mixin.py:188} INFO - [2026-08-09T14:06:40.099+0000] {dag.py:3954} INFO - Setting next_dagrun for lap_time_analysis to None, run_after=None
[2026-08-09T14:06:40.211+0000] {processor.py:183} INFO - Processing /opt/airflow/dags/lap_time_analysis.py took 1.970 seconds
[2026-08-09T14:07:10.921+0000] {processor.py:161} INFO - Started process (PID=943) to work on /opt/airflow/dags/lap_time_analysis.py
[2026-08-09T14:07:10.928+0000] {processor.py:830} INFO - Processing file /opt/airflow/dags/lap_time_analysis.py for tasks to queue
[2026-08-09T14:07:10.936+0000] {logging_mixin.py:188} INFO - [2026-08-09T14:07:10.932+0000] {dagbag.py:545} INFO - Filling up the DagBag from /opt/airflow/dags/lap_time_analysis.py
[2026-08-09T14:07:11.372+0000] {processor.py:840} INFO - DAG(s) 'lap_time_analysis' retrieved from /opt/airflow/dags/lap_time_analysis.py
[2026-08-09T14:07:11.460+0000] {logging_mixin.py:188} INFO - [2026-08-09T14:07:11.459+0000] {dag.py:3096} INFO - Sync 1 DAGs
[2026-08-09T14:07:11.499+0000] {logging_mixin.py:188} INFO - [2026-08-09T14:07:11.498+0000] {dag.py:3954} INFO - Setting next_dagrun for lap_time_analysis to None, run_after=None
[2026-08-09T14:07:11.532+0000] {processor.py:183} INFO - Processing /opt/airflow/dags/lap_time_analysis.py took 0.669 seconds
[2026-08-09T14:07:42.009+0000] {processor.py:161} INFO - Started process (PID=954) to work on /opt/airflow/dags/lap_time_analysis.py
[2026-08-09T14:07:42.029+0000] {processor.py:830} INFO - Processing file /opt/airflow/dags/lap_time_analysis.py for tasks to queue
[2026-08-09T14:07:42.051+0000] {logging_mixin.py:188} INFO - [2026-08-09T14:07:42.040+0000] {dagbag.py:545} INFO - Filling up the DagBag from /opt/airflow/dags/lap_time_analysis.py
[2026-08-09T14:07:42.874+0000] {processor.py:840} INFO - DAG(s) 'lap_time_analysis' retrieved from /opt/airflow/dags/lap_time_analysis.py
[2026-08-09T14:07:42.949+0000] {logging_mixin.py:188} INFO - [2026-08-09T14:07:42.949+0000] {dag.py:3096} INFO - Sync 1 DAGs
[2026-08-09T14:07:42.985+0000] {logging_mixin.py:188} INFO - [2026-08-09T14:07:42.985+0000] {dag.py:3954} INFO - Setting next_dagrun for lap_time_analysis to None, run_after=None
[2026-08-09T14:07:43.081+0000] {processor.py:183} INFO - Processing /opt/airflow/dags/lap_time_analysis.py took 1.208 seconds
[2026-08-09T14:08:13.186+0000] {processor.py:161} INFO - Started process (PID=965) to work on /opt/airflow/dags/lap_time_analysis.py
[2026-08-09T14:08:13.187+0000] {processor.py:830} INFO - Processing file /opt/airflow/dags/lap_time_analysis.py for tasks to queue
[2026-08-09T14:08:13.188+0000] {logging_mixin.py:188} INFO - [2026-08-09T14:08:13.188+0000] {dagbag.py:545} INFO - Filling up the DagBag from /opt/airflow/dags/lap_time_analysis.py
[2026-08-09T14:08:13.503+0000] {processor.py:840} INFO - DAG(s) 'lap_time_analysis' retrieved from /opt/airflow/dags/lap_time_analysis.py
[2026-08-09T14:08:13.558+0000] {logging_mixin.py:188} INFO - [2026-08-09T14:08:13.558+0000] {dag.py:3096} INFO - Sync 1 DAGs
[2026-08-09T14:08:13.573+0000] {logging_mixin.py:188} INFO - [2026-08-09T14:08:13.573+0000] {dag.py:3954} INFO - Setting next_dagrun for lap_time_analysis to None, run_after=None
[2026-08-09T14:08:13.597+0000] {processor.py:183} INFO - Processing /opt/airflow/dags/lap_time_analysis.py took 0.417 seconds
[2026-08-09T14:08:45.182+0000] {processor.py:161} INFO - Started process (PID=976) to work on /opt/airflow/dags/lap_time_analysis.py
[2026-08-09T14:08:45.189+0000] {processor.py:830} INFO - Processing file /opt/airflow/dags/lap_time_analysis.py for tasks to queue
[2026-08-09T14:08:45.198+0000] {logging_mixin.py:188} INFO - [2026-08-09T14:08:45.195+0000] {dagbag.py:545} INFO - Filling up the DagBag from /opt/airflow/dags/lap_time_analysis.py
[2026-08-09T14:08:45.721+0000] {processor.py:840} INFO - DAG(s) 'lap_time_analysis' retrieved from /opt/airflow/dags/lap_time_analysis.py
[2026-08-09T14:08:45.866+0000] {logging_mixin.py:188} INFO - [2026-08-09T14:08:45.865+0000] {dag.py:3096} INFO - Sync 1 DAGs
[2026-08-09T14:08:46.071+0000] {logging_mixin.py:188} INFO - [2026-08-09T14:08:46.070+0000] {dag.py:3954} INFO - Setting next_dagrun for lap_time_analysis to None, run_after=None
[2026-08-09T14:08:46.127+0000] {processor.py:183} INFO - Processing /opt/airflow/dags/lap_time_analysis.py took 0.982 seconds
[2026-08-09T14:09:17.917+0000] {processor.py:161} INFO - Started process (PID=987) to work on /opt/airflow/dags/lap_time_analysis.py
[2026-08-09T14:09:17.919+0000] {processor.py:830} INFO - Processing file /opt/airflow/dags/lap_time_analysis.py for tasks to queue
[2026-08-09T14:09:17.921+0000] {logging_mixin.py:188} INFO - [2026-08-09T14:09:17.921+0000] {dagbag.py:545} INFO - Filling up the DagBag from /opt/airflow/dags/lap_time_analysis.py
[2026-08-09T14:09:18.153+0000] {processor.py:840} INFO - DAG(s) 'lap_time_analysis' retrieved from /opt/airflow/dags/lap_time_analysis.py
[2026-08-09T14:09:18.247+0000] {logging_mixin.py:188} INFO - [2026-08-09T14:09:18.247+0000] {dag.py:3096} INFO - Sync 1 DAGs
[2026-08-09T14:09:18.289+0000] {logging_mixin.py:188} INFO - [2026-08-09T14:09:18.289+0000] {dag.py:3954} INFO - Setting next_dagrun for lap_time_analysis to None, run_after=None
[2026-08-09T14:09:18.335+0000] {processor.py:183} INFO - Processing /opt/airflow/dags/lap_time_analysis.py took 0.425 seconds
[2026-08-09T14:09:50.386+0000] {processor.py:161} INFO - Started process (PID=998) to work on /opt/airflow/dags/lap_time_analysis.py
[2026-08-09T14:09:50.389+0000] {processor.py:830} INFO - Processing file /opt/airflow/dags/lap_time_analysis.py for tasks to queue
[2026-08-09T14:09:50.392+0000] {logging_mixin.py:188} INFO - [2026-08-09T14:09:50.391+0000] {dagbag.py:545} INFO - Filling up the DagBag from /opt/airflow/dags/lap_time_analysis.py
[2026-08-09T14:09:50.635+0000] {processor.py:840} INFO - DAG(s) 'lap_time_analysis' retrieved from /opt/airflow/dags/lap_time_analysis.py
[2026-08-09T14:09:50.662+0000] {logging_mixin.py:188} INFO - [2026-08-09T14:09:50.662+0000] {dag.py:3096} INFO - Sync 1 DAGs
[2026-08-09T14:09:50.674+0000] {logging_mixin.py:188} INFO - [2026-08-09T14:09:50.674+0000] {dag.py:3954} INFO - Setting next_dagrun for lap_time_analysis to None, run_after=None
[2026-08-09T14:09:50.695+0000] {processor.py:183} INFO - Processing /opt/airflow/dags/lap_time_analysis.py took 0.325 seconds
[2026-08-09T14:10:23.342+0000] {processor.py:161} INFO - Started process (PID=1009) to work on /opt/airflow/dags/lap_time_analysis.py
[2026-08-09T14:10:23.344+0000] {processor.py:830} INFO - Processing file /opt/airflow/dags/lap_time_analysis.py for tasks to queue
[2026-08-09T14:10:23.346+0000] {logging_mixin.py:188} INFO - [2026-08-09T14:10:23.346+0000] {dagbag.py:545} INFO - Filling up the DagBag from /opt/airflow/dags/lap_time_analysis.py
[2026-08-09T14:10:23.459+0000] {processor.py:840} INFO - DAG(s) 'lap_time_analysis' retrieved from /opt/airflow/dags/lap_time_analysis.py
[2026-08-09T14:10:23.486+0000] {logging_mixin.py:188} INFO - [2026-08-09T14:10:23.486+0000] {dag.py:3096} INFO - Sync 1 DAGs
[2026-08-09T14:10:23.499+0000] {logging_mixin.py:188} INFO - [2026-08-09T14:10:23.499+0000] {dag.py:3954} INFO - Setting next_dagrun for lap_time_analysis to None, run_after=None
[2026-08-09T14:10:23.523+0000] {processor.py:183} INFO - Processing /opt/airflow/dags/lap_time_analysis.py took 0.189 seconds
[2026-08-09T14:10:56.063+0000] {processor.py:161} INFO - Started process (PID=1020) to work on /opt/airflow/dags/lap_time_analysis.py
[2026-08-09T14:10:56.064+0000] {processor.py:830} INFO - Processing file /opt/airflow/dags/lap_time_analysis.py for tasks to queue
[2026-08-09T14:10:56.065+0000] {logging_mixin.py:188} INFO - [2026-08-09T14:10:56.065+0000] {dagbag.py:545} INFO - Filling up the DagBag from /opt/airflow/dags/lap_time_analysis.py
[2026-08-09T14:10:56.158+0000] {processor.py:840} INFO - DAG(s) 'lap_time_analysis' retrieved from /opt/airflow/dags/lap_time_analysis.py
[2026-08-09T14:10:56.184+0000] {logging_mixin.py:188} INFO - [2026-08-09T14:10:56.183+0000] {dag.py:3096} INFO - Sync 1 DAGs
[2026-08-09T14:10:56.195+0000] {logging_mixin.py:188} INFO - [2026-08-09T14:10:56.195+0000] {dag.py:3954} INFO - Setting next_dagrun for lap_time_analysis to None, run_after=None
[2026-08-09T14:10:56.214+0000] {processor.py:183} INFO - Processing /opt/airflow/dags/lap_time_analysis.py took 0.158 seconds
[2026-08-09T14:11:29.775+0000] {processor.py:161} INFO - Started process (PID=1031) to work on /opt/airflow/dags/lap_time_analysis.py
[2026-08-09T14:11:29.790+0000] {processor.py:830} INFO - Processing file /opt/airflow/dags/lap_time_analysis.py for tasks to queue
[2026-08-09T14:11:29.795+0000] {logging_mixin.py:188} INFO - [2026-08-09T14:11:29.794+0000] {dagbag.py:545} INFO - Filling up the DagBag from /opt/airflow/dags/lap_time_analysis.py
[2026-08-09T14:11:30.564+0000] {processor.py:840} INFO - DAG(s) 'lap_time_analysis' retrieved from /opt/airflow/dags/lap_time_analysis.py
[2026-08-09T14:11:31.004+0000] {logging_mixin.py:188} INFO - [2026-08-09T14:11:31.003+0000] {dag.py:3096} INFO - Sync 1 DAGs
[2026-08-09T14:11:31.133+0000] {logging_mixin.py:188} INFO - [2026-08-09T14:11:31.132+0000] {dag.py:3954} INFO - Setting next_dagrun for lap_time_analysis to None, run_after=None
[2026-08-09T14:11:31.259+0000] {processor.py:183} INFO - Processing /opt/airflow/dags/lap_time_analysis.py took 1.501 seconds
[2026-08-09T14:12:03.905+0000] {processor.py:161} INFO - Started process (PID=1042) to work on /opt/airflow/dags/lap_time_analysis.py
[2026-08-09T14:12:03.951+0000] {processor.py:830} INFO - Processing file /opt/airflow/dags/lap_time_analysis.py for tasks to queue
[2026-08-09T14:12:03.977+0000] {logging_mixin.py:188} INFO - [2026-08-09T14:12:03.966+0000] {dagbag.py:545} INFO - Filling up the DagBag from /opt/airflow/dags/lap_time_analysis.py
[2026-08-09T14:12:07.104+0000] {processor.py:840} INFO - DAG(s) 'lap_time_analysis' retrieved from /opt/airflow/dags/lap_time_analysis.py
[2026-08-09T14:12:07.509+0000] {logging_mixin.py:188} INFO - [2026-08-09T14:12:07.509+0000] {dag.py:3096} INFO - Sync 1 DAGs
[2026-08-09T14:12:07.626+0000] {logging_mixin.py:188} INFO - [2026-08-09T14:12:07.625+0000] {dag.py:3954} INFO - Setting next_dagrun for lap_time_analysis to None, run_after=None
[2026-08-09T14:12:07.712+0000] {processor.py:183} INFO - Processing /opt/airflow/dags/lap_time_analysis.py took 4.021 seconds
[2026-08-09T14:12:38.409+0000] {processor.py:161} INFO - Started process (PID=1053) to work on /opt/airflow/dags/lap_time_analysis.py
[2026-08-09T14:12:38.413+0000] {processor.py:830} INFO - Processing file /opt/airflow/dags/lap_time_analysis.py for tasks to queue
[2026-08-09T14:12:38.419+0000] {logging_mixin.py:188} INFO - [2026-08-09T14:12:38.417+0000] {dagbag.py:545} INFO - Filling up the DagBag from /opt/airflow/dags/lap_time_analysis.py
[2026-08-09T14:12:38.989+0000] {processor.py:840} INFO - DAG(s) 'lap_time_analysis' retrieved from /opt/airflow/dags/lap_time_analysis.py
[2026-08-09T14:12:39.075+0000] {logging_mixin.py:188} INFO - [2026-08-09T14:12:39.074+0000] {dag.py:3096} INFO - Sync 1 DAGs
[2026-08-09T14:12:39.128+0000] {logging_mixin.py:188} INFO - [2026-08-09T14:12:39.128+0000] {dag.py:3954} INFO - Setting next_dagrun for lap_time_analysis to None, run_after=None
[2026-08-09T14:12:39.169+0000] {processor.py:183} INFO - Processing /opt/airflow/dags/lap_time_analysis.py took 0.802 seconds
[2026-08-09T14:13:09.923+0000] {processor.py:161} INFO - Started process (PID=1064) to work on /opt/airflow/dags/lap_time_analysis.py
[2026-08-09T14:13:09.930+0000] {processor.py:830} INFO - Processing file /opt/airflow/dags/lap_time_analysis.py for tasks to queue
[2026-08-09T14:13:09.936+0000] {logging_mixin.py:188} INFO - [2026-08-09T14:13:09.933+0000] {dagbag.py:545} INFO - Filling up the DagBag from /opt/airflow/dags/lap_time_analysis.py
[2026-08-09T14:13:10.426+0000] {processor.py:840} INFO - DAG(s) 'lap_time_analysis' retrieved from /opt/airflow/dags/lap_time_analysis.py
[2026-08-09T14:13:10.523+0000] {logging_mixin.py:188} INFO - [2026-08-09T14:13:10.523+0000] {dag.py:3096} INFO - Sync 1 DAGs
[2026-08-09T14:13:10.586+0000] {logging_mixin.py:188} INFO - [2026-08-09T14:13:10.585+0000] {dag.py:3954} INFO - Setting next_dagrun for lap_time_analysis to None, run_after=None
[2026-08-09T14:13:10.617+0000] {processor.py:183} INFO - Processing /opt/airflow/dags/lap_time_analysis.py took 0.729 seconds
[2026-08-09T14:13:42.676+0000] {processor.py:161} INFO - Started process (PID=1075) to work on /opt/airflow/dags/lap_time_analysis.py
[2026-08-09T14:13:42.687+0000] {processor.py:830} INFO - Processing file /opt/airflow/dags/lap_time_analysis.py for tasks to queue
[2026-08-09T14:13:42.692+0000] {logging_mixin.py:188} INFO - [2026-08-09T14:13:42.691+0000] {dagbag.py:545} INFO - Filling up the DagBag from /opt/airflow/dags/lap_time_analysis.py
[2026-08-09T14:13:43.003+0000] {processor.py:840} INFO - DAG(s) 'lap_time_analysis' retrieved from /opt/airflow/dags/lap_time_analysis.py
[2026-08-09T14:13:43.162+0000] {logging_mixin.py:188} INFO - [2026-08-09T14:13:43.162+0000] {dag.py:3096} INFO - Sync 1 DAGs
[2026-08-09T14:13:43.306+0000] {logging_mixin.py:188} INFO - [2026-08-09T14:13:43.306+0000] {dag.py:3954} INFO - Setting next_dagrun for lap_time_analysis to None, run_after=None
[2026-08-09T14:13:43.398+0000] {processor.py:183} INFO - Processing /opt/airflow/dags/lap_time_analysis.py took 0.779 seconds
[2026-08-09T14:14:15.594+0000] {processor.py:161} INFO - Started process (PID=1086) to work on /opt/airflow/dags/lap_time_analysis.py
[2026-08-09T14:14:15.600+0000] {processor.py:830} INFO - Processing file /opt/airflow/dags/lap_time_analysis.py for tasks to queue
[2026-08-09T14:14:15.605+0000] {logging_mixin.py:188} INFO - [2026-08-09T14:14:15.603+0000] {dagbag.py:545} INFO - Filling up the DagBag from /opt/airflow/dags/lap_time_analysis.py
[2026-08-09T14:14:15.875+0000] {processor.py:840} INFO - DAG(s) 'lap_time_analysis' retrieved from /opt/airflow/dags/lap_time_analysis.py
[2026-08-09T14:14:15.973+0000] {logging_mixin.py:188} INFO - [2026-08-09T14:14:15.972+0000] {dag.py:3096} INFO - Sync 1 DAGs
[2026-08-09T14:14:16.044+0000] {logging_mixin.py:188} INFO - [2026-08-09T14:14:16.043+0000] {dag.py:3954} INFO - Setting next_dagrun for lap_time_analysis to None, run_after=None
[2026-08-09T14:14:16.091+0000] {processor.py:183} INFO - Processing /opt/airflow/dags/lap_time_analysis.py took 0.515 seconds
[2026-08-09T14:14:49.260+0000] {processor.py:161} INFO - Started process (PID=1097) to work on /opt/airflow/dags/lap_time_analysis.py
[2026-08-09T14:14:49.274+0000] {processor.py:830} INFO - Processing file /opt/airflow/dags/lap_time_analysis.py for tasks to queue
[2026-08-09T14:14:49.285+0000] {logging_mixin.py:188} INFO - [2026-08-09T14:14:49.280+0000] {dagbag.py:545} INFO - Filling up the DagBag from /opt/airflow/dags/lap_time_analysis.py
[2026-08-09T14:14:51.028+0000] {processor.py:840} INFO - DAG(s) 'lap_time_analysis' retrieved from /opt/airflow/dags/lap_time_analysis.py
[2026-08-09T14:14:51.288+0000] {logging_mixin.py:188} INFO - [2026-08-09T14:14:51.287+0000] {dag.py:3096} INFO - Sync 1 DAGs
[2026-08-09T14:14:51.388+0000] {logging_mixin.py:188} INFO - [2026-08-09T14:14:51.388+0000] {dag.py:3954} INFO - Setting next_dagrun for lap_time_analysis to None, run_after=None
[2026-08-09T14:14:51.527+0000] {processor.py:183} INFO - Processing /opt/airflow/dags/lap_time_analysis.py took 2.334 seconds
[2026-08-09T14:15:22.656+0000] {processor.py:161} INFO - Started process (PID=1108) to work on /opt/airflow/dags/lap_time_analysis.py
[2026-08-09T14:15:22.668+0000] {processor.py:830} INFO - Processing file /opt/airflow/dags/lap_time_analysis.py for tasks to queue
[2026-08-09T14:15:22.678+0000] {logging_mixin.py:188} INFO - [2026-08-09T14:15:22.674+0000] {dagbag.py:545} INFO - Filling up the DagBag from /opt/airflow/dags/lap_time_analysis.py
[2026-08-09T14:15:23.248+0000] {processor.py:840} INFO - DAG(s) 'lap_time_analysis' retrieved from /opt/airflow/dags/lap_time_analysis.py
[2026-08-09T14:15:23.368+0000] {logging_mixin.py:188} INFO - [2026-08-09T14:15:23.368+0000] {dag.py:3096} INFO - Sync 1 DAGs
[2026-08-09T14:15:23.433+0000] {logging_mixin.py:188} INFO - [2026-08-09T14:15:23.432+0000] {dag.py:3954} INFO - Setting next_dagrun for lap_time_analysis to None, run_after=None
[2026-08-09T14:15:23.491+0000] {processor.py:183} INFO - Processing /opt/airflow/dags/lap_time_analysis.py took 0.898 seconds
[2026-08-09T14:15:54.694+0000] {processor.py:161} INFO - Started process (PID=1119) to work on /opt/airflow/dags/lap_time_analysis.py
[2026-08-09T14:15:54.697+0000] {processor.py:830} INFO - Processing file /opt/airflow/dags/lap_time_analysis.py for tasks to queue
[2026-08-09T14:15:54.699+0000] {logging_mixin.py:188} INFO - [2026-08-09T14:15:54.699+0000] {dagbag.py:545} INFO - Filling up the DagBag from /opt/airflow/dags/lap_time_analysis.py
[2026-08-09T14:15:54.825+0000] {processor.py:840} INFO - DAG(s) 'lap_time_analysis' retrieved from /opt/airflow/dags/lap_time_analysis.py
[2026-08-09T14:15:54.852+0000] {logging_mixin.py:188} INFO - [2026-08-09T14:15:54.852+0000] {dag.py:3096} INFO - Sync 1 DAGs
[2026-08-09T14:15:54.887+0000] {logging_mixin.py:188} INFO - [2026-08-09T14:15:54.886+0000] {dag.py:3954} INFO - Setting next_dagrun for lap_time_analysis to None, run_after=None
[2026-08-09T14:15:54.938+0000] {processor.py:183} INFO - Processing /opt/airflow/dags/lap_time_analysis.py took 0.254 seconds
[2026-08-09T14:16:25.348+0000] {processor.py:161} INFO - Started process (PID=1130) to work on /opt/airflow/dags/lap_time_analysis.py
[2026-08-09T14:16:25.352+0000] {processor.py:830} INFO - Processing file /opt/airflow/dags/lap_time_analysis.py for tasks to queue
[2026-08-09T14:16:25.355+0000] {logging_mixin.py:188} INFO - [2026-08-09T14:16:25.354+0000] {dagbag.py:545} INFO - Filling up the DagBag from /opt/airflow/dags/lap_time_analysis.py
[2026-08-09T14:16:27.732+0000] {processor.py:840} INFO - DAG(s) 'lap_time_analysis' retrieved from /opt/airflow/dags/lap_time_analysis.py
[2026-08-09T14:16:27.778+0000] {logging_mixin.py:188} INFO - [2026-08-09T14:16:27.777+0000] {dag.py:3096} INFO - Sync 1 DAGs
[2026-08-09T14:16:27.797+0000] {logging_mixin.py:188} INFO - [2026-08-09T14:16:27.797+0000] {dag.py:3954} INFO - Setting next_dagrun for lap_time_analysis to None, run_after=None
[2026-08-09T14:16:27.825+0000] {processor.py:183} INFO - Processing /opt/airflow/dags/lap_time_analysis.py took 0.399 seconds
[2026-08-09T14:17:00.725+0000] {processor.py:161} INFO - Started process (PID=1141) to work on /opt/airflow/dags/lap_time_analysis.py
[2026-08-09T14:17:00.727+0000] {processor.py:830} INFO - Processing file /opt/airflow/dags/lap_time_analysis.py for tasks to queue
[2026-08-09T14:17:00.731+0000] {logging_mixin.py:188} INFO - [2026-08-09T14:17:00.730+0000] {dagbag.py:545} INFO - Filling up the DagBag from /opt/airflow/dags/lap_time_analysis.py
[2026-08-09T14:17:01.046+0000] {processor.py:840} INFO - DAG(s) 'lap_time_analysis' retrieved from /opt/airflow/dags/lap_time_analysis.py
[2026-08-09T14:17:01.100+0000] {logging_mixin.py:188} INFO - [2026-08-09T14:17:01.099+0000] {dag.py:3096} INFO - Sync 1 DAGs
[2026-08-09T14:17:01.172+0000] {logging_mixin.py:188} INFO - [2026-08-09T14:17:01.172+0000] {dag.py:3954} INFO - Setting next_dagrun for lap_time_analysis to None, run_after=None
[2026-08-09T14:17:01.213+0000] {processor.py:183} INFO - Processing /opt/airflow/dags/lap_time_analysis.py took 0.530 seconds
[2026-08-09T14:17:33.645+0000] {processor.py:161} INFO - Started process (PID=1152) to work on /opt/airflow/dags/lap_time_analysis.py
[2026-08-09T14:17:33.658+0000] {processor.py:830} INFO - Processing file /opt/airflow/dags/lap_time_analysis.py for tasks to queue
[2026-08-09T14:17:33.665+0000] {logging_mixin.py:188} INFO - [2026-08-09T14:17:33.662+0000] {dagbag.py:545} INFO - Filling up the DagBag from /opt/airflow/dags/lap_time_analysis.py
[2026-08-09T14:17:34.230+0000] {processor.py:840} INFO - DAG(s) 'lap_time_analysis' retrieved from /opt/airflow/dags/lap_time_analysis.py
[2026-08-09T14:17:34.297+0000] {logging_mixin.py:188} INFO - [2026-08-09T14:17:34.297+0000] {dag.py:3096} INFO - Sync 1 DAGs
[2026-08-09T14:17:34.328+0000] {logging_mixin.py:188} INFO - [2026-08-09T14:17:34.328+0000] {dag.py:3954} INFO - Setting next_dagrun for lap_time_analysis to None, run_after=None
[2026-08-09T14:17:34.358+0000] {processor.py:183} INFO - Processing /opt/airflow/dags/lap_time_analysis.py took 0.826 seconds
[2026-08-09T14:18:06.910+0000] {processor.py:161} INFO - Started process (PID=1163) to work on /opt/airflow/dags/lap_time_analysis.py
[2026-08-09T14:18:06.916+0000] {processor.py:830} INFO - Processing file /opt/airflow/dags/lap_time_analysis.py for tasks to queue
[2026-08-09T14:18:06.920+0000] {logging_mixin.py:188} INFO - [2026-08-09T14:18:06.918+0000] {dagbag.py:545} INFO - Filling up the DagBag from /opt/airflow/dags/lap_time_analysis.py
[2026-08-09T14:18:07.136+0000] {processor.py:840} INFO - DAG(s) 'lap_time_analysis' retrieved from /opt/airflow/dags/lap_time_analysis.py
[2026-08-09T14:18:07.173+0000] {logging_mixin.py:188} INFO - [2026-08-09T14:18:07.173+0000] {dag.py:3096} INFO - Sync 1 DAGs
[2026-08-09T14:18:07.197+0000] {logging_mixin.py:188} INFO - [2026-08-09T14:18:07.197+0000] {dag.py:3954} INFO - Setting next_dagrun for lap_time_analysis to None, run_after=None
[2026-08-09T14:18:07.218+0000] {processor.py:183} INFO - Processing /opt/airflow/dags/lap_time_analysis.py took 0.347 seconds
[2026-08-09T14:18:37.340+0000] {processor.py:161} INFO - Started process (PID=1174) to work on /opt/airflow/dags/lap_time_analysis.py
[2026-08-09T14:18:37.342+0000] {processor.py:830} INFO - Processing file /opt/airflow/dags/lap_time_analysis.py for tasks to queue
[2026-08-09T14:18:37.343+0000] {logging_mixin.py:188} INFO - [2026-08-09T14:18:37.343+0000] {dagbag.py:545} INFO - Filling up the DagBag from /opt/airflow/dags/lap_time_analysis.py
[2026-08-09T14:18:39.572+0000] {processor.py:840} INFO - DAG(s) 'lap_time_analysis' retrieved from /opt/airflow/dags/lap_time_analysis.py
[2026-08-09T14:18:39.596+0000] {logging_mixin.py:188} INFO - [2026-08-09T14:18:39.596+0000] {dag.py:3096} INFO - Sync 1 DAGs
[2026-08-09T14:18:39.611+0000] {logging_mixin.py:188} INFO - [2026-08-09T14:18:39.611+0000] {dag.py:3954} INFO - Setting next_dagrun for lap_time_analysis to None, run_after=None
[2026-08-09T14:18:39.633+0000] {processor.py:183} INFO - Processing /opt/airflow/dags/lap_time_analysis.py took 0.169 seconds
[2026-08-09T14:19:12.945+0000] {processor.py:161} INFO - Started process (PID=1185) to work on /opt/airflow/dags/lap_time_analysis.py
[2026-08-09T14:19:12.947+0000] {processor.py:830} INFO - Processing file /opt/airflow/dags/lap_time_analysis.py for tasks to queue
[2026-08-09T14:19:12.949+0000] {logging_mixin.py:188} INFO - [2026-08-09T14:19:12.949+0000] {dagbag.py:545} INFO - Filling up the DagBag from /opt/airflow/dags/lap_time_analysis.py
[2026-08-09T14:19:13.215+0000] {processor.py:840} INFO - DAG(s) 'lap_time_analysis' retrieved from /opt/airflow/dags/lap_time_analysis.py
[2026-08-09T14:19:13.286+0000] {logging_mixin.py:188} INFO - [2026-08-09T14:19:13.285+0000] {dag.py:3096} INFO - Sync 1 DAGs
[2026-08-09T14:19:13.300+0000] {logging_mixin.py:188} INFO - [2026-08-09T14:19:13.300+0000] {dag.py:3954} INFO - Setting next_dagrun for lap_time_analysis to None, run_after=None
[2026-08-09T14:19:13.323+0000] {processor.py:183} INFO - Processing /opt/airflow/dags/lap_time_analysis.py took 0.383 seconds
[2026-08-09T14:19:45.580+0000] {processor.py:161} INFO - Started process (PID=1196) to work on /opt/airflow/dags/lap_time_analysis.py
[2026-08-09T14:19:45.581+0000] {processor.py:830} INFO - Processing file /opt/airflow/dags/lap_time_analysis.py for tasks to queue
[2026-08-09T14:19:45.583+0000] {logging_mixin.py:188} INFO - [2026-08-09T14:19:45.583+0000] {dagbag.py:545} INFO - Filling up the DagBag from /opt/airflow/dags/lap_time_analysis.py
[2026-08-09T14:19:45.675+0000] {processor.py:840} INFO - DAG(s) 'lap_time_analysis' retrieved from /opt/airflow/dags/lap_time_analysis.py
[2026-08-09T14:19:45.704+0000] {logging_mixin.py:188} INFO - [2026-08-09T14:19:45.704+0000] {dag.py:3096} INFO - Sync 1 DAGs
[2026-08-09T14:19:45.716+0000] {logging_mixin.py:188} INFO - [2026-08-09T14:19:45.716+0000] {dag.py:3954} INFO - Setting next_dagrun for lap_time_analysis to None, run_after=None
[2026-08-09T14:19:45.736+0000] {processor.py:183} INFO - Processing /opt/airflow/dags/lap_time_analysis.py took 0.162 seconds
[2026-08-09T14:20:16.292+0000] {processor.py:161} INFO - Started process (PID=1207) to work on /opt/airflow/dags/lap_time_analysis.py
[2026-08-09T14:20:16.293+0000] {processor.py:830} INFO - Processing file /opt/airflow/dags/lap_time_analysis.py for tasks to queue
[2026-08-09T14:20:16.295+0000] {logging_mixin.py:188} INFO - [2026-08-09T14:20:16.294+0000] {dagbag.py:545} INFO - Filling up the DagBag from /opt/airflow/dags/lap_time_analysis.py
[2026-08-09T14:20:16.390+0000] {processor.py:840} INFO - DAG(s) 'lap_time_analysis' retrieved from /opt/airflow/dags/lap_time_analysis.py
[2026-08-09T14:20:16.415+0000] {logging_mixin.py:188} INFO - [2026-08-09T14:20:16.415+0000] {dag.py:3096} INFO - Sync 1 DAGs
[2026-08-09T14:20:18.559+0000] {logging_mixin.py:188} INFO - [2026-08-09T14:20:18.559+0000] {dag.py:3954} INFO - Setting next_dagrun for lap_time_analysis to None, run_after=None
[2026-08-09T14:20:18.579+0000] {processor.py:183} INFO - Processing /opt/airflow/dags/lap_time_analysis.py took 0.161 seconds
[2026-08-09T14:20:51.870+0000] {processor.py:161} INFO - Started process (PID=1218) to work on /opt/airflow/dags/lap_time_analysis.py
[2026-08-09T14:20:51.873+0000] {processor.py:830} INFO - Processing file /opt/airflow/dags/lap_time_analysis.py for tasks to queue
[2026-08-09T14:20:51.876+0000] {logging_mixin.py:188} INFO - [2026-08-09T14:20:51.875+0000] {dagbag.py:545} INFO - Filling up the DagBag from /opt/airflow/dags/lap_time_analysis.py
[2026-08-09T14:20:51.994+0000] {processor.py:840} INFO - DAG(s) 'lap_time_analysis' retrieved from /opt/airflow/dags/lap_time_analysis.py
[2026-08-09T14:20:52.025+0000] {logging_mixin.py:188} INFO - [2026-08-09T14:20:52.025+0000] {dag.py:3096} INFO - Sync 1 DAGs
[2026-08-09T14:20:52.039+0000] {logging_mixin.py:188} INFO - [2026-08-09T14:20:52.039+0000] {dag.py:3954} INFO - Setting next_dagrun for lap_time_analysis to None, run_after=None
[2026-08-09T14:20:52.063+0000] {processor.py:183} INFO - Processing /opt/airflow/dags/lap_time_analysis.py took 0.200 seconds
[2026-08-09T14:21:25.049+0000] {processor.py:161} INFO - Started process (PID=1229) to work on /opt/airflow/dags/lap_time_analysis.py
[2026-08-09T14:21:25.054+0000] {processor.py:830} INFO - Processing file /opt/airflow/dags/lap_time_analysis.py for tasks to queue
[2026-08-09T14:21:25.057+0000] {logging_mixin.py:188} INFO - [2026-08-09T14:21:25.057+0000] {dagbag.py:545} INFO - Filling up the DagBag from /opt/airflow/dags/lap_time_analysis.py
[2026-08-09T14:21:25.383+0000] {processor.py:840} INFO - DAG(s) 'lap_time_analysis' retrieved from /opt/airflow/dags/lap_time_analysis.py
[2026-08-09T14:21:25.436+0000] {logging_mixin.py:188} INFO - [2026-08-09T14:21:25.436+0000] {dag.py:3096} INFO - Sync 1 DAGs
[2026-08-09T14:21:25.465+0000] {logging_mixin.py:188} INFO - [2026-08-09T14:21:25.465+0000] {dag.py:3954} INFO - Setting next_dagrun for lap_time_analysis to None, run_after=None
[2026-08-09T14:21:25.503+0000] {processor.py:183} INFO - Processing /opt/airflow/dags/lap_time_analysis.py took 0.485 seconds
[2026-08-09T14:21:58.920+0000] {processor.py:161} INFO - Started process (PID=1240) to work on /opt/airflow/dags/lap_time_analysis.py
[2026-08-09T14:21:59.142+0000] {processor.py:830} INFO - Processing file /opt/airflow/dags/lap_time_analysis.py for tasks to queue
[2026-08-09T14:21:59.145+0000] {logging_mixin.py:188} INFO - [2026-08-09T14:21:59.144+0000] {dagbag.py:545} INFO - Filling up the DagBag from /opt/airflow/dags/lap_time_analysis.py
[2026-08-09T14:22:00.620+0000] {processor.py:840} INFO - DAG(s) 'lap_time_analysis' retrieved from /opt/airflow/dags/lap_time_analysis.py
[2026-08-09T14:22:01.344+0000] {logging_mixin.py:188} INFO - [2026-08-09T14:22:01.342+0000] {dag.py:3096} INFO - Sync 1 DAGs
[2026-08-09T14:22:01.529+0000] {logging_mixin.py:188} INFO - [2026-08-09T14:22:01.528+0000] {dag.py:3954} INFO - Setting next_dagrun for lap_time_analysis to None, run_after=None
[2026-08-09T14:22:01.619+0000] {processor.py:183} INFO - Processing /opt/airflow/dags/lap_time_analysis.py took 3.413 seconds
[2026-08-09T14:22:32.163+0000] {processor.py:161} INFO - Started process (PID=1251) to work on /opt/airflow/dags/lap_time_analysis.py
[2026-08-09T14:22:32.181+0000] {processor.py:830} INFO - Processing file /opt/airflow/dags/lap_time_analysis.py for tasks to queue
[2026-08-09T14:22:32.211+0000] {logging_mixin.py:188} INFO - [2026-08-09T14:22:32.208+0000] {dagbag.py:545} INFO - Filling up the DagBag from /opt/airflow/dags/lap_time_analysis.py
[2026-08-09T14:22:33.396+0000] {processor.py:840} INFO - DAG(s) 'lap_time_analysis' retrieved from /opt/airflow/dags/lap_time_analysis.py
[2026-08-09T14:22:33.510+0000] {logging_mixin.py:188} INFO - [2026-08-09T14:22:33.510+0000] {dag.py:3096} INFO - Sync 1 DAGs
[2026-08-09T14:22:33.621+0000] {logging_mixin.py:188} INFO - [2026-08-09T14:22:33.620+0000] {dag.py:3954} INFO - Setting next_dagrun for lap_time_analysis to None, run_after=None
[2026-08-09T14:22:33.749+0000] {processor.py:183} INFO - Processing /opt/airflow/dags/lap_time_analysis.py took 1.596 seconds
[2026-08-09T14:23:04.360+0000] {processor.py:161} INFO - Started process (PID=1262) to work on /opt/airflow/dags/lap_time_analysis.py
[2026-08-09T14:23:04.361+0000] {processor.py:830} INFO - Processing file /opt/airflow/dags/lap_time_analysis.py for tasks to queue
[2026-08-09T14:23:04.362+0000] {logging_mixin.py:188} INFO - [2026-08-09T14:23:04.362+0000] {dagbag.py:545} INFO - Filling up the DagBag from /opt/airflow/dags/lap_time_analysis.py
[2026-08-09T14:23:04.486+0000] {processor.py:840} INFO - DAG(s) 'lap_time_analysis' retrieved from /opt/airflow/dags/lap_time_analysis.py
[2026-08-09T14:23:04.539+0000] {logging_mixin.py:188} INFO - [2026-08-09T14:23:04.538+0000] {dag.py:3096} INFO - Sync 1 DAGs
[2026-08-09T14:23:04.561+0000] {logging_mixin.py:188} INFO - [2026-08-09T14:23:04.560+0000] {dag.py:3954} INFO - Setting next_dagrun for lap_time_analysis to None, run_after=None
[2026-08-09T14:23:04.589+0000] {processor.py:183} INFO - Processing /opt/airflow/dags/lap_time_analysis.py took 0.235 seconds
[2026-08-09T14:23:37.790+0000] {processor.py:161} INFO - Started process (PID=1273) to work on /opt/airflow/dags/lap_time_analysis.py
[2026-08-09T14:23:37.794+0000] {processor.py:830} INFO - Processing file /opt/airflow/dags/lap_time_analysis.py for tasks to queue
[2026-08-09T14:23:37.798+0000] {logging_mixin.py:188} INFO - [2026-08-09T14:23:37.798+0000] {dagbag.py:545} INFO - Filling up the DagBag from /opt/airflow/dags/lap_time_analysis.py
[2026-08-09T14:23:38.066+0000] {processor.py:840} INFO - DAG(s) 'lap_time_analysis' retrieved from /opt/airflow/dags/lap_time_analysis.py
[2026-08-09T14:23:38.115+0000] {logging_mixin.py:188} INFO - [2026-08-09T14:23:38.113+0000] {dag.py:3096} INFO - Sync 1 DAGs
[2026-08-09T14:23:38.142+0000] {logging_mixin.py:188} INFO - [2026-08-09T14:23:38.142+0000] {dag.py:3954} INFO - Setting next_dagrun for lap_time_analysis to None, run_after=None
[2026-08-09T14:23:38.172+0000] {processor.py:183} INFO - Processing /opt/airflow/dags/lap_time_analysis.py took 0.393 seconds
[2026-08-09T14:24:10.512+0000] {processor.py:161} INFO - Started process (PID=1284) to work on /opt/airflow/dags/lap_time_analysis.py
[2026-08-09T14:24:10.518+0000] {processor.py:830} INFO - Processing file /opt/airflow/dags/lap_time_analysis.py for tasks to queue
[2026-08-09T14:24:10.528+0000] {logging_mixin.py:188} INFO - [2026-08-09T14:24:10.524+0000] {dagbag.py:545} INFO - Filling up the DagBag from /opt/airflow/dags/lap_time_analysis.py
[2026-08-09T14:24:11.033+0000] {processor.py:840} INFO - DAG(s) 'lap_time_analysis' retrieved from /opt/airflow/dags/lap_time_analysis.py
[2026-08-09T14:24:11.141+0000] {logging_mixin.py:188} INFO - [2026-08-09T14:24:11.141+0000] {dag.py:3096} INFO - Sync 1 DAGs
[2026-08-09T14:24:11.215+0000] {logging_mixin.py:188} INFO - [2026-08-09T14:24:11.215+0000] {dag.py:3954} INFO - Setting next_dagrun for lap_time_analysis to None, run_after=None
[2026-08-09T14:24:11.271+0000] {processor.py:183} INFO - Processing /opt/airflow/dags/lap_time_analysis.py took 0.777 seconds
[2026-08-09T14:24:43.765+0000] {processor.py:161} INFO - Started process (PID=1295) to work on /opt/airflow/dags/lap_time_analysis.py
[2026-08-09T14:24:43.768+0000] {processor.py:830} INFO - Processing file /opt/airflow/dags/lap_time_analysis.py for tasks to queue
[2026-08-09T14:24:43.769+0000] {logging_mixin.py:188} INFO - [2026-08-09T14:24:43.769+0000] {dagbag.py:545} INFO - Filling up the DagBag from /opt/airflow/dags/lap_time_analysis.py
[2026-08-09T14:24:43.894+0000] {processor.py:840} INFO - DAG(s) 'lap_time_analysis' retrieved from /opt/airflow/dags/lap_time_analysis.py
[2026-08-09T14:24:43.927+0000] {logging_mixin.py:188} INFO - [2026-08-09T14:24:43.926+0000] {dag.py:3096} INFO - Sync 1 DAGs
[2026-08-09T14:24:43.946+0000] {logging_mixin.py:188} INFO - [2026-08-09T14:24:43.945+0000] {dag.py:3954} INFO - Setting next_dagrun for lap_time_analysis to None, run_after=None
[2026-08-09T14:24:43.973+0000] {processor.py:183} INFO - Processing /opt/airflow/dags/lap_time_analysis.py took 0.221 seconds
[2026-08-09T14:25:14.165+0000] {processor.py:161} INFO - Started process (PID=1306) to work on /opt/airflow/dags/lap_time_analysis.py
[2026-08-09T14:25:14.166+0000] {processor.py:830} INFO - Processing file /opt/airflow/dags/lap_time_analysis.py for tasks to queue
[2026-08-09T14:25:14.168+0000] {logging_mixin.py:188} INFO - [2026-08-09T14:25:14.167+0000] {dagbag.py:545} INFO - Filling up the DagBag from /opt/airflow/dags/lap_time_analysis.py
[2026-08-09T14:25:16.412+0000] {processor.py:840} INFO - DAG(s) 'lap_time_analysis' retrieved from /opt/airflow/dags/lap_time_analysis.py
[2026-08-09T14:25:16.444+0000] {logging_mixin.py:188} INFO - [2026-08-09T14:25:16.443+0000] {dag.py:3096} INFO - Sync 1 DAGs
[2026-08-09T14:25:16.456+0000] {logging_mixin.py:188} INFO - [2026-08-09T14:25:16.456+0000] {dag.py:3954} INFO - Setting next_dagrun for lap_time_analysis to None, run_after=None
[2026-08-09T14:25:16.479+0000] {processor.py:183} INFO - Processing /opt/airflow/dags/lap_time_analysis.py took 0.178 seconds
[2026-08-09T14:25:49.791+0000] {processor.py:161} INFO - Started process (PID=1317) to work on /opt/airflow/dags/lap_time_analysis.py
[2026-08-09T14:25:49.792+0000] {processor.py:830} INFO - Processing file /opt/airflow/dags/lap_time_analysis.py for tasks to queue
[2026-08-09T14:25:49.794+0000] {logging_mixin.py:188} INFO - [2026-08-09T14:25:49.793+0000] {dagbag.py:545} INFO - Filling up the DagBag from /opt/airflow/dags/lap_time_analysis.py
[2026-08-09T14:25:49.933+0000] {processor.py:840} INFO - DAG(s) 'lap_time_analysis' retrieved from /opt/airflow/dags/lap_time_analysis.py
[2026-08-09T14:25:49.963+0000] {logging_mixin.py:188} INFO - [2026-08-09T14:25:49.962+0000] {dag.py:3096} INFO - Sync 1 DAGs
[2026-08-09T14:25:49.981+0000] {logging_mixin.py:188} INFO - [2026-08-09T14:25:49.981+0000] {dag.py:3954} INFO - Setting next_dagrun for lap_time_analysis to None, run_after=None
[2026-08-09T14:25:50.013+0000] {processor.py:183} INFO - Processing /opt/airflow/dags/lap_time_analysis.py took 0.228 seconds
[2026-08-09T14:26:23.148+0000] {processor.py:161} INFO - Started process (PID=1328) to work on /opt/airflow/dags/lap_time_analysis.py
[2026-08-09T14:26:23.150+0000] {processor.py:830} INFO - Processing file /opt/airflow/dags/lap_time_analysis.py for tasks to queue
[2026-08-09T14:26:23.152+0000] {logging_mixin.py:188} INFO - [2026-08-09T14:26:23.152+0000] {dagbag.py:545} INFO - Filling up the DagBag from /opt/airflow/dags/lap_time_analysis.py
[2026-08-09T14:26:23.337+0000] {processor.py:840} INFO - DAG(s) 'lap_time_analysis' retrieved from /opt/airflow/dags/lap_time_analysis.py
[2026-08-09T14:26:23.378+0000] {logging_mixin.py:188} INFO - [2026-08-09T14:26:23.378+0000] {dag.py:3096} INFO - Sync 1 DAGs
[2026-08-09T14:26:23.398+0000] {logging_mixin.py:188} INFO - [2026-08-09T14:26:23.397+0000] {dag.py:3954} INFO - Setting next_dagrun for lap_time_analysis to None, run_after=None
[2026-08-09T14:26:23.453+0000] {processor.py:183} INFO - Processing /opt/airflow/dags/lap_time_analysis.py took 0.321 seconds
[2026-08-09T14:26:55.798+0000] {processor.py:161} INFO - Started process (PID=1339) to work on /opt/airflow/dags/lap_time_analysis.py
[2026-08-09T14:26:55.799+0000] {processor.py:830} INFO - Processing file /opt/airflow/dags/lap_time_analysis.py for tasks to queue
[2026-08-09T14:26:55.801+0000] {logging_mixin.py:188} INFO - [2026-08-09T14:26:55.800+0000] {dagbag.py:545} INFO - Filling up the DagBag from /opt/airflow/dags/lap_time_analysis.py
[2026-08-09T14:26:55.900+0000] {processor.py:840} INFO - DAG(s) 'lap_time_analysis' retrieved from /opt/airflow/dags/lap_time_analysis.py
[2026-08-09T14:26:55.929+0000] {logging_mixin.py:188} INFO - [2026-08-09T14:26:55.929+0000] {dag.py:3096} INFO - Sync 1 DAGs
[2026-08-09T14:26:55.940+0000] {logging_mixin.py:188} INFO - [2026-08-09T14:26:55.940+0000] {dag.py:3954} INFO - Setting next_dagrun for lap_time_analysis to None, run_after=None
[2026-08-09T14:26:55.963+0000] {processor.py:183} INFO - Processing /opt/airflow/dags/lap_time_analysis.py took 0.172 seconds
[2026-08-09T14:27:29.247+0000] {processor.py:161} INFO - Started process (PID=1350) to work on /opt/airflow/dags/lap_time_analysis.py
[2026-08-09T14:27:29.261+0000] {processor.py:830} INFO - Processing file /opt/airflow/dags/lap_time_analysis.py for tasks to queue
[2026-08-09T14:27:29.266+0000] {logging_mixin.py:188} INFO - [2026-08-09T14:27:29.265+0000] {dagbag.py:545} INFO - Filling up the DagBag from /opt/airflow/dags/lap_time_analysis.py
[2026-08-09T14:27:29.626+0000] {processor.py:840} INFO - DAG(s) 'lap_time_analysis' retrieved from /opt/airflow/dags/lap_time_analysis.py
[2026-08-09T14:27:29.694+0000] {logging_mixin.py:188} INFO - [2026-08-09T14:27:29.694+0000] {dag.py:3096} INFO - Sync 1 DAGs
[2026-08-09T14:27:29.741+0000] {logging_mixin.py:188} INFO - [2026-08-09T14:27:29.740+0000] {dag.py:3954} INFO - Setting next_dagrun for lap_time_analysis to None, run_after=None
[2026-08-09T14:27:29.786+0000] {processor.py:183} INFO - Processing /opt/airflow/dags/lap_time_analysis.py took 0.581 seconds
[2026-08-09T14:28:02.230+0000] {processor.py:161} INFO - Started process (PID=1361) to work on /opt/airflow/dags/lap_time_analysis.py
[2026-08-09T14:28:02.234+0000] {processor.py:830} INFO - Processing file /opt/airflow/dags/lap_time_analysis.py for tasks to queue
[2026-08-09T14:28:02.236+0000] {logging_mixin.py:188} INFO - [2026-08-09T14:28:02.236+0000] {dagbag.py:545} INFO - Filling up the DagBag from /opt/airflow/dags/lap_time_analysis.py
[2026-08-09T14:28:02.389+0000] {processor.py:840} INFO - DAG(s) 'lap_time_analysis' retrieved from /opt/airflow/dags/lap_time_analysis.py
[2026-08-09T14:28:02.428+0000] {logging_mixin.py:188} INFO - [2026-08-09T14:28:02.427+0000] {dag.py:3096} INFO - Sync 1 DAGs
[2026-08-09T14:28:02.445+0000] {logging_mixin.py:188} INFO - [2026-08-09T14:28:02.445+0000] {dag.py:3954} INFO - Setting next_dagrun for lap_time_analysis to None, run_after=None
[2026-08-09T14:28:02.478+0000] {processor.py:183} INFO - Processing /opt/airflow/dags/lap_time_analysis.py took 0.264 seconds
[2026-08-09T14:28:32.913+0000] {processor.py:161} INFO - Started process (PID=1372) to work on /opt/airflow/dags/lap_time_analysis.py
[2026-08-09T14:28:32.917+0000] {processor.py:830} INFO - Processing file /opt/airflow/dags/lap_time_analysis.py for tasks to queue
[2026-08-09T14:28:32.919+0000] {logging_mixin.py:188} INFO - [2026-08-09T14:28:32.919+0000] {dagbag.py:545} INFO - Filling up the DagBag from /opt/airflow/dags/lap_time_analysis.py
[2026-08-09T14:28:35.168+0000] {processor.py:840} INFO - DAG(s) 'lap_time_analysis' retrieved from /opt/airflow/dags/lap_time_analysis.py
[2026-08-09T14:28:35.212+0000] {logging_mixin.py:188} INFO - [2026-08-09T14:28:35.211+0000] {dag.py:3096} INFO - Sync 1 DAGs
[2026-08-09T14:28:35.226+0000] {logging_mixin.py:188} INFO - [2026-08-09T14:28:35.226+0000] {dag.py:3954} INFO - Setting next_dagrun for lap_time_analysis to None, run_after=None
[2026-08-09T14:28:35.252+0000] {processor.py:183} INFO - Processing /opt/airflow/dags/lap_time_analysis.py took 0.230 seconds
[2026-08-09T14:29:08.373+0000] {processor.py:161} INFO - Started process (PID=1383) to work on /opt/airflow/dags/lap_time_analysis.py
[2026-08-09T14:29:08.376+0000] {processor.py:830} INFO - Processing file /opt/airflow/dags/lap_time_analysis.py for tasks to queue
[2026-08-09T14:29:08.380+0000] {logging_mixin.py:188} INFO - [2026-08-09T14:29:08.379+0000] {dagbag.py:545} INFO - Filling up the DagBag from /opt/airflow/dags/lap_time_analysis.py
[2026-08-09T14:29:08.531+0000] {processor.py:840} INFO - DAG(s) 'lap_time_analysis' retrieved from /opt/airflow/dags/lap_time_analysis.py
[2026-08-09T14:29:08.578+0000] {logging_mixin.py:188} INFO - [2026-08-09T14:29:08.577+0000] {dag.py:3096} INFO - Sync 1 DAGs
[2026-08-09T14:29:08.599+0000] {logging_mixin.py:188} INFO - [2026-08-09T14:29:08.599+0000] {dag.py:3954} INFO - Setting next_dagrun for lap_time_analysis to None, run_after=None
[2026-08-09T14:29:08.638+0000] {processor.py:183} INFO - Processing /opt/airflow/dags/lap_time_analysis.py took 0.271 seconds
[2026-08-09T14:29:38.891+0000] {processor.py:161} INFO - Started process (PID=1394) to work on /opt/airflow/dags/lap_time_analysis.py
[2026-08-09T14:29:38.895+0000] {processor.py:830} INFO - Processing file /opt/airflow/dags/lap_time_analysis.py for tasks to queue
[2026-08-09T14:29:38.897+0000] {logging_mixin.py:188} INFO - [2026-08-09T14:29:38.897+0000] {dagbag.py:545} INFO - Filling up the DagBag from /opt/airflow/dags/lap_time_analysis.py
[2026-08-09T14:29:41.319+0000] {processor.py:840} INFO - DAG(s) 'lap_time_analysis' retrieved from /opt/airflow/dags/lap_time_analysis.py
[2026-08-09T14:29:41.385+0000] {logging_mixin.py:188} INFO - [2026-08-09T14:29:41.385+0000] {dag.py:3096} INFO - Sync 1 DAGs
[2026-08-09T14:29:41.414+0000] {logging_mixin.py:188} INFO - [2026-08-09T14:29:41.413+0000] {dag.py:3954} INFO - Setting next_dagrun for lap_time_analysis to None, run_after=None
[2026-08-09T14:29:41.458+0000] {processor.py:183} INFO - Processing /opt/airflow/dags/lap_time_analysis.py took 0.420 seconds
[2026-08-09T14:30:14.188+0000] {processor.py:161} INFO - Started process (PID=1405) to work on /opt/airflow/dags/lap_time_analysis.py
[2026-08-09T14:30:14.190+0000] {processor.py:830} INFO - Processing file /opt/airflow/dags/lap_time_analysis.py for tasks to queue
[2026-08-09T14:30:14.191+0000] {logging_mixin.py:188} INFO - [2026-08-09T14:30:14.191+0000] {dagbag.py:545} INFO - Filling up the DagBag from /opt/airflow/dags/lap_time_analysis.py
[2026-08-09T14:30:14.332+0000] {processor.py:840} INFO - DAG(s) 'lap_time_analysis' retrieved from /opt/airflow/dags/lap_time_analysis.py
[2026-08-09T14:30:14.364+0000] {logging_mixin.py:188} INFO - [2026-08-09T14:30:14.364+0000] {dag.py:3096} INFO - Sync 1 DAGs
[2026-08-09T14:30:14.378+0000] {logging_mixin.py:188} INFO - [2026-08-09T14:30:14.378+0000] {dag.py:3954} INFO - Setting next_dagrun for lap_time_analysis to None, run_after=None
[2026-08-09T14:30:14.407+0000] {processor.py:183} INFO - Processing /opt/airflow/dags/lap_time_analysis.py took 0.234 seconds
[2026-08-09T14:30:47.359+0000] {processor.py:161} INFO - Started process (PID=1416) to work on /opt/airflow/dags/lap_time_analysis.py
[2026-08-09T14:30:47.363+0000] {processor.py:830} INFO - Processing file /opt/airflow/dags/lap_time_analysis.py for tasks to queue
[2026-08-09T14:30:47.371+0000] {logging_mixin.py:188} INFO - [2026-08-09T14:30:47.368+0000] {dagbag.py:545} INFO - Filling up the DagBag from /opt/airflow/dags/lap_time_analysis.py
[2026-08-09T14:30:48.181+0000] {processor.py:840} INFO - DAG(s) 'lap_time_analysis' retrieved from /opt/airflow/dags/lap_time_analysis.py
[2026-08-09T14:30:48.370+0000] {logging_mixin.py:188} INFO - [2026-08-09T14:30:48.370+0000] {dag.py:3096} INFO - Sync 1 DAGs
[2026-08-09T14:30:48.477+0000] {logging_mixin.py:188} INFO - [2026-08-09T14:30:48.477+0000] {dag.py:3954} INFO - Setting next_dagrun for lap_time_analysis to None, run_after=None
[2026-08-09T14:30:48.566+0000] {processor.py:183} INFO - Processing /opt/airflow/dags/lap_time_analysis.py took 1.267 seconds
[2026-08-09T14:31:20.994+0000] {processor.py:161} INFO - Started process (PID=1427) to work on /opt/airflow/dags/lap_time_analysis.py
[2026-08-09T14:31:20.996+0000] {processor.py:830} INFO - Processing file /opt/airflow/dags/lap_time_analysis.py for tasks to queue
[2026-08-09T14:31:20.998+0000] {logging_mixin.py:188} INFO - [2026-08-09T14:31:20.997+0000] {dagbag.py:545} INFO - Filling up the DagBag from /opt/airflow/dags/lap_time_analysis.py
[2026-08-09T14:31:21.336+0000] {processor.py:840} INFO - DAG(s) 'lap_time_analysis' retrieved from /opt/airflow/dags/lap_time_analysis.py
[2026-08-09T14:31:21.420+0000] {logging_mixin.py:188} INFO - [2026-08-09T14:31:21.419+0000] {dag.py:3096} INFO - Sync 1 DAGs
[2026-08-09T14:31:21.465+0000] {logging_mixin.py:188} INFO - [2026-08-09T14:31:21.463+0000] {dag.py:3954} INFO - Setting next_dagrun for lap_time_analysis to None, run_after=None
[2026-08-09T14:31:21.515+0000] {processor.py:183} INFO - Processing /opt/airflow/dags/lap_time_analysis.py took 0.535 seconds
[2026-08-09T14:31:53.441+0000] {processor.py:161} INFO - Started process (PID=1438) to work on /opt/airflow/dags/lap_time_analysis.py
[2026-08-09T14:31:53.443+0000] {processor.py:830} INFO - Processing file /opt/airflow/dags/lap_time_analysis.py for tasks to queue
[2026-08-09T14:31:53.445+0000] {logging_mixin.py:188} INFO - [2026-08-09T14:31:53.444+0000] {dagbag.py:545} INFO - Filling up the DagBag from /opt/airflow/dags/lap_time_analysis.py
[2026-08-09T14:31:53.557+0000] {processor.py:840} INFO - DAG(s) 'lap_time_analysis' retrieved from /opt/airflow/dags/lap_time_analysis.py
[2026-08-09T14:31:53.623+0000] {logging_mixin.py:188} INFO - [2026-08-09T14:31:53.623+0000] {dag.py:3096} INFO - Sync 1 DAGs
[2026-08-09T14:31:53.647+0000] {logging_mixin.py:188} INFO - [2026-08-09T14:31:53.647+0000] {dag.py:3954} INFO - Setting next_dagrun for lap_time_analysis to None, run_after=None
[2026-08-09T14:31:53.679+0000] {processor.py:183} INFO - Processing /opt/airflow/dags/lap_time_analysis.py took 0.247 seconds
[2026-08-09T14:32:27.101+0000] {processor.py:161} INFO - Started process (PID=1449) to work on /opt/airflow/dags/lap_time_analysis.py
[2026-08-09T14:32:27.105+0000] {processor.py:830} INFO - Processing file /opt/airflow/dags/lap_time_analysis.py for tasks to queue
[2026-08-09T14:32:27.109+0000] {logging_mixin.py:188} INFO - [2026-08-09T14:32:27.107+0000] {dagbag.py:545} INFO - Filling up the DagBag from /opt/airflow/dags/lap_time_analysis.py
[2026-08-09T14:32:27.671+0000] {processor.py:840} INFO - DAG(s) 'lap_time_analysis' retrieved from /opt/airflow/dags/lap_time_analysis.py
[2026-08-09T14:32:27.804+0000] {logging_mixin.py:188} INFO - [2026-08-09T14:32:27.804+0000] {dag.py:3096} INFO - Sync 1 DAGs
[2026-08-09T14:32:27.894+0000] {logging_mixin.py:188} INFO - [2026-08-09T14:32:27.894+0000] {dag.py:3954} INFO - Setting next_dagrun for lap_time_analysis to None, run_after=None
[2026-08-09T14:32:27.953+0000] {processor.py:183} INFO - Processing /opt/airflow/dags/lap_time_analysis.py took 0.879 seconds
[2026-08-09T14:33:00.550+0000] {processor.py:161} INFO - Started process (PID=1460) to work on /opt/airflow/dags/lap_time_analysis.py
[2026-08-09T14:33:00.554+0000] {processor.py:830} INFO - Processing file /opt/airflow/dags/lap_time_analysis.py for tasks to queue
[2026-08-09T14:33:00.557+0000] {logging_mixin.py:188} INFO - [2026-08-09T14:33:00.556+0000] {dagbag.py:545} INFO - Filling up the DagBag from /opt/airflow/dags/lap_time_analysis.py
[2026-08-09T14:33:00.869+0000] {processor.py:840} INFO - DAG(s) 'lap_time_analysis' retrieved from /opt/airflow/dags/lap_time_analysis.py
[2026-08-09T14:33:01.015+0000] {logging_mixin.py:188} INFO - [2026-08-09T14:33:01.014+0000] {dag.py:3096} INFO - Sync 1 DAGs
[2026-08-09T14:33:01.104+0000] {logging_mixin.py:188} INFO - [2026-08-09T14:33:01.104+0000] {dag.py:3954} INFO - Setting next_dagrun for lap_time_analysis to None, run_after=None
[2026-08-09T14:33:01.223+0000] {processor.py:183} INFO - Processing /opt/airflow/dags/lap_time_analysis.py took 0.693 seconds
[2026-08-09T14:33:32.887+0000] {processor.py:161} INFO - Started process (PID=1471) to work on /opt/airflow/dags/lap_time_analysis.py
[2026-08-09T14:33:32.889+0000] {processor.py:830} INFO - Processing file /opt/airflow/dags/lap_time_analysis.py for tasks to queue
[2026-08-09T14:33:32.890+0000] {logging_mixin.py:188} INFO - [2026-08-09T14:33:32.890+0000] {dagbag.py:545} INFO - Filling up the DagBag from /opt/airflow/dags/lap_time_analysis.py
[2026-08-09T14:33:33.055+0000] {processor.py:840} INFO - DAG(s) 'lap_time_analysis' retrieved from /opt/airflow/dags/lap_time_analysis.py
[2026-08-09T14:33:33.088+0000] {logging_mixin.py:188} INFO - [2026-08-09T14:33:33.088+0000] {dag.py:3096} INFO - Sync 1 DAGs
[2026-08-09T14:33:33.108+0000] {logging_mixin.py:188} INFO - [2026-08-09T14:33:33.108+0000] {dag.py:3954} INFO - Setting next_dagrun for lap_time_analysis to None, run_after=None
[2026-08-09T14:33:33.139+0000] {processor.py:183} INFO - Processing /opt/airflow/dags/lap_time_analysis.py took 0.262 seconds
[2026-08-09T14:34:03.335+0000] {processor.py:161} INFO - Started process (PID=1482) to work on /opt/airflow/dags/lap_time_analysis.py
[2026-08-09T14:34:03.337+0000] {processor.py:830} INFO - Processing file /opt/airflow/dags/lap_time_analysis.py for tasks to queue
[2026-08-09T14:34:03.338+0000] {logging_mixin.py:188} INFO - [2026-08-09T14:34:03.338+0000] {dagbag.py:545} INFO - Filling up the DagBag from /opt/airflow/dags/lap_time_analysis.py
[2026-08-09T14:34:05.614+0000] {processor.py:840} INFO - DAG(s) 'lap_time_analysis' retrieved from /opt/airflow/dags/lap_time_analysis.py
[2026-08-09T14:34:05.641+0000] {logging_mixin.py:188} INFO - [2026-08-09T14:34:05.641+0000] {dag.py:3096} INFO - Sync 1 DAGs
[2026-08-09T14:34:05.656+0000] {logging_mixin.py:188} INFO - [2026-08-09T14:34:05.655+0000] {dag.py:3954} INFO - Setting next_dagrun for lap_time_analysis to None, run_after=None
[2026-08-09T14:34:05.680+0000] {processor.py:183} INFO - Processing /opt/airflow/dags/lap_time_analysis.py took 0.201 seconds
[2026-08-09T14:34:39.033+0000] {processor.py:161} INFO - Started process (PID=1493) to work on /opt/airflow/dags/lap_time_analysis.py
[2026-08-09T14:34:39.035+0000] {processor.py:830} INFO - Processing file /opt/airflow/dags/lap_time_analysis.py for tasks to queue
[2026-08-09T14:34:39.037+0000] {logging_mixin.py:188} INFO - [2026-08-09T14:34:39.037+0000] {dagbag.py:545} INFO - Filling up the DagBag from /opt/airflow/dags/lap_time_analysis.py
[2026-08-09T14:34:39.173+0000] {processor.py:840} INFO - DAG(s) 'lap_time_analysis' retrieved from /opt/airflow/dags/lap_time_analysis.py
[2026-08-09T14:34:39.198+0000] {logging_mixin.py:188} INFO - [2026-08-09T14:34:39.198+0000] {dag.py:3096} INFO - Sync 1 DAGs
[2026-08-09T14:34:39.213+0000] {logging_mixin.py:188} INFO - [2026-08-09T14:34:39.213+0000] {dag.py:3954} INFO - Setting next_dagrun for lap_time_analysis to None, run_after=None
[2026-08-09T14:34:39.243+0000] {processor.py:183} INFO - Processing /opt/airflow/dags/lap_time_analysis.py took 0.218 seconds
[2026-08-09T14:35:11.984+0000] {processor.py:161} INFO - Started process (PID=1504) to work on /opt/airflow/dags/lap_time_analysis.py
[2026-08-09T14:35:11.986+0000] {processor.py:830} INFO - Processing file /opt/airflow/dags/lap_time_analysis.py for tasks to queue
[2026-08-09T14:35:11.988+0000] {logging_mixin.py:188} INFO - [2026-08-09T14:35:11.988+0000] {dagbag.py:545} INFO - Filling up the DagBag from /opt/airflow/dags/lap_time_analysis.py
[2026-08-09T14:35:12.115+0000] {processor.py:840} INFO - DAG(s) 'lap_time_analysis' retrieved from /opt/airflow/dags/lap_time_analysis.py
[2026-08-09T14:35:12.160+0000] {logging_mixin.py:188} INFO - [2026-08-09T14:35:12.160+0000] {dag.py:3096} INFO - Sync 1 DAGs
[2026-08-09T14:35:12.178+0000] {logging_mixin.py:188} INFO - [2026-08-09T14:35:12.178+0000] {dag.py:3954} INFO - Setting next_dagrun for lap_time_analysis to None, run_after=None
[2026-08-09T14:35:12.214+0000] {processor.py:183} INFO - Processing /opt/airflow/dags/lap_time_analysis.py took 0.237 seconds
[2026-08-09T14:35:44.501+0000] {processor.py:161} INFO - Started process (PID=1515) to work on /opt/airflow/dags/lap_time_analysis.py
[2026-08-09T14:35:44.513+0000] {processor.py:830} INFO - Processing file /opt/airflow/dags/lap_time_analysis.py for tasks to queue
[2026-08-09T14:35:44.519+0000] {logging_mixin.py:188} INFO - [2026-08-09T14:35:44.517+0000] {dagbag.py:545} INFO - Filling up the DagBag from /opt/airflow/dags/lap_time_analysis.py
[2026-08-09T14:35:44.950+0000] {processor.py:840} INFO - DAG(s) 'lap_time_analysis' retrieved from /opt/airflow/dags/lap_time_analysis.py
[2026-08-09T14:35:45.057+0000] {logging_mixin.py:188} INFO - [2026-08-09T14:35:45.056+0000] {dag.py:3096} INFO - Sync 1 DAGs
[2026-08-09T14:35:45.106+0000] {logging_mixin.py:188} INFO - [2026-08-09T14:35:45.105+0000] {dag.py:3954} INFO - Setting next_dagrun for lap_time_analysis to None, run_after=None
[2026-08-09T14:35:45.158+0000] {processor.py:183} INFO - Processing /opt/airflow/dags/lap_time_analysis.py took 0.692 seconds
[2026-08-09T14:36:17.474+0000] {processor.py:161} INFO - Started process (PID=1526) to work on /opt/airflow/dags/lap_time_analysis.py
[2026-08-09T14:36:17.476+0000] {processor.py:830} INFO - Processing file /opt/airflow/dags/lap_time_analysis.py for tasks to queue
[2026-08-09T14:36:17.481+0000] {logging_mixin.py:188} INFO - [2026-08-09T14:36:17.479+0000] {dagbag.py:545} INFO - Filling up the DagBag from /opt/airflow/dags/lap_time_analysis.py
[2026-08-09T14:36:18.053+0000] {processor.py:840} INFO - DAG(s) 'lap_time_analysis' retrieved from /opt/airflow/dags/lap_time_analysis.py
[2026-08-09T14:36:18.243+0000] {logging_mixin.py:188} INFO - [2026-08-09T14:36:18.240+0000] {dag.py:3096} INFO - Sync 1 DAGs
[2026-08-09T14:36:18.394+0000] {logging_mixin.py:188} INFO - [2026-08-09T14:36:18.394+0000] {dag.py:3954} INFO - Setting next_dagrun for lap_time_analysis to None, run_after=None
[2026-08-09T14:36:18.476+0000] {processor.py:183} INFO - Processing /opt/airflow/dags/lap_time_analysis.py took 1.029 seconds
[2026-08-09T14:36:48.973+0000] {processor.py:161} INFO - Started process (PID=1537) to work on /opt/airflow/dags/lap_time_analysis.py
[2026-08-09T14:36:48.976+0000] {processor.py:830} INFO - Processing file /opt/airflow/dags/lap_time_analysis.py for tasks to queue
[2026-08-09T14:36:48.977+0000] {logging_mixin.py:188} INFO - [2026-08-09T14:36:48.977+0000] {dagbag.py:545} INFO - Filling up the DagBag from /opt/airflow/dags/lap_time_analysis.py
[2026-08-09T14:36:49.138+0000] {processor.py:840} INFO - DAG(s) 'lap_time_analysis' retrieved from /opt/airflow/dags/lap_time_analysis.py
[2026-08-09T14:36:49.197+0000] {logging_mixin.py:188} INFO - [2026-08-09T14:36:49.197+0000] {dag.py:3096} INFO - Sync 1 DAGs
[2026-08-09T14:36:49.225+0000] {logging_mixin.py:188} INFO - [2026-08-09T14:36:49.223+0000] {dag.py:3954} INFO - Setting next_dagrun for lap_time_analysis to None, run_after=None
[2026-08-09T14:36:49.270+0000] {processor.py:183} INFO - Processing /opt/airflow/dags/lap_time_analysis.py took 0.305 seconds
