[2026-08-09T13:24:30.894+0000] {processor.py:161} INFO - Started process (PID=224) to work on /opt/airflow/dags/load_ergast_data.py
[2026-08-09T13:24:30.915+0000] {processor.py:830} INFO - Processing file /opt/airflow/dags/load_ergast_data.py for tasks to queue
[2026-08-09T13:24:30.943+0000] {logging_mixin.py:188} INFO - [2026-08-09T13:24:30.941+0000] {dagbag.py:545} INFO - Filling up the DagBag from /opt/airflow/dags/load_ergast_data.py
[2026-08-09T13:24:33.182+0000] {processor.py:840} INFO - DAG(s) 'load_ergast_data' retrieved from /opt/airflow/dags/load_ergast_data.py
[2026-08-09T13:24:33.273+0000] {logging_mixin.py:188} INFO - [2026-08-09T13:24:33.271+0000] {dag.py:3096} INFO - Sync 1 DAGs
[2026-08-09T13:24:33.400+0000] {logging_mixin.py:188} INFO - [2026-08-09T13:24:33.399+0000] {dag.py:3954} INFO - Setting next_dagrun for load_ergast_data to None, run_after=None
[2026-08-09T13:24:33.501+0000] {processor.py:183} INFO - Processing /opt/airflow/dags/load_ergast_data.py took 2.774 seconds
[2026-08-09T13:25:03.709+0000] {processor.py:161} INFO - Started process (PID=243) to work on /opt/airflow/dags/load_ergast_data.py
[2026-08-09T13:25:03.714+0000] {processor.py:830} INFO - Processing file /opt/airflow/dags/load_ergast_data.py for tasks to queue
[2026-08-09T13:25:03.725+0000] {logging_mixin.py:188} INFO - [2026-08-09T13:25:03.719+0000] {dagbag.py:545} INFO - Filling up the DagBag from /opt/airflow/dags/load_ergast_data.py
[2026-08-09T13:25:05.252+0000] {processor.py:840} INFO - DAG(s) 'load_ergast_data' retrieved from /opt/airflow/dags/load_ergast_data.py
[2026-08-09T13:25:08.833+0000] {logging_mixin.py:188} INFO - [2026-08-09T13:25:08.832+0000] {dag.py:3096} INFO - Sync 1 DAGs
[2026-08-09T13:25:08.852+0000] {logging_mixin.py:188} INFO - [2026-08-09T13:25:08.852+0000] {dag.py:3954} INFO - Setting next_dagrun for load_ergast_data to None, run_after=None
[2026-08-09T13:25:08.895+0000] {processor.py:183} INFO - Processing /opt/airflow/dags/load_ergast_data.py took 5.222 seconds
[2026-08-09T13:25:39.736+0000] {processor.py:161} INFO - Started process (PID=256) to work on /opt/airflow/dags/load_ergast_data.py
[2026-08-09T13:25:39.739+0000] {processor.py:830} INFO - Processing file /opt/airflow/dags/load_ergast_data.py for tasks to queue
[2026-08-09T13:25:39.743+0000] {logging_mixin.py:188} INFO - [2026-08-09T13:25:39.742+0000] {dagbag.py:545} INFO - Filling up the DagBag from /opt/airflow/dags/load_ergast_data.py
[2026-08-09T13:25:40.999+0000] {processor.py:840} INFO - DAG(s) 'load_ergast_data' retrieved from /opt/airflow/dags/load_ergast_data.py
[2026-08-09T13:25:41.057+0000] {logging_mixin.py:188} INFO - [2026-08-09T13:25:41.056+0000] {dag.py:3096} INFO - Sync 1 DAGs
[2026-08-09T13:25:41.092+0000] {logging_mixin.py:188} INFO - [2026-08-09T13:25:41.092+0000] {dag.py:3954} INFO - Setting next_dagrun for load_ergast_data to None, run_after=None
[2026-08-09T13:25:41.130+0000] {processor.py:183} INFO - Processing /opt/airflow/dags/load_ergast_data.py took 1.401 seconds
[2026-08-09T13:26:11.400+0000] {processor.py:161} INFO - Started process (PID=267) to work on /opt/airflow/dags/load_ergast_data.py
[2026-08-09T13:26:11.403+0000] {processor.py:830} INFO - Processing file /opt/airflow/dags/load_ergast_data.py for tasks to queue
[2026-08-09T13:26:11.407+0000] {logging_mixin.py:188} INFO - [2026-08-09T13:26:11.407+0000] {dagbag.py:545} INFO - Filling up the DagBag from /opt/airflow/dags/load_ergast_data.py
[2026-08-09T13:26:12.787+0000] {processor.py:840} INFO - DAG(s) 'load_ergast_data' retrieved from /opt/airflow/dags/load_ergast_data.py
[2026-08-09T13:26:12.847+0000] {logging_mixin.py:188} INFO - [2026-08-09T13:26:12.846+0000] {dag.py:3096} INFO - Sync 1 DAGs
[2026-08-09T13:26:12.942+0000] {logging_mixin.py:188} INFO - [2026-08-09T13:26:12.941+0000] {dag.py:3954} INFO - Setting next_dagrun for load_ergast_data to None, run_after=None
[2026-08-09T13:26:13.014+0000] {processor.py:183} INFO - Processing /opt/airflow/dags/load_ergast_data.py took 1.622 seconds
[2026-08-09T13:26:43.129+0000] {processor.py:161} INFO - Started process (PID=278) to work on /opt/airflow/dags/load_ergast_data.py
[2026-08-09T13:26:43.133+0000] {processor.py:830} INFO - Processing file /opt/airflow/dags/load_ergast_data.py for tasks to queue
[2026-08-09T13:26:43.165+0000] {logging_mixin.py:188} INFO - [2026-08-09T13:26:43.164+0000] {dagbag.py:545} INFO - Filling up the DagBag from /opt/airflow/dags/load_ergast_data.py
[2026-08-09T13:26:43.785+0000] {processor.py:840} INFO - DAG(s) 'load_ergast_data' retrieved from /opt/airflow/dags/load_ergast_data.py
[2026-08-09T13:26:43.829+0000] {logging_mixin.py:188} INFO - [2026-08-09T13:26:43.828+0000] {dag.py:3096} INFO - Sync 1 DAGs
[2026-08-09T13:26:43.883+0000] {logging_mixin.py:188} INFO - [2026-08-09T13:26:43.883+0000] {dag.py:3954} INFO - Setting next_dagrun for load_ergast_data to None, run_after=None
[2026-08-09T13:26:43.929+0000] {processor.py:183} INFO - Processing /opt/airflow/dags/load_ergast_data.py took 0.813 seconds
[2026-08-09T13:27:14.161+0000] {processor.py:161} INFO - Started process (PID=287) to work on /opt/airflow/dags/load_ergast_data.py
[2026-08-09T13:27:14.178+0000] {processor.py:830} INFO - Processing file /opt/airflow/dags/load_ergast_data.py for tasks to queue
[2026-08-09T13:27:14.182+0000] {logging_mixin.py:188} INFO - [2026-08-09T13:27:14.182+0000] {dagbag.py:545} INFO - Filling up the DagBag from /opt/airflow/dags/load_ergast_data.py
[2026-08-09T13:27:14.737+0000] {processor.py:840} INFO - DAG(s) 'load_ergast_data' retrieved from /opt/airflow/dags/load_ergast_data.py
[2026-08-09T13:27:14.778+0000] {logging_mixin.py:188} INFO - [2026-08-09T13:27:14.778+0000] {dag.py:3096} INFO - Sync 1 DAGs
[2026-08-09T13:27:14.795+0000] {logging_mixin.py:188} INFO - [2026-08-09T13:27:14.794+0000] {dag.py:3954} INFO - Setting next_dagrun for load_ergast_data to None, run_after=None
[2026-08-09T13:27:17.615+0000] {processor.py:183} INFO - Processing /opt/airflow/dags/load_ergast_data.py took 3.483 seconds
[2026-08-09T13:27:50.758+0000] {processor.py:161} INFO - Started process (PID=296) to work on /opt/airflow/dags/load_ergast_data.py
[2026-08-09T13:27:50.865+0000] {processor.py:830} INFO - Processing file /opt/airflow/dags/load_ergast_data.py for tasks to queue
[2026-08-09T13:27:51.294+0000] {logging_mixin.py:188} INFO - [2026-08-09T13:27:51.256+0000] {dagbag.py:545} INFO - Filling up the DagBag from /opt/airflow/dags/load_ergast_data.py
[2026-08-09T13:28:06.249+0000] {processor.py:840} INFO - DAG(s) 'load_ergast_data' retrieved from /opt/airflow/dags/load_ergast_data.py
[2026-08-09T13:28:06.287+0000] {logging_mixin.py:188} INFO - [2026-08-09T13:28:06.285+0000] {dag.py:3096} INFO - Sync 1 DAGs
[2026-08-09T13:28:06.303+0000] {logging_mixin.py:188} INFO - [2026-08-09T13:28:06.303+0000] {dag.py:3954} INFO - Setting next_dagrun for load_ergast_data to None, run_after=None
[2026-08-09T13:28:06.330+0000] {processor.py:183} INFO - Processing /opt/airflow/dags/load_ergast_data.py took 16.570 seconds
[2026-08-09T13:28:36.435+0000] {processor.py:161} INFO - Started process (PID=309) to work on /opt/airflow/dags/load_ergast_data.py
[2026-08-09T13:28:36.438+0000] {processor.py:830} INFO - Processing file /opt/airflow/dags/load_ergast_data.py for tasks to queue
[2026-08-09T13:28:36.441+0000] {logging_mixin.py:188} INFO - [2026-08-09T13:28:36.441+0000] {dagbag.py:545} INFO - Filling up the DagBag from /opt/airflow/dags/load_ergast_data.py
[2026-08-09T13:28:36.905+0000] {processor.py:840} INFO - DAG(s) 'load_ergast_data' retrieved from /opt/airflow/dags/load_ergast_data.py
[2026-08-09T13:28:36.934+0000] {logging_mixin.py:188} INFO - [2026-08-09T13:28:36.933+0000] {dag.py:3096} INFO - Sync 1 DAGs
[2026-08-09T13:28:36.948+0000] {logging_mixin.py:188} INFO - [2026-08-09T13:28:36.948+0000] {dag.py:3954} INFO - Setting next_dagrun for load_ergast_data to None, run_after=None
[2026-08-09T13:28:36.993+0000] {processor.py:183} INFO - Processing /opt/airflow/dags/load_ergast_data.py took 0.568 seconds
[2026-08-09T13:29:07.673+0000] {processor.py:161} INFO - Started process (PID=320) to work on /opt/airflow/dags/load_ergast_data.py
[2026-08-09T13:29:07.677+0000] {processor.py:830} INFO - Processing file /opt/airflow/dags/load_ergast_data.py for tasks to queue
[2026-08-09T13:29:07.680+0000] {logging_mixin.py:188} INFO - [2026-08-09T13:29:07.679+0000] {dagbag.py:545} INFO - Filling up the DagBag from /opt/airflow/dags/load_ergast_data.py
[2026-08-09T13:29:08.059+0000] {processor.py:840} INFO - DAG(s) 'load_ergast_data' retrieved from /opt/airflow/dags/load_ergast_data.py
[2026-08-09T13:29:08.098+0000] {logging_mixin.py:188} INFO - [2026-08-09T13:29:08.098+0000] {dag.py:3096} INFO - Sync 1 DAGs
[2026-08-09T13:29:08.114+0000] {logging_mixin.py:188} INFO - [2026-08-09T13:29:08.113+0000] {dag.py:3954} INFO - Setting next_dagrun for load_ergast_data to None, run_after=None
[2026-08-09T13:29:08.153+0000] {processor.py:183} INFO - Processing /opt/airflow/dags/load_ergast_data.py took 0.488 seconds
[2026-08-09T13:29:38.320+0000] {processor.py:161} INFO - Started process (PID=331) to work on /opt/airflow/dags/load_ergast_data.py
[2026-08-09T13:29:38.323+0000] {processor.py:830} INFO - Processing file /opt/airflow/dags/load_ergast_data.py for tasks to queue
[2026-08-09T13:29:38.326+0000] {logging_mixin.py:188} INFO - [2026-08-09T13:29:38.326+0000] {dagbag.py:545} INFO - Filling up the DagBag from /opt/airflow/dags/load_ergast_data.py
[2026-08-09T13:29:38.791+0000] {processor.py:840} INFO - DAG(s) 'load_ergast_data' retrieved from /opt/airflow/dags/load_ergast_data.py
[2026-08-09T13:29:38.831+0000] {logging_mixin.py:188} INFO - [2026-08-09T13:29:38.831+0000] {dag.py:3096} INFO - Sync 1 DAGs
[2026-08-09T13:29:38.850+0000] {logging_mixin.py:188} INFO - [2026-08-09T13:29:38.849+0000] {dag.py:3954} INFO - Setting next_dagrun for load_ergast_data to None, run_after=None
[2026-08-09T13:29:38.881+0000] {processor.py:183} INFO - Processing /opt/airflow/dags/load_ergast_data.py took 0.570 seconds
[2026-08-09T13:30:09.040+0000] {processor.py:161} INFO - Started process (PID=344) to work on /opt/airflow/dags/load_ergast_data.py
[2026-08-09T13:30:09.043+0000] {processor.py:830} INFO - Processing file /opt/airflow/dags/load_ergast_data.py for tasks to queue
[2026-08-09T13:30:09.050+0000] {logging_mixin.py:188} INFO - [2026-08-09T13:30:09.049+0000] {dagbag.py:545} INFO - Filling up the DagBag from /opt/airflow/dags/load_ergast_data.py
[2026-08-09T13:30:09.437+0000] {processor.py:840} INFO - DAG(s) 'load_ergast_data' retrieved from /opt/airflow/dags/load_ergast_data.py
[2026-08-09T13:30:09.468+0000] {logging_mixin.py:188} INFO - [2026-08-09T13:30:09.467+0000] {dag.py:3096} INFO - Sync 1 DAGs
[2026-08-09T13:30:09.481+0000] {logging_mixin.py:188} INFO - [2026-08-09T13:30:09.480+0000] {dag.py:3954} INFO - Setting next_dagrun for load_ergast_data to None, run_after=None
[2026-08-09T13:30:09.502+0000] {processor.py:183} INFO - Processing /opt/airflow/dags/load_ergast_data.py took 0.471 seconds
[2026-08-09T13:30:40.157+0000] {processor.py:161} INFO - Started process (PID=355) to work on /opt/airflow/dags/load_ergast_data.py
[2026-08-09T13:30:40.159+0000] {processor.py:830} INFO - Processing file /opt/airflow/dags/load_ergast_data.py for tasks to queue
[2026-08-09T13:30:40.166+0000] {logging_mixin.py:188} INFO - [2026-08-09T13:30:40.164+0000] {dagbag.py:545} INFO - Filling up the DagBag from /opt/airflow/dags/load_ergast_data.py
[2026-08-09T13:30:40.607+0000] {processor.py:840} INFO - DAG(s) 'load_ergast_data' retrieved from /opt/airflow/dags/load_ergast_data.py
[2026-08-09T13:30:40.641+0000] {logging_mixin.py:188} INFO - [2026-08-09T13:30:40.640+0000] {dag.py:3096} INFO - Sync 1 DAGs
[2026-08-09T13:30:40.660+0000] {logging_mixin.py:188} INFO - [2026-08-09T13:30:40.660+0000] {dag.py:3954} INFO - Setting next_dagrun for load_ergast_data to None, run_after=None
[2026-08-09T13:30:42.405+0000] {processor.py:183} INFO - Processing /opt/airflow/dags/load_ergast_data.py took 2.263 seconds
[2026-08-09T13:31:12.721+0000] {processor.py:161} INFO - Started process (PID=366) to work on /opt/airflow/dags/load_ergast_data.py
[2026-08-09T13:31:12.724+0000] {processor.py:830} INFO - Processing file /opt/airflow/dags/load_ergast_data.py for tasks to queue
[2026-08-09T13:31:12.729+0000] {logging_mixin.py:188} INFO - [2026-08-09T13:31:12.728+0000] {dagbag.py:545} INFO - Filling up the DagBag from /opt/airflow/dags/load_ergast_data.py
[2026-08-09T13:31:13.286+0000] {processor.py:840} INFO - DAG(s) 'load_ergast_data' retrieved from /opt/airflow/dags/load_ergast_data.py
[2026-08-09T13:31:13.317+0000] {logging_mixin.py:188} INFO - [2026-08-09T13:31:13.315+0000] {dag.py:3096} INFO - Sync 1 DAGs
[2026-08-09T13:31:13.366+0000] {logging_mixin.py:188} INFO - [2026-08-09T13:31:13.366+0000] {dag.py:3954} INFO - Setting next_dagrun for load_ergast_data to None, run_after=None
[2026-08-09T13:31:13.440+0000] {processor.py:183} INFO - Processing /opt/airflow/dags/load_ergast_data.py took 0.730 seconds
[2026-08-09T13:31:53.770+0000] {processor.py:161} INFO - Started process (PID=374) to work on /opt/airflow/dags/load_ergast_data.py
[2026-08-09T13:31:53.808+0000] {processor.py:830} INFO - Processing file /opt/airflow/dags/load_ergast_data.py for tasks to queue
[2026-08-09T13:31:53.994+0000] {logging_mixin.py:188} INFO - [2026-08-09T13:31:53.942+0000] {dagbag.py:545} INFO - Filling up the DagBag from /opt/airflow/dags/load_ergast_data.py
[2026-08-09T13:32:00.867+0000] {processor.py:840} INFO - DAG(s) 'load_ergast_data' retrieved from /opt/airflow/dags/load_ergast_data.py
[2026-08-09T13:32:01.077+0000] {logging_mixin.py:188} INFO - [2026-08-09T13:32:01.075+0000] {dag.py:3096} INFO - Sync 1 DAGs
[2026-08-09T13:32:01.198+0000] {logging_mixin.py:188} INFO - [2026-08-09T13:32:01.197+0000] {dag.py:3954} INFO - Setting next_dagrun for load_ergast_data to None, run_after=None
[2026-08-09T13:32:01.464+0000] {processor.py:183} INFO - Processing /opt/airflow/dags/load_ergast_data.py took 8.110 seconds
[2026-08-09T13:32:32.295+0000] {processor.py:161} INFO - Started process (PID=388) to work on /opt/airflow/dags/load_ergast_data.py
[2026-08-09T13:32:32.305+0000] {processor.py:830} INFO - Processing file /opt/airflow/dags/load_ergast_data.py for tasks to queue
[2026-08-09T13:32:32.320+0000] {logging_mixin.py:188} INFO - [2026-08-09T13:32:32.318+0000] {dagbag.py:545} INFO - Filling up the DagBag from /opt/airflow/dags/load_ergast_data.py
[2026-08-09T13:32:34.706+0000] {processor.py:840} INFO - DAG(s) 'load_ergast_data' retrieved from /opt/airflow/dags/load_ergast_data.py
[2026-08-09T13:32:34.873+0000] {logging_mixin.py:188} INFO - [2026-08-09T13:32:34.871+0000] {dag.py:3096} INFO - Sync 1 DAGs
[2026-08-09T13:32:34.967+0000] {logging_mixin.py:188} INFO - [2026-08-09T13:32:34.967+0000] {dag.py:3954} INFO - Setting next_dagrun for load_ergast_data to None, run_after=None
[2026-08-09T13:32:35.045+0000] {processor.py:183} INFO - Processing /opt/airflow/dags/load_ergast_data.py took 2.768 seconds
[2026-08-09T13:33:05.687+0000] {processor.py:161} INFO - Started process (PID=399) to work on /opt/airflow/dags/load_ergast_data.py
[2026-08-09T13:33:05.692+0000] {processor.py:830} INFO - Processing file /opt/airflow/dags/load_ergast_data.py for tasks to queue
[2026-08-09T13:33:05.700+0000] {logging_mixin.py:188} INFO - [2026-08-09T13:33:05.699+0000] {dagbag.py:545} INFO - Filling up the DagBag from /opt/airflow/dags/load_ergast_data.py
[2026-08-09T13:33:06.571+0000] {processor.py:840} INFO - DAG(s) 'load_ergast_data' retrieved from /opt/airflow/dags/load_ergast_data.py
[2026-08-09T13:33:06.639+0000] {logging_mixin.py:188} INFO - [2026-08-09T13:33:06.638+0000] {dag.py:3096} INFO - Sync 1 DAGs
[2026-08-09T13:33:06.684+0000] {logging_mixin.py:188} INFO - [2026-08-09T13:33:06.684+0000] {dag.py:3954} INFO - Setting next_dagrun for load_ergast_data to None, run_after=None
[2026-08-09T13:33:06.723+0000] {processor.py:183} INFO - Processing /opt/airflow/dags/load_ergast_data.py took 1.061 seconds
[2026-08-09T13:33:36.983+0000] {processor.py:161} INFO - Started process (PID=410) to work on /opt/airflow/dags/load_ergast_data.py
[2026-08-09T13:33:36.995+0000] {processor.py:830} INFO - Processing file /opt/airflow/dags/load_ergast_data.py for tasks to queue
[2026-08-09T13:33:37.021+0000] {logging_mixin.py:188} INFO - [2026-08-09T13:33:37.021+0000] {dagbag.py:545} INFO - Filling up the DagBag from /opt/airflow/dags/load_ergast_data.py
[2026-08-09T13:33:37.410+0000] {processor.py:840} INFO - DAG(s) 'load_ergast_data' retrieved from /opt/airflow/dags/load_ergast_data.py
[2026-08-09T13:33:37.440+0000] {logging_mixin.py:188} INFO - [2026-08-09T13:33:37.440+0000] {dag.py:3096} INFO - Sync 1 DAGs
[2026-08-09T13:33:37.453+0000] {logging_mixin.py:188} INFO - [2026-08-09T13:33:37.453+0000] {dag.py:3954} INFO - Setting next_dagrun for load_ergast_data to None, run_after=None
[2026-08-09T13:33:37.475+0000] {processor.py:183} INFO - Processing /opt/airflow/dags/load_ergast_data.py took 0.519 seconds
[2026-08-09T13:34:07.658+0000] {processor.py:161} INFO - Started process (PID=421) to work on /opt/airflow/dags/load_ergast_data.py
[2026-08-09T13:34:07.660+0000] {processor.py:830} INFO - Processing file /opt/airflow/dags/load_ergast_data.py for tasks to queue
[2026-08-09T13:34:07.664+0000] {logging_mixin.py:188} INFO - [2026-08-09T13:34:07.663+0000] {dagbag.py:545} INFO - Filling up the DagBag from /opt/airflow/dags/load_ergast_data.py
[2026-08-09T13:34:08.226+0000] {processor.py:840} INFO - DAG(s) 'load_ergast_data' retrieved from /opt/airflow/dags/load_ergast_data.py
[2026-08-09T13:34:08.575+0000] {logging_mixin.py:188} INFO - [2026-08-09T13:34:08.574+0000] {dag.py:3096} INFO - Sync 1 DAGs
[2026-08-09T13:34:08.605+0000] {logging_mixin.py:188} INFO - [2026-08-09T13:34:08.604+0000] {dag.py:3954} INFO - Setting next_dagrun for load_ergast_data to None, run_after=None
[2026-08-09T13:34:10.356+0000] {processor.py:183} INFO - Processing /opt/airflow/dags/load_ergast_data.py took 2.705 seconds
[2026-08-09T13:34:40.571+0000] {processor.py:161} INFO - Started process (PID=432) to work on /opt/airflow/dags/load_ergast_data.py
[2026-08-09T13:34:40.573+0000] {processor.py:830} INFO - Processing file /opt/airflow/dags/load_ergast_data.py for tasks to queue
[2026-08-09T13:34:40.575+0000] {logging_mixin.py:188} INFO - [2026-08-09T13:34:40.575+0000] {dagbag.py:545} INFO - Filling up the DagBag from /opt/airflow/dags/load_ergast_data.py
[2026-08-09T13:34:40.884+0000] {processor.py:840} INFO - DAG(s) 'load_ergast_data' retrieved from /opt/airflow/dags/load_ergast_data.py
[2026-08-09T13:34:40.923+0000] {logging_mixin.py:188} INFO - [2026-08-09T13:34:40.921+0000] {dag.py:3096} INFO - Sync 1 DAGs
[2026-08-09T13:34:40.948+0000] {logging_mixin.py:188} INFO - [2026-08-09T13:34:40.948+0000] {dag.py:3954} INFO - Setting next_dagrun for load_ergast_data to None, run_after=None
[2026-08-09T13:34:40.973+0000] {processor.py:183} INFO - Processing /opt/airflow/dags/load_ergast_data.py took 0.408 seconds
[2026-08-09T13:35:13.089+0000] {processor.py:161} INFO - Started process (PID=443) to work on /opt/airflow/dags/load_ergast_data.py
[2026-08-09T13:35:13.111+0000] {processor.py:830} INFO - Processing file /opt/airflow/dags/load_ergast_data.py for tasks to queue
[2026-08-09T13:35:13.148+0000] {logging_mixin.py:188} INFO - [2026-08-09T13:35:13.148+0000] {dagbag.py:545} INFO - Filling up the DagBag from /opt/airflow/dags/load_ergast_data.py
[2026-08-09T13:35:14.259+0000] {processor.py:840} INFO - DAG(s) 'load_ergast_data' retrieved from /opt/airflow/dags/load_ergast_data.py
[2026-08-09T13:35:14.374+0000] {logging_mixin.py:188} INFO - [2026-08-09T13:35:14.373+0000] {dag.py:3096} INFO - Sync 1 DAGs
[2026-08-09T13:35:14.560+0000] {logging_mixin.py:188} INFO - [2026-08-09T13:35:14.559+0000] {dag.py:3954} INFO - Setting next_dagrun for load_ergast_data to None, run_after=None
[2026-08-09T13:35:14.629+0000] {processor.py:183} INFO - Processing /opt/airflow/dags/load_ergast_data.py took 1.547 seconds
[2026-08-09T13:37:37.532+0000] {processor.py:161} INFO - Started process (PID=211) to work on /opt/airflow/dags/load_ergast_data.py
[2026-08-09T13:37:37.562+0000] {processor.py:830} INFO - Processing file /opt/airflow/dags/load_ergast_data.py for tasks to queue
[2026-08-09T13:37:37.715+0000] {logging_mixin.py:188} INFO - [2026-08-09T13:37:37.704+0000] {dagbag.py:545} INFO - Filling up the DagBag from /opt/airflow/dags/load_ergast_data.py
[2026-08-09T13:37:56.837+0000] {processor.py:840} INFO - DAG(s) 'load_ergast_data' retrieved from /opt/airflow/dags/load_ergast_data.py
[2026-08-09T13:38:02.994+0000] {logging_mixin.py:188} INFO - [2026-08-09T13:38:02.974+0000] {dag.py:3096} INFO - Sync 1 DAGs
[2026-08-09T13:39:02.757+0000] {processor.py:161} INFO - Started process (PID=234) to work on /opt/airflow/dags/load_ergast_data.py
[2026-08-09T13:39:02.770+0000] {processor.py:830} INFO - Processing file /opt/airflow/dags/load_ergast_data.py for tasks to queue
[2026-08-09T13:39:02.784+0000] {logging_mixin.py:188} INFO - [2026-08-09T13:39:02.776+0000] {dagbag.py:545} INFO - Filling up the DagBag from /opt/airflow/dags/load_ergast_data.py
[2026-08-09T13:39:07.162+0000] {processor.py:840} INFO - DAG(s) 'load_ergast_data' retrieved from /opt/airflow/dags/load_ergast_data.py
[2026-08-09T13:39:10.028+0000] {logging_mixin.py:188} INFO - [2026-08-09T13:39:10.027+0000] {dag.py:3096} INFO - Sync 1 DAGs
[2026-08-09T13:39:10.060+0000] {logging_mixin.py:188} INFO - [2026-08-09T13:39:10.059+0000] {dag.py:3954} INFO - Setting next_dagrun for load_ergast_data to None, run_after=None
[2026-08-09T13:39:10.112+0000] {processor.py:183} INFO - Processing /opt/airflow/dags/load_ergast_data.py took 7.435 seconds
[2026-08-09T13:39:40.639+0000] {processor.py:161} INFO - Started process (PID=257) to work on /opt/airflow/dags/load_ergast_data.py
[2026-08-09T13:39:40.640+0000] {processor.py:830} INFO - Processing file /opt/airflow/dags/load_ergast_data.py for tasks to queue
[2026-08-09T13:39:40.641+0000] {logging_mixin.py:188} INFO - [2026-08-09T13:39:40.641+0000] {dagbag.py:545} INFO - Filling up the DagBag from /opt/airflow/dags/load_ergast_data.py
[2026-08-09T13:39:42.228+0000] {processor.py:840} INFO - DAG(s) 'load_ergast_data' retrieved from /opt/airflow/dags/load_ergast_data.py
[2026-08-09T13:39:42.326+0000] {logging_mixin.py:188} INFO - [2026-08-09T13:39:42.325+0000] {dag.py:3096} INFO - Sync 1 DAGs
[2026-08-09T13:39:42.360+0000] {logging_mixin.py:188} INFO - [2026-08-09T13:39:42.360+0000] {dag.py:3954} INFO - Setting next_dagrun for load_ergast_data to None, run_after=None
[2026-08-09T13:39:42.398+0000] {processor.py:183} INFO - Processing /opt/airflow/dags/load_ergast_data.py took 1.765 seconds
[2026-08-09T13:40:12.591+0000] {processor.py:161} INFO - Started process (PID=268) to work on /opt/airflow/dags/load_ergast_data.py
[2026-08-09T13:40:12.593+0000] {processor.py:830} INFO - Processing file /opt/airflow/dags/load_ergast_data.py for tasks to queue
[2026-08-09T13:40:12.595+0000] {logging_mixin.py:188} INFO - [2026-08-09T13:40:12.594+0000] {dagbag.py:545} INFO - Filling up the DagBag from /opt/airflow/dags/load_ergast_data.py
[2026-08-09T13:40:13.266+0000] {processor.py:840} INFO - DAG(s) 'load_ergast_data' retrieved from /opt/airflow/dags/load_ergast_data.py
[2026-08-09T13:40:13.326+0000] {logging_mixin.py:188} INFO - [2026-08-09T13:40:13.325+0000] {dag.py:3096} INFO - Sync 1 DAGs
[2026-08-09T13:40:13.365+0000] {logging_mixin.py:188} INFO - [2026-08-09T13:40:13.365+0000] {dag.py:3954} INFO - Setting next_dagrun for load_ergast_data to None, run_after=None
[2026-08-09T13:40:13.421+0000] {processor.py:183} INFO - Processing /opt/airflow/dags/load_ergast_data.py took 0.835 seconds
[2026-08-09T13:40:46.478+0000] {processor.py:161} INFO - Started process (PID=277) to work on /opt/airflow/dags/load_ergast_data.py
[2026-08-09T13:40:46.556+0000] {processor.py:830} INFO - Processing file /opt/airflow/dags/load_ergast_data.py for tasks to queue
[2026-08-09T13:40:46.559+0000] {logging_mixin.py:188} INFO - [2026-08-09T13:40:46.558+0000] {dagbag.py:545} INFO - Filling up the DagBag from /opt/airflow/dags/load_ergast_data.py
[2026-08-09T13:40:47.464+0000] {processor.py:840} INFO - DAG(s) 'load_ergast_data' retrieved from /opt/airflow/dags/load_ergast_data.py
[2026-08-09T13:40:47.571+0000] {logging_mixin.py:188} INFO - [2026-08-09T13:40:47.569+0000] {dag.py:3096} INFO - Sync 1 DAGs
[2026-08-09T13:40:50.484+0000] {logging_mixin.py:188} INFO - [2026-08-09T13:40:50.483+0000] {dag.py:3954} INFO - Setting next_dagrun for load_ergast_data to None, run_after=None
[2026-08-09T13:40:50.515+0000] {processor.py:183} INFO - Processing /opt/airflow/dags/load_ergast_data.py took 4.059 seconds
[2026-08-09T13:41:21.018+0000] {processor.py:161} INFO - Started process (PID=290) to work on /opt/airflow/dags/load_ergast_data.py
[2026-08-09T13:41:21.030+0000] {processor.py:830} INFO - Processing file /opt/airflow/dags/load_ergast_data.py for tasks to queue
[2026-08-09T13:41:21.043+0000] {logging_mixin.py:188} INFO - [2026-08-09T13:41:21.039+0000] {dagbag.py:545} INFO - Filling up the DagBag from /opt/airflow/dags/load_ergast_data.py
[2026-08-09T13:41:30.036+0000] {processor.py:840} INFO - DAG(s) 'load_ergast_data' retrieved from /opt/airflow/dags/load_ergast_data.py
[2026-08-09T13:41:30.443+0000] {logging_mixin.py:188} INFO - [2026-08-09T13:41:30.440+0000] {dag.py:3096} INFO - Sync 1 DAGs
[2026-08-09T13:41:30.614+0000] {logging_mixin.py:188} INFO - [2026-08-09T13:41:30.613+0000] {dag.py:3954} INFO - Setting next_dagrun for load_ergast_data to None, run_after=None
[2026-08-09T13:41:30.744+0000] {processor.py:183} INFO - Processing /opt/airflow/dags/load_ergast_data.py took 9.787 seconds
[2026-08-09T13:42:02.259+0000] {processor.py:161} INFO - Started process (PID=301) to work on /opt/airflow/dags/load_ergast_data.py
[2026-08-09T13:42:02.269+0000] {processor.py:830} INFO - Processing file /opt/airflow/dags/load_ergast_data.py for tasks to queue
[2026-08-09T13:42:02.286+0000] {logging_mixin.py:188} INFO - [2026-08-09T13:42:02.286+0000] {dagbag.py:545} INFO - Filling up the DagBag from /opt/airflow/dags/load_ergast_data.py
[2026-08-09T13:42:07.098+0000] {processor.py:840} INFO - DAG(s) 'load_ergast_data' retrieved from /opt/airflow/dags/load_ergast_data.py
[2026-08-09T13:42:08.220+0000] {logging_mixin.py:188} INFO - [2026-08-09T13:42:08.210+0000] {dag.py:3096} INFO - Sync 1 DAGs
[2026-08-09T13:42:08.516+0000] {logging_mixin.py:188} INFO - [2026-08-09T13:42:08.515+0000] {dag.py:3954} INFO - Setting next_dagrun for load_ergast_data to None, run_after=None
[2026-08-09T13:42:08.891+0000] {processor.py:183} INFO - Processing /opt/airflow/dags/load_ergast_data.py took 6.692 seconds
[2026-08-09T13:42:39.694+0000] {processor.py:161} INFO - Started process (PID=313) to work on /opt/airflow/dags/load_ergast_data.py
[2026-08-09T13:42:39.712+0000] {processor.py:830} INFO - Processing file /opt/airflow/dags/load_ergast_data.py for tasks to queue
[2026-08-09T13:42:39.714+0000] {logging_mixin.py:188} INFO - [2026-08-09T13:42:39.714+0000] {dagbag.py:545} INFO - Filling up the DagBag from /opt/airflow/dags/load_ergast_data.py
[2026-08-09T13:43:03.170+0000] {processor.py:840} INFO - DAG(s) 'load_ergast_data' retrieved from /opt/airflow/dags/load_ergast_data.py
[2026-08-09T13:43:03.357+0000] {logging_mixin.py:188} INFO - [2026-08-09T13:43:03.355+0000] {dag.py:3096} INFO - Sync 1 DAGs
[2026-08-09T13:43:03.514+0000] {logging_mixin.py:188} INFO - [2026-08-09T13:43:03.514+0000] {dag.py:3954} INFO - Setting next_dagrun for load_ergast_data to None, run_after=None
[2026-08-09T13:43:03.586+0000] {processor.py:183} INFO - Processing /opt/airflow/dags/load_ergast_data.py took 20.965 seconds
[2026-08-09T13:43:35.024+0000] {processor.py:161} INFO - Started process (PID=431) to work on /opt/airflow/dags/load_ergast_data.py
[2026-08-09T13:43:35.062+0000] {processor.py:830} INFO - Processing file /opt/airflow/dags/load_ergast_data.py for tasks to queue
[2026-08-09T13:43:35.090+0000] {logging_mixin.py:188} INFO - [2026-08-09T13:43:35.078+0000] {dagbag.py:545} INFO - Filling up the DagBag from /opt/airflow/dags/load_ergast_data.py
[2026-08-09T13:43:39.840+0000] {processor.py:840} INFO - DAG(s) 'load_ergast_data' retrieved from /opt/airflow/dags/load_ergast_data.py
[2026-08-09T13:43:39.942+0000] {logging_mixin.py:188} INFO - [2026-08-09T13:43:39.940+0000] {dag.py:3096} INFO - Sync 1 DAGs
[2026-08-09T13:43:40.007+0000] {logging_mixin.py:188} INFO - [2026-08-09T13:43:40.007+0000] {dag.py:3954} INFO - Setting next_dagrun for load_ergast_data to None, run_after=None
[2026-08-09T13:43:40.095+0000] {processor.py:183} INFO - Processing /opt/airflow/dags/load_ergast_data.py took 5.247 seconds
[2026-08-09T13:44:12.651+0000] {processor.py:161} INFO - Started process (PID=474) to work on /opt/airflow/dags/load_ergast_data.py
[2026-08-09T13:44:12.664+0000] {processor.py:830} INFO - Processing file /opt/airflow/dags/load_ergast_data.py for tasks to queue
[2026-08-09T13:44:12.671+0000] {logging_mixin.py:188} INFO - [2026-08-09T13:44:12.669+0000] {dagbag.py:545} INFO - Filling up the DagBag from /opt/airflow/dags/load_ergast_data.py
[2026-08-09T13:44:26.866+0000] {processor.py:840} INFO - DAG(s) 'load_ergast_data' retrieved from /opt/airflow/dags/load_ergast_data.py
[2026-08-09T13:44:27.003+0000] {logging_mixin.py:188} INFO - [2026-08-09T13:44:27.002+0000] {dag.py:3096} INFO - Sync 1 DAGs
[2026-08-09T13:44:27.133+0000] {logging_mixin.py:188} INFO - [2026-08-09T13:44:27.131+0000] {dag.py:3954} INFO - Setting next_dagrun for load_ergast_data to None, run_after=None
[2026-08-09T13:44:37.346+0000] {processor.py:183} INFO - Processing /opt/airflow/dags/load_ergast_data.py took 21.813 seconds
[2026-08-09T13:45:09.270+0000] {processor.py:161} INFO - Started process (PID=536) to work on /opt/airflow/dags/load_ergast_data.py
[2026-08-09T13:45:09.272+0000] {processor.py:830} INFO - Processing file /opt/airflow/dags/load_ergast_data.py for tasks to queue
[2026-08-09T13:45:09.274+0000] {logging_mixin.py:188} INFO - [2026-08-09T13:45:09.273+0000] {dagbag.py:545} INFO - Filling up the DagBag from /opt/airflow/dags/load_ergast_data.py
[2026-08-09T13:45:10.307+0000] {processor.py:840} INFO - DAG(s) 'load_ergast_data' retrieved from /opt/airflow/dags/load_ergast_data.py
[2026-08-09T13:45:10.340+0000] {logging_mixin.py:188} INFO - [2026-08-09T13:45:10.339+0000] {dag.py:3096} INFO - Sync 1 DAGs
[2026-08-09T13:45:10.361+0000] {logging_mixin.py:188} INFO - [2026-08-09T13:45:10.361+0000] {dag.py:3954} INFO - Setting next_dagrun for load_ergast_data to None, run_after=None
[2026-08-09T13:45:10.387+0000] {processor.py:183} INFO - Processing /opt/airflow/dags/load_ergast_data.py took 1.134 seconds
[2026-08-09T13:45:42.475+0000] {processor.py:161} INFO - Started process (PID=547) to work on /opt/airflow/dags/load_ergast_data.py
[2026-08-09T13:45:42.476+0000] {processor.py:830} INFO - Processing file /opt/airflow/dags/load_ergast_data.py for tasks to queue
[2026-08-09T13:45:42.478+0000] {logging_mixin.py:188} INFO - [2026-08-09T13:45:42.477+0000] {dagbag.py:545} INFO - Filling up the DagBag from /opt/airflow/dags/load_ergast_data.py
[2026-08-09T13:45:43.107+0000] {processor.py:840} INFO - DAG(s) 'load_ergast_data' retrieved from /opt/airflow/dags/load_ergast_data.py
[2026-08-09T13:45:43.162+0000] {logging_mixin.py:188} INFO - [2026-08-09T13:45:43.161+0000] {dag.py:3096} INFO - Sync 1 DAGs
[2026-08-09T13:45:43.216+0000] {logging_mixin.py:188} INFO - [2026-08-09T13:45:43.215+0000] {dag.py:3954} INFO - Setting next_dagrun for load_ergast_data to None, run_after=None
[2026-08-09T13:45:43.275+0000] {processor.py:183} INFO - Processing /opt/airflow/dags/load_ergast_data.py took 0.806 seconds
[2026-08-09T13:46:15.626+0000] {processor.py:161} INFO - Started process (PID=558) to work on /opt/airflow/dags/load_ergast_data.py
[2026-08-09T13:46:15.627+0000] {processor.py:830} INFO - Processing file /opt/airflow/dags/load_ergast_data.py for tasks to queue
[2026-08-09T13:46:15.629+0000] {logging_mixin.py:188} INFO - [2026-08-09T13:46:15.628+0000] {dagbag.py:545} INFO - Filling up the DagBag from /opt/airflow/dags/load_ergast_data.py
[2026-08-09T13:46:16.393+0000] {processor.py:840} INFO - DAG(s) 'load_ergast_data' retrieved from /opt/airflow/dags/load_ergast_data.py
[2026-08-09T13:46:16.518+0000] {logging_mixin.py:188} INFO - [2026-08-09T13:46:16.516+0000] {dag.py:3096} INFO - Sync 1 DAGs
[2026-08-09T13:46:16.582+0000] {logging_mixin.py:188} INFO - [2026-08-09T13:46:16.582+0000] {dag.py:3954} INFO - Setting next_dagrun for load_ergast_data to None, run_after=None
[2026-08-09T13:46:16.680+0000] {processor.py:183} INFO - Processing /opt/airflow/dags/load_ergast_data.py took 1.059 seconds
[2026-08-09T13:46:48.017+0000] {processor.py:161} INFO - Started process (PID=569) to work on /opt/airflow/dags/load_ergast_data.py
[2026-08-09T13:46:48.019+0000] {processor.py:830} INFO - Processing file /opt/airflow/dags/load_ergast_data.py for tasks to queue
[2026-08-09T13:46:48.020+0000] {logging_mixin.py:188} INFO - [2026-08-09T13:46:48.020+0000] {dagbag.py:545} INFO - Filling up the DagBag from /opt/airflow/dags/load_ergast_data.py
[2026-08-09T13:46:48.474+0000] {processor.py:840} INFO - DAG(s) 'load_ergast_data' retrieved from /opt/airflow/dags/load_ergast_data.py
[2026-08-09T13:46:48.544+0000] {logging_mixin.py:188} INFO - [2026-08-09T13:46:48.543+0000] {dag.py:3096} INFO - Sync 1 DAGs
[2026-08-09T13:46:48.564+0000] {logging_mixin.py:188} INFO - [2026-08-09T13:46:48.564+0000] {dag.py:3954} INFO - Setting next_dagrun for load_ergast_data to None, run_after=None
[2026-08-09T13:46:48.600+0000] {processor.py:183} INFO - Processing /opt/airflow/dags/load_ergast_data.py took 0.591 seconds
[2026-08-09T13:47:19.519+0000] {processor.py:161} INFO - Started process (PID=580) to work on /opt/airflow/dags/load_ergast_data.py
[2026-08-09T13:47:19.521+0000] {processor.py:830} INFO - Processing file /opt/airflow/dags/load_ergast_data.py for tasks to queue
[2026-08-09T13:47:19.526+0000] {logging_mixin.py:188} INFO - [2026-08-09T13:47:19.525+0000] {dagbag.py:545} INFO - Filling up the DagBag from /opt/airflow/dags/load_ergast_data.py
[2026-08-09T13:47:22.695+0000] {processor.py:840} INFO - DAG(s) 'load_ergast_data' retrieved from /opt/airflow/dags/load_ergast_data.py
[2026-08-09T13:47:22.780+0000] {logging_mixin.py:188} INFO - [2026-08-09T13:47:22.780+0000] {dag.py:3096} INFO - Sync 1 DAGs
[2026-08-09T13:47:22.826+0000] {logging_mixin.py:188} INFO - [2026-08-09T13:47:22.826+0000] {dag.py:3954} INFO - Setting next_dagrun for load_ergast_data to None, run_after=None
[2026-08-09T13:47:22.872+0000] {processor.py:183} INFO - Processing /opt/airflow/dags/load_ergast_data.py took 1.297 seconds
[2026-08-09T13:47:54.879+0000] {processor.py:161} INFO - Started process (PID=591) to work on /opt/airflow/dags/load_ergast_data.py
[2026-08-09T13:47:54.881+0000] {processor.py:830} INFO - Processing file /opt/airflow/dags/load_ergast_data.py for tasks to queue
[2026-08-09T13:47:54.882+0000] {logging_mixin.py:188} INFO - [2026-08-09T13:47:54.882+0000] {dagbag.py:545} INFO - Filling up the DagBag from /opt/airflow/dags/load_ergast_data.py
[2026-08-09T13:47:55.443+0000] {processor.py:840} INFO - DAG(s) 'load_ergast_data' retrieved from /opt/airflow/dags/load_ergast_data.py
[2026-08-09T13:47:55.470+0000] {logging_mixin.py:188} INFO - [2026-08-09T13:47:55.469+0000] {dag.py:3096} INFO - Sync 1 DAGs
[2026-08-09T13:47:57.427+0000] {logging_mixin.py:188} INFO - [2026-08-09T13:47:57.427+0000] {dag.py:3954} INFO - Setting next_dagrun for load_ergast_data to None, run_after=None
[2026-08-09T13:47:57.463+0000] {processor.py:183} INFO - Processing /opt/airflow/dags/load_ergast_data.py took 2.589 seconds
[2026-08-09T13:48:27.639+0000] {processor.py:161} INFO - Started process (PID=602) to work on /opt/airflow/dags/load_ergast_data.py
[2026-08-09T13:48:27.641+0000] {processor.py:830} INFO - Processing file /opt/airflow/dags/load_ergast_data.py for tasks to queue
[2026-08-09T13:48:27.642+0000] {logging_mixin.py:188} INFO - [2026-08-09T13:48:27.642+0000] {dagbag.py:545} INFO - Filling up the DagBag from /opt/airflow/dags/load_ergast_data.py
[2026-08-09T13:48:27.969+0000] {processor.py:840} INFO - DAG(s) 'load_ergast_data' retrieved from /opt/airflow/dags/load_ergast_data.py
[2026-08-09T13:48:28.009+0000] {logging_mixin.py:188} INFO - [2026-08-09T13:48:28.008+0000] {dag.py:3096} INFO - Sync 1 DAGs
[2026-08-09T13:48:28.020+0000] {logging_mixin.py:188} INFO - [2026-08-09T13:48:28.020+0000] {dag.py:3954} INFO - Setting next_dagrun for load_ergast_data to None, run_after=None
[2026-08-09T13:48:28.059+0000] {processor.py:183} INFO - Processing /opt/airflow/dags/load_ergast_data.py took 0.425 seconds
[2026-08-09T13:49:00.788+0000] {processor.py:161} INFO - Started process (PID=613) to work on /opt/airflow/dags/load_ergast_data.py
[2026-08-09T13:49:00.813+0000] {processor.py:830} INFO - Processing file /opt/airflow/dags/load_ergast_data.py for tasks to queue
[2026-08-09T13:49:00.839+0000] {logging_mixin.py:188} INFO - [2026-08-09T13:49:00.830+0000] {dagbag.py:545} INFO - Filling up the DagBag from /opt/airflow/dags/load_ergast_data.py
[2026-08-09T13:49:03.467+0000] {processor.py:840} INFO - DAG(s) 'load_ergast_data' retrieved from /opt/airflow/dags/load_ergast_data.py
[2026-08-09T13:49:03.503+0000] {logging_mixin.py:188} INFO - [2026-08-09T13:49:03.503+0000] {dag.py:3096} INFO - Sync 1 DAGs
[2026-08-09T13:49:03.516+0000] {logging_mixin.py:188} INFO - [2026-08-09T13:49:03.516+0000] {dag.py:3954} INFO - Setting next_dagrun for load_ergast_data to None, run_after=None
[2026-08-09T13:49:03.539+0000] {processor.py:183} INFO - Processing /opt/airflow/dags/load_ergast_data.py took 2.863 seconds
[2026-08-09T13:49:33.810+0000] {processor.py:161} INFO - Started process (PID=627) to work on /opt/airflow/dags/load_ergast_data.py
[2026-08-09T13:49:33.812+0000] {processor.py:830} INFO - Processing file /opt/airflow/dags/load_ergast_data.py for tasks to queue
[2026-08-09T13:49:33.814+0000] {logging_mixin.py:188} INFO - [2026-08-09T13:49:33.813+0000] {dagbag.py:545} INFO - Filling up the DagBag from /opt/airflow/dags/load_ergast_data.py
[2026-08-09T13:49:34.251+0000] {processor.py:840} INFO - DAG(s) 'load_ergast_data' retrieved from /opt/airflow/dags/load_ergast_data.py
[2026-08-09T13:49:34.306+0000] {logging_mixin.py:188} INFO - [2026-08-09T13:49:34.306+0000] {dag.py:3096} INFO - Sync 1 DAGs
[2026-08-09T13:49:34.318+0000] {logging_mixin.py:188} INFO - [2026-08-09T13:49:34.318+0000] {dag.py:3954} INFO - Setting next_dagrun for load_ergast_data to None, run_after=None
[2026-08-09T13:49:34.336+0000] {processor.py:183} INFO - Processing /opt/airflow/dags/load_ergast_data.py took 0.574 seconds
[2026-08-09T13:50:06.133+0000] {processor.py:161} INFO - Started process (PID=638) to work on /opt/airflow/dags/load_ergast_data.py
[2026-08-09T13:50:06.137+0000] {processor.py:830} INFO - Processing file /opt/airflow/dags/load_ergast_data.py for tasks to queue
[2026-08-09T13:50:06.138+0000] {logging_mixin.py:188} INFO - [2026-08-09T13:50:06.138+0000] {dagbag.py:545} INFO - Filling up the DagBag from /opt/airflow/dags/load_ergast_data.py
[2026-08-09T13:50:06.478+0000] {processor.py:840} INFO - DAG(s) 'load_ergast_data' retrieved from /opt/airflow/dags/load_ergast_data.py
[2026-08-09T13:50:06.508+0000] {logging_mixin.py:188} INFO - [2026-08-09T13:50:06.508+0000] {dag.py:3096} INFO - Sync 1 DAGs
[2026-08-09T13:50:06.520+0000] {logging_mixin.py:188} INFO - [2026-08-09T13:50:06.520+0000] {dag.py:3954} INFO - Setting next_dagrun for load_ergast_data to None, run_after=None
[2026-08-09T13:50:06.541+0000] {processor.py:183} INFO - Processing /opt/airflow/dags/load_ergast_data.py took 0.416 seconds
[2026-08-09T13:50:39.083+0000] {processor.py:161} INFO - Started process (PID=649) to work on /opt/airflow/dags/load_ergast_data.py
[2026-08-09T13:50:39.085+0000] {processor.py:830} INFO - Processing file /opt/airflow/dags/load_ergast_data.py for tasks to queue
[2026-08-09T13:50:39.089+0000] {logging_mixin.py:188} INFO - [2026-08-09T13:50:39.088+0000] {dagbag.py:545} INFO - Filling up the DagBag from /opt/airflow/dags/load_ergast_data.py
[2026-08-09T13:50:40.273+0000] {processor.py:840} INFO - DAG(s) 'load_ergast_data' retrieved from /opt/airflow/dags/load_ergast_data.py
[2026-08-09T13:50:40.395+0000] {logging_mixin.py:188} INFO - [2026-08-09T13:50:40.394+0000] {dag.py:3096} INFO - Sync 1 DAGs
[2026-08-09T13:50:40.444+0000] {logging_mixin.py:188} INFO - [2026-08-09T13:50:40.444+0000] {dag.py:3954} INFO - Setting next_dagrun for load_ergast_data to None, run_after=None
[2026-08-09T13:50:40.489+0000] {processor.py:183} INFO - Processing /opt/airflow/dags/load_ergast_data.py took 1.424 seconds
[2026-08-09T13:51:12.225+0000] {processor.py:161} INFO - Started process (PID=660) to work on /opt/airflow/dags/load_ergast_data.py
[2026-08-09T13:51:12.229+0000] {processor.py:830} INFO - Processing file /opt/airflow/dags/load_ergast_data.py for tasks to queue
[2026-08-09T13:51:12.233+0000] {logging_mixin.py:188} INFO - [2026-08-09T13:51:12.231+0000] {dagbag.py:545} INFO - Filling up the DagBag from /opt/airflow/dags/load_ergast_data.py
[2026-08-09T13:51:12.641+0000] {processor.py:840} INFO - DAG(s) 'load_ergast_data' retrieved from /opt/airflow/dags/load_ergast_data.py
[2026-08-09T13:51:12.663+0000] {logging_mixin.py:188} INFO - [2026-08-09T13:51:12.663+0000] {dag.py:3096} INFO - Sync 1 DAGs
[2026-08-09T13:51:15.018+0000] {logging_mixin.py:188} INFO - [2026-08-09T13:51:15.017+0000] {dag.py:3954} INFO - Setting next_dagrun for load_ergast_data to None, run_after=None
[2026-08-09T13:51:15.035+0000] {processor.py:183} INFO - Processing /opt/airflow/dags/load_ergast_data.py took 2.825 seconds
[2026-08-09T13:51:45.503+0000] {processor.py:161} INFO - Started process (PID=671) to work on /opt/airflow/dags/load_ergast_data.py
[2026-08-09T13:51:45.515+0000] {processor.py:830} INFO - Processing file /opt/airflow/dags/load_ergast_data.py for tasks to queue
[2026-08-09T13:51:45.523+0000] {logging_mixin.py:188} INFO - [2026-08-09T13:51:45.521+0000] {dagbag.py:545} INFO - Filling up the DagBag from /opt/airflow/dags/load_ergast_data.py
[2026-08-09T13:51:46.109+0000] {processor.py:840} INFO - DAG(s) 'load_ergast_data' retrieved from /opt/airflow/dags/load_ergast_data.py
[2026-08-09T13:51:46.146+0000] {logging_mixin.py:188} INFO - [2026-08-09T13:51:46.146+0000] {dag.py:3096} INFO - Sync 1 DAGs
[2026-08-09T13:51:46.162+0000] {logging_mixin.py:188} INFO - [2026-08-09T13:51:46.162+0000] {dag.py:3954} INFO - Setting next_dagrun for load_ergast_data to None, run_after=None
[2026-08-09T13:51:46.186+0000] {processor.py:183} INFO - Processing /opt/airflow/dags/load_ergast_data.py took 0.762 seconds
[2026-08-09T13:52:18.513+0000] {processor.py:161} INFO - Started process (PID=682) to work on /opt/airflow/dags/load_ergast_data.py
[2026-08-09T13:52:18.522+0000] {processor.py:830} INFO - Processing file /opt/airflow/dags/load_ergast_data.py for tasks to queue
[2026-08-09T13:52:18.527+0000] {logging_mixin.py:188} INFO - [2026-08-09T13:52:18.525+0000] {dagbag.py:545} INFO - Filling up the DagBag from /opt/airflow/dags/load_ergast_data.py
[2026-08-09T13:52:19.114+0000] {processor.py:840} INFO - DAG(s) 'load_ergast_data' retrieved from /opt/airflow/dags/load_ergast_data.py
[2026-08-09T13:52:19.159+0000] {logging_mixin.py:188} INFO - [2026-08-09T13:52:19.158+0000] {dag.py:3096} INFO - Sync 1 DAGs
[2026-08-09T13:52:19.190+0000] {logging_mixin.py:188} INFO - [2026-08-09T13:52:19.190+0000] {dag.py:3954} INFO - Setting next_dagrun for load_ergast_data to None, run_after=None
[2026-08-09T13:52:19.229+0000] {processor.py:183} INFO - Processing /opt/airflow/dags/load_ergast_data.py took 0.738 seconds
[2026-08-09T13:52:51.427+0000] {processor.py:161} INFO - Started process (PID=693) to work on /opt/airflow/dags/load_ergast_data.py
[2026-08-09T13:52:51.432+0000] {processor.py:830} INFO - Processing file /opt/airflow/dags/load_ergast_data.py for tasks to queue
[2026-08-09T13:52:51.434+0000] {logging_mixin.py:188} INFO - [2026-08-09T13:52:51.433+0000] {dagbag.py:545} INFO - Filling up the DagBag from /opt/airflow/dags/load_ergast_data.py
[2026-08-09T13:52:52.023+0000] {processor.py:840} INFO - DAG(s) 'load_ergast_data' retrieved from /opt/airflow/dags/load_ergast_data.py
[2026-08-09T13:52:52.080+0000] {logging_mixin.py:188} INFO - [2026-08-09T13:52:52.079+0000] {dag.py:3096} INFO - Sync 1 DAGs
[2026-08-09T13:52:52.105+0000] {logging_mixin.py:188} INFO - [2026-08-09T13:52:52.105+0000] {dag.py:3954} INFO - Setting next_dagrun for load_ergast_data to None, run_after=None
[2026-08-09T13:52:52.135+0000] {processor.py:183} INFO - Processing /opt/airflow/dags/load_ergast_data.py took 0.728 seconds
[2026-08-09T13:53:24.503+0000] {processor.py:161} INFO - Started process (PID=704) to work on /opt/airflow/dags/load_ergast_data.py
[2026-08-09T13:53:24.505+0000] {processor.py:830} INFO - Processing file /opt/airflow/dags/load_ergast_data.py for tasks to queue
[2026-08-09T13:53:24.506+0000] {logging_mixin.py:188} INFO - [2026-08-09T13:53:24.506+0000] {dagbag.py:545} INFO - Filling up the DagBag from /opt/airflow/dags/load_ergast_data.py
[2026-08-09T13:53:24.886+0000] {processor.py:840} INFO - DAG(s) 'load_ergast_data' retrieved from /opt/airflow/dags/load_ergast_data.py
[2026-08-09T13:53:24.994+0000] {logging_mixin.py:188} INFO - [2026-08-09T13:53:24.993+0000] {dag.py:3096} INFO - Sync 1 DAGs
[2026-08-09T13:53:25.022+0000] {logging_mixin.py:188} INFO - [2026-08-09T13:53:25.021+0000] {dag.py:3954} INFO - Setting next_dagrun for load_ergast_data to None, run_after=None
[2026-08-09T13:53:25.044+0000] {processor.py:183} INFO - Processing /opt/airflow/dags/load_ergast_data.py took 0.555 seconds
[2026-08-09T13:53:57.179+0000] {processor.py:161} INFO - Started process (PID=715) to work on /opt/airflow/dags/load_ergast_data.py
[2026-08-09T13:53:57.185+0000] {processor.py:830} INFO - Processing file /opt/airflow/dags/load_ergast_data.py for tasks to queue
[2026-08-09T13:53:57.189+0000] {logging_mixin.py:188} INFO - [2026-08-09T13:53:57.187+0000] {dagbag.py:545} INFO - Filling up the DagBag from /opt/airflow/dags/load_ergast_data.py
[2026-08-09T13:53:57.602+0000] {processor.py:840} INFO - DAG(s) 'load_ergast_data' retrieved from /opt/airflow/dags/load_ergast_data.py
[2026-08-09T13:53:57.626+0000] {logging_mixin.py:188} INFO - [2026-08-09T13:53:57.625+0000] {dag.py:3096} INFO - Sync 1 DAGs
[2026-08-09T13:53:57.639+0000] {logging_mixin.py:188} INFO - [2026-08-09T13:53:57.639+0000] {dag.py:3954} INFO - Setting next_dagrun for load_ergast_data to None, run_after=None
[2026-08-09T13:53:57.658+0000] {processor.py:183} INFO - Processing /opt/airflow/dags/load_ergast_data.py took 0.519 seconds
[2026-08-09T13:54:29.940+0000] {processor.py:161} INFO - Started process (PID=728) to work on /opt/airflow/dags/load_ergast_data.py
[2026-08-09T13:54:29.942+0000] {processor.py:830} INFO - Processing file /opt/airflow/dags/load_ergast_data.py for tasks to queue
[2026-08-09T13:54:29.943+0000] {logging_mixin.py:188} INFO - [2026-08-09T13:54:29.943+0000] {dagbag.py:545} INFO - Filling up the DagBag from /opt/airflow/dags/load_ergast_data.py
[2026-08-09T13:54:30.491+0000] {processor.py:840} INFO - DAG(s) 'load_ergast_data' retrieved from /opt/airflow/dags/load_ergast_data.py
[2026-08-09T13:54:30.554+0000] {logging_mixin.py:188} INFO - [2026-08-09T13:54:30.554+0000] {dag.py:3096} INFO - Sync 1 DAGs
[2026-08-09T13:54:30.571+0000] {logging_mixin.py:188} INFO - [2026-08-09T13:54:30.570+0000] {dag.py:3954} INFO - Setting next_dagrun for load_ergast_data to None, run_after=None
[2026-08-09T13:54:32.815+0000] {processor.py:183} INFO - Processing /opt/airflow/dags/load_ergast_data.py took 2.881 seconds
[2026-08-09T13:55:02.924+0000] {processor.py:161} INFO - Started process (PID=737) to work on /opt/airflow/dags/load_ergast_data.py
[2026-08-09T13:55:02.926+0000] {processor.py:830} INFO - Processing file /opt/airflow/dags/load_ergast_data.py for tasks to queue
[2026-08-09T13:55:02.928+0000] {logging_mixin.py:188} INFO - [2026-08-09T13:55:02.928+0000] {dagbag.py:545} INFO - Filling up the DagBag from /opt/airflow/dags/load_ergast_data.py
[2026-08-09T13:55:03.465+0000] {processor.py:840} INFO - DAG(s) 'load_ergast_data' retrieved from /opt/airflow/dags/load_ergast_data.py
[2026-08-09T13:55:03.491+0000] {logging_mixin.py:188} INFO - [2026-08-09T13:55:03.490+0000] {dag.py:3096} INFO - Sync 1 DAGs
[2026-08-09T13:55:03.839+0000] {logging_mixin.py:188} INFO - [2026-08-09T13:55:03.839+0000] {dag.py:3954} INFO - Setting next_dagrun for load_ergast_data to None, run_after=None
[2026-08-09T13:55:03.862+0000] {processor.py:183} INFO - Processing /opt/airflow/dags/load_ergast_data.py took 0.948 seconds
[2026-08-09T13:55:35.978+0000] {processor.py:161} INFO - Started process (PID=748) to work on /opt/airflow/dags/load_ergast_data.py
[2026-08-09T13:55:35.979+0000] {processor.py:830} INFO - Processing file /opt/airflow/dags/load_ergast_data.py for tasks to queue
[2026-08-09T13:55:35.980+0000] {logging_mixin.py:188} INFO - [2026-08-09T13:55:35.980+0000] {dagbag.py:545} INFO - Filling up the DagBag from /opt/airflow/dags/load_ergast_data.py
[2026-08-09T13:55:36.278+0000] {processor.py:840} INFO - DAG(s) 'load_ergast_data' retrieved from /opt/airflow/dags/load_ergast_data.py
[2026-08-09T13:55:36.302+0000] {logging_mixin.py:188} INFO - [2026-08-09T13:55:36.302+0000] {dag.py:3096} INFO - Sync 1 DAGs
[2026-08-09T13:55:36.314+0000] {logging_mixin.py:188} INFO - [2026-08-09T13:55:36.313+0000] {dag.py:3954} INFO - Setting next_dagrun for load_ergast_data to None, run_after=None
[2026-08-09T13:55:36.337+0000] {processor.py:183} INFO - Processing /opt/airflow/dags/load_ergast_data.py took 0.367 seconds
[2026-08-09T13:56:08.440+0000] {processor.py:161} INFO - Started process (PID=759) to work on /opt/airflow/dags/load_ergast_data.py
[2026-08-09T13:56:08.442+0000] {processor.py:830} INFO - Processing file /opt/airflow/dags/load_ergast_data.py for tasks to queue
[2026-08-09T13:56:08.443+0000] {logging_mixin.py:188} INFO - [2026-08-09T13:56:08.443+0000] {dagbag.py:545} INFO - Filling up the DagBag from /opt/airflow/dags/load_ergast_data.py
[2026-08-09T13:56:08.791+0000] {processor.py:840} INFO - DAG(s) 'load_ergast_data' retrieved from /opt/airflow/dags/load_ergast_data.py
[2026-08-09T13:56:08.819+0000] {logging_mixin.py:188} INFO - [2026-08-09T13:56:08.819+0000] {dag.py:3096} INFO - Sync 1 DAGs
[2026-08-09T13:56:08.834+0000] {logging_mixin.py:188} INFO - [2026-08-09T13:56:08.834+0000] {dag.py:3954} INFO - Setting next_dagrun for load_ergast_data to None, run_after=None
[2026-08-09T13:56:08.864+0000] {processor.py:183} INFO - Processing /opt/airflow/dags/load_ergast_data.py took 0.431 seconds
[2026-08-09T13:56:41.812+0000] {processor.py:161} INFO - Started process (PID=770) to work on /opt/airflow/dags/load_ergast_data.py
[2026-08-09T13:56:41.814+0000] {processor.py:830} INFO - Processing file /opt/airflow/dags/load_ergast_data.py for tasks to queue
[2026-08-09T13:56:41.815+0000] {logging_mixin.py:188} INFO - [2026-08-09T13:56:41.815+0000] {dagbag.py:545} INFO - Filling up the DagBag from /opt/airflow/dags/load_ergast_data.py
[2026-08-09T13:56:42.185+0000] {processor.py:840} INFO - DAG(s) 'load_ergast_data' retrieved from /opt/airflow/dags/load_ergast_data.py
[2026-08-09T13:56:42.220+0000] {logging_mixin.py:188} INFO - [2026-08-09T13:56:42.220+0000] {dag.py:3096} INFO - Sync 1 DAGs
[2026-08-09T13:56:42.236+0000] {logging_mixin.py:188} INFO - [2026-08-09T13:56:42.235+0000] {dag.py:3954} INFO - Setting next_dagrun for load_ergast_data to None, run_after=None
[2026-08-09T13:56:42.268+0000] {processor.py:183} INFO - Processing /opt/airflow/dags/load_ergast_data.py took 0.462 seconds
[2026-08-09T13:57:14.186+0000] {processor.py:161} INFO - Started process (PID=781) to work on /opt/airflow/dags/load_ergast_data.py
[2026-08-09T13:57:14.188+0000] {processor.py:830} INFO - Processing file /opt/airflow/dags/load_ergast_data.py for tasks to queue
[2026-08-09T13:57:14.190+0000] {logging_mixin.py:188} INFO - [2026-08-09T13:57:14.190+0000] {dagbag.py:545} INFO - Filling up the DagBag from /opt/airflow/dags/load_ergast_data.py
[2026-08-09T13:57:14.565+0000] {processor.py:840} INFO - DAG(s) 'load_ergast_data' retrieved from /opt/airflow/dags/load_ergast_data.py
[2026-08-09T13:57:14.603+0000] {logging_mixin.py:188} INFO - [2026-08-09T13:57:14.602+0000] {dag.py:3096} INFO - Sync 1 DAGs
[2026-08-09T13:57:14.620+0000] {logging_mixin.py:188} INFO - [2026-08-09T13:57:14.620+0000] {dag.py:3954} INFO - Setting next_dagrun for load_ergast_data to None, run_after=None
[2026-08-09T13:57:14.652+0000] {processor.py:183} INFO - Processing /opt/airflow/dags/load_ergast_data.py took 0.475 seconds
[2026-08-09T13:57:47.567+0000] {processor.py:161} INFO - Started process (PID=792) to work on /opt/airflow/dags/load_ergast_data.py
[2026-08-09T13:57:47.569+0000] {processor.py:830} INFO - Processing file /opt/airflow/dags/load_ergast_data.py for tasks to queue
[2026-08-09T13:57:47.571+0000] {logging_mixin.py:188} INFO - [2026-08-09T13:57:47.570+0000] {dagbag.py:545} INFO - Filling up the DagBag from /opt/airflow/dags/load_ergast_data.py
[2026-08-09T13:57:47.848+0000] {processor.py:840} INFO - DAG(s) 'load_ergast_data' retrieved from /opt/airflow/dags/load_ergast_data.py
[2026-08-09T13:57:47.872+0000] {logging_mixin.py:188} INFO - [2026-08-09T13:57:47.871+0000] {dag.py:3096} INFO - Sync 1 DAGs
[2026-08-09T13:57:48.674+0000] {logging_mixin.py:188} INFO - [2026-08-09T13:57:48.673+0000] {dag.py:3954} INFO - Setting next_dagrun for load_ergast_data to None, run_after=None
[2026-08-09T13:57:48.694+0000] {processor.py:183} INFO - Processing /opt/airflow/dags/load_ergast_data.py took 1.134 seconds
[2026-08-09T13:58:20.932+0000] {processor.py:161} INFO - Started process (PID=803) to work on /opt/airflow/dags/load_ergast_data.py
[2026-08-09T13:58:20.939+0000] {processor.py:830} INFO - Processing file /opt/airflow/dags/load_ergast_data.py for tasks to queue
[2026-08-09T13:58:20.943+0000] {logging_mixin.py:188} INFO - [2026-08-09T13:58:20.941+0000] {dagbag.py:545} INFO - Filling up the DagBag from /opt/airflow/dags/load_ergast_data.py
[2026-08-09T13:58:22.173+0000] {processor.py:840} INFO - DAG(s) 'load_ergast_data' retrieved from /opt/airflow/dags/load_ergast_data.py
[2026-08-09T13:58:22.279+0000] {logging_mixin.py:188} INFO - [2026-08-09T13:58:22.278+0000] {dag.py:3096} INFO - Sync 1 DAGs
[2026-08-09T13:58:23.562+0000] {logging_mixin.py:188} INFO - [2026-08-09T13:58:23.561+0000] {dag.py:3954} INFO - Setting next_dagrun for load_ergast_data to None, run_after=None
[2026-08-09T13:58:23.584+0000] {processor.py:183} INFO - Processing /opt/airflow/dags/load_ergast_data.py took 2.674 seconds
[2026-08-09T13:58:54.133+0000] {processor.py:161} INFO - Started process (PID=816) to work on /opt/airflow/dags/load_ergast_data.py
[2026-08-09T13:58:54.135+0000] {processor.py:830} INFO - Processing file /opt/airflow/dags/load_ergast_data.py for tasks to queue
[2026-08-09T13:58:54.136+0000] {logging_mixin.py:188} INFO - [2026-08-09T13:58:54.136+0000] {dagbag.py:545} INFO - Filling up the DagBag from /opt/airflow/dags/load_ergast_data.py
[2026-08-09T13:58:54.745+0000] {processor.py:840} INFO - DAG(s) 'load_ergast_data' retrieved from /opt/airflow/dags/load_ergast_data.py
[2026-08-09T13:58:54.790+0000] {logging_mixin.py:188} INFO - [2026-08-09T13:58:54.789+0000] {dag.py:3096} INFO - Sync 1 DAGs
[2026-08-09T13:58:54.814+0000] {logging_mixin.py:188} INFO - [2026-08-09T13:58:54.814+0000] {dag.py:3954} INFO - Setting next_dagrun for load_ergast_data to None, run_after=None
[2026-08-09T13:58:54.845+0000] {processor.py:183} INFO - Processing /opt/airflow/dags/load_ergast_data.py took 0.722 seconds
[2026-08-09T13:59:24.995+0000] {processor.py:161} INFO - Started process (PID=827) to work on /opt/airflow/dags/load_ergast_data.py
[2026-08-09T13:59:24.999+0000] {processor.py:830} INFO - Processing file /opt/airflow/dags/load_ergast_data.py for tasks to queue
[2026-08-09T13:59:25.003+0000] {logging_mixin.py:188} INFO - [2026-08-09T13:59:25.002+0000] {dagbag.py:545} INFO - Filling up the DagBag from /opt/airflow/dags/load_ergast_data.py
[2026-08-09T13:59:25.775+0000] {processor.py:840} INFO - DAG(s) 'load_ergast_data' retrieved from /opt/airflow/dags/load_ergast_data.py
[2026-08-09T13:59:25.844+0000] {logging_mixin.py:188} INFO - [2026-08-09T13:59:25.843+0000] {dag.py:3096} INFO - Sync 1 DAGs
[2026-08-09T13:59:25.878+0000] {logging_mixin.py:188} INFO - [2026-08-09T13:59:25.878+0000] {dag.py:3954} INFO - Setting next_dagrun for load_ergast_data to None, run_after=None
[2026-08-09T13:59:25.914+0000] {processor.py:183} INFO - Processing /opt/airflow/dags/load_ergast_data.py took 0.933 seconds
[2026-08-09T13:59:56.188+0000] {processor.py:161} INFO - Started process (PID=838) to work on /opt/airflow/dags/load_ergast_data.py
[2026-08-09T13:59:56.190+0000] {processor.py:830} INFO - Processing file /opt/airflow/dags/load_ergast_data.py for tasks to queue
[2026-08-09T13:59:56.193+0000] {logging_mixin.py:188} INFO - [2026-08-09T13:59:56.192+0000] {dagbag.py:545} INFO - Filling up the DagBag from /opt/airflow/dags/load_ergast_data.py
[2026-08-09T13:59:56.515+0000] {processor.py:840} INFO - DAG(s) 'load_ergast_data' retrieved from /opt/airflow/dags/load_ergast_data.py
[2026-08-09T13:59:56.543+0000] {logging_mixin.py:188} INFO - [2026-08-09T13:59:56.542+0000] {dag.py:3096} INFO - Sync 1 DAGs
[2026-08-09T13:59:56.553+0000] {logging_mixin.py:188} INFO - [2026-08-09T13:59:56.553+0000] {dag.py:3954} INFO - Setting next_dagrun for load_ergast_data to None, run_after=None
[2026-08-09T13:59:56.590+0000] {processor.py:183} INFO - Processing /opt/airflow/dags/load_ergast_data.py took 0.409 seconds
[2026-08-09T14:00:26.694+0000] {processor.py:161} INFO - Started process (PID=849) to work on /opt/airflow/dags/load_ergast_data.py
[2026-08-09T14:00:26.695+0000] {processor.py:830} INFO - Processing file /opt/airflow/dags/load_ergast_data.py for tasks to queue
[2026-08-09T14:00:26.696+0000] {logging_mixin.py:188} INFO - [2026-08-09T14:00:26.696+0000] {dagbag.py:545} INFO - Filling up the DagBag from /opt/airflow/dags/load_ergast_data.py
[2026-08-09T14:00:27.044+0000] {processor.py:840} INFO - DAG(s) 'load_ergast_data' retrieved from /opt/airflow/dags/load_ergast_data.py
[2026-08-09T14:00:27.070+0000] {logging_mixin.py:188} INFO - [2026-08-09T14:00:27.069+0000] {dag.py:3096} INFO - Sync 1 DAGs
[2026-08-09T14:00:27.084+0000] {logging_mixin.py:188} INFO - [2026-08-09T14:00:27.084+0000] {dag.py:3954} INFO - Setting next_dagrun for load_ergast_data to None, run_after=None
[2026-08-09T14:00:27.102+0000] {processor.py:183} INFO - Processing /opt/airflow/dags/load_ergast_data.py took 0.413 seconds
[2026-08-09T14:00:57.855+0000] {processor.py:161} INFO - Started process (PID=860) to work on /opt/airflow/dags/load_ergast_data.py
[2026-08-09T14:00:57.856+0000] {processor.py:830} INFO - Processing file /opt/airflow/dags/load_ergast_data.py for tasks to queue
[2026-08-09T14:00:57.857+0000] {logging_mixin.py:188} INFO - [2026-08-09T14:00:57.857+0000] {dagbag.py:545} INFO - Filling up the DagBag from /opt/airflow/dags/load_ergast_data.py
[2026-08-09T14:00:58.162+0000] {processor.py:840} INFO - DAG(s) 'load_ergast_data' retrieved from /opt/airflow/dags/load_ergast_data.py
[2026-08-09T14:00:58.196+0000] {logging_mixin.py:188} INFO - [2026-08-09T14:00:58.196+0000] {dag.py:3096} INFO - Sync 1 DAGs
[2026-08-09T14:00:58.210+0000] {logging_mixin.py:188} INFO - [2026-08-09T14:00:58.209+0000] {dag.py:3954} INFO - Setting next_dagrun for load_ergast_data to None, run_after=None
[2026-08-09T14:00:59.944+0000] {processor.py:183} INFO - Processing /opt/airflow/dags/load_ergast_data.py took 2.095 seconds
[2026-08-09T14:01:30.009+0000] {processor.py:161} INFO - Started process (PID=871) to work on /opt/airflow/dags/load_ergast_data.py
[2026-08-09T14:01:30.011+0000] {processor.py:830} INFO - Processing file /opt/airflow/dags/load_ergast_data.py for tasks to queue
[2026-08-09T14:01:30.012+0000] {logging_mixin.py:188} INFO - [2026-08-09T14:01:30.012+0000] {dagbag.py:545} INFO - Filling up the DagBag from /opt/airflow/dags/load_ergast_data.py
[2026-08-09T14:01:30.344+0000] {processor.py:840} INFO - DAG(s) 'load_ergast_data' retrieved from /opt/airflow/dags/load_ergast_data.py
[2026-08-09T14:01:30.377+0000] {logging_mixin.py:188} INFO - [2026-08-09T14:01:30.376+0000] {dag.py:3096} INFO - Sync 1 DAGs
[2026-08-09T14:01:30.537+0000] {logging_mixin.py:188} INFO - [2026-08-09T14:01:30.537+0000] {dag.py:3954} INFO - Setting next_dagrun for load_ergast_data to None, run_after=None
[2026-08-09T14:01:30.554+0000] {processor.py:183} INFO - Processing /opt/airflow/dags/load_ergast_data.py took 0.550 seconds
[2026-08-09T14:02:00.703+0000] {processor.py:161} INFO - Started process (PID=882) to work on /opt/airflow/dags/load_ergast_data.py
[2026-08-09T14:02:00.705+0000] {processor.py:830} INFO - Processing file /opt/airflow/dags/load_ergast_data.py for tasks to queue
[2026-08-09T14:02:00.707+0000] {logging_mixin.py:188} INFO - [2026-08-09T14:02:00.706+0000] {dagbag.py:545} INFO - Filling up the DagBag from /opt/airflow/dags/load_ergast_data.py
[2026-08-09T14:02:00.986+0000] {processor.py:840} INFO - DAG(s) 'load_ergast_data' retrieved from /opt/airflow/dags/load_ergast_data.py
[2026-08-09T14:02:01.013+0000] {logging_mixin.py:188} INFO - [2026-08-09T14:02:01.013+0000] {dag.py:3096} INFO - Sync 1 DAGs
[2026-08-09T14:02:01.027+0000] {logging_mixin.py:188} INFO - [2026-08-09T14:02:01.026+0000] {dag.py:3954} INFO - Setting next_dagrun for load_ergast_data to None, run_after=None
[2026-08-09T14:02:01.046+0000] {processor.py:183} INFO - Processing /opt/airflow/dags/load_ergast_data.py took 0.352 seconds
[2026-08-09T14:02:31.141+0000] {processor.py:161} INFO - Started process (PID=893) to work on /opt/airflow/dags/load_ergast_data.py
[2026-08-09T14:02:31.144+0000] {processor.py:830} INFO - Processing file /opt/airflow/dags/load_ergast_data.py for tasks to queue
[2026-08-09T14:02:31.148+0000] {logging_mixin.py:188} INFO - [2026-08-09T14:02:31.147+0000] {dagbag.py:545} INFO - Filling up the DagBag from /opt/airflow/dags/load_ergast_data.py
[2026-08-09T14:02:31.549+0000] {processor.py:840} INFO - DAG(s) 'load_ergast_data' retrieved from /opt/airflow/dags/load_ergast_data.py
[2026-08-09T14:02:31.614+0000] {logging_mixin.py:188} INFO - [2026-08-09T14:02:31.613+0000] {dag.py:3096} INFO - Sync 1 DAGs
[2026-08-09T14:02:31.651+0000] {logging_mixin.py:188} INFO - [2026-08-09T14:02:31.651+0000] {dag.py:3954} INFO - Setting next_dagrun for load_ergast_data to None, run_after=None
[2026-08-09T14:02:31.682+0000] {processor.py:183} INFO - Processing /opt/airflow/dags/load_ergast_data.py took 0.548 seconds
[2026-08-09T14:03:01.787+0000] {processor.py:161} INFO - Started process (PID=904) to work on /opt/airflow/dags/load_ergast_data.py
[2026-08-09T14:03:01.790+0000] {processor.py:830} INFO - Processing file /opt/airflow/dags/load_ergast_data.py for tasks to queue
[2026-08-09T14:03:01.792+0000] {logging_mixin.py:188} INFO - [2026-08-09T14:03:01.792+0000] {dagbag.py:545} INFO - Filling up the DagBag from /opt/airflow/dags/load_ergast_data.py
[2026-08-09T14:03:02.252+0000] {processor.py:840} INFO - DAG(s) 'load_ergast_data' retrieved from /opt/airflow/dags/load_ergast_data.py
[2026-08-09T14:03:02.284+0000] {logging_mixin.py:188} INFO - [2026-08-09T14:03:02.283+0000] {dag.py:3096} INFO - Sync 1 DAGs
[2026-08-09T14:03:02.301+0000] {logging_mixin.py:188} INFO - [2026-08-09T14:03:02.300+0000] {dag.py:3954} INFO - Setting next_dagrun for load_ergast_data to None, run_after=None
[2026-08-09T14:03:02.326+0000] {processor.py:183} INFO - Processing /opt/airflow/dags/load_ergast_data.py took 0.562 seconds
[2026-08-09T14:03:32.895+0000] {processor.py:161} INFO - Started process (PID=915) to work on /opt/airflow/dags/load_ergast_data.py
[2026-08-09T14:03:32.898+0000] {processor.py:830} INFO - Processing file /opt/airflow/dags/load_ergast_data.py for tasks to queue
[2026-08-09T14:03:32.899+0000] {logging_mixin.py:188} INFO - [2026-08-09T14:03:32.899+0000] {dagbag.py:545} INFO - Filling up the DagBag from /opt/airflow/dags/load_ergast_data.py
[2026-08-09T14:03:33.320+0000] {processor.py:840} INFO - DAG(s) 'load_ergast_data' retrieved from /opt/airflow/dags/load_ergast_data.py
[2026-08-09T14:03:33.395+0000] {logging_mixin.py:188} INFO - [2026-08-09T14:03:33.395+0000] {dag.py:3096} INFO - Sync 1 DAGs
[2026-08-09T14:03:33.435+0000] {logging_mixin.py:188} INFO - [2026-08-09T14:03:33.435+0000] {dag.py:3954} INFO - Setting next_dagrun for load_ergast_data to None, run_after=None
[2026-08-09T14:03:33.471+0000] {processor.py:183} INFO - Processing /opt/airflow/dags/load_ergast_data.py took 0.584 seconds
[2026-08-09T14:06:03.496+0000] {processor.py:161} INFO - Started process (PID=924) to work on /opt/airflow/dags/load_ergast_data.py
[2026-08-09T14:06:03.581+0000] {processor.py:830} INFO - Processing file /opt/airflow/dags/load_ergast_data.py for tasks to queue
[2026-08-09T14:06:03.619+0000] {logging_mixin.py:188} INFO - [2026-08-09T14:06:03.617+0000] {dagbag.py:545} INFO - Filling up the DagBag from /opt/airflow/dags/load_ergast_data.py
[2026-08-09T14:06:07.957+0000] {processor.py:840} INFO - DAG(s) 'load_ergast_data' retrieved from /opt/airflow/dags/load_ergast_data.py
[2026-08-09T14:06:08.023+0000] {logging_mixin.py:188} INFO - [2026-08-09T14:06:08.021+0000] {dag.py:3096} INFO - Sync 1 DAGs
[2026-08-09T14:06:08.085+0000] {logging_mixin.py:188} INFO - [2026-08-09T14:06:08.084+0000] {dag.py:3954} INFO - Setting next_dagrun for load_ergast_data to None, run_after=None
[2026-08-09T14:06:08.197+0000] {processor.py:183} INFO - Processing /opt/airflow/dags/load_ergast_data.py took 4.956 seconds
[2026-08-09T14:06:39.265+0000] {processor.py:161} INFO - Started process (PID=935) to work on /opt/airflow/dags/load_ergast_data.py
[2026-08-09T14:06:39.268+0000] {processor.py:830} INFO - Processing file /opt/airflow/dags/load_ergast_data.py for tasks to queue
[2026-08-09T14:06:39.271+0000] {logging_mixin.py:188} INFO - [2026-08-09T14:06:39.270+0000] {dagbag.py:545} INFO - Filling up the DagBag from /opt/airflow/dags/load_ergast_data.py
[2026-08-09T14:06:41.745+0000] {processor.py:840} INFO - DAG(s) 'load_ergast_data' retrieved from /opt/airflow/dags/load_ergast_data.py
[2026-08-09T14:06:41.943+0000] {logging_mixin.py:188} INFO - [2026-08-09T14:06:41.942+0000] {dag.py:3096} INFO - Sync 1 DAGs
[2026-08-09T14:06:45.029+0000] {logging_mixin.py:188} INFO - [2026-08-09T14:06:45.029+0000] {dag.py:3954} INFO - Setting next_dagrun for load_ergast_data to None, run_after=None
[2026-08-09T14:06:45.065+0000] {processor.py:183} INFO - Processing /opt/airflow/dags/load_ergast_data.py took 5.815 seconds
[2026-08-09T14:07:15.676+0000] {processor.py:161} INFO - Started process (PID=948) to work on /opt/airflow/dags/load_ergast_data.py
[2026-08-09T14:07:15.685+0000] {processor.py:830} INFO - Processing file /opt/airflow/dags/load_ergast_data.py for tasks to queue
[2026-08-09T14:07:15.693+0000] {logging_mixin.py:188} INFO - [2026-08-09T14:07:15.692+0000] {dagbag.py:545} INFO - Filling up the DagBag from /opt/airflow/dags/load_ergast_data.py
[2026-08-09T14:07:17.386+0000] {processor.py:840} INFO - DAG(s) 'load_ergast_data' retrieved from /opt/airflow/dags/load_ergast_data.py
[2026-08-09T14:07:19.490+0000] {logging_mixin.py:188} INFO - [2026-08-09T14:07:19.485+0000] {dag.py:3096} INFO - Sync 1 DAGs
[2026-08-09T14:07:19.555+0000] {logging_mixin.py:188} INFO - [2026-08-09T14:07:19.555+0000] {dag.py:3954} INFO - Setting next_dagrun for load_ergast_data to None, run_after=None
[2026-08-09T14:07:19.642+0000] {processor.py:183} INFO - Processing /opt/airflow/dags/load_ergast_data.py took 3.995 seconds
[2026-08-09T14:07:49.966+0000] {processor.py:161} INFO - Started process (PID=959) to work on /opt/airflow/dags/load_ergast_data.py
[2026-08-09T14:07:49.969+0000] {processor.py:830} INFO - Processing file /opt/airflow/dags/load_ergast_data.py for tasks to queue
[2026-08-09T14:07:49.970+0000] {logging_mixin.py:188} INFO - [2026-08-09T14:07:49.970+0000] {dagbag.py:545} INFO - Filling up the DagBag from /opt/airflow/dags/load_ergast_data.py
[2026-08-09T14:07:51.123+0000] {processor.py:840} INFO - DAG(s) 'load_ergast_data' retrieved from /opt/airflow/dags/load_ergast_data.py
[2026-08-09T14:07:51.188+0000] {logging_mixin.py:188} INFO - [2026-08-09T14:07:51.187+0000] {dag.py:3096} INFO - Sync 1 DAGs
[2026-08-09T14:07:51.234+0000] {logging_mixin.py:188} INFO - [2026-08-09T14:07:51.234+0000] {dag.py:3954} INFO - Setting next_dagrun for load_ergast_data to None, run_after=None
[2026-08-09T14:07:51.295+0000] {processor.py:183} INFO - Processing /opt/airflow/dags/load_ergast_data.py took 1.335 seconds
[2026-08-09T14:08:21.703+0000] {processor.py:161} INFO - Started process (PID=970) to work on /opt/airflow/dags/load_ergast_data.py
[2026-08-09T14:08:21.705+0000] {processor.py:830} INFO - Processing file /opt/airflow/dags/load_ergast_data.py for tasks to queue
[2026-08-09T14:08:21.707+0000] {logging_mixin.py:188} INFO - [2026-08-09T14:08:21.706+0000] {dagbag.py:545} INFO - Filling up the DagBag from /opt/airflow/dags/load_ergast_data.py
[2026-08-09T14:08:22.046+0000] {processor.py:840} INFO - DAG(s) 'load_ergast_data' retrieved from /opt/airflow/dags/load_ergast_data.py
[2026-08-09T14:08:22.118+0000] {logging_mixin.py:188} INFO - [2026-08-09T14:08:22.118+0000] {dag.py:3096} INFO - Sync 1 DAGs
[2026-08-09T14:08:22.137+0000] {logging_mixin.py:188} INFO - [2026-08-09T14:08:22.137+0000] {dag.py:3954} INFO - Setting next_dagrun for load_ergast_data to None, run_after=None
[2026-08-09T14:08:22.162+0000] {processor.py:183} INFO - Processing /opt/airflow/dags/load_ergast_data.py took 0.464 seconds
[2026-08-09T14:08:52.312+0000] {processor.py:161} INFO - Started process (PID=981) to work on /opt/airflow/dags/load_ergast_data.py
[2026-08-09T14:08:52.316+0000] {processor.py:830} INFO - Processing file /opt/airflow/dags/load_ergast_data.py for tasks to queue
[2026-08-09T14:08:52.320+0000] {logging_mixin.py:188} INFO - [2026-08-09T14:08:52.319+0000] {dagbag.py:545} INFO - Filling up the DagBag from /opt/airflow/dags/load_ergast_data.py
[2026-08-09T14:08:55.847+0000] {processor.py:840} INFO - DAG(s) 'load_ergast_data' retrieved from /opt/airflow/dags/load_ergast_data.py
[2026-08-09T14:08:55.902+0000] {logging_mixin.py:188} INFO - [2026-08-09T14:08:55.902+0000] {dag.py:3096} INFO - Sync 1 DAGs
[2026-08-09T14:08:55.943+0000] {logging_mixin.py:188} INFO - [2026-08-09T14:08:55.943+0000] {dag.py:3954} INFO - Setting next_dagrun for load_ergast_data to None, run_after=None
[2026-08-09T14:08:55.982+0000] {processor.py:183} INFO - Processing /opt/airflow/dags/load_ergast_data.py took 3.681 seconds
[2026-08-09T14:09:26.241+0000] {processor.py:161} INFO - Started process (PID=992) to work on /opt/airflow/dags/load_ergast_data.py
[2026-08-09T14:09:26.250+0000] {processor.py:830} INFO - Processing file /opt/airflow/dags/load_ergast_data.py for tasks to queue
[2026-08-09T14:09:26.257+0000] {logging_mixin.py:188} INFO - [2026-08-09T14:09:26.254+0000] {dagbag.py:545} INFO - Filling up the DagBag from /opt/airflow/dags/load_ergast_data.py
[2026-08-09T14:09:26.699+0000] {processor.py:840} INFO - DAG(s) 'load_ergast_data' retrieved from /opt/airflow/dags/load_ergast_data.py
[2026-08-09T14:09:26.742+0000] {logging_mixin.py:188} INFO - [2026-08-09T14:09:26.742+0000] {dag.py:3096} INFO - Sync 1 DAGs
[2026-08-09T14:09:26.763+0000] {logging_mixin.py:188} INFO - [2026-08-09T14:09:26.763+0000] {dag.py:3954} INFO - Setting next_dagrun for load_ergast_data to None, run_after=None
[2026-08-09T14:09:28.144+0000] {processor.py:183} INFO - Processing /opt/airflow/dags/load_ergast_data.py took 1.948 seconds
[2026-08-09T14:09:58.664+0000] {processor.py:161} INFO - Started process (PID=1003) to work on /opt/airflow/dags/load_ergast_data.py
[2026-08-09T14:09:58.666+0000] {processor.py:830} INFO - Processing file /opt/airflow/dags/load_ergast_data.py for tasks to queue
[2026-08-09T14:09:58.667+0000] {logging_mixin.py:188} INFO - [2026-08-09T14:09:58.666+0000] {dagbag.py:545} INFO - Filling up the DagBag from /opt/airflow/dags/load_ergast_data.py
[2026-08-09T14:09:58.934+0000] {processor.py:840} INFO - DAG(s) 'load_ergast_data' retrieved from /opt/airflow/dags/load_ergast_data.py
[2026-08-09T14:09:58.957+0000] {logging_mixin.py:188} INFO - [2026-08-09T14:09:58.957+0000] {dag.py:3096} INFO - Sync 1 DAGs
[2026-08-09T14:09:59.177+0000] {logging_mixin.py:188} INFO - [2026-08-09T14:09:59.177+0000] {dag.py:3954} INFO - Setting next_dagrun for load_ergast_data to None, run_after=None
[2026-08-09T14:09:59.202+0000] {processor.py:183} INFO - Processing /opt/airflow/dags/load_ergast_data.py took 0.546 seconds
[2026-08-09T14:10:29.409+0000] {processor.py:161} INFO - Started process (PID=1014) to work on /opt/airflow/dags/load_ergast_data.py
[2026-08-09T14:10:29.410+0000] {processor.py:830} INFO - Processing file /opt/airflow/dags/load_ergast_data.py for tasks to queue
[2026-08-09T14:10:29.412+0000] {logging_mixin.py:188} INFO - [2026-08-09T14:10:29.412+0000] {dagbag.py:545} INFO - Filling up the DagBag from /opt/airflow/dags/load_ergast_data.py
[2026-08-09T14:10:29.766+0000] {processor.py:840} INFO - DAG(s) 'load_ergast_data' retrieved from /opt/airflow/dags/load_ergast_data.py
[2026-08-09T14:10:29.979+0000] {logging_mixin.py:188} INFO - [2026-08-09T14:10:29.978+0000] {dag.py:3096} INFO - Sync 1 DAGs
[2026-08-09T14:10:30.000+0000] {logging_mixin.py:188} INFO - [2026-08-09T14:10:29.999+0000] {dag.py:3954} INFO - Setting next_dagrun for load_ergast_data to None, run_after=None
[2026-08-09T14:10:30.030+0000] {processor.py:183} INFO - Processing /opt/airflow/dags/load_ergast_data.py took 0.627 seconds
[2026-08-09T14:11:00.116+0000] {processor.py:161} INFO - Started process (PID=1025) to work on /opt/airflow/dags/load_ergast_data.py
[2026-08-09T14:11:00.118+0000] {processor.py:830} INFO - Processing file /opt/airflow/dags/load_ergast_data.py for tasks to queue
[2026-08-09T14:11:00.120+0000] {logging_mixin.py:188} INFO - [2026-08-09T14:11:00.119+0000] {dagbag.py:545} INFO - Filling up the DagBag from /opt/airflow/dags/load_ergast_data.py
[2026-08-09T14:11:00.462+0000] {processor.py:840} INFO - DAG(s) 'load_ergast_data' retrieved from /opt/airflow/dags/load_ergast_data.py
[2026-08-09T14:11:00.488+0000] {logging_mixin.py:188} INFO - [2026-08-09T14:11:00.487+0000] {dag.py:3096} INFO - Sync 1 DAGs
[2026-08-09T14:11:00.499+0000] {logging_mixin.py:188} INFO - [2026-08-09T14:11:00.499+0000] {dag.py:3954} INFO - Setting next_dagrun for load_ergast_data to None, run_after=None
[2026-08-09T14:11:00.517+0000] {processor.py:183} INFO - Processing /opt/airflow/dags/load_ergast_data.py took 0.409 seconds
[2026-08-09T14:11:31.042+0000] {processor.py:161} INFO - Started process (PID=1034) to work on /opt/airflow/dags/load_ergast_data.py
[2026-08-09T14:11:31.074+0000] {processor.py:830} INFO - Processing file /opt/airflow/dags/load_ergast_data.py for tasks to queue
[2026-08-09T14:11:31.088+0000] {logging_mixin.py:188} INFO - [2026-08-09T14:11:31.087+0000] {dagbag.py:545} INFO - Filling up the DagBag from /opt/airflow/dags/load_ergast_data.py
[2026-08-09T14:11:32.342+0000] {processor.py:840} INFO - DAG(s) 'load_ergast_data' retrieved from /opt/airflow/dags/load_ergast_data.py
[2026-08-09T14:11:32.407+0000] {logging_mixin.py:188} INFO - [2026-08-09T14:11:32.406+0000] {dag.py:3096} INFO - Sync 1 DAGs
[2026-08-09T14:11:32.441+0000] {logging_mixin.py:188} INFO - [2026-08-09T14:11:32.441+0000] {dag.py:3954} INFO - Setting next_dagrun for load_ergast_data to None, run_after=None
[2026-08-09T14:11:32.484+0000] {processor.py:183} INFO - Processing /opt/airflow/dags/load_ergast_data.py took 1.479 seconds
[2026-08-09T14:12:03.905+0000] {processor.py:161} INFO - Started process (PID=1045) to work on /opt/airflow/dags/load_ergast_data.py
[2026-08-09T14:12:03.951+0000] {processor.py:830} INFO - Processing file /opt/airflow/dags/load_ergast_data.py for tasks to queue
[2026-08-09T14:12:03.977+0000] {logging_mixin.py:188} INFO - [2026-08-09T14:12:03.966+0000] {dagbag.py:545} INFO - Filling up the DagBag from /opt/airflow/dags/load_ergast_data.py
[2026-08-09T14:12:08.267+0000] {processor.py:840} INFO - DAG(s) 'load_ergast_data' retrieved from /opt/airflow/dags/load_ergast_data.py
[2026-08-09T14:12:08.398+0000] {logging_mixin.py:188} INFO - [2026-08-09T14:12:08.397+0000] {dag.py:3096} INFO - Sync 1 DAGs
[2026-08-09T14:12:08.478+0000] {logging_mixin.py:188} INFO - [2026-08-09T14:12:08.478+0000] {dag.py:3954} INFO - Setting next_dagrun for load_ergast_data to None, run_after=None
[2026-08-09T14:12:08.587+0000] {processor.py:183} INFO - Processing /opt/airflow/dags/load_ergast_data.py took 4.895 seconds
[2026-08-09T14:12:38.987+0000] {processor.py:161} INFO - Started process (PID=1056) to work on /opt/airflow/dags/load_ergast_data.py
[2026-08-09T14:12:39.006+0000] {processor.py:830} INFO - Processing file /opt/airflow/dags/load_ergast_data.py for tasks to queue
[2026-08-09T14:12:39.019+0000] {logging_mixin.py:188} INFO - [2026-08-09T14:12:39.013+0000] {dagbag.py:545} INFO - Filling up the DagBag from /opt/airflow/dags/load_ergast_data.py
[2026-08-09T14:12:40.872+0000] {processor.py:840} INFO - DAG(s) 'load_ergast_data' retrieved from /opt/airflow/dags/load_ergast_data.py
[2026-08-09T14:12:40.938+0000] {logging_mixin.py:188} INFO - [2026-08-09T14:12:40.937+0000] {dag.py:3096} INFO - Sync 1 DAGs
[2026-08-09T14:12:40.973+0000] {logging_mixin.py:188} INFO - [2026-08-09T14:12:40.972+0000] {dag.py:3954} INFO - Setting next_dagrun for load_ergast_data to None, run_after=None
[2026-08-09T14:12:43.760+0000] {processor.py:183} INFO - Processing /opt/airflow/dags/load_ergast_data.py took 4.885 seconds
[2026-08-09T14:13:14.260+0000] {processor.py:161} INFO - Started process (PID=1069) to work on /opt/airflow/dags/load_ergast_data.py
[2026-08-09T14:13:14.268+0000] {processor.py:830} INFO - Processing file /opt/airflow/dags/load_ergast_data.py for tasks to queue
[2026-08-09T14:13:14.272+0000] {logging_mixin.py:188} INFO - [2026-08-09T14:13:14.271+0000] {dagbag.py:545} INFO - Filling up the DagBag from /opt/airflow/dags/load_ergast_data.py
[2026-08-09T14:13:14.988+0000] {processor.py:840} INFO - DAG(s) 'load_ergast_data' retrieved from /opt/airflow/dags/load_ergast_data.py
[2026-08-09T14:13:15.026+0000] {logging_mixin.py:188} INFO - [2026-08-09T14:13:15.026+0000] {dag.py:3096} INFO - Sync 1 DAGs
[2026-08-09T14:13:15.416+0000] {logging_mixin.py:188} INFO - [2026-08-09T14:13:15.415+0000] {dag.py:3954} INFO - Setting next_dagrun for load_ergast_data to None, run_after=None
[2026-08-09T14:13:15.442+0000] {processor.py:183} INFO - Processing /opt/airflow/dags/load_ergast_data.py took 1.194 seconds
[2026-08-09T14:13:46.180+0000] {processor.py:161} INFO - Started process (PID=1080) to work on /opt/airflow/dags/load_ergast_data.py
[2026-08-09T14:13:46.182+0000] {processor.py:830} INFO - Processing file /opt/airflow/dags/load_ergast_data.py for tasks to queue
[2026-08-09T14:13:46.184+0000] {logging_mixin.py:188} INFO - [2026-08-09T14:13:46.184+0000] {dagbag.py:545} INFO - Filling up the DagBag from /opt/airflow/dags/load_ergast_data.py
[2026-08-09T14:13:46.565+0000] {processor.py:840} INFO - DAG(s) 'load_ergast_data' retrieved from /opt/airflow/dags/load_ergast_data.py
[2026-08-09T14:13:47.267+0000] {logging_mixin.py:188} INFO - [2026-08-09T14:13:47.266+0000] {dag.py:3096} INFO - Sync 1 DAGs
[2026-08-09T14:13:47.277+0000] {logging_mixin.py:188} INFO - [2026-08-09T14:13:47.277+0000] {dag.py:3954} INFO - Setting next_dagrun for load_ergast_data to None, run_after=None
[2026-08-09T14:13:47.296+0000] {processor.py:183} INFO - Processing /opt/airflow/dags/load_ergast_data.py took 1.152 seconds
[2026-08-09T14:14:18.273+0000] {processor.py:161} INFO - Started process (PID=1091) to work on /opt/airflow/dags/load_ergast_data.py
[2026-08-09T14:14:18.279+0000] {processor.py:830} INFO - Processing file /opt/airflow/dags/load_ergast_data.py for tasks to queue
[2026-08-09T14:14:18.292+0000] {logging_mixin.py:188} INFO - [2026-08-09T14:14:18.289+0000] {dagbag.py:545} INFO - Filling up the DagBag from /opt/airflow/dags/load_ergast_data.py
[2026-08-09T14:14:24.734+0000] {processor.py:840} INFO - DAG(s) 'load_ergast_data' retrieved from /opt/airflow/dags/load_ergast_data.py
[2026-08-09T14:14:24.855+0000] {logging_mixin.py:188} INFO - [2026-08-09T14:14:24.853+0000] {dag.py:3096} INFO - Sync 1 DAGs
[2026-08-09T14:14:24.933+0000] {logging_mixin.py:188} INFO - [2026-08-09T14:14:24.932+0000] {dag.py:3954} INFO - Setting next_dagrun for load_ergast_data to None, run_after=None
[2026-08-09T14:14:25.005+0000] {processor.py:183} INFO - Processing /opt/airflow/dags/load_ergast_data.py took 6.973 seconds
[2026-08-09T14:14:55.436+0000] {processor.py:161} INFO - Started process (PID=1102) to work on /opt/airflow/dags/load_ergast_data.py
[2026-08-09T14:14:55.455+0000] {processor.py:830} INFO - Processing file /opt/airflow/dags/load_ergast_data.py for tasks to queue
[2026-08-09T14:14:55.468+0000] {logging_mixin.py:188} INFO - [2026-08-09T14:14:55.461+0000] {dagbag.py:545} INFO - Filling up the DagBag from /opt/airflow/dags/load_ergast_data.py
[2026-08-09T14:15:01.656+0000] {processor.py:840} INFO - DAG(s) 'load_ergast_data' retrieved from /opt/airflow/dags/load_ergast_data.py
[2026-08-09T14:15:01.739+0000] {logging_mixin.py:188} INFO - [2026-08-09T14:15:01.738+0000] {dag.py:3096} INFO - Sync 1 DAGs
[2026-08-09T14:15:01.800+0000] {logging_mixin.py:188} INFO - [2026-08-09T14:15:01.800+0000] {dag.py:3954} INFO - Setting next_dagrun for load_ergast_data to None, run_after=None
[2026-08-09T14:15:01.853+0000] {processor.py:183} INFO - Processing /opt/airflow/dags/load_ergast_data.py took 6.528 seconds
[2026-08-09T14:15:32.629+0000] {processor.py:161} INFO - Started process (PID=1113) to work on /opt/airflow/dags/load_ergast_data.py
[2026-08-09T14:15:32.631+0000] {processor.py:830} INFO - Processing file /opt/airflow/dags/load_ergast_data.py for tasks to queue
[2026-08-09T14:15:32.633+0000] {logging_mixin.py:188} INFO - [2026-08-09T14:15:32.632+0000] {dagbag.py:545} INFO - Filling up the DagBag from /opt/airflow/dags/load_ergast_data.py
[2026-08-09T14:15:33.985+0000] {processor.py:840} INFO - DAG(s) 'load_ergast_data' retrieved from /opt/airflow/dags/load_ergast_data.py
[2026-08-09T14:15:34.085+0000] {logging_mixin.py:188} INFO - [2026-08-09T14:15:34.083+0000] {dag.py:3096} INFO - Sync 1 DAGs
[2026-08-09T14:15:34.151+0000] {logging_mixin.py:188} INFO - [2026-08-09T14:15:34.151+0000] {dag.py:3954} INFO - Setting next_dagrun for load_ergast_data to None, run_after=None
[2026-08-09T14:15:34.176+0000] {processor.py:183} INFO - Processing /opt/airflow/dags/load_ergast_data.py took 1.555 seconds
[2026-08-09T14:16:04.805+0000] {processor.py:161} INFO - Started process (PID=1124) to work on /opt/airflow/dags/load_ergast_data.py
[2026-08-09T14:16:04.806+0000] {processor.py:830} INFO - Processing file /opt/airflow/dags/load_ergast_data.py for tasks to queue
[2026-08-09T14:16:04.808+0000] {logging_mixin.py:188} INFO - [2026-08-09T14:16:04.807+0000] {dagbag.py:545} INFO - Filling up the DagBag from /opt/airflow/dags/load_ergast_data.py
[2026-08-09T14:16:05.241+0000] {processor.py:840} INFO - DAG(s) 'load_ergast_data' retrieved from /opt/airflow/dags/load_ergast_data.py
[2026-08-09T14:16:05.272+0000] {logging_mixin.py:188} INFO - [2026-08-09T14:16:05.271+0000] {dag.py:3096} INFO - Sync 1 DAGs
[2026-08-09T14:16:08.119+0000] {logging_mixin.py:188} INFO - [2026-08-09T14:16:08.119+0000] {dag.py:3954} INFO - Setting next_dagrun for load_ergast_data to None, run_after=None
[2026-08-09T14:16:08.137+0000] {processor.py:183} INFO - Processing /opt/airflow/dags/load_ergast_data.py took 3.338 seconds
[2026-08-09T14:16:38.613+0000] {processor.py:161} INFO - Started process (PID=1135) to work on /opt/airflow/dags/load_ergast_data.py
[2026-08-09T14:16:38.618+0000] {processor.py:830} INFO - Processing file /opt/airflow/dags/load_ergast_data.py for tasks to queue
[2026-08-09T14:16:38.623+0000] {logging_mixin.py:188} INFO - [2026-08-09T14:16:38.622+0000] {dagbag.py:545} INFO - Filling up the DagBag from /opt/airflow/dags/load_ergast_data.py
[2026-08-09T14:16:39.430+0000] {processor.py:840} INFO - DAG(s) 'load_ergast_data' retrieved from /opt/airflow/dags/load_ergast_data.py
[2026-08-09T14:16:39.515+0000] {logging_mixin.py:188} INFO - [2026-08-09T14:16:39.514+0000] {dag.py:3096} INFO - Sync 1 DAGs
[2026-08-09T14:16:40.466+0000] {logging_mixin.py:188} INFO - [2026-08-09T14:16:40.466+0000] {dag.py:3954} INFO - Setting next_dagrun for load_ergast_data to None, run_after=None
[2026-08-09T14:16:40.490+0000] {processor.py:183} INFO - Processing /opt/airflow/dags/load_ergast_data.py took 1.902 seconds
[2026-08-09T14:17:11.311+0000] {processor.py:161} INFO - Started process (PID=1146) to work on /opt/airflow/dags/load_ergast_data.py
[2026-08-09T14:17:11.318+0000] {processor.py:830} INFO - Processing file /opt/airflow/dags/load_ergast_data.py for tasks to queue
[2026-08-09T14:17:11.323+0000] {logging_mixin.py:188} INFO - [2026-08-09T14:17:11.321+0000] {dagbag.py:545} INFO - Filling up the DagBag from /opt/airflow/dags/load_ergast_data.py
[2026-08-09T14:17:13.118+0000] {processor.py:840} INFO - DAG(s) 'load_ergast_data' retrieved from /opt/airflow/dags/load_ergast_data.py
[2026-08-09T14:17:15.338+0000] {logging_mixin.py:188} INFO - [2026-08-09T14:17:15.337+0000] {dag.py:3096} INFO - Sync 1 DAGs
[2026-08-09T14:17:15.396+0000] {logging_mixin.py:188} INFO - [2026-08-09T14:17:15.396+0000] {dag.py:3954} INFO - Setting next_dagrun for load_ergast_data to None, run_after=None
[2026-08-09T14:17:15.456+0000] {processor.py:183} INFO - Processing /opt/airflow/dags/load_ergast_data.py took 4.170 seconds
[2026-08-09T14:17:45.766+0000] {processor.py:161} INFO - Started process (PID=1157) to work on /opt/airflow/dags/load_ergast_data.py
[2026-08-09T14:17:45.769+0000] {processor.py:830} INFO - Processing file /opt/airflow/dags/load_ergast_data.py for tasks to queue
[2026-08-09T14:17:45.771+0000] {logging_mixin.py:188} INFO - [2026-08-09T14:17:45.770+0000] {dagbag.py:545} INFO - Filling up the DagBag from /opt/airflow/dags/load_ergast_data.py
[2026-08-09T14:17:46.683+0000] {processor.py:840} INFO - DAG(s) 'load_ergast_data' retrieved from /opt/airflow/dags/load_ergast_data.py
[2026-08-09T14:17:46.731+0000] {logging_mixin.py:188} INFO - [2026-08-09T14:17:46.730+0000] {dag.py:3096} INFO - Sync 1 DAGs
[2026-08-09T14:17:46.747+0000] {logging_mixin.py:188} INFO - [2026-08-09T14:17:46.747+0000] {dag.py:3954} INFO - Setting next_dagrun for load_ergast_data to None, run_after=None
[2026-08-09T14:17:46.770+0000] {processor.py:183} INFO - Processing /opt/airflow/dags/load_ergast_data.py took 1.012 seconds
[2026-08-09T14:18:16.962+0000] {processor.py:161} INFO - Started process (PID=1168) to work on /opt/airflow/dags/load_ergast_data.py
[2026-08-09T14:18:16.964+0000] {processor.py:830} INFO - Processing file /opt/airflow/dags/load_ergast_data.py for tasks to queue
[2026-08-09T14:18:16.966+0000] {logging_mixin.py:188} INFO - [2026-08-09T14:18:16.965+0000] {dagbag.py:545} INFO - Filling up the DagBag from /opt/airflow/dags/load_ergast_data.py
[2026-08-09T14:18:17.255+0000] {processor.py:840} INFO - DAG(s) 'load_ergast_data' retrieved from /opt/airflow/dags/load_ergast_data.py
[2026-08-09T14:18:17.284+0000] {logging_mixin.py:188} INFO - [2026-08-09T14:18:17.283+0000] {dag.py:3096} INFO - Sync 1 DAGs
[2026-08-09T14:18:17.295+0000] {logging_mixin.py:188} INFO - [2026-08-09T14:18:17.294+0000] {dag.py:3954} INFO - Setting next_dagrun for load_ergast_data to None, run_after=None
[2026-08-09T14:18:17.317+0000] {processor.py:183} INFO - Processing /opt/airflow/dags/load_ergast_data.py took 0.361 seconds
[2026-08-09T14:18:47.557+0000] {processor.py:161} INFO - Started process (PID=1179) to work on /opt/airflow/dags/load_ergast_data.py
[2026-08-09T14:18:47.559+0000] {processor.py:830} INFO - Processing file /opt/airflow/dags/load_ergast_data.py for tasks to queue
[2026-08-09T14:18:47.560+0000] {logging_mixin.py:188} INFO - [2026-08-09T14:18:47.560+0000] {dagbag.py:545} INFO - Filling up the DagBag from /opt/airflow/dags/load_ergast_data.py
[2026-08-09T14:18:47.830+0000] {processor.py:840} INFO - DAG(s) 'load_ergast_data' retrieved from /opt/airflow/dags/load_ergast_data.py
[2026-08-09T14:18:47.856+0000] {logging_mixin.py:188} INFO - [2026-08-09T14:18:47.855+0000] {dag.py:3096} INFO - Sync 1 DAGs
[2026-08-09T14:18:47.870+0000] {logging_mixin.py:188} INFO - [2026-08-09T14:18:47.870+0000] {dag.py:3954} INFO - Setting next_dagrun for load_ergast_data to None, run_after=None
[2026-08-09T14:18:47.902+0000] {processor.py:183} INFO - Processing /opt/airflow/dags/load_ergast_data.py took 0.351 seconds
[2026-08-09T14:19:18.173+0000] {processor.py:161} INFO - Started process (PID=1190) to work on /opt/airflow/dags/load_ergast_data.py
[2026-08-09T14:19:18.175+0000] {processor.py:830} INFO - Processing file /opt/airflow/dags/load_ergast_data.py for tasks to queue
[2026-08-09T14:19:18.176+0000] {logging_mixin.py:188} INFO - [2026-08-09T14:19:18.176+0000] {dagbag.py:545} INFO - Filling up the DagBag from /opt/airflow/dags/load_ergast_data.py
[2026-08-09T14:19:18.532+0000] {processor.py:840} INFO - DAG(s) 'load_ergast_data' retrieved from /opt/airflow/dags/load_ergast_data.py
[2026-08-09T14:19:18.557+0000] {logging_mixin.py:188} INFO - [2026-08-09T14:19:18.557+0000] {dag.py:3096} INFO - Sync 1 DAGs
[2026-08-09T14:19:19.894+0000] {logging_mixin.py:188} INFO - [2026-08-09T14:19:19.893+0000] {dag.py:3954} INFO - Setting next_dagrun for load_ergast_data to None, run_after=None
[2026-08-09T14:19:19.914+0000] {processor.py:183} INFO - Processing /opt/airflow/dags/load_ergast_data.py took 1.747 seconds
[2026-08-09T14:19:50.642+0000] {processor.py:161} INFO - Started process (PID=1201) to work on /opt/airflow/dags/load_ergast_data.py
[2026-08-09T14:19:50.644+0000] {processor.py:830} INFO - Processing file /opt/airflow/dags/load_ergast_data.py for tasks to queue
[2026-08-09T14:19:50.645+0000] {logging_mixin.py:188} INFO - [2026-08-09T14:19:50.645+0000] {dagbag.py:545} INFO - Filling up the DagBag from /opt/airflow/dags/load_ergast_data.py
[2026-08-09T14:19:50.922+0000] {processor.py:840} INFO - DAG(s) 'load_ergast_data' retrieved from /opt/airflow/dags/load_ergast_data.py
[2026-08-09T14:19:50.956+0000] {logging_mixin.py:188} INFO - [2026-08-09T14:19:50.956+0000] {dag.py:3096} INFO - Sync 1 DAGs
[2026-08-09T14:19:51.190+0000] {logging_mixin.py:188} INFO - [2026-08-09T14:19:51.190+0000] {dag.py:3954} INFO - Setting next_dagrun for load_ergast_data to None, run_after=None
[2026-08-09T14:19:51.210+0000] {processor.py:183} INFO - Processing /opt/airflow/dags/load_ergast_data.py took 0.576 seconds
[2026-08-09T14:20:21.458+0000] {processor.py:161} INFO - Started process (PID=1212) to work on /opt/airflow/dags/load_ergast_data.py
[2026-08-09T14:20:21.459+0000] {processor.py:830} INFO - Processing file /opt/airflow/dags/load_ergast_data.py for tasks to queue
[2026-08-09T14:20:21.460+0000] {logging_mixin.py:188} INFO - [2026-08-09T14:20:21.460+0000] {dagbag.py:545} INFO - Filling up the DagBag from /opt/airflow/dags/load_ergast_data.py
[2026-08-09T14:20:21.814+0000] {processor.py:840} INFO - DAG(s) 'load_ergast_data' retrieved from /opt/airflow/dags/load_ergast_data.py
[2026-08-09T14:20:22.032+0000] {logging_mixin.py:188} INFO - [2026-08-09T14:20:22.031+0000] {dag.py:3096} INFO - Sync 1 DAGs
[2026-08-09T14:20:22.043+0000] {logging_mixin.py:188} INFO - [2026-08-09T14:20:22.043+0000] {dag.py:3954} INFO - Setting next_dagrun for load_ergast_data to None, run_after=None
[2026-08-09T14:20:22.064+0000] {processor.py:183} INFO - Processing /opt/airflow/dags/load_ergast_data.py took 0.612 seconds
[2026-08-09T14:20:52.927+0000] {processor.py:161} INFO - Started process (PID=1223) to work on /opt/airflow/dags/load_ergast_data.py
[2026-08-09T14:20:52.929+0000] {processor.py:830} INFO - Processing file /opt/airflow/dags/load_ergast_data.py for tasks to queue
[2026-08-09T14:20:52.931+0000] {logging_mixin.py:188} INFO - [2026-08-09T14:20:52.931+0000] {dagbag.py:545} INFO - Filling up the DagBag from /opt/airflow/dags/load_ergast_data.py
[2026-08-09T14:20:53.516+0000] {processor.py:840} INFO - DAG(s) 'load_ergast_data' retrieved from /opt/airflow/dags/load_ergast_data.py
[2026-08-09T14:20:53.547+0000] {logging_mixin.py:188} INFO - [2026-08-09T14:20:53.547+0000] {dag.py:3096} INFO - Sync 1 DAGs
[2026-08-09T14:20:53.563+0000] {logging_mixin.py:188} INFO - [2026-08-09T14:20:53.562+0000] {dag.py:3954} INFO - Setting next_dagrun for load_ergast_data to None, run_after=None
[2026-08-09T14:20:53.585+0000] {processor.py:183} INFO - Processing /opt/airflow/dags/load_ergast_data.py took 0.667 seconds
[2026-08-09T14:21:25.049+0000] {processor.py:161} INFO - Started process (PID=1232) to work on /opt/airflow/dags/load_ergast_data.py
[2026-08-09T14:21:25.054+0000] {processor.py:830} INFO - Processing file /opt/airflow/dags/load_ergast_data.py for tasks to queue
[2026-08-09T14:21:25.057+0000] {logging_mixin.py:188} INFO - [2026-08-09T14:21:25.057+0000] {dagbag.py:545} INFO - Filling up the DagBag from /opt/airflow/dags/load_ergast_data.py
[2026-08-09T14:21:25.774+0000] {processor.py:840} INFO - DAG(s) 'load_ergast_data' retrieved from /opt/airflow/dags/load_ergast_data.py
[2026-08-09T14:21:25.847+0000] {logging_mixin.py:188} INFO - [2026-08-09T14:21:25.846+0000] {dag.py:3096} INFO - Sync 1 DAGs
[2026-08-09T14:21:25.893+0000] {logging_mixin.py:188} INFO - [2026-08-09T14:21:25.892+0000] {dag.py:3954} INFO - Setting next_dagrun for load_ergast_data to None, run_after=None
[2026-08-09T14:21:25.935+0000] {processor.py:183} INFO - Processing /opt/airflow/dags/load_ergast_data.py took 0.901 seconds
[2026-08-09T14:21:58.541+0000] {processor.py:161} INFO - Started process (PID=1243) to work on /opt/airflow/dags/load_ergast_data.py
[2026-08-09T14:21:58.562+0000] {processor.py:830} INFO - Processing file /opt/airflow/dags/load_ergast_data.py for tasks to queue
[2026-08-09T14:21:58.565+0000] {logging_mixin.py:188} INFO - [2026-08-09T14:21:58.564+0000] {dagbag.py:545} INFO - Filling up the DagBag from /opt/airflow/dags/load_ergast_data.py
[2026-08-09T14:22:02.483+0000] {processor.py:840} INFO - DAG(s) 'load_ergast_data' retrieved from /opt/airflow/dags/load_ergast_data.py
[2026-08-09T14:22:02.565+0000] {logging_mixin.py:188} INFO - [2026-08-09T14:22:02.564+0000] {dag.py:3096} INFO - Sync 1 DAGs
[2026-08-09T14:22:02.577+0000] {logging_mixin.py:188} INFO - [2026-08-09T14:22:02.577+0000] {dag.py:3954} INFO - Setting next_dagrun for load_ergast_data to None, run_after=None
[2026-08-09T14:22:02.606+0000] {processor.py:183} INFO - Processing /opt/airflow/dags/load_ergast_data.py took 4.080 seconds
[2026-08-09T14:22:33.045+0000] {processor.py:161} INFO - Started process (PID=1254) to work on /opt/airflow/dags/load_ergast_data.py
[2026-08-09T14:22:33.075+0000] {processor.py:830} INFO - Processing file /opt/airflow/dags/load_ergast_data.py for tasks to queue
[2026-08-09T14:22:33.078+0000] {logging_mixin.py:188} INFO - [2026-08-09T14:22:33.077+0000] {dagbag.py:545} INFO - Filling up the DagBag from /opt/airflow/dags/load_ergast_data.py
[2026-08-09T14:22:33.983+0000] {processor.py:840} INFO - DAG(s) 'load_ergast_data' retrieved from /opt/airflow/dags/load_ergast_data.py
[2026-08-09T14:22:34.034+0000] {logging_mixin.py:188} INFO - [2026-08-09T14:22:34.033+0000] {dag.py:3096} INFO - Sync 1 DAGs
[2026-08-09T14:22:37.437+0000] {logging_mixin.py:188} INFO - [2026-08-09T14:22:37.436+0000] {dag.py:3954} INFO - Setting next_dagrun for load_ergast_data to None, run_after=None
[2026-08-09T14:22:37.470+0000] {processor.py:183} INFO - Processing /opt/airflow/dags/load_ergast_data.py took 4.437 seconds
[2026-08-09T14:23:07.687+0000] {processor.py:161} INFO - Started process (PID=1267) to work on /opt/airflow/dags/load_ergast_data.py
[2026-08-09T14:23:07.690+0000] {processor.py:830} INFO - Processing file /opt/airflow/dags/load_ergast_data.py for tasks to queue
[2026-08-09T14:23:07.694+0000] {logging_mixin.py:188} INFO - [2026-08-09T14:23:07.693+0000] {dagbag.py:545} INFO - Filling up the DagBag from /opt/airflow/dags/load_ergast_data.py
[2026-08-09T14:23:08.203+0000] {processor.py:840} INFO - DAG(s) 'load_ergast_data' retrieved from /opt/airflow/dags/load_ergast_data.py
[2026-08-09T14:23:08.454+0000] {logging_mixin.py:188} INFO - [2026-08-09T14:23:08.454+0000] {dag.py:3096} INFO - Sync 1 DAGs
[2026-08-09T14:23:08.465+0000] {logging_mixin.py:188} INFO - [2026-08-09T14:23:08.465+0000] {dag.py:3954} INFO - Setting next_dagrun for load_ergast_data to None, run_after=None
[2026-08-09T14:23:08.488+0000] {processor.py:183} INFO - Processing /opt/airflow/dags/load_ergast_data.py took 0.819 seconds
[2026-08-09T14:23:38.850+0000] {processor.py:161} INFO - Started process (PID=1278) to work on /opt/airflow/dags/load_ergast_data.py
[2026-08-09T14:23:38.852+0000] {processor.py:830} INFO - Processing file /opt/airflow/dags/load_ergast_data.py for tasks to queue
[2026-08-09T14:23:38.855+0000] {logging_mixin.py:188} INFO - [2026-08-09T14:23:38.854+0000] {dagbag.py:545} INFO - Filling up the DagBag from /opt/airflow/dags/load_ergast_data.py
[2026-08-09T14:23:39.595+0000] {processor.py:840} INFO - DAG(s) 'load_ergast_data' retrieved from /opt/airflow/dags/load_ergast_data.py
[2026-08-09T14:23:40.436+0000] {logging_mixin.py:188} INFO - [2026-08-09T14:23:40.435+0000] {dag.py:3096} INFO - Sync 1 DAGs
[2026-08-09T14:23:40.455+0000] {logging_mixin.py:188} INFO - [2026-08-09T14:23:40.454+0000] {dag.py:3954} INFO - Setting next_dagrun for load_ergast_data to None, run_after=None
[2026-08-09T14:23:40.487+0000] {processor.py:183} INFO - Processing /opt/airflow/dags/load_ergast_data.py took 1.644 seconds
[2026-08-09T14:24:10.844+0000] {processor.py:161} INFO - Started process (PID=1287) to work on /opt/airflow/dags/load_ergast_data.py
[2026-08-09T14:24:10.856+0000] {processor.py:830} INFO - Processing file /opt/airflow/dags/load_ergast_data.py for tasks to queue
[2026-08-09T14:24:10.862+0000] {logging_mixin.py:188} INFO - [2026-08-09T14:24:10.860+0000] {dagbag.py:545} INFO - Filling up the DagBag from /opt/airflow/dags/load_ergast_data.py
[2026-08-09T14:24:12.322+0000] {processor.py:840} INFO - DAG(s) 'load_ergast_data' retrieved from /opt/airflow/dags/load_ergast_data.py
[2026-08-09T14:24:12.352+0000] {logging_mixin.py:188} INFO - [2026-08-09T14:24:12.352+0000] {dag.py:3096} INFO - Sync 1 DAGs
[2026-08-09T14:24:12.365+0000] {logging_mixin.py:188} INFO - [2026-08-09T14:24:12.365+0000] {dag.py:3954} INFO - Setting next_dagrun for load_ergast_data to None, run_after=None
[2026-08-09T14:24:12.388+0000] {processor.py:183} INFO - Processing /opt/airflow/dags/load_ergast_data.py took 1.630 seconds
[2026-08-09T14:24:43.769+0000] {processor.py:161} INFO - Started process (PID=1298) to work on /opt/airflow/dags/load_ergast_data.py
[2026-08-09T14:24:43.770+0000] {processor.py:830} INFO - Processing file /opt/airflow/dags/load_ergast_data.py for tasks to queue
[2026-08-09T14:24:43.771+0000] {logging_mixin.py:188} INFO - [2026-08-09T14:24:43.771+0000] {dagbag.py:545} INFO - Filling up the DagBag from /opt/airflow/dags/load_ergast_data.py
[2026-08-09T14:24:44.127+0000] {processor.py:840} INFO - DAG(s) 'load_ergast_data' retrieved from /opt/airflow/dags/load_ergast_data.py
[2026-08-09T14:24:44.162+0000] {logging_mixin.py:188} INFO - [2026-08-09T14:24:44.162+0000] {dag.py:3096} INFO - Sync 1 DAGs
[2026-08-09T14:24:44.174+0000] {logging_mixin.py:188} INFO - [2026-08-09T14:24:44.174+0000] {dag.py:3954} INFO - Setting next_dagrun for load_ergast_data to None, run_after=None
[2026-08-09T14:24:44.193+0000] {processor.py:183} INFO - Processing /opt/airflow/dags/load_ergast_data.py took 0.431 seconds
[2026-08-09T14:25:16.501+0000] {processor.py:161} INFO - Started process (PID=1311) to work on /opt/airflow/dags/load_ergast_data.py
[2026-08-09T14:25:16.503+0000] {processor.py:830} INFO - Processing file /opt/airflow/dags/load_ergast_data.py for tasks to queue
[2026-08-09T14:25:16.505+0000] {logging_mixin.py:188} INFO - [2026-08-09T14:25:16.504+0000] {dagbag.py:545} INFO - Filling up the DagBag from /opt/airflow/dags/load_ergast_data.py
[2026-08-09T14:25:16.795+0000] {processor.py:840} INFO - DAG(s) 'load_ergast_data' retrieved from /opt/airflow/dags/load_ergast_data.py
[2026-08-09T14:25:16.823+0000] {logging_mixin.py:188} INFO - [2026-08-09T14:25:16.822+0000] {dag.py:3096} INFO - Sync 1 DAGs
[2026-08-09T14:25:16.837+0000] {logging_mixin.py:188} INFO - [2026-08-09T14:25:16.836+0000] {dag.py:3954} INFO - Setting next_dagrun for load_ergast_data to None, run_after=None
[2026-08-09T14:25:16.859+0000] {processor.py:183} INFO - Processing /opt/airflow/dags/load_ergast_data.py took 0.365 seconds
[2026-08-09T14:25:49.802+0000] {processor.py:161} INFO - Started process (PID=1320) to work on /opt/airflow/dags/load_ergast_data.py
[2026-08-09T14:25:49.804+0000] {processor.py:830} INFO - Processing file /opt/airflow/dags/load_ergast_data.py for tasks to queue
[2026-08-09T14:25:49.805+0000] {logging_mixin.py:188} INFO - [2026-08-09T14:25:49.804+0000] {dagbag.py:545} INFO - Filling up the DagBag from /opt/airflow/dags/load_ergast_data.py
[2026-08-09T14:25:50.243+0000] {processor.py:840} INFO - DAG(s) 'load_ergast_data' retrieved from /opt/airflow/dags/load_ergast_data.py
[2026-08-09T14:25:50.280+0000] {logging_mixin.py:188} INFO - [2026-08-09T14:25:50.279+0000] {dag.py:3096} INFO - Sync 1 DAGs
[2026-08-09T14:25:51.818+0000] {logging_mixin.py:188} INFO - [2026-08-09T14:25:51.818+0000] {dag.py:3954} INFO - Setting next_dagrun for load_ergast_data to None, run_after=None
[2026-08-09T14:25:51.876+0000] {processor.py:183} INFO - Processing /opt/airflow/dags/load_ergast_data.py took 2.081 seconds
[2026-08-09T14:26:23.159+0000] {processor.py:161} INFO - Started process (PID=1331) to work on /opt/airflow/dags/load_ergast_data.py
[2026-08-09T14:26:23.162+0000] {processor.py:830} INFO - Processing file /opt/airflow/dags/load_ergast_data.py for tasks to queue
[2026-08-09T14:26:23.164+0000] {logging_mixin.py:188} INFO - [2026-08-09T14:26:23.163+0000] {dagbag.py:545} INFO - Filling up the DagBag from /opt/airflow/dags/load_ergast_data.py
[2026-08-09T14:26:23.577+0000] {processor.py:840} INFO - DAG(s) 'load_ergast_data' retrieved from /opt/airflow/dags/load_ergast_data.py
[2026-08-09T14:26:23.625+0000] {logging_mixin.py:188} INFO - [2026-08-09T14:26:23.624+0000] {dag.py:3096} INFO - Sync 1 DAGs
[2026-08-09T14:26:24.396+0000] {logging_mixin.py:188} INFO - [2026-08-09T14:26:24.396+0000] {dag.py:3954} INFO - Setting next_dagrun for load_ergast_data to None, run_after=None
[2026-08-09T14:26:24.418+0000] {processor.py:183} INFO - Processing /opt/airflow/dags/load_ergast_data.py took 1.266 seconds
[2026-08-09T14:26:55.812+0000] {processor.py:161} INFO - Started process (PID=1342) to work on /opt/airflow/dags/load_ergast_data.py
[2026-08-09T14:26:55.814+0000] {processor.py:830} INFO - Processing file /opt/airflow/dags/load_ergast_data.py for tasks to queue
[2026-08-09T14:26:55.815+0000] {logging_mixin.py:188} INFO - [2026-08-09T14:26:55.815+0000] {dagbag.py:545} INFO - Filling up the DagBag from /opt/airflow/dags/load_ergast_data.py
[2026-08-09T14:26:56.187+0000] {processor.py:840} INFO - DAG(s) 'load_ergast_data' retrieved from /opt/airflow/dags/load_ergast_data.py
[2026-08-09T14:26:56.758+0000] {logging_mixin.py:188} INFO - [2026-08-09T14:26:56.756+0000] {dag.py:3096} INFO - Sync 1 DAGs
[2026-08-09T14:26:56.787+0000] {logging_mixin.py:188} INFO - [2026-08-09T14:26:56.785+0000] {dag.py:3954} INFO - Setting next_dagrun for load_ergast_data to None, run_after=None
[2026-08-09T14:26:56.858+0000] {processor.py:183} INFO - Processing /opt/airflow/dags/load_ergast_data.py took 1.051 seconds
[2026-08-09T14:27:29.384+0000] {processor.py:161} INFO - Started process (PID=1353) to work on /opt/airflow/dags/load_ergast_data.py
[2026-08-09T14:27:29.398+0000] {processor.py:830} INFO - Processing file /opt/airflow/dags/load_ergast_data.py for tasks to queue
[2026-08-09T14:27:29.405+0000] {logging_mixin.py:188} INFO - [2026-08-09T14:27:29.402+0000] {dagbag.py:545} INFO - Filling up the DagBag from /opt/airflow/dags/load_ergast_data.py
[2026-08-09T14:27:30.809+0000] {processor.py:840} INFO - DAG(s) 'load_ergast_data' retrieved from /opt/airflow/dags/load_ergast_data.py
[2026-08-09T14:27:30.875+0000] {logging_mixin.py:188} INFO - [2026-08-09T14:27:30.874+0000] {dag.py:3096} INFO - Sync 1 DAGs
[2026-08-09T14:27:30.903+0000] {logging_mixin.py:188} INFO - [2026-08-09T14:27:30.903+0000] {dag.py:3954} INFO - Setting next_dagrun for load_ergast_data to None, run_after=None
[2026-08-09T14:27:30.942+0000] {processor.py:183} INFO - Processing /opt/airflow/dags/load_ergast_data.py took 1.662 seconds
[2026-08-09T14:28:02.239+0000] {processor.py:161} INFO - Started process (PID=1364) to work on /opt/airflow/dags/load_ergast_data.py
[2026-08-09T14:28:02.240+0000] {processor.py:830} INFO - Processing file /opt/airflow/dags/load_ergast_data.py for tasks to queue
[2026-08-09T14:28:02.242+0000] {logging_mixin.py:188} INFO - [2026-08-09T14:28:02.241+0000] {dagbag.py:545} INFO - Filling up the DagBag from /opt/airflow/dags/load_ergast_data.py
[2026-08-09T14:28:02.712+0000] {processor.py:840} INFO - DAG(s) 'load_ergast_data' retrieved from /opt/airflow/dags/load_ergast_data.py
[2026-08-09T14:28:02.747+0000] {logging_mixin.py:188} INFO - [2026-08-09T14:28:02.745+0000] {dag.py:3096} INFO - Sync 1 DAGs
[2026-08-09T14:28:02.763+0000] {logging_mixin.py:188} INFO - [2026-08-09T14:28:02.763+0000] {dag.py:3954} INFO - Setting next_dagrun for load_ergast_data to None, run_after=None
[2026-08-09T14:28:02.794+0000] {processor.py:183} INFO - Processing /opt/airflow/dags/load_ergast_data.py took 0.565 seconds
[2026-08-09T14:28:35.073+0000] {processor.py:161} INFO - Started process (PID=1375) to work on /opt/airflow/dags/load_ergast_data.py
[2026-08-09T14:28:35.076+0000] {processor.py:830} INFO - Processing file /opt/airflow/dags/load_ergast_data.py for tasks to queue
[2026-08-09T14:28:35.079+0000] {logging_mixin.py:188} INFO - [2026-08-09T14:28:35.078+0000] {dagbag.py:545} INFO - Filling up the DagBag from /opt/airflow/dags/load_ergast_data.py
[2026-08-09T14:28:35.486+0000] {processor.py:840} INFO - DAG(s) 'load_ergast_data' retrieved from /opt/airflow/dags/load_ergast_data.py
[2026-08-09T14:28:35.543+0000] {logging_mixin.py:188} INFO - [2026-08-09T14:28:35.542+0000] {dag.py:3096} INFO - Sync 1 DAGs
[2026-08-09T14:28:35.563+0000] {logging_mixin.py:188} INFO - [2026-08-09T14:28:35.563+0000] {dag.py:3954} INFO - Setting next_dagrun for load_ergast_data to None, run_after=None
[2026-08-09T14:28:36.010+0000] {processor.py:183} INFO - Processing /opt/airflow/dags/load_ergast_data.py took 0.965 seconds
[2026-08-09T14:29:08.396+0000] {processor.py:161} INFO - Started process (PID=1386) to work on /opt/airflow/dags/load_ergast_data.py
[2026-08-09T14:29:08.398+0000] {processor.py:830} INFO - Processing file /opt/airflow/dags/load_ergast_data.py for tasks to queue
[2026-08-09T14:29:08.399+0000] {logging_mixin.py:188} INFO - [2026-08-09T14:29:08.399+0000] {dagbag.py:545} INFO - Filling up the DagBag from /opt/airflow/dags/load_ergast_data.py
[2026-08-09T14:29:08.945+0000] {processor.py:840} INFO - DAG(s) 'load_ergast_data' retrieved from /opt/airflow/dags/load_ergast_data.py
[2026-08-09T14:29:08.987+0000] {logging_mixin.py:188} INFO - [2026-08-09T14:29:08.987+0000] {dag.py:3096} INFO - Sync 1 DAGs
[2026-08-09T14:29:09.229+0000] {logging_mixin.py:188} INFO - [2026-08-09T14:29:09.229+0000] {dag.py:3954} INFO - Setting next_dagrun for load_ergast_data to None, run_after=None
[2026-08-09T14:29:09.249+0000] {processor.py:183} INFO - Processing /opt/airflow/dags/load_ergast_data.py took 0.863 seconds
[2026-08-09T14:29:41.533+0000] {processor.py:161} INFO - Started process (PID=1399) to work on /opt/airflow/dags/load_ergast_data.py
[2026-08-09T14:29:41.537+0000] {processor.py:830} INFO - Processing file /opt/airflow/dags/load_ergast_data.py for tasks to queue
[2026-08-09T14:29:41.539+0000] {logging_mixin.py:188} INFO - [2026-08-09T14:29:41.539+0000] {dagbag.py:545} INFO - Filling up the DagBag from /opt/airflow/dags/load_ergast_data.py
[2026-08-09T14:29:41.966+0000] {processor.py:840} INFO - DAG(s) 'load_ergast_data' retrieved from /opt/airflow/dags/load_ergast_data.py
[2026-08-09T14:29:42.783+0000] {logging_mixin.py:188} INFO - [2026-08-09T14:29:42.783+0000] {dag.py:3096} INFO - Sync 1 DAGs
[2026-08-09T14:29:42.811+0000] {logging_mixin.py:188} INFO - [2026-08-09T14:29:42.811+0000] {dag.py:3954} INFO - Setting next_dagrun for load_ergast_data to None, run_after=None
[2026-08-09T14:29:42.847+0000] {processor.py:183} INFO - Processing /opt/airflow/dags/load_ergast_data.py took 1.326 seconds
[2026-08-09T14:30:14.477+0000] {processor.py:161} INFO - Started process (PID=1410) to work on /opt/airflow/dags/load_ergast_data.py
[2026-08-09T14:30:14.479+0000] {processor.py:830} INFO - Processing file /opt/airflow/dags/load_ergast_data.py for tasks to queue
[2026-08-09T14:30:14.480+0000] {logging_mixin.py:188} INFO - [2026-08-09T14:30:14.479+0000] {dagbag.py:545} INFO - Filling up the DagBag from /opt/airflow/dags/load_ergast_data.py
[2026-08-09T14:30:15.567+0000] {processor.py:840} INFO - DAG(s) 'load_ergast_data' retrieved from /opt/airflow/dags/load_ergast_data.py
[2026-08-09T14:30:16.868+0000] {logging_mixin.py:188} INFO - [2026-08-09T14:30:16.867+0000] {dag.py:3096} INFO - Sync 1 DAGs
[2026-08-09T14:30:16.883+0000] {logging_mixin.py:188} INFO - [2026-08-09T14:30:16.883+0000] {dag.py:3954} INFO - Setting next_dagrun for load_ergast_data to None, run_after=None
[2026-08-09T14:30:16.902+0000] {processor.py:183} INFO - Processing /opt/airflow/dags/load_ergast_data.py took 2.432 seconds
[2026-08-09T14:30:47.833+0000] {processor.py:161} INFO - Started process (PID=1419) to work on /opt/airflow/dags/load_ergast_data.py
[2026-08-09T14:30:47.840+0000] {processor.py:830} INFO - Processing file /opt/airflow/dags/load_ergast_data.py for tasks to queue
[2026-08-09T14:30:47.844+0000] {logging_mixin.py:188} INFO - [2026-08-09T14:30:47.843+0000] {dagbag.py:545} INFO - Filling up the DagBag from /opt/airflow/dags/load_ergast_data.py
[2026-08-09T14:30:51.679+0000] {processor.py:840} INFO - DAG(s) 'load_ergast_data' retrieved from /opt/airflow/dags/load_ergast_data.py
[2026-08-09T14:30:51.754+0000] {logging_mixin.py:188} INFO - [2026-08-09T14:30:51.754+0000] {dag.py:3096} INFO - Sync 1 DAGs
[2026-08-09T14:30:51.801+0000] {logging_mixin.py:188} INFO - [2026-08-09T14:30:51.800+0000] {dag.py:3954} INFO - Setting next_dagrun for load_ergast_data to None, run_after=None
[2026-08-09T14:30:51.860+0000] {processor.py:183} INFO - Processing /opt/airflow/dags/load_ergast_data.py took 4.075 seconds
[2026-08-09T14:31:22.236+0000] {processor.py:161} INFO - Started process (PID=1432) to work on /opt/airflow/dags/load_ergast_data.py
[2026-08-09T14:31:22.238+0000] {processor.py:830} INFO - Processing file /opt/airflow/dags/load_ergast_data.py for tasks to queue
[2026-08-09T14:31:22.243+0000] {logging_mixin.py:188} INFO - [2026-08-09T14:31:22.240+0000] {dagbag.py:545} INFO - Filling up the DagBag from /opt/airflow/dags/load_ergast_data.py
[2026-08-09T14:31:23.009+0000] {processor.py:840} INFO - DAG(s) 'load_ergast_data' retrieved from /opt/airflow/dags/load_ergast_data.py
[2026-08-09T14:31:23.044+0000] {logging_mixin.py:188} INFO - [2026-08-09T14:31:23.044+0000] {dag.py:3096} INFO - Sync 1 DAGs
[2026-08-09T14:31:23.063+0000] {logging_mixin.py:188} INFO - [2026-08-09T14:31:23.063+0000] {dag.py:3954} INFO - Setting next_dagrun for load_ergast_data to None, run_after=None
[2026-08-09T14:31:23.090+0000] {processor.py:183} INFO - Processing /opt/airflow/dags/load_ergast_data.py took 0.866 seconds
[2026-08-09T14:31:53.452+0000] {processor.py:161} INFO - Started process (PID=1441) to work on /opt/airflow/dags/load_ergast_data.py
[2026-08-09T14:31:53.454+0000] {processor.py:830} INFO - Processing file /opt/airflow/dags/load_ergast_data.py for tasks to queue
[2026-08-09T14:31:53.455+0000] {logging_mixin.py:188} INFO - [2026-08-09T14:31:53.455+0000] {dagbag.py:545} INFO - Filling up the DagBag from /opt/airflow/dags/load_ergast_data.py
[2026-08-09T14:31:53.871+0000] {processor.py:840} INFO - DAG(s) 'load_ergast_data' retrieved from /opt/airflow/dags/load_ergast_data.py
[2026-08-09T14:31:53.901+0000] {logging_mixin.py:188} INFO - [2026-08-09T14:31:53.900+0000] {dag.py:3096} INFO - Sync 1 DAGs
[2026-08-09T14:31:53.916+0000] {logging_mixin.py:188} INFO - [2026-08-09T14:31:53.915+0000] {dag.py:3954} INFO - Setting next_dagrun for load_ergast_data to None, run_after=None
[2026-08-09T14:31:53.944+0000] {processor.py:183} INFO - Processing /opt/airflow/dags/load_ergast_data.py took 0.499 seconds
[2026-08-09T14:32:27.188+0000] {processor.py:161} INFO - Started process (PID=1452) to work on /opt/airflow/dags/load_ergast_data.py
[2026-08-09T14:32:27.202+0000] {processor.py:830} INFO - Processing file /opt/airflow/dags/load_ergast_data.py for tasks to queue
[2026-08-09T14:32:27.209+0000] {logging_mixin.py:188} INFO - [2026-08-09T14:32:27.206+0000] {dagbag.py:545} INFO - Filling up the DagBag from /opt/airflow/dags/load_ergast_data.py
[2026-08-09T14:32:28.409+0000] {processor.py:840} INFO - DAG(s) 'load_ergast_data' retrieved from /opt/airflow/dags/load_ergast_data.py
[2026-08-09T14:32:28.458+0000] {logging_mixin.py:188} INFO - [2026-08-09T14:32:28.458+0000] {dag.py:3096} INFO - Sync 1 DAGs
[2026-08-09T14:32:31.177+0000] {logging_mixin.py:188} INFO - [2026-08-09T14:32:31.176+0000] {dag.py:3954} INFO - Setting next_dagrun for load_ergast_data to None, run_after=None
[2026-08-09T14:32:31.235+0000] {processor.py:183} INFO - Processing /opt/airflow/dags/load_ergast_data.py took 4.138 seconds
[2026-08-09T14:33:01.464+0000] {processor.py:161} INFO - Started process (PID=1465) to work on /opt/airflow/dags/load_ergast_data.py
[2026-08-09T14:33:01.483+0000] {processor.py:830} INFO - Processing file /opt/airflow/dags/load_ergast_data.py for tasks to queue
[2026-08-09T14:33:01.495+0000] {logging_mixin.py:188} INFO - [2026-08-09T14:33:01.494+0000] {dagbag.py:545} INFO - Filling up the DagBag from /opt/airflow/dags/load_ergast_data.py
[2026-08-09T14:33:03.431+0000] {processor.py:840} INFO - DAG(s) 'load_ergast_data' retrieved from /opt/airflow/dags/load_ergast_data.py
[2026-08-09T14:33:04.791+0000] {logging_mixin.py:188} INFO - [2026-08-09T14:33:04.790+0000] {dag.py:3096} INFO - Sync 1 DAGs
[2026-08-09T14:33:04.812+0000] {logging_mixin.py:188} INFO - [2026-08-09T14:33:04.812+0000] {dag.py:3954} INFO - Setting next_dagrun for load_ergast_data to None, run_after=None
[2026-08-09T14:33:04.841+0000] {processor.py:183} INFO - Processing /opt/airflow/dags/load_ergast_data.py took 3.417 seconds
[2026-08-09T14:33:35.096+0000] {processor.py:161} INFO - Started process (PID=1476) to work on /opt/airflow/dags/load_ergast_data.py
[2026-08-09T14:33:35.097+0000] {processor.py:830} INFO - Processing file /opt/airflow/dags/load_ergast_data.py for tasks to queue
[2026-08-09T14:33:35.099+0000] {logging_mixin.py:188} INFO - [2026-08-09T14:33:35.098+0000] {dagbag.py:545} INFO - Filling up the DagBag from /opt/airflow/dags/load_ergast_data.py
[2026-08-09T14:33:35.487+0000] {processor.py:840} INFO - DAG(s) 'load_ergast_data' retrieved from /opt/airflow/dags/load_ergast_data.py
[2026-08-09T14:33:35.871+0000] {logging_mixin.py:188} INFO - [2026-08-09T14:33:35.871+0000] {dag.py:3096} INFO - Sync 1 DAGs
[2026-08-09T14:33:35.906+0000] {logging_mixin.py:188} INFO - [2026-08-09T14:33:35.906+0000] {dag.py:3954} INFO - Setting next_dagrun for load_ergast_data to None, run_after=None
[2026-08-09T14:33:35.929+0000] {processor.py:183} INFO - Processing /opt/airflow/dags/load_ergast_data.py took 0.842 seconds
[2026-08-09T14:34:06.503+0000] {processor.py:161} INFO - Started process (PID=1487) to work on /opt/airflow/dags/load_ergast_data.py
[2026-08-09T14:34:06.504+0000] {processor.py:830} INFO - Processing file /opt/airflow/dags/load_ergast_data.py for tasks to queue
[2026-08-09T14:34:06.506+0000] {logging_mixin.py:188} INFO - [2026-08-09T14:34:06.506+0000] {dagbag.py:545} INFO - Filling up the DagBag from /opt/airflow/dags/load_ergast_data.py
[2026-08-09T14:34:07.087+0000] {processor.py:840} INFO - DAG(s) 'load_ergast_data' retrieved from /opt/airflow/dags/load_ergast_data.py
[2026-08-09T14:34:07.108+0000] {logging_mixin.py:188} INFO - [2026-08-09T14:34:07.108+0000] {dag.py:3096} INFO - Sync 1 DAGs
[2026-08-09T14:34:07.119+0000] {logging_mixin.py:188} INFO - [2026-08-09T14:34:07.118+0000] {dag.py:3954} INFO - Setting next_dagrun for load_ergast_data to None, run_after=None
[2026-08-09T14:34:07.138+0000] {processor.py:183} INFO - Processing /opt/airflow/dags/load_ergast_data.py took 0.641 seconds
[2026-08-09T14:34:39.047+0000] {processor.py:161} INFO - Started process (PID=1496) to work on /opt/airflow/dags/load_ergast_data.py
[2026-08-09T14:34:39.048+0000] {processor.py:830} INFO - Processing file /opt/airflow/dags/load_ergast_data.py for tasks to queue
[2026-08-09T14:34:39.050+0000] {logging_mixin.py:188} INFO - [2026-08-09T14:34:39.049+0000] {dagbag.py:545} INFO - Filling up the DagBag from /opt/airflow/dags/load_ergast_data.py
[2026-08-09T14:34:39.366+0000] {processor.py:840} INFO - DAG(s) 'load_ergast_data' retrieved from /opt/airflow/dags/load_ergast_data.py
[2026-08-09T14:34:39.393+0000] {logging_mixin.py:188} INFO - [2026-08-09T14:34:39.393+0000] {dag.py:3096} INFO - Sync 1 DAGs
[2026-08-09T14:34:39.406+0000] {logging_mixin.py:188} INFO - [2026-08-09T14:34:39.406+0000] {dag.py:3954} INFO - Setting next_dagrun for load_ergast_data to None, run_after=None
[2026-08-09T14:34:39.426+0000] {processor.py:183} INFO - Processing /opt/airflow/dags/load_ergast_data.py took 0.387 seconds
[2026-08-09T14:35:12.035+0000] {processor.py:161} INFO - Started process (PID=1507) to work on /opt/airflow/dags/load_ergast_data.py
[2026-08-09T14:35:12.039+0000] {processor.py:830} INFO - Processing file /opt/airflow/dags/load_ergast_data.py for tasks to queue
[2026-08-09T14:35:12.042+0000] {logging_mixin.py:188} INFO - [2026-08-09T14:35:12.041+0000] {dagbag.py:545} INFO - Filling up the DagBag from /opt/airflow/dags/load_ergast_data.py
[2026-08-09T14:35:12.628+0000] {processor.py:840} INFO - DAG(s) 'load_ergast_data' retrieved from /opt/airflow/dags/load_ergast_data.py
[2026-08-09T14:35:12.674+0000] {logging_mixin.py:188} INFO - [2026-08-09T14:35:12.673+0000] {dag.py:3096} INFO - Sync 1 DAGs
[2026-08-09T14:35:12.714+0000] {logging_mixin.py:188} INFO - [2026-08-09T14:35:12.713+0000] {dag.py:3954} INFO - Setting next_dagrun for load_ergast_data to None, run_after=None
[2026-08-09T14:35:12.758+0000] {processor.py:183} INFO - Processing /opt/airflow/dags/load_ergast_data.py took 0.749 seconds
[2026-08-09T14:35:44.501+0000] {processor.py:161} INFO - Started process (PID=1517) to work on /opt/airflow/dags/load_ergast_data.py
[2026-08-09T14:35:44.513+0000] {processor.py:830} INFO - Processing file /opt/airflow/dags/load_ergast_data.py for tasks to queue
[2026-08-09T14:35:44.519+0000] {logging_mixin.py:188} INFO - [2026-08-09T14:35:44.517+0000] {dagbag.py:545} INFO - Filling up the DagBag from /opt/airflow/dags/load_ergast_data.py
[2026-08-09T14:35:47.162+0000] {processor.py:840} INFO - DAG(s) 'load_ergast_data' retrieved from /opt/airflow/dags/load_ergast_data.py
[2026-08-09T14:35:47.213+0000] {logging_mixin.py:188} INFO - [2026-08-09T14:35:47.213+0000] {dag.py:3096} INFO - Sync 1 DAGs
[2026-08-09T14:35:50.678+0000] {logging_mixin.py:188} INFO - [2026-08-09T14:35:50.678+0000] {dag.py:3954} INFO - Setting next_dagrun for load_ergast_data to None, run_after=None
[2026-08-09T14:35:50.773+0000] {processor.py:183} INFO - Processing /opt/airflow/dags/load_ergast_data.py took 6.303 seconds
[2026-08-09T14:36:21.483+0000] {processor.py:161} INFO - Started process (PID=1531) to work on /opt/airflow/dags/load_ergast_data.py
[2026-08-09T14:36:21.487+0000] {processor.py:830} INFO - Processing file /opt/airflow/dags/load_ergast_data.py for tasks to queue
[2026-08-09T14:36:21.490+0000] {logging_mixin.py:188} INFO - [2026-08-09T14:36:21.489+0000] {dagbag.py:545} INFO - Filling up the DagBag from /opt/airflow/dags/load_ergast_data.py
[2026-08-09T14:36:25.371+0000] {processor.py:840} INFO - DAG(s) 'load_ergast_data' retrieved from /opt/airflow/dags/load_ergast_data.py
[2026-08-09T14:36:26.917+0000] {logging_mixin.py:188} INFO - [2026-08-09T14:36:26.916+0000] {dag.py:3096} INFO - Sync 1 DAGs
[2026-08-09T14:36:26.936+0000] {logging_mixin.py:188} INFO - [2026-08-09T14:36:26.936+0000] {dag.py:3954} INFO - Setting next_dagrun for load_ergast_data to None, run_after=None
[2026-08-09T14:36:26.961+0000] {processor.py:183} INFO - Processing /opt/airflow/dags/load_ergast_data.py took 5.531 seconds
[2026-08-09T14:36:52.383+0000] {processor.py:161} INFO - Started process (PID=1542) to work on /opt/airflow/dags/load_ergast_data.py
[2026-08-09T14:36:52.391+0000] {processor.py:830} INFO - Processing file /opt/airflow/dags/load_ergast_data.py for tasks to queue
[2026-08-09T14:36:52.394+0000] {logging_mixin.py:188} INFO - [2026-08-09T14:36:52.394+0000] {dagbag.py:545} INFO - Filling up the DagBag from /opt/airflow/dags/load_ergast_data.py
[2026-08-09T14:36:52.895+0000] {processor.py:840} INFO - DAG(s) 'load_ergast_data' retrieved from /opt/airflow/dags/load_ergast_data.py
[2026-08-09T14:36:55.115+0000] {logging_mixin.py:188} INFO - [2026-08-09T14:36:55.112+0000] {dag.py:3096} INFO - Sync 1 DAGs
[2026-08-09T14:36:55.175+0000] {logging_mixin.py:188} INFO - [2026-08-09T14:36:55.175+0000] {dag.py:3954} INFO - Setting next_dagrun for load_ergast_data to None, run_after=None
[2026-08-09T14:36:55.245+0000] {processor.py:183} INFO - Processing /opt/airflow/dags/load_ergast_data.py took 2.877 seconds
