[2026-06-30T16:14:27.589+0000] {processor.py:161} INFO - Started process (PID=249) to work on /opt/airflow/dags/lap_time_analysis.py
[2026-06-30T16:14:27.601+0000] {processor.py:830} INFO - Processing file /opt/airflow/dags/lap_time_analysis.py for tasks to queue
[2026-06-30T16:14:27.622+0000] {logging_mixin.py:188} INFO - [2026-06-30T16:14:27.615+0000] {dagbag.py:545} INFO - Filling up the DagBag from /opt/airflow/dags/lap_time_analysis.py
[2026-06-30T16:14:28.484+0000] {processor.py:840} INFO - DAG(s) 'lap_time_analysis' retrieved from /opt/airflow/dags/lap_time_analysis.py
[2026-06-30T16:14:28.673+0000] {logging_mixin.py:188} INFO - [2026-06-30T16:14:28.672+0000] {dag.py:3096} INFO - Sync 1 DAGs
[2026-06-30T16:14:28.752+0000] {logging_mixin.py:188} INFO - [2026-06-30T16:14:28.752+0000] {dag.py:3954} INFO - Setting next_dagrun for lap_time_analysis to None, run_after=None
[2026-06-30T16:14:30.278+0000] {processor.py:183} INFO - Processing /opt/airflow/dags/lap_time_analysis.py took 2.721 seconds
[2026-06-30T16:15:01.721+0000] {processor.py:161} INFO - Started process (PID=270) to work on /opt/airflow/dags/lap_time_analysis.py
[2026-06-30T16:15:01.730+0000] {processor.py:830} INFO - Processing file /opt/airflow/dags/lap_time_analysis.py for tasks to queue
[2026-06-30T16:15:01.750+0000] {logging_mixin.py:188} INFO - [2026-06-30T16:15:01.747+0000] {dagbag.py:545} INFO - Filling up the DagBag from /opt/airflow/dags/lap_time_analysis.py
[2026-06-30T16:15:02.091+0000] {processor.py:840} INFO - DAG(s) 'lap_time_analysis' retrieved from /opt/airflow/dags/lap_time_analysis.py
[2026-06-30T16:15:02.302+0000] {logging_mixin.py:188} INFO - [2026-06-30T16:15:02.302+0000] {dag.py:3096} INFO - Sync 1 DAGs
[2026-06-30T16:15:02.322+0000] {logging_mixin.py:188} INFO - [2026-06-30T16:15:02.322+0000] {dag.py:3954} INFO - Setting next_dagrun for lap_time_analysis to None, run_after=None
[2026-06-30T16:15:02.355+0000] {processor.py:183} INFO - Processing /opt/airflow/dags/lap_time_analysis.py took 0.694 seconds
[2026-06-30T16:15:32.686+0000] {processor.py:161} INFO - Started process (PID=290) to work on /opt/airflow/dags/lap_time_analysis.py
[2026-06-30T16:15:32.687+0000] {processor.py:830} INFO - Processing file /opt/airflow/dags/lap_time_analysis.py for tasks to queue
[2026-06-30T16:15:32.691+0000] {logging_mixin.py:188} INFO - [2026-06-30T16:15:32.691+0000] {dagbag.py:545} INFO - Filling up the DagBag from /opt/airflow/dags/lap_time_analysis.py
[2026-06-30T16:15:32.812+0000] {processor.py:840} INFO - DAG(s) 'lap_time_analysis' retrieved from /opt/airflow/dags/lap_time_analysis.py
[2026-06-30T16:15:32.858+0000] {logging_mixin.py:188} INFO - [2026-06-30T16:15:32.858+0000] {dag.py:3096} INFO - Sync 1 DAGs
[2026-06-30T16:15:32.875+0000] {logging_mixin.py:188} INFO - [2026-06-30T16:15:32.875+0000] {dag.py:3954} INFO - Setting next_dagrun for lap_time_analysis to None, run_after=None
[2026-06-30T16:15:32.922+0000] {processor.py:183} INFO - Processing /opt/airflow/dags/lap_time_analysis.py took 0.247 seconds
[2026-06-30T16:16:03.085+0000] {processor.py:161} INFO - Started process (PID=301) to work on /opt/airflow/dags/lap_time_analysis.py
[2026-06-30T16:16:03.086+0000] {processor.py:830} INFO - Processing file /opt/airflow/dags/lap_time_analysis.py for tasks to queue
[2026-06-30T16:16:03.089+0000] {logging_mixin.py:188} INFO - [2026-06-30T16:16:03.089+0000] {dagbag.py:545} INFO - Filling up the DagBag from /opt/airflow/dags/lap_time_analysis.py
[2026-06-30T16:16:03.187+0000] {processor.py:840} INFO - DAG(s) 'lap_time_analysis' retrieved from /opt/airflow/dags/lap_time_analysis.py
[2026-06-30T16:16:03.221+0000] {logging_mixin.py:188} INFO - [2026-06-30T16:16:03.221+0000] {dag.py:3096} INFO - Sync 1 DAGs
[2026-06-30T16:16:03.248+0000] {logging_mixin.py:188} INFO - [2026-06-30T16:16:03.247+0000] {dag.py:3954} INFO - Setting next_dagrun for lap_time_analysis to None, run_after=None
[2026-06-30T16:16:03.268+0000] {processor.py:183} INFO - Processing /opt/airflow/dags/lap_time_analysis.py took 0.189 seconds
[2026-06-30T16:16:33.626+0000] {processor.py:161} INFO - Started process (PID=312) to work on /opt/airflow/dags/lap_time_analysis.py
[2026-06-30T16:16:33.627+0000] {processor.py:830} INFO - Processing file /opt/airflow/dags/lap_time_analysis.py for tasks to queue
[2026-06-30T16:16:33.630+0000] {logging_mixin.py:188} INFO - [2026-06-30T16:16:33.630+0000] {dagbag.py:545} INFO - Filling up the DagBag from /opt/airflow/dags/lap_time_analysis.py
[2026-06-30T16:16:33.739+0000] {processor.py:840} INFO - DAG(s) 'lap_time_analysis' retrieved from /opt/airflow/dags/lap_time_analysis.py
[2026-06-30T16:16:33.771+0000] {logging_mixin.py:188} INFO - [2026-06-30T16:16:33.771+0000] {dag.py:3096} INFO - Sync 1 DAGs
[2026-06-30T16:16:33.785+0000] {logging_mixin.py:188} INFO - [2026-06-30T16:16:33.785+0000] {dag.py:3954} INFO - Setting next_dagrun for lap_time_analysis to None, run_after=None
[2026-06-30T16:16:33.805+0000] {processor.py:183} INFO - Processing /opt/airflow/dags/lap_time_analysis.py took 0.184 seconds
[2026-06-30T16:17:04.146+0000] {processor.py:161} INFO - Started process (PID=323) to work on /opt/airflow/dags/lap_time_analysis.py
[2026-06-30T16:17:04.147+0000] {processor.py:830} INFO - Processing file /opt/airflow/dags/lap_time_analysis.py for tasks to queue
[2026-06-30T16:17:04.150+0000] {logging_mixin.py:188} INFO - [2026-06-30T16:17:04.150+0000] {dagbag.py:545} INFO - Filling up the DagBag from /opt/airflow/dags/lap_time_analysis.py
[2026-06-30T16:17:04.292+0000] {processor.py:840} INFO - DAG(s) 'lap_time_analysis' retrieved from /opt/airflow/dags/lap_time_analysis.py
[2026-06-30T16:17:04.319+0000] {logging_mixin.py:188} INFO - [2026-06-30T16:17:04.319+0000] {dag.py:3096} INFO - Sync 1 DAGs
[2026-06-30T16:17:04.333+0000] {logging_mixin.py:188} INFO - [2026-06-30T16:17:04.332+0000] {dag.py:3954} INFO - Setting next_dagrun for lap_time_analysis to None, run_after=None
[2026-06-30T16:17:04.354+0000] {processor.py:183} INFO - Processing /opt/airflow/dags/lap_time_analysis.py took 0.214 seconds
[2026-06-30T16:17:34.696+0000] {processor.py:161} INFO - Started process (PID=334) to work on /opt/airflow/dags/lap_time_analysis.py
[2026-06-30T16:17:34.697+0000] {processor.py:830} INFO - Processing file /opt/airflow/dags/lap_time_analysis.py for tasks to queue
[2026-06-30T16:17:34.700+0000] {logging_mixin.py:188} INFO - [2026-06-30T16:17:34.700+0000] {dagbag.py:545} INFO - Filling up the DagBag from /opt/airflow/dags/lap_time_analysis.py
[2026-06-30T16:17:34.818+0000] {processor.py:840} INFO - DAG(s) 'lap_time_analysis' retrieved from /opt/airflow/dags/lap_time_analysis.py
[2026-06-30T16:17:34.888+0000] {logging_mixin.py:188} INFO - [2026-06-30T16:17:34.888+0000] {dag.py:3096} INFO - Sync 1 DAGs
[2026-06-30T16:17:34.906+0000] {logging_mixin.py:188} INFO - [2026-06-30T16:17:34.905+0000] {dag.py:3954} INFO - Setting next_dagrun for lap_time_analysis to None, run_after=None
[2026-06-30T16:17:34.940+0000] {processor.py:183} INFO - Processing /opt/airflow/dags/lap_time_analysis.py took 0.252 seconds
[2026-06-30T16:18:39.914+0000] {processor.py:161} INFO - Started process (PID=345) to work on /opt/airflow/dags/lap_time_analysis.py
[2026-06-30T16:18:39.924+0000] {processor.py:830} INFO - Processing file /opt/airflow/dags/lap_time_analysis.py for tasks to queue
[2026-06-30T16:18:39.979+0000] {logging_mixin.py:188} INFO - [2026-06-30T16:18:39.975+0000] {dagbag.py:545} INFO - Filling up the DagBag from /opt/airflow/dags/lap_time_analysis.py
[2026-06-30T16:18:40.971+0000] {processor.py:840} INFO - DAG(s) 'lap_time_analysis' retrieved from /opt/airflow/dags/lap_time_analysis.py
[2026-06-30T16:18:41.112+0000] {logging_mixin.py:188} INFO - [2026-06-30T16:18:41.111+0000] {dag.py:3096} INFO - Sync 1 DAGs
[2026-06-30T16:18:41.194+0000] {logging_mixin.py:188} INFO - [2026-06-30T16:18:41.194+0000] {dag.py:3954} INFO - Setting next_dagrun for lap_time_analysis to None, run_after=None
[2026-06-30T16:18:41.282+0000] {processor.py:183} INFO - Processing /opt/airflow/dags/lap_time_analysis.py took 1.428 seconds
[2026-06-30T16:19:11.831+0000] {processor.py:161} INFO - Started process (PID=356) to work on /opt/airflow/dags/lap_time_analysis.py
[2026-06-30T16:19:11.859+0000] {processor.py:830} INFO - Processing file /opt/airflow/dags/lap_time_analysis.py for tasks to queue
[2026-06-30T16:19:11.932+0000] {logging_mixin.py:188} INFO - [2026-06-30T16:19:11.924+0000] {dagbag.py:545} INFO - Filling up the DagBag from /opt/airflow/dags/lap_time_analysis.py
[2026-06-30T16:19:13.008+0000] {processor.py:840} INFO - DAG(s) 'lap_time_analysis' retrieved from /opt/airflow/dags/lap_time_analysis.py
[2026-06-30T16:19:13.225+0000] {logging_mixin.py:188} INFO - [2026-06-30T16:19:13.225+0000] {dag.py:3096} INFO - Sync 1 DAGs
[2026-06-30T16:19:13.315+0000] {logging_mixin.py:188} INFO - [2026-06-30T16:19:13.314+0000] {dag.py:3954} INFO - Setting next_dagrun for lap_time_analysis to None, run_after=None
[2026-06-30T16:19:13.361+0000] {processor.py:183} INFO - Processing /opt/airflow/dags/lap_time_analysis.py took 1.654 seconds
[2026-06-30T16:19:43.597+0000] {processor.py:161} INFO - Started process (PID=367) to work on /opt/airflow/dags/lap_time_analysis.py
[2026-06-30T16:19:43.599+0000] {processor.py:830} INFO - Processing file /opt/airflow/dags/lap_time_analysis.py for tasks to queue
[2026-06-30T16:19:43.603+0000] {logging_mixin.py:188} INFO - [2026-06-30T16:19:43.602+0000] {dagbag.py:545} INFO - Filling up the DagBag from /opt/airflow/dags/lap_time_analysis.py
[2026-06-30T16:19:43.772+0000] {processor.py:840} INFO - DAG(s) 'lap_time_analysis' retrieved from /opt/airflow/dags/lap_time_analysis.py
[2026-06-30T16:19:43.819+0000] {logging_mixin.py:188} INFO - [2026-06-30T16:19:43.818+0000] {dag.py:3096} INFO - Sync 1 DAGs
[2026-06-30T16:19:43.839+0000] {logging_mixin.py:188} INFO - [2026-06-30T16:19:43.839+0000] {dag.py:3954} INFO - Setting next_dagrun for lap_time_analysis to None, run_after=None
[2026-06-30T16:19:43.914+0000] {processor.py:183} INFO - Processing /opt/airflow/dags/lap_time_analysis.py took 0.327 seconds
[2026-06-30T16:20:14.287+0000] {processor.py:161} INFO - Started process (PID=378) to work on /opt/airflow/dags/lap_time_analysis.py
[2026-06-30T16:20:14.289+0000] {processor.py:830} INFO - Processing file /opt/airflow/dags/lap_time_analysis.py for tasks to queue
[2026-06-30T16:20:14.293+0000] {logging_mixin.py:188} INFO - [2026-06-30T16:20:14.292+0000] {dagbag.py:545} INFO - Filling up the DagBag from /opt/airflow/dags/lap_time_analysis.py
[2026-06-30T16:20:14.540+0000] {processor.py:840} INFO - DAG(s) 'lap_time_analysis' retrieved from /opt/airflow/dags/lap_time_analysis.py
[2026-06-30T16:20:14.640+0000] {logging_mixin.py:188} INFO - [2026-06-30T16:20:14.640+0000] {dag.py:3096} INFO - Sync 1 DAGs
[2026-06-30T16:20:14.687+0000] {logging_mixin.py:188} INFO - [2026-06-30T16:20:14.686+0000] {dag.py:3954} INFO - Setting next_dagrun for lap_time_analysis to None, run_after=None
[2026-06-30T16:20:14.774+0000] {processor.py:183} INFO - Processing /opt/airflow/dags/lap_time_analysis.py took 0.498 seconds
[2026-06-30T16:20:45.722+0000] {processor.py:161} INFO - Started process (PID=390) to work on /opt/airflow/dags/lap_time_analysis.py
[2026-06-30T16:20:45.736+0000] {processor.py:830} INFO - Processing file /opt/airflow/dags/lap_time_analysis.py for tasks to queue
[2026-06-30T16:20:45.768+0000] {logging_mixin.py:188} INFO - [2026-06-30T16:20:45.763+0000] {dagbag.py:545} INFO - Filling up the DagBag from /opt/airflow/dags/lap_time_analysis.py
[2026-06-30T16:20:46.163+0000] {processor.py:840} INFO - DAG(s) 'lap_time_analysis' retrieved from /opt/airflow/dags/lap_time_analysis.py
[2026-06-30T16:20:46.362+0000] {logging_mixin.py:188} INFO - [2026-06-30T16:20:46.362+0000] {dag.py:3096} INFO - Sync 1 DAGs
[2026-06-30T16:20:46.499+0000] {logging_mixin.py:188} INFO - [2026-06-30T16:20:46.499+0000] {dag.py:3954} INFO - Setting next_dagrun for lap_time_analysis to None, run_after=None
[2026-06-30T16:20:46.572+0000] {processor.py:183} INFO - Processing /opt/airflow/dags/lap_time_analysis.py took 0.947 seconds
[2026-06-30T16:21:16.780+0000] {processor.py:161} INFO - Started process (PID=411) to work on /opt/airflow/dags/lap_time_analysis.py
[2026-06-30T16:21:16.782+0000] {processor.py:830} INFO - Processing file /opt/airflow/dags/lap_time_analysis.py for tasks to queue
[2026-06-30T16:21:16.785+0000] {logging_mixin.py:188} INFO - [2026-06-30T16:21:16.784+0000] {dagbag.py:545} INFO - Filling up the DagBag from /opt/airflow/dags/lap_time_analysis.py
[2026-06-30T16:21:16.914+0000] {processor.py:840} INFO - DAG(s) 'lap_time_analysis' retrieved from /opt/airflow/dags/lap_time_analysis.py
[2026-06-30T16:21:16.947+0000] {logging_mixin.py:188} INFO - [2026-06-30T16:21:16.947+0000] {dag.py:3096} INFO - Sync 1 DAGs
[2026-06-30T16:21:16.963+0000] {logging_mixin.py:188} INFO - [2026-06-30T16:21:16.963+0000] {dag.py:3954} INFO - Setting next_dagrun for lap_time_analysis to None, run_after=None
[2026-06-30T16:21:16.985+0000] {processor.py:183} INFO - Processing /opt/airflow/dags/lap_time_analysis.py took 0.213 seconds
[2026-06-30T16:21:47.269+0000] {processor.py:161} INFO - Started process (PID=422) to work on /opt/airflow/dags/lap_time_analysis.py
[2026-06-30T16:21:47.273+0000] {processor.py:830} INFO - Processing file /opt/airflow/dags/lap_time_analysis.py for tasks to queue
[2026-06-30T16:21:47.286+0000] {logging_mixin.py:188} INFO - [2026-06-30T16:21:47.284+0000] {dagbag.py:545} INFO - Filling up the DagBag from /opt/airflow/dags/lap_time_analysis.py
[2026-06-30T16:21:47.511+0000] {processor.py:840} INFO - DAG(s) 'lap_time_analysis' retrieved from /opt/airflow/dags/lap_time_analysis.py
[2026-06-30T16:21:47.573+0000] {logging_mixin.py:188} INFO - [2026-06-30T16:21:47.572+0000] {dag.py:3096} INFO - Sync 1 DAGs
[2026-06-30T16:21:47.594+0000] {logging_mixin.py:188} INFO - [2026-06-30T16:21:47.594+0000] {dag.py:3954} INFO - Setting next_dagrun for lap_time_analysis to None, run_after=None
[2026-06-30T16:21:47.630+0000] {processor.py:183} INFO - Processing /opt/airflow/dags/lap_time_analysis.py took 0.381 seconds
[2026-06-30T16:22:17.793+0000] {processor.py:161} INFO - Started process (PID=433) to work on /opt/airflow/dags/lap_time_analysis.py
[2026-06-30T16:22:17.796+0000] {processor.py:830} INFO - Processing file /opt/airflow/dags/lap_time_analysis.py for tasks to queue
[2026-06-30T16:22:17.801+0000] {logging_mixin.py:188} INFO - [2026-06-30T16:22:17.800+0000] {dagbag.py:545} INFO - Filling up the DagBag from /opt/airflow/dags/lap_time_analysis.py
[2026-06-30T16:22:18.012+0000] {processor.py:840} INFO - DAG(s) 'lap_time_analysis' retrieved from /opt/airflow/dags/lap_time_analysis.py
[2026-06-30T16:22:18.056+0000] {logging_mixin.py:188} INFO - [2026-06-30T16:22:18.056+0000] {dag.py:3096} INFO - Sync 1 DAGs
[2026-06-30T16:22:18.078+0000] {logging_mixin.py:188} INFO - [2026-06-30T16:22:18.077+0000] {dag.py:3954} INFO - Setting next_dagrun for lap_time_analysis to None, run_after=None
[2026-06-30T16:22:18.111+0000] {processor.py:183} INFO - Processing /opt/airflow/dags/lap_time_analysis.py took 0.329 seconds
[2026-06-30T16:22:48.349+0000] {processor.py:161} INFO - Started process (PID=444) to work on /opt/airflow/dags/lap_time_analysis.py
[2026-06-30T16:22:48.351+0000] {processor.py:830} INFO - Processing file /opt/airflow/dags/lap_time_analysis.py for tasks to queue
[2026-06-30T16:22:48.354+0000] {logging_mixin.py:188} INFO - [2026-06-30T16:22:48.354+0000] {dagbag.py:545} INFO - Filling up the DagBag from /opt/airflow/dags/lap_time_analysis.py
[2026-06-30T16:22:48.480+0000] {processor.py:840} INFO - DAG(s) 'lap_time_analysis' retrieved from /opt/airflow/dags/lap_time_analysis.py
[2026-06-30T16:22:48.515+0000] {logging_mixin.py:188} INFO - [2026-06-30T16:22:48.515+0000] {dag.py:3096} INFO - Sync 1 DAGs
[2026-06-30T16:22:48.539+0000] {logging_mixin.py:188} INFO - [2026-06-30T16:22:48.539+0000] {dag.py:3954} INFO - Setting next_dagrun for lap_time_analysis to None, run_after=None
[2026-06-30T16:22:48.564+0000] {processor.py:183} INFO - Processing /opt/airflow/dags/lap_time_analysis.py took 0.222 seconds
[2026-06-30T16:23:18.903+0000] {processor.py:161} INFO - Started process (PID=455) to work on /opt/airflow/dags/lap_time_analysis.py
[2026-06-30T16:23:18.904+0000] {processor.py:830} INFO - Processing file /opt/airflow/dags/lap_time_analysis.py for tasks to queue
[2026-06-30T16:23:18.908+0000] {logging_mixin.py:188} INFO - [2026-06-30T16:23:18.908+0000] {dagbag.py:545} INFO - Filling up the DagBag from /opt/airflow/dags/lap_time_analysis.py
[2026-06-30T16:23:19.078+0000] {processor.py:840} INFO - DAG(s) 'lap_time_analysis' retrieved from /opt/airflow/dags/lap_time_analysis.py
[2026-06-30T16:23:19.120+0000] {logging_mixin.py:188} INFO - [2026-06-30T16:23:19.119+0000] {dag.py:3096} INFO - Sync 1 DAGs
[2026-06-30T16:23:19.140+0000] {logging_mixin.py:188} INFO - [2026-06-30T16:23:19.140+0000] {dag.py:3954} INFO - Setting next_dagrun for lap_time_analysis to None, run_after=None
[2026-06-30T16:23:19.168+0000] {processor.py:183} INFO - Processing /opt/airflow/dags/lap_time_analysis.py took 0.275 seconds
[2026-06-30T16:23:49.675+0000] {processor.py:161} INFO - Started process (PID=466) to work on /opt/airflow/dags/lap_time_analysis.py
[2026-06-30T16:23:49.676+0000] {processor.py:830} INFO - Processing file /opt/airflow/dags/lap_time_analysis.py for tasks to queue
[2026-06-30T16:23:49.679+0000] {logging_mixin.py:188} INFO - [2026-06-30T16:23:49.679+0000] {dagbag.py:545} INFO - Filling up the DagBag from /opt/airflow/dags/lap_time_analysis.py
[2026-06-30T16:23:49.947+0000] {processor.py:840} INFO - DAG(s) 'lap_time_analysis' retrieved from /opt/airflow/dags/lap_time_analysis.py
[2026-06-30T16:23:50.077+0000] {logging_mixin.py:188} INFO - [2026-06-30T16:23:50.077+0000] {dag.py:3096} INFO - Sync 1 DAGs
[2026-06-30T16:23:50.095+0000] {logging_mixin.py:188} INFO - [2026-06-30T16:23:50.094+0000] {dag.py:3954} INFO - Setting next_dagrun for lap_time_analysis to None, run_after=None
[2026-06-30T16:23:50.117+0000] {processor.py:183} INFO - Processing /opt/airflow/dags/lap_time_analysis.py took 0.453 seconds
[2026-06-30T16:24:20.449+0000] {processor.py:161} INFO - Started process (PID=477) to work on /opt/airflow/dags/lap_time_analysis.py
[2026-06-30T16:24:20.450+0000] {processor.py:830} INFO - Processing file /opt/airflow/dags/lap_time_analysis.py for tasks to queue
[2026-06-30T16:24:20.453+0000] {logging_mixin.py:188} INFO - [2026-06-30T16:24:20.452+0000] {dagbag.py:545} INFO - Filling up the DagBag from /opt/airflow/dags/lap_time_analysis.py
[2026-06-30T16:24:20.568+0000] {processor.py:840} INFO - DAG(s) 'lap_time_analysis' retrieved from /opt/airflow/dags/lap_time_analysis.py
[2026-06-30T16:24:20.600+0000] {logging_mixin.py:188} INFO - [2026-06-30T16:24:20.600+0000] {dag.py:3096} INFO - Sync 1 DAGs
[2026-06-30T16:24:20.614+0000] {logging_mixin.py:188} INFO - [2026-06-30T16:24:20.614+0000] {dag.py:3954} INFO - Setting next_dagrun for lap_time_analysis to None, run_after=None
[2026-06-30T16:24:20.635+0000] {processor.py:183} INFO - Processing /opt/airflow/dags/lap_time_analysis.py took 0.193 seconds
[2026-06-30T16:24:51.001+0000] {processor.py:161} INFO - Started process (PID=488) to work on /opt/airflow/dags/lap_time_analysis.py
[2026-06-30T16:24:51.003+0000] {processor.py:830} INFO - Processing file /opt/airflow/dags/lap_time_analysis.py for tasks to queue
[2026-06-30T16:24:51.007+0000] {logging_mixin.py:188} INFO - [2026-06-30T16:24:51.007+0000] {dagbag.py:545} INFO - Filling up the DagBag from /opt/airflow/dags/lap_time_analysis.py
[2026-06-30T16:24:51.125+0000] {processor.py:840} INFO - DAG(s) 'lap_time_analysis' retrieved from /opt/airflow/dags/lap_time_analysis.py
[2026-06-30T16:24:51.161+0000] {logging_mixin.py:188} INFO - [2026-06-30T16:24:51.161+0000] {dag.py:3096} INFO - Sync 1 DAGs
[2026-06-30T16:24:51.176+0000] {logging_mixin.py:188} INFO - [2026-06-30T16:24:51.176+0000] {dag.py:3954} INFO - Setting next_dagrun for lap_time_analysis to None, run_after=None
[2026-06-30T16:24:51.202+0000] {processor.py:183} INFO - Processing /opt/airflow/dags/lap_time_analysis.py took 0.214 seconds
[2026-06-30T16:25:21.596+0000] {processor.py:161} INFO - Started process (PID=499) to work on /opt/airflow/dags/lap_time_analysis.py
[2026-06-30T16:25:21.598+0000] {processor.py:830} INFO - Processing file /opt/airflow/dags/lap_time_analysis.py for tasks to queue
[2026-06-30T16:25:21.600+0000] {logging_mixin.py:188} INFO - [2026-06-30T16:25:21.600+0000] {dagbag.py:545} INFO - Filling up the DagBag from /opt/airflow/dags/lap_time_analysis.py
[2026-06-30T16:25:21.724+0000] {processor.py:840} INFO - DAG(s) 'lap_time_analysis' retrieved from /opt/airflow/dags/lap_time_analysis.py
[2026-06-30T16:25:21.753+0000] {logging_mixin.py:188} INFO - [2026-06-30T16:25:21.753+0000] {dag.py:3096} INFO - Sync 1 DAGs
[2026-06-30T16:25:21.768+0000] {logging_mixin.py:188} INFO - [2026-06-30T16:25:21.768+0000] {dag.py:3954} INFO - Setting next_dagrun for lap_time_analysis to None, run_after=None
[2026-06-30T16:25:21.789+0000] {processor.py:183} INFO - Processing /opt/airflow/dags/lap_time_analysis.py took 0.199 seconds
[2026-06-30T16:25:52.183+0000] {processor.py:161} INFO - Started process (PID=510) to work on /opt/airflow/dags/lap_time_analysis.py
[2026-06-30T16:25:52.184+0000] {processor.py:830} INFO - Processing file /opt/airflow/dags/lap_time_analysis.py for tasks to queue
[2026-06-30T16:25:52.187+0000] {logging_mixin.py:188} INFO - [2026-06-30T16:25:52.186+0000] {dagbag.py:545} INFO - Filling up the DagBag from /opt/airflow/dags/lap_time_analysis.py
[2026-06-30T16:25:52.302+0000] {processor.py:840} INFO - DAG(s) 'lap_time_analysis' retrieved from /opt/airflow/dags/lap_time_analysis.py
[2026-06-30T16:25:52.330+0000] {logging_mixin.py:188} INFO - [2026-06-30T16:25:52.329+0000] {dag.py:3096} INFO - Sync 1 DAGs
[2026-06-30T16:25:52.344+0000] {logging_mixin.py:188} INFO - [2026-06-30T16:25:52.344+0000] {dag.py:3954} INFO - Setting next_dagrun for lap_time_analysis to None, run_after=None
[2026-06-30T16:25:52.367+0000] {processor.py:183} INFO - Processing /opt/airflow/dags/lap_time_analysis.py took 0.189 seconds
[2026-06-30T16:26:22.756+0000] {processor.py:161} INFO - Started process (PID=521) to work on /opt/airflow/dags/lap_time_analysis.py
[2026-06-30T16:26:22.757+0000] {processor.py:830} INFO - Processing file /opt/airflow/dags/lap_time_analysis.py for tasks to queue
[2026-06-30T16:26:22.759+0000] {logging_mixin.py:188} INFO - [2026-06-30T16:26:22.758+0000] {dagbag.py:545} INFO - Filling up the DagBag from /opt/airflow/dags/lap_time_analysis.py
[2026-06-30T16:26:22.853+0000] {processor.py:840} INFO - DAG(s) 'lap_time_analysis' retrieved from /opt/airflow/dags/lap_time_analysis.py
[2026-06-30T16:26:22.876+0000] {logging_mixin.py:188} INFO - [2026-06-30T16:26:22.876+0000] {dag.py:3096} INFO - Sync 1 DAGs
[2026-06-30T16:26:22.890+0000] {logging_mixin.py:188} INFO - [2026-06-30T16:26:22.890+0000] {dag.py:3954} INFO - Setting next_dagrun for lap_time_analysis to None, run_after=None
[2026-06-30T16:26:22.917+0000] {processor.py:183} INFO - Processing /opt/airflow/dags/lap_time_analysis.py took 0.167 seconds
[2026-06-30T16:26:53.284+0000] {processor.py:161} INFO - Started process (PID=532) to work on /opt/airflow/dags/lap_time_analysis.py
[2026-06-30T16:26:53.285+0000] {processor.py:830} INFO - Processing file /opt/airflow/dags/lap_time_analysis.py for tasks to queue
[2026-06-30T16:26:53.288+0000] {logging_mixin.py:188} INFO - [2026-06-30T16:26:53.287+0000] {dagbag.py:545} INFO - Filling up the DagBag from /opt/airflow/dags/lap_time_analysis.py
[2026-06-30T16:26:53.418+0000] {processor.py:840} INFO - DAG(s) 'lap_time_analysis' retrieved from /opt/airflow/dags/lap_time_analysis.py
[2026-06-30T16:26:53.444+0000] {logging_mixin.py:188} INFO - [2026-06-30T16:26:53.443+0000] {dag.py:3096} INFO - Sync 1 DAGs
[2026-06-30T16:26:53.456+0000] {logging_mixin.py:188} INFO - [2026-06-30T16:26:53.456+0000] {dag.py:3954} INFO - Setting next_dagrun for lap_time_analysis to None, run_after=None
[2026-06-30T16:26:53.476+0000] {processor.py:183} INFO - Processing /opt/airflow/dags/lap_time_analysis.py took 0.199 seconds
[2026-06-30T16:27:23.801+0000] {processor.py:161} INFO - Started process (PID=543) to work on /opt/airflow/dags/lap_time_analysis.py
[2026-06-30T16:27:23.803+0000] {processor.py:830} INFO - Processing file /opt/airflow/dags/lap_time_analysis.py for tasks to queue
[2026-06-30T16:27:23.805+0000] {logging_mixin.py:188} INFO - [2026-06-30T16:27:23.805+0000] {dagbag.py:545} INFO - Filling up the DagBag from /opt/airflow/dags/lap_time_analysis.py
[2026-06-30T16:27:23.914+0000] {processor.py:840} INFO - DAG(s) 'lap_time_analysis' retrieved from /opt/airflow/dags/lap_time_analysis.py
[2026-06-30T16:27:23.950+0000] {logging_mixin.py:188} INFO - [2026-06-30T16:27:23.949+0000] {dag.py:3096} INFO - Sync 1 DAGs
[2026-06-30T16:27:23.965+0000] {logging_mixin.py:188} INFO - [2026-06-30T16:27:23.964+0000] {dag.py:3954} INFO - Setting next_dagrun for lap_time_analysis to None, run_after=None
[2026-06-30T16:27:23.988+0000] {processor.py:183} INFO - Processing /opt/airflow/dags/lap_time_analysis.py took 0.194 seconds
[2026-06-30T16:27:54.370+0000] {processor.py:161} INFO - Started process (PID=554) to work on /opt/airflow/dags/lap_time_analysis.py
[2026-06-30T16:27:54.371+0000] {processor.py:830} INFO - Processing file /opt/airflow/dags/lap_time_analysis.py for tasks to queue
[2026-06-30T16:27:54.373+0000] {logging_mixin.py:188} INFO - [2026-06-30T16:27:54.373+0000] {dagbag.py:545} INFO - Filling up the DagBag from /opt/airflow/dags/lap_time_analysis.py
[2026-06-30T16:27:54.482+0000] {processor.py:840} INFO - DAG(s) 'lap_time_analysis' retrieved from /opt/airflow/dags/lap_time_analysis.py
[2026-06-30T16:27:54.508+0000] {logging_mixin.py:188} INFO - [2026-06-30T16:27:54.508+0000] {dag.py:3096} INFO - Sync 1 DAGs
[2026-06-30T16:27:54.521+0000] {logging_mixin.py:188} INFO - [2026-06-30T16:27:54.521+0000] {dag.py:3954} INFO - Setting next_dagrun for lap_time_analysis to None, run_after=None
[2026-06-30T16:27:54.544+0000] {processor.py:183} INFO - Processing /opt/airflow/dags/lap_time_analysis.py took 0.179 seconds
[2026-06-30T16:28:24.934+0000] {processor.py:161} INFO - Started process (PID=565) to work on /opt/airflow/dags/lap_time_analysis.py
[2026-06-30T16:28:24.936+0000] {processor.py:830} INFO - Processing file /opt/airflow/dags/lap_time_analysis.py for tasks to queue
[2026-06-30T16:28:24.938+0000] {logging_mixin.py:188} INFO - [2026-06-30T16:28:24.938+0000] {dagbag.py:545} INFO - Filling up the DagBag from /opt/airflow/dags/lap_time_analysis.py
[2026-06-30T16:28:25.107+0000] {processor.py:840} INFO - DAG(s) 'lap_time_analysis' retrieved from /opt/airflow/dags/lap_time_analysis.py
[2026-06-30T16:28:25.177+0000] {logging_mixin.py:188} INFO - [2026-06-30T16:28:25.176+0000] {dag.py:3096} INFO - Sync 1 DAGs
[2026-06-30T16:28:25.216+0000] {logging_mixin.py:188} INFO - [2026-06-30T16:28:25.216+0000] {dag.py:3954} INFO - Setting next_dagrun for lap_time_analysis to None, run_after=None
[2026-06-30T16:28:25.251+0000] {processor.py:183} INFO - Processing /opt/airflow/dags/lap_time_analysis.py took 0.323 seconds
[2026-06-30T16:28:55.582+0000] {processor.py:161} INFO - Started process (PID=576) to work on /opt/airflow/dags/lap_time_analysis.py
[2026-06-30T16:28:55.584+0000] {processor.py:830} INFO - Processing file /opt/airflow/dags/lap_time_analysis.py for tasks to queue
[2026-06-30T16:28:55.587+0000] {logging_mixin.py:188} INFO - [2026-06-30T16:28:55.587+0000] {dagbag.py:545} INFO - Filling up the DagBag from /opt/airflow/dags/lap_time_analysis.py
[2026-06-30T16:28:55.685+0000] {processor.py:840} INFO - DAG(s) 'lap_time_analysis' retrieved from /opt/airflow/dags/lap_time_analysis.py
[2026-06-30T16:28:55.710+0000] {logging_mixin.py:188} INFO - [2026-06-30T16:28:55.710+0000] {dag.py:3096} INFO - Sync 1 DAGs
[2026-06-30T16:28:55.722+0000] {logging_mixin.py:188} INFO - [2026-06-30T16:28:55.722+0000] {dag.py:3954} INFO - Setting next_dagrun for lap_time_analysis to None, run_after=None
[2026-06-30T16:28:55.744+0000] {processor.py:183} INFO - Processing /opt/airflow/dags/lap_time_analysis.py took 0.168 seconds
[2026-06-30T16:51:06.358+0000] {processor.py:161} INFO - Started process (PID=587) to work on /opt/airflow/dags/lap_time_analysis.py
[2026-06-30T16:51:06.369+0000] {processor.py:830} INFO - Processing file /opt/airflow/dags/lap_time_analysis.py for tasks to queue
[2026-06-30T16:51:06.417+0000] {logging_mixin.py:188} INFO - [2026-06-30T16:51:06.414+0000] {dagbag.py:545} INFO - Filling up the DagBag from /opt/airflow/dags/lap_time_analysis.py
[2026-06-30T16:51:08.490+0000] {processor.py:840} INFO - DAG(s) 'lap_time_analysis' retrieved from /opt/airflow/dags/lap_time_analysis.py
[2026-06-30T16:51:08.859+0000] {logging_mixin.py:188} INFO - [2026-06-30T16:51:08.856+0000] {dag.py:3096} INFO - Sync 1 DAGs
[2026-06-30T16:51:09.045+0000] {logging_mixin.py:188} INFO - [2026-06-30T16:51:09.044+0000] {dag.py:3954} INFO - Setting next_dagrun for lap_time_analysis to None, run_after=None
[2026-06-30T16:51:09.319+0000] {processor.py:183} INFO - Processing /opt/airflow/dags/lap_time_analysis.py took 3.092 seconds
[2026-06-30T16:51:39.789+0000] {processor.py:161} INFO - Started process (PID=598) to work on /opt/airflow/dags/lap_time_analysis.py
[2026-06-30T16:51:39.793+0000] {processor.py:830} INFO - Processing file /opt/airflow/dags/lap_time_analysis.py for tasks to queue
[2026-06-30T16:51:39.807+0000] {logging_mixin.py:188} INFO - [2026-06-30T16:51:39.804+0000] {dagbag.py:545} INFO - Filling up the DagBag from /opt/airflow/dags/lap_time_analysis.py
[2026-06-30T16:51:40.115+0000] {processor.py:840} INFO - DAG(s) 'lap_time_analysis' retrieved from /opt/airflow/dags/lap_time_analysis.py
[2026-06-30T16:51:40.192+0000] {logging_mixin.py:188} INFO - [2026-06-30T16:51:40.192+0000] {dag.py:3096} INFO - Sync 1 DAGs
[2026-06-30T16:51:40.238+0000] {logging_mixin.py:188} INFO - [2026-06-30T16:51:40.238+0000] {dag.py:3954} INFO - Setting next_dagrun for lap_time_analysis to None, run_after=None
[2026-06-30T16:51:40.279+0000] {processor.py:183} INFO - Processing /opt/airflow/dags/lap_time_analysis.py took 0.515 seconds
[2026-06-30T16:52:11.102+0000] {processor.py:161} INFO - Started process (PID=609) to work on /opt/airflow/dags/lap_time_analysis.py
[2026-06-30T16:52:11.103+0000] {processor.py:830} INFO - Processing file /opt/airflow/dags/lap_time_analysis.py for tasks to queue
[2026-06-30T16:52:11.106+0000] {logging_mixin.py:188} INFO - [2026-06-30T16:52:11.106+0000] {dagbag.py:545} INFO - Filling up the DagBag from /opt/airflow/dags/lap_time_analysis.py
[2026-06-30T16:52:11.234+0000] {processor.py:840} INFO - DAG(s) 'lap_time_analysis' retrieved from /opt/airflow/dags/lap_time_analysis.py
[2026-06-30T16:52:11.267+0000] {logging_mixin.py:188} INFO - [2026-06-30T16:52:11.267+0000] {dag.py:3096} INFO - Sync 1 DAGs
[2026-06-30T16:52:11.283+0000] {logging_mixin.py:188} INFO - [2026-06-30T16:52:11.283+0000] {dag.py:3954} INFO - Setting next_dagrun for lap_time_analysis to None, run_after=None
[2026-06-30T16:52:11.305+0000] {processor.py:183} INFO - Processing /opt/airflow/dags/lap_time_analysis.py took 0.210 seconds
[2026-06-30T16:52:41.789+0000] {processor.py:161} INFO - Started process (PID=620) to work on /opt/airflow/dags/lap_time_analysis.py
[2026-06-30T16:52:41.791+0000] {processor.py:830} INFO - Processing file /opt/airflow/dags/lap_time_analysis.py for tasks to queue
[2026-06-30T16:52:41.795+0000] {logging_mixin.py:188} INFO - [2026-06-30T16:52:41.794+0000] {dagbag.py:545} INFO - Filling up the DagBag from /opt/airflow/dags/lap_time_analysis.py
[2026-06-30T16:52:41.927+0000] {processor.py:840} INFO - DAG(s) 'lap_time_analysis' retrieved from /opt/airflow/dags/lap_time_analysis.py
[2026-06-30T16:52:41.966+0000] {logging_mixin.py:188} INFO - [2026-06-30T16:52:41.965+0000] {dag.py:3096} INFO - Sync 1 DAGs
[2026-06-30T16:52:41.983+0000] {logging_mixin.py:188} INFO - [2026-06-30T16:52:41.983+0000] {dag.py:3954} INFO - Setting next_dagrun for lap_time_analysis to None, run_after=None
[2026-06-30T16:52:42.011+0000] {processor.py:183} INFO - Processing /opt/airflow/dags/lap_time_analysis.py took 0.232 seconds
[2026-06-30T16:53:12.184+0000] {processor.py:161} INFO - Started process (PID=631) to work on /opt/airflow/dags/lap_time_analysis.py
[2026-06-30T16:53:12.186+0000] {processor.py:830} INFO - Processing file /opt/airflow/dags/lap_time_analysis.py for tasks to queue
[2026-06-30T16:53:12.189+0000] {logging_mixin.py:188} INFO - [2026-06-30T16:53:12.189+0000] {dagbag.py:545} INFO - Filling up the DagBag from /opt/airflow/dags/lap_time_analysis.py
[2026-06-30T16:53:12.337+0000] {processor.py:840} INFO - DAG(s) 'lap_time_analysis' retrieved from /opt/airflow/dags/lap_time_analysis.py
[2026-06-30T16:53:12.368+0000] {logging_mixin.py:188} INFO - [2026-06-30T16:53:12.368+0000] {dag.py:3096} INFO - Sync 1 DAGs
[2026-06-30T16:53:12.384+0000] {logging_mixin.py:188} INFO - [2026-06-30T16:53:12.384+0000] {dag.py:3954} INFO - Setting next_dagrun for lap_time_analysis to None, run_after=None
[2026-06-30T16:53:12.408+0000] {processor.py:183} INFO - Processing /opt/airflow/dags/lap_time_analysis.py took 0.232 seconds
[2026-06-30T16:53:42.811+0000] {processor.py:161} INFO - Started process (PID=642) to work on /opt/airflow/dags/lap_time_analysis.py
[2026-06-30T16:53:42.813+0000] {processor.py:830} INFO - Processing file /opt/airflow/dags/lap_time_analysis.py for tasks to queue
[2026-06-30T16:53:42.816+0000] {logging_mixin.py:188} INFO - [2026-06-30T16:53:42.816+0000] {dagbag.py:545} INFO - Filling up the DagBag from /opt/airflow/dags/lap_time_analysis.py
[2026-06-30T16:53:42.948+0000] {processor.py:840} INFO - DAG(s) 'lap_time_analysis' retrieved from /opt/airflow/dags/lap_time_analysis.py
[2026-06-30T16:53:42.982+0000] {logging_mixin.py:188} INFO - [2026-06-30T16:53:42.982+0000] {dag.py:3096} INFO - Sync 1 DAGs
[2026-06-30T16:53:42.998+0000] {logging_mixin.py:188} INFO - [2026-06-30T16:53:42.997+0000] {dag.py:3954} INFO - Setting next_dagrun for lap_time_analysis to None, run_after=None
[2026-06-30T16:53:43.029+0000] {processor.py:183} INFO - Processing /opt/airflow/dags/lap_time_analysis.py took 0.225 seconds
[2026-06-30T16:54:13.510+0000] {processor.py:161} INFO - Started process (PID=653) to work on /opt/airflow/dags/lap_time_analysis.py
[2026-06-30T16:54:13.513+0000] {processor.py:830} INFO - Processing file /opt/airflow/dags/lap_time_analysis.py for tasks to queue
[2026-06-30T16:54:13.517+0000] {logging_mixin.py:188} INFO - [2026-06-30T16:54:13.516+0000] {dagbag.py:545} INFO - Filling up the DagBag from /opt/airflow/dags/lap_time_analysis.py
[2026-06-30T16:54:13.756+0000] {processor.py:840} INFO - DAG(s) 'lap_time_analysis' retrieved from /opt/airflow/dags/lap_time_analysis.py
[2026-06-30T16:54:13.788+0000] {logging_mixin.py:188} INFO - [2026-06-30T16:54:13.788+0000] {dag.py:3096} INFO - Sync 1 DAGs
[2026-06-30T16:54:13.805+0000] {logging_mixin.py:188} INFO - [2026-06-30T16:54:13.805+0000] {dag.py:3954} INFO - Setting next_dagrun for lap_time_analysis to None, run_after=None
[2026-06-30T16:54:13.828+0000] {processor.py:183} INFO - Processing /opt/airflow/dags/lap_time_analysis.py took 0.331 seconds
[2026-06-30T16:54:44.264+0000] {processor.py:161} INFO - Started process (PID=664) to work on /opt/airflow/dags/lap_time_analysis.py
[2026-06-30T16:54:44.265+0000] {processor.py:830} INFO - Processing file /opt/airflow/dags/lap_time_analysis.py for tasks to queue
[2026-06-30T16:54:44.267+0000] {logging_mixin.py:188} INFO - [2026-06-30T16:54:44.267+0000] {dagbag.py:545} INFO - Filling up the DagBag from /opt/airflow/dags/lap_time_analysis.py
[2026-06-30T16:54:44.370+0000] {processor.py:840} INFO - DAG(s) 'lap_time_analysis' retrieved from /opt/airflow/dags/lap_time_analysis.py
[2026-06-30T16:54:44.402+0000] {logging_mixin.py:188} INFO - [2026-06-30T16:54:44.401+0000] {dag.py:3096} INFO - Sync 1 DAGs
[2026-06-30T16:54:44.419+0000] {logging_mixin.py:188} INFO - [2026-06-30T16:54:44.419+0000] {dag.py:3954} INFO - Setting next_dagrun for lap_time_analysis to None, run_after=None
[2026-06-30T16:54:44.443+0000] {processor.py:183} INFO - Processing /opt/airflow/dags/lap_time_analysis.py took 0.185 seconds
[2026-06-30T16:55:14.693+0000] {processor.py:161} INFO - Started process (PID=675) to work on /opt/airflow/dags/lap_time_analysis.py
[2026-06-30T16:55:14.695+0000] {processor.py:830} INFO - Processing file /opt/airflow/dags/lap_time_analysis.py for tasks to queue
[2026-06-30T16:55:14.699+0000] {logging_mixin.py:188} INFO - [2026-06-30T16:55:14.698+0000] {dagbag.py:545} INFO - Filling up the DagBag from /opt/airflow/dags/lap_time_analysis.py
[2026-06-30T16:55:14.876+0000] {processor.py:840} INFO - DAG(s) 'lap_time_analysis' retrieved from /opt/airflow/dags/lap_time_analysis.py
[2026-06-30T16:55:14.959+0000] {logging_mixin.py:188} INFO - [2026-06-30T16:55:14.959+0000] {dag.py:3096} INFO - Sync 1 DAGs
[2026-06-30T16:55:15.001+0000] {logging_mixin.py:188} INFO - [2026-06-30T16:55:15.000+0000] {dag.py:3954} INFO - Setting next_dagrun for lap_time_analysis to None, run_after=None
[2026-06-30T16:55:15.036+0000] {processor.py:183} INFO - Processing /opt/airflow/dags/lap_time_analysis.py took 0.352 seconds
[2026-06-30T17:12:59.036+0000] {processor.py:161} INFO - Started process (PID=209) to work on /opt/airflow/dags/lap_time_analysis.py
[2026-06-30T17:12:59.051+0000] {processor.py:830} INFO - Processing file /opt/airflow/dags/lap_time_analysis.py for tasks to queue
[2026-06-30T17:12:59.081+0000] {logging_mixin.py:188} INFO - [2026-06-30T17:12:59.075+0000] {dagbag.py:545} INFO - Filling up the DagBag from /opt/airflow/dags/lap_time_analysis.py
[2026-06-30T17:12:59.688+0000] {processor.py:840} INFO - DAG(s) 'lap_time_analysis' retrieved from /opt/airflow/dags/lap_time_analysis.py
[2026-06-30T17:12:59.806+0000] {logging_mixin.py:188} INFO - [2026-06-30T17:12:59.805+0000] {dag.py:3096} INFO - Sync 1 DAGs
[2026-06-30T17:12:59.886+0000] {logging_mixin.py:188} INFO - [2026-06-30T17:12:59.886+0000] {dag.py:3954} INFO - Setting next_dagrun for lap_time_analysis to None, run_after=None
[2026-06-30T17:12:59.954+0000] {processor.py:183} INFO - Processing /opt/airflow/dags/lap_time_analysis.py took 0.968 seconds
[2026-06-30T17:13:30.578+0000] {processor.py:161} INFO - Started process (PID=239) to work on /opt/airflow/dags/lap_time_analysis.py
[2026-06-30T17:13:30.587+0000] {processor.py:830} INFO - Processing file /opt/airflow/dags/lap_time_analysis.py for tasks to queue
[2026-06-30T17:13:30.604+0000] {logging_mixin.py:188} INFO - [2026-06-30T17:13:30.599+0000] {dagbag.py:545} INFO - Filling up the DagBag from /opt/airflow/dags/lap_time_analysis.py
[2026-06-30T17:13:31.471+0000] {processor.py:840} INFO - DAG(s) 'lap_time_analysis' retrieved from /opt/airflow/dags/lap_time_analysis.py
[2026-06-30T17:13:31.922+0000] {logging_mixin.py:188} INFO - [2026-06-30T17:13:31.922+0000] {dag.py:3096} INFO - Sync 1 DAGs
[2026-06-30T17:13:31.950+0000] {logging_mixin.py:188} INFO - [2026-06-30T17:13:31.950+0000] {dag.py:3954} INFO - Setting next_dagrun for lap_time_analysis to None, run_after=None
[2026-06-30T17:13:32.011+0000] {processor.py:183} INFO - Processing /opt/airflow/dags/lap_time_analysis.py took 1.503 seconds
[2026-06-30T17:14:02.359+0000] {processor.py:161} INFO - Started process (PID=250) to work on /opt/airflow/dags/lap_time_analysis.py
[2026-06-30T17:14:02.361+0000] {processor.py:830} INFO - Processing file /opt/airflow/dags/lap_time_analysis.py for tasks to queue
[2026-06-30T17:14:02.365+0000] {logging_mixin.py:188} INFO - [2026-06-30T17:14:02.365+0000] {dagbag.py:545} INFO - Filling up the DagBag from /opt/airflow/dags/lap_time_analysis.py
[2026-06-30T17:14:02.496+0000] {processor.py:840} INFO - DAG(s) 'lap_time_analysis' retrieved from /opt/airflow/dags/lap_time_analysis.py
[2026-06-30T17:14:02.523+0000] {logging_mixin.py:188} INFO - [2026-06-30T17:14:02.523+0000] {dag.py:3096} INFO - Sync 1 DAGs
[2026-06-30T17:14:02.548+0000] {logging_mixin.py:188} INFO - [2026-06-30T17:14:02.548+0000] {dag.py:3954} INFO - Setting next_dagrun for lap_time_analysis to None, run_after=None
[2026-06-30T17:14:02.569+0000] {processor.py:183} INFO - Processing /opt/airflow/dags/lap_time_analysis.py took 0.220 seconds
[2026-06-30T17:14:32.711+0000] {processor.py:161} INFO - Started process (PID=261) to work on /opt/airflow/dags/lap_time_analysis.py
[2026-06-30T17:14:32.712+0000] {processor.py:830} INFO - Processing file /opt/airflow/dags/lap_time_analysis.py for tasks to queue
[2026-06-30T17:14:32.714+0000] {logging_mixin.py:188} INFO - [2026-06-30T17:14:32.714+0000] {dagbag.py:545} INFO - Filling up the DagBag from /opt/airflow/dags/lap_time_analysis.py
[2026-06-30T17:14:32.807+0000] {processor.py:840} INFO - DAG(s) 'lap_time_analysis' retrieved from /opt/airflow/dags/lap_time_analysis.py
[2026-06-30T17:14:32.835+0000] {logging_mixin.py:188} INFO - [2026-06-30T17:14:32.835+0000] {dag.py:3096} INFO - Sync 1 DAGs
[2026-06-30T17:14:32.850+0000] {logging_mixin.py:188} INFO - [2026-06-30T17:14:32.850+0000] {dag.py:3954} INFO - Setting next_dagrun for lap_time_analysis to None, run_after=None
[2026-06-30T17:14:32.870+0000] {processor.py:183} INFO - Processing /opt/airflow/dags/lap_time_analysis.py took 0.164 seconds
[2026-06-30T17:15:03.406+0000] {processor.py:161} INFO - Started process (PID=272) to work on /opt/airflow/dags/lap_time_analysis.py
[2026-06-30T17:15:03.407+0000] {processor.py:830} INFO - Processing file /opt/airflow/dags/lap_time_analysis.py for tasks to queue
[2026-06-30T17:15:03.410+0000] {logging_mixin.py:188} INFO - [2026-06-30T17:15:03.410+0000] {dagbag.py:545} INFO - Filling up the DagBag from /opt/airflow/dags/lap_time_analysis.py
[2026-06-30T17:15:03.538+0000] {processor.py:840} INFO - DAG(s) 'lap_time_analysis' retrieved from /opt/airflow/dags/lap_time_analysis.py
[2026-06-30T17:15:03.564+0000] {logging_mixin.py:188} INFO - [2026-06-30T17:15:03.564+0000] {dag.py:3096} INFO - Sync 1 DAGs
[2026-06-30T17:15:03.588+0000] {logging_mixin.py:188} INFO - [2026-06-30T17:15:03.587+0000] {dag.py:3954} INFO - Setting next_dagrun for lap_time_analysis to None, run_after=None
[2026-06-30T17:15:03.615+0000] {processor.py:183} INFO - Processing /opt/airflow/dags/lap_time_analysis.py took 0.215 seconds
[2026-06-30T17:15:33.920+0000] {processor.py:161} INFO - Started process (PID=283) to work on /opt/airflow/dags/lap_time_analysis.py
[2026-06-30T17:15:33.922+0000] {processor.py:830} INFO - Processing file /opt/airflow/dags/lap_time_analysis.py for tasks to queue
[2026-06-30T17:15:33.925+0000] {logging_mixin.py:188} INFO - [2026-06-30T17:15:33.925+0000] {dagbag.py:545} INFO - Filling up the DagBag from /opt/airflow/dags/lap_time_analysis.py
[2026-06-30T17:15:34.038+0000] {processor.py:840} INFO - DAG(s) 'lap_time_analysis' retrieved from /opt/airflow/dags/lap_time_analysis.py
[2026-06-30T17:15:34.067+0000] {logging_mixin.py:188} INFO - [2026-06-30T17:15:34.066+0000] {dag.py:3096} INFO - Sync 1 DAGs
[2026-06-30T17:15:34.080+0000] {logging_mixin.py:188} INFO - [2026-06-30T17:15:34.080+0000] {dag.py:3954} INFO - Setting next_dagrun for lap_time_analysis to None, run_after=None
[2026-06-30T17:15:34.104+0000] {processor.py:183} INFO - Processing /opt/airflow/dags/lap_time_analysis.py took 0.190 seconds
[2026-06-30T17:16:04.590+0000] {processor.py:161} INFO - Started process (PID=294) to work on /opt/airflow/dags/lap_time_analysis.py
[2026-06-30T17:16:04.592+0000] {processor.py:830} INFO - Processing file /opt/airflow/dags/lap_time_analysis.py for tasks to queue
[2026-06-30T17:16:04.596+0000] {logging_mixin.py:188} INFO - [2026-06-30T17:16:04.596+0000] {dagbag.py:545} INFO - Filling up the DagBag from /opt/airflow/dags/lap_time_analysis.py
[2026-06-30T17:16:04.700+0000] {processor.py:840} INFO - DAG(s) 'lap_time_analysis' retrieved from /opt/airflow/dags/lap_time_analysis.py
[2026-06-30T17:16:04.727+0000] {logging_mixin.py:188} INFO - [2026-06-30T17:16:04.726+0000] {dag.py:3096} INFO - Sync 1 DAGs
[2026-06-30T17:16:04.741+0000] {logging_mixin.py:188} INFO - [2026-06-30T17:16:04.741+0000] {dag.py:3954} INFO - Setting next_dagrun for lap_time_analysis to None, run_after=None
[2026-06-30T17:16:04.762+0000] {processor.py:183} INFO - Processing /opt/airflow/dags/lap_time_analysis.py took 0.182 seconds
[2026-06-30T17:16:35.259+0000] {processor.py:161} INFO - Started process (PID=305) to work on /opt/airflow/dags/lap_time_analysis.py
[2026-06-30T17:16:35.261+0000] {processor.py:830} INFO - Processing file /opt/airflow/dags/lap_time_analysis.py for tasks to queue
[2026-06-30T17:16:35.264+0000] {logging_mixin.py:188} INFO - [2026-06-30T17:16:35.264+0000] {dagbag.py:545} INFO - Filling up the DagBag from /opt/airflow/dags/lap_time_analysis.py
[2026-06-30T17:16:35.387+0000] {processor.py:840} INFO - DAG(s) 'lap_time_analysis' retrieved from /opt/airflow/dags/lap_time_analysis.py
[2026-06-30T17:16:35.414+0000] {logging_mixin.py:188} INFO - [2026-06-30T17:16:35.414+0000] {dag.py:3096} INFO - Sync 1 DAGs
[2026-06-30T17:16:35.427+0000] {logging_mixin.py:188} INFO - [2026-06-30T17:16:35.427+0000] {dag.py:3954} INFO - Setting next_dagrun for lap_time_analysis to None, run_after=None
[2026-06-30T17:16:35.448+0000] {processor.py:183} INFO - Processing /opt/airflow/dags/lap_time_analysis.py took 0.197 seconds
[2026-06-30T17:17:05.905+0000] {processor.py:161} INFO - Started process (PID=316) to work on /opt/airflow/dags/lap_time_analysis.py
[2026-06-30T17:17:05.906+0000] {processor.py:830} INFO - Processing file /opt/airflow/dags/lap_time_analysis.py for tasks to queue
[2026-06-30T17:17:05.910+0000] {logging_mixin.py:188} INFO - [2026-06-30T17:17:05.909+0000] {dagbag.py:545} INFO - Filling up the DagBag from /opt/airflow/dags/lap_time_analysis.py
[2026-06-30T17:17:06.028+0000] {processor.py:840} INFO - DAG(s) 'lap_time_analysis' retrieved from /opt/airflow/dags/lap_time_analysis.py
[2026-06-30T17:17:06.059+0000] {logging_mixin.py:188} INFO - [2026-06-30T17:17:06.059+0000] {dag.py:3096} INFO - Sync 1 DAGs
[2026-06-30T17:17:06.078+0000] {logging_mixin.py:188} INFO - [2026-06-30T17:17:06.077+0000] {dag.py:3954} INFO - Setting next_dagrun for lap_time_analysis to None, run_after=None
[2026-06-30T17:17:06.099+0000] {processor.py:183} INFO - Processing /opt/airflow/dags/lap_time_analysis.py took 0.201 seconds
[2026-06-30T17:17:36.555+0000] {processor.py:161} INFO - Started process (PID=327) to work on /opt/airflow/dags/lap_time_analysis.py
[2026-06-30T17:17:36.557+0000] {processor.py:830} INFO - Processing file /opt/airflow/dags/lap_time_analysis.py for tasks to queue
[2026-06-30T17:17:36.560+0000] {logging_mixin.py:188} INFO - [2026-06-30T17:17:36.559+0000] {dagbag.py:545} INFO - Filling up the DagBag from /opt/airflow/dags/lap_time_analysis.py
[2026-06-30T17:17:36.665+0000] {processor.py:840} INFO - DAG(s) 'lap_time_analysis' retrieved from /opt/airflow/dags/lap_time_analysis.py
[2026-06-30T17:17:36.691+0000] {logging_mixin.py:188} INFO - [2026-06-30T17:17:36.691+0000] {dag.py:3096} INFO - Sync 1 DAGs
[2026-06-30T17:17:36.706+0000] {logging_mixin.py:188} INFO - [2026-06-30T17:17:36.706+0000] {dag.py:3954} INFO - Setting next_dagrun for lap_time_analysis to None, run_after=None
[2026-06-30T17:17:36.732+0000] {processor.py:183} INFO - Processing /opt/airflow/dags/lap_time_analysis.py took 0.183 seconds
[2026-06-30T17:18:06.899+0000] {processor.py:161} INFO - Started process (PID=338) to work on /opt/airflow/dags/lap_time_analysis.py
[2026-06-30T17:18:06.903+0000] {processor.py:830} INFO - Processing file /opt/airflow/dags/lap_time_analysis.py for tasks to queue
[2026-06-30T17:18:06.935+0000] {logging_mixin.py:188} INFO - [2026-06-30T17:18:06.934+0000] {dagbag.py:545} INFO - Filling up the DagBag from /opt/airflow/dags/lap_time_analysis.py
[2026-06-30T17:18:07.112+0000] {processor.py:840} INFO - DAG(s) 'lap_time_analysis' retrieved from /opt/airflow/dags/lap_time_analysis.py
[2026-06-30T17:18:07.150+0000] {logging_mixin.py:188} INFO - [2026-06-30T17:18:07.150+0000] {dag.py:3096} INFO - Sync 1 DAGs
[2026-06-30T17:18:07.170+0000] {logging_mixin.py:188} INFO - [2026-06-30T17:18:07.170+0000] {dag.py:3954} INFO - Setting next_dagrun for lap_time_analysis to None, run_after=None
[2026-06-30T17:18:07.221+0000] {processor.py:183} INFO - Processing /opt/airflow/dags/lap_time_analysis.py took 0.338 seconds
[2026-06-30T17:18:37.752+0000] {processor.py:161} INFO - Started process (PID=349) to work on /opt/airflow/dags/lap_time_analysis.py
[2026-06-30T17:18:37.761+0000] {processor.py:830} INFO - Processing file /opt/airflow/dags/lap_time_analysis.py for tasks to queue
[2026-06-30T17:18:37.774+0000] {logging_mixin.py:188} INFO - [2026-06-30T17:18:37.772+0000] {dagbag.py:545} INFO - Filling up the DagBag from /opt/airflow/dags/lap_time_analysis.py
[2026-06-30T17:18:38.599+0000] {processor.py:840} INFO - DAG(s) 'lap_time_analysis' retrieved from /opt/airflow/dags/lap_time_analysis.py
[2026-06-30T17:18:38.811+0000] {logging_mixin.py:188} INFO - [2026-06-30T17:18:38.810+0000] {dag.py:3096} INFO - Sync 1 DAGs
[2026-06-30T17:18:38.948+0000] {logging_mixin.py:188} INFO - [2026-06-30T17:18:38.948+0000] {dag.py:3954} INFO - Setting next_dagrun for lap_time_analysis to None, run_after=None
[2026-06-30T17:18:39.058+0000] {processor.py:183} INFO - Processing /opt/airflow/dags/lap_time_analysis.py took 1.351 seconds
[2026-06-30T17:19:09.860+0000] {processor.py:161} INFO - Started process (PID=390) to work on /opt/airflow/dags/lap_time_analysis.py
[2026-06-30T17:19:09.869+0000] {processor.py:830} INFO - Processing file /opt/airflow/dags/lap_time_analysis.py for tasks to queue
[2026-06-30T17:19:09.896+0000] {logging_mixin.py:188} INFO - [2026-06-30T17:19:09.891+0000] {dagbag.py:545} INFO - Filling up the DagBag from /opt/airflow/dags/lap_time_analysis.py
[2026-06-30T17:19:12.200+0000] {processor.py:840} INFO - DAG(s) 'lap_time_analysis' retrieved from /opt/airflow/dags/lap_time_analysis.py
[2026-06-30T17:19:12.635+0000] {logging_mixin.py:188} INFO - [2026-06-30T17:19:12.634+0000] {dag.py:3096} INFO - Sync 1 DAGs
[2026-06-30T17:19:13.003+0000] {logging_mixin.py:188} INFO - [2026-06-30T17:19:13.002+0000] {dag.py:3954} INFO - Setting next_dagrun for lap_time_analysis to None, run_after=None
[2026-06-30T17:19:13.143+0000] {processor.py:183} INFO - Processing /opt/airflow/dags/lap_time_analysis.py took 3.424 seconds
[2026-06-30T17:19:47.484+0000] {processor.py:161} INFO - Started process (PID=478) to work on /opt/airflow/dags/lap_time_analysis.py
[2026-06-30T17:19:47.503+0000] {processor.py:830} INFO - Processing file /opt/airflow/dags/lap_time_analysis.py for tasks to queue
[2026-06-30T17:19:47.555+0000] {logging_mixin.py:188} INFO - [2026-06-30T17:19:47.547+0000] {dagbag.py:545} INFO - Filling up the DagBag from /opt/airflow/dags/lap_time_analysis.py
[2026-06-30T17:19:49.765+0000] {processor.py:840} INFO - DAG(s) 'lap_time_analysis' retrieved from /opt/airflow/dags/lap_time_analysis.py
[2026-06-30T17:19:50.610+0000] {logging_mixin.py:188} INFO - [2026-06-30T17:19:50.609+0000] {dag.py:3096} INFO - Sync 1 DAGs
[2026-06-30T17:19:51.678+0000] {logging_mixin.py:188} INFO - [2026-06-30T17:19:51.677+0000] {dag.py:3954} INFO - Setting next_dagrun for lap_time_analysis to None, run_after=None
[2026-06-30T17:19:51.821+0000] {processor.py:183} INFO - Processing /opt/airflow/dags/lap_time_analysis.py took 4.424 seconds
[2026-06-30T17:20:23.392+0000] {processor.py:161} INFO - Started process (PID=516) to work on /opt/airflow/dags/lap_time_analysis.py
[2026-06-30T17:20:23.408+0000] {processor.py:830} INFO - Processing file /opt/airflow/dags/lap_time_analysis.py for tasks to queue
[2026-06-30T17:20:23.437+0000] {logging_mixin.py:188} INFO - [2026-06-30T17:20:23.432+0000] {dagbag.py:545} INFO - Filling up the DagBag from /opt/airflow/dags/lap_time_analysis.py
[2026-06-30T17:20:26.028+0000] {processor.py:840} INFO - DAG(s) 'lap_time_analysis' retrieved from /opt/airflow/dags/lap_time_analysis.py
[2026-06-30T17:20:26.226+0000] {logging_mixin.py:188} INFO - [2026-06-30T17:20:26.225+0000] {dag.py:3096} INFO - Sync 1 DAGs
[2026-06-30T17:20:26.301+0000] {logging_mixin.py:188} INFO - [2026-06-30T17:20:26.300+0000] {dag.py:3954} INFO - Setting next_dagrun for lap_time_analysis to None, run_after=None
[2026-06-30T17:20:26.366+0000] {processor.py:183} INFO - Processing /opt/airflow/dags/lap_time_analysis.py took 3.079 seconds
[2026-06-30T17:20:56.647+0000] {processor.py:161} INFO - Started process (PID=584) to work on /opt/airflow/dags/lap_time_analysis.py
[2026-06-30T17:20:56.653+0000] {processor.py:830} INFO - Processing file /opt/airflow/dags/lap_time_analysis.py for tasks to queue
[2026-06-30T17:20:56.668+0000] {logging_mixin.py:188} INFO - [2026-06-30T17:20:56.664+0000] {dagbag.py:545} INFO - Filling up the DagBag from /opt/airflow/dags/lap_time_analysis.py
[2026-06-30T17:20:57.457+0000] {processor.py:840} INFO - DAG(s) 'lap_time_analysis' retrieved from /opt/airflow/dags/lap_time_analysis.py
[2026-06-30T17:20:57.606+0000] {logging_mixin.py:188} INFO - [2026-06-30T17:20:57.605+0000] {dag.py:3096} INFO - Sync 1 DAGs
[2026-06-30T17:20:57.691+0000] {logging_mixin.py:188} INFO - [2026-06-30T17:20:57.690+0000] {dag.py:3954} INFO - Setting next_dagrun for lap_time_analysis to None, run_after=None
[2026-06-30T17:20:57.789+0000] {processor.py:183} INFO - Processing /opt/airflow/dags/lap_time_analysis.py took 1.177 seconds
[2026-06-30T17:21:28.614+0000] {processor.py:161} INFO - Started process (PID=595) to work on /opt/airflow/dags/lap_time_analysis.py
[2026-06-30T17:21:28.616+0000] {processor.py:830} INFO - Processing file /opt/airflow/dags/lap_time_analysis.py for tasks to queue
[2026-06-30T17:21:28.619+0000] {logging_mixin.py:188} INFO - [2026-06-30T17:21:28.619+0000] {dagbag.py:545} INFO - Filling up the DagBag from /opt/airflow/dags/lap_time_analysis.py
[2026-06-30T17:21:28.817+0000] {processor.py:840} INFO - DAG(s) 'lap_time_analysis' retrieved from /opt/airflow/dags/lap_time_analysis.py
[2026-06-30T17:21:28.851+0000] {logging_mixin.py:188} INFO - [2026-06-30T17:21:28.851+0000] {dag.py:3096} INFO - Sync 1 DAGs
[2026-06-30T17:21:28.869+0000] {logging_mixin.py:188} INFO - [2026-06-30T17:21:28.869+0000] {dag.py:3954} INFO - Setting next_dagrun for lap_time_analysis to None, run_after=None
[2026-06-30T17:21:28.902+0000] {processor.py:183} INFO - Processing /opt/airflow/dags/lap_time_analysis.py took 0.299 seconds
[2026-06-30T17:21:59.499+0000] {processor.py:161} INFO - Started process (PID=606) to work on /opt/airflow/dags/lap_time_analysis.py
[2026-06-30T17:21:59.523+0000] {processor.py:830} INFO - Processing file /opt/airflow/dags/lap_time_analysis.py for tasks to queue
[2026-06-30T17:21:59.546+0000] {logging_mixin.py:188} INFO - [2026-06-30T17:21:59.538+0000] {dagbag.py:545} INFO - Filling up the DagBag from /opt/airflow/dags/lap_time_analysis.py
[2026-06-30T17:22:01.965+0000] {processor.py:840} INFO - DAG(s) 'lap_time_analysis' retrieved from /opt/airflow/dags/lap_time_analysis.py
[2026-06-30T17:22:02.127+0000] {logging_mixin.py:188} INFO - [2026-06-30T17:22:02.127+0000] {dag.py:3096} INFO - Sync 1 DAGs
[2026-06-30T17:22:02.143+0000] {logging_mixin.py:188} INFO - [2026-06-30T17:22:02.143+0000] {dag.py:3954} INFO - Setting next_dagrun for lap_time_analysis to None, run_after=None
[2026-06-30T17:22:02.258+0000] {processor.py:183} INFO - Processing /opt/airflow/dags/lap_time_analysis.py took 2.792 seconds
[2026-06-30T17:22:32.534+0000] {processor.py:161} INFO - Started process (PID=617) to work on /opt/airflow/dags/lap_time_analysis.py
[2026-06-30T17:22:32.537+0000] {processor.py:830} INFO - Processing file /opt/airflow/dags/lap_time_analysis.py for tasks to queue
[2026-06-30T17:22:32.540+0000] {logging_mixin.py:188} INFO - [2026-06-30T17:22:32.540+0000] {dagbag.py:545} INFO - Filling up the DagBag from /opt/airflow/dags/lap_time_analysis.py
[2026-06-30T17:22:32.645+0000] {processor.py:840} INFO - DAG(s) 'lap_time_analysis' retrieved from /opt/airflow/dags/lap_time_analysis.py
[2026-06-30T17:22:32.673+0000] {logging_mixin.py:188} INFO - [2026-06-30T17:22:32.673+0000] {dag.py:3096} INFO - Sync 1 DAGs
[2026-06-30T17:22:32.687+0000] {logging_mixin.py:188} INFO - [2026-06-30T17:22:32.687+0000] {dag.py:3954} INFO - Setting next_dagrun for lap_time_analysis to None, run_after=None
[2026-06-30T17:22:32.707+0000] {processor.py:183} INFO - Processing /opt/airflow/dags/lap_time_analysis.py took 0.182 seconds
[2026-06-30T17:23:03.258+0000] {processor.py:161} INFO - Started process (PID=628) to work on /opt/airflow/dags/lap_time_analysis.py
[2026-06-30T17:23:03.260+0000] {processor.py:830} INFO - Processing file /opt/airflow/dags/lap_time_analysis.py for tasks to queue
[2026-06-30T17:23:03.262+0000] {logging_mixin.py:188} INFO - [2026-06-30T17:23:03.262+0000] {dagbag.py:545} INFO - Filling up the DagBag from /opt/airflow/dags/lap_time_analysis.py
[2026-06-30T17:23:03.379+0000] {processor.py:840} INFO - DAG(s) 'lap_time_analysis' retrieved from /opt/airflow/dags/lap_time_analysis.py
[2026-06-30T17:23:03.410+0000] {logging_mixin.py:188} INFO - [2026-06-30T17:23:03.410+0000] {dag.py:3096} INFO - Sync 1 DAGs
[2026-06-30T17:23:03.426+0000] {logging_mixin.py:188} INFO - [2026-06-30T17:23:03.426+0000] {dag.py:3954} INFO - Setting next_dagrun for lap_time_analysis to None, run_after=None
[2026-06-30T17:23:03.467+0000] {processor.py:183} INFO - Processing /opt/airflow/dags/lap_time_analysis.py took 0.217 seconds
[2026-06-30T17:23:33.983+0000] {processor.py:161} INFO - Started process (PID=639) to work on /opt/airflow/dags/lap_time_analysis.py
[2026-06-30T17:23:33.985+0000] {processor.py:830} INFO - Processing file /opt/airflow/dags/lap_time_analysis.py for tasks to queue
[2026-06-30T17:23:33.987+0000] {logging_mixin.py:188} INFO - [2026-06-30T17:23:33.987+0000] {dagbag.py:545} INFO - Filling up the DagBag from /opt/airflow/dags/lap_time_analysis.py
[2026-06-30T17:23:34.089+0000] {processor.py:840} INFO - DAG(s) 'lap_time_analysis' retrieved from /opt/airflow/dags/lap_time_analysis.py
[2026-06-30T17:23:34.113+0000] {logging_mixin.py:188} INFO - [2026-06-30T17:23:34.113+0000] {dag.py:3096} INFO - Sync 1 DAGs
[2026-06-30T17:23:34.126+0000] {logging_mixin.py:188} INFO - [2026-06-30T17:23:34.125+0000] {dag.py:3954} INFO - Setting next_dagrun for lap_time_analysis to None, run_after=None
[2026-06-30T17:23:34.145+0000] {processor.py:183} INFO - Processing /opt/airflow/dags/lap_time_analysis.py took 0.169 seconds
[2026-06-30T17:24:04.659+0000] {processor.py:161} INFO - Started process (PID=650) to work on /opt/airflow/dags/lap_time_analysis.py
[2026-06-30T17:24:04.661+0000] {processor.py:830} INFO - Processing file /opt/airflow/dags/lap_time_analysis.py for tasks to queue
[2026-06-30T17:24:04.665+0000] {logging_mixin.py:188} INFO - [2026-06-30T17:24:04.664+0000] {dagbag.py:545} INFO - Filling up the DagBag from /opt/airflow/dags/lap_time_analysis.py
[2026-06-30T17:24:04.763+0000] {processor.py:840} INFO - DAG(s) 'lap_time_analysis' retrieved from /opt/airflow/dags/lap_time_analysis.py
[2026-06-30T17:24:04.788+0000] {logging_mixin.py:188} INFO - [2026-06-30T17:24:04.787+0000] {dag.py:3096} INFO - Sync 1 DAGs
[2026-06-30T17:24:04.802+0000] {logging_mixin.py:188} INFO - [2026-06-30T17:24:04.801+0000] {dag.py:3954} INFO - Setting next_dagrun for lap_time_analysis to None, run_after=None
[2026-06-30T17:24:04.822+0000] {processor.py:183} INFO - Processing /opt/airflow/dags/lap_time_analysis.py took 0.169 seconds
[2026-06-30T17:24:35.299+0000] {processor.py:161} INFO - Started process (PID=661) to work on /opt/airflow/dags/lap_time_analysis.py
[2026-06-30T17:24:35.300+0000] {processor.py:830} INFO - Processing file /opt/airflow/dags/lap_time_analysis.py for tasks to queue
[2026-06-30T17:24:35.304+0000] {logging_mixin.py:188} INFO - [2026-06-30T17:24:35.303+0000] {dagbag.py:545} INFO - Filling up the DagBag from /opt/airflow/dags/lap_time_analysis.py
[2026-06-30T17:24:35.416+0000] {processor.py:840} INFO - DAG(s) 'lap_time_analysis' retrieved from /opt/airflow/dags/lap_time_analysis.py
[2026-06-30T17:24:35.452+0000] {logging_mixin.py:188} INFO - [2026-06-30T17:24:35.451+0000] {dag.py:3096} INFO - Sync 1 DAGs
[2026-06-30T17:24:35.475+0000] {logging_mixin.py:188} INFO - [2026-06-30T17:24:35.474+0000] {dag.py:3954} INFO - Setting next_dagrun for lap_time_analysis to None, run_after=None
[2026-06-30T17:24:35.500+0000] {processor.py:183} INFO - Processing /opt/airflow/dags/lap_time_analysis.py took 0.208 seconds
[2026-06-30T17:25:06.011+0000] {processor.py:161} INFO - Started process (PID=672) to work on /opt/airflow/dags/lap_time_analysis.py
[2026-06-30T17:25:06.012+0000] {processor.py:830} INFO - Processing file /opt/airflow/dags/lap_time_analysis.py for tasks to queue
[2026-06-30T17:25:06.015+0000] {logging_mixin.py:188} INFO - [2026-06-30T17:25:06.014+0000] {dagbag.py:545} INFO - Filling up the DagBag from /opt/airflow/dags/lap_time_analysis.py
[2026-06-30T17:25:06.111+0000] {processor.py:840} INFO - DAG(s) 'lap_time_analysis' retrieved from /opt/airflow/dags/lap_time_analysis.py
[2026-06-30T17:25:06.141+0000] {logging_mixin.py:188} INFO - [2026-06-30T17:25:06.140+0000] {dag.py:3096} INFO - Sync 1 DAGs
[2026-06-30T17:25:06.154+0000] {logging_mixin.py:188} INFO - [2026-06-30T17:25:06.153+0000] {dag.py:3954} INFO - Setting next_dagrun for lap_time_analysis to None, run_after=None
[2026-06-30T17:25:06.175+0000] {processor.py:183} INFO - Processing /opt/airflow/dags/lap_time_analysis.py took 0.171 seconds
[2026-06-30T17:25:36.693+0000] {processor.py:161} INFO - Started process (PID=683) to work on /opt/airflow/dags/lap_time_analysis.py
[2026-06-30T17:25:36.694+0000] {processor.py:830} INFO - Processing file /opt/airflow/dags/lap_time_analysis.py for tasks to queue
[2026-06-30T17:25:36.696+0000] {logging_mixin.py:188} INFO - [2026-06-30T17:25:36.696+0000] {dagbag.py:545} INFO - Filling up the DagBag from /opt/airflow/dags/lap_time_analysis.py
[2026-06-30T17:25:36.789+0000] {processor.py:840} INFO - DAG(s) 'lap_time_analysis' retrieved from /opt/airflow/dags/lap_time_analysis.py
[2026-06-30T17:25:36.818+0000] {logging_mixin.py:188} INFO - [2026-06-30T17:25:36.818+0000] {dag.py:3096} INFO - Sync 1 DAGs
[2026-06-30T17:25:36.831+0000] {logging_mixin.py:188} INFO - [2026-06-30T17:25:36.830+0000] {dag.py:3954} INFO - Setting next_dagrun for lap_time_analysis to None, run_after=None
[2026-06-30T17:25:36.851+0000] {processor.py:183} INFO - Processing /opt/airflow/dags/lap_time_analysis.py took 0.164 seconds
[2026-06-30T17:26:07.336+0000] {processor.py:161} INFO - Started process (PID=694) to work on /opt/airflow/dags/lap_time_analysis.py
[2026-06-30T17:26:07.337+0000] {processor.py:830} INFO - Processing file /opt/airflow/dags/lap_time_analysis.py for tasks to queue
[2026-06-30T17:26:07.340+0000] {logging_mixin.py:188} INFO - [2026-06-30T17:26:07.340+0000] {dagbag.py:545} INFO - Filling up the DagBag from /opt/airflow/dags/lap_time_analysis.py
[2026-06-30T17:26:07.430+0000] {processor.py:840} INFO - DAG(s) 'lap_time_analysis' retrieved from /opt/airflow/dags/lap_time_analysis.py
[2026-06-30T17:26:07.457+0000] {logging_mixin.py:188} INFO - [2026-06-30T17:26:07.457+0000] {dag.py:3096} INFO - Sync 1 DAGs
[2026-06-30T17:26:07.469+0000] {logging_mixin.py:188} INFO - [2026-06-30T17:26:07.469+0000] {dag.py:3954} INFO - Setting next_dagrun for lap_time_analysis to None, run_after=None
[2026-06-30T17:26:07.490+0000] {processor.py:183} INFO - Processing /opt/airflow/dags/lap_time_analysis.py took 0.160 seconds
[2026-06-30T17:26:37.818+0000] {processor.py:161} INFO - Started process (PID=705) to work on /opt/airflow/dags/lap_time_analysis.py
[2026-06-30T17:26:37.820+0000] {processor.py:830} INFO - Processing file /opt/airflow/dags/lap_time_analysis.py for tasks to queue
[2026-06-30T17:26:37.826+0000] {logging_mixin.py:188} INFO - [2026-06-30T17:26:37.826+0000] {dagbag.py:545} INFO - Filling up the DagBag from /opt/airflow/dags/lap_time_analysis.py
[2026-06-30T17:26:37.956+0000] {processor.py:840} INFO - DAG(s) 'lap_time_analysis' retrieved from /opt/airflow/dags/lap_time_analysis.py
[2026-06-30T17:26:37.983+0000] {logging_mixin.py:188} INFO - [2026-06-30T17:26:37.983+0000] {dag.py:3096} INFO - Sync 1 DAGs
[2026-06-30T17:26:37.997+0000] {logging_mixin.py:188} INFO - [2026-06-30T17:26:37.996+0000] {dag.py:3954} INFO - Setting next_dagrun for lap_time_analysis to None, run_after=None
[2026-06-30T17:26:38.019+0000] {processor.py:183} INFO - Processing /opt/airflow/dags/lap_time_analysis.py took 0.212 seconds
[2026-06-30T17:27:08.480+0000] {processor.py:161} INFO - Started process (PID=716) to work on /opt/airflow/dags/lap_time_analysis.py
[2026-06-30T17:27:08.481+0000] {processor.py:830} INFO - Processing file /opt/airflow/dags/lap_time_analysis.py for tasks to queue
[2026-06-30T17:27:08.484+0000] {logging_mixin.py:188} INFO - [2026-06-30T17:27:08.484+0000] {dagbag.py:545} INFO - Filling up the DagBag from /opt/airflow/dags/lap_time_analysis.py
[2026-06-30T17:27:08.588+0000] {processor.py:840} INFO - DAG(s) 'lap_time_analysis' retrieved from /opt/airflow/dags/lap_time_analysis.py
[2026-06-30T17:27:08.612+0000] {logging_mixin.py:188} INFO - [2026-06-30T17:27:08.612+0000] {dag.py:3096} INFO - Sync 1 DAGs
[2026-06-30T17:27:08.626+0000] {logging_mixin.py:188} INFO - [2026-06-30T17:27:08.625+0000] {dag.py:3954} INFO - Setting next_dagrun for lap_time_analysis to None, run_after=None
[2026-06-30T17:27:08.646+0000] {processor.py:183} INFO - Processing /opt/airflow/dags/lap_time_analysis.py took 0.173 seconds
[2026-06-30T17:27:39.127+0000] {processor.py:161} INFO - Started process (PID=727) to work on /opt/airflow/dags/lap_time_analysis.py
[2026-06-30T17:27:39.129+0000] {processor.py:830} INFO - Processing file /opt/airflow/dags/lap_time_analysis.py for tasks to queue
[2026-06-30T17:27:39.132+0000] {logging_mixin.py:188} INFO - [2026-06-30T17:27:39.132+0000] {dagbag.py:545} INFO - Filling up the DagBag from /opt/airflow/dags/lap_time_analysis.py
[2026-06-30T17:27:39.241+0000] {processor.py:840} INFO - DAG(s) 'lap_time_analysis' retrieved from /opt/airflow/dags/lap_time_analysis.py
[2026-06-30T17:27:39.270+0000] {logging_mixin.py:188} INFO - [2026-06-30T17:27:39.270+0000] {dag.py:3096} INFO - Sync 1 DAGs
[2026-06-30T17:27:39.287+0000] {logging_mixin.py:188} INFO - [2026-06-30T17:27:39.286+0000] {dag.py:3954} INFO - Setting next_dagrun for lap_time_analysis to None, run_after=None
[2026-06-30T17:27:39.310+0000] {processor.py:183} INFO - Processing /opt/airflow/dags/lap_time_analysis.py took 0.190 seconds
[2026-06-30T17:28:09.816+0000] {processor.py:161} INFO - Started process (PID=738) to work on /opt/airflow/dags/lap_time_analysis.py
[2026-06-30T17:28:09.818+0000] {processor.py:830} INFO - Processing file /opt/airflow/dags/lap_time_analysis.py for tasks to queue
[2026-06-30T17:28:09.823+0000] {logging_mixin.py:188} INFO - [2026-06-30T17:28:09.822+0000] {dagbag.py:545} INFO - Filling up the DagBag from /opt/airflow/dags/lap_time_analysis.py
[2026-06-30T17:28:10.021+0000] {processor.py:840} INFO - DAG(s) 'lap_time_analysis' retrieved from /opt/airflow/dags/lap_time_analysis.py
[2026-06-30T17:28:10.051+0000] {logging_mixin.py:188} INFO - [2026-06-30T17:28:10.051+0000] {dag.py:3096} INFO - Sync 1 DAGs
[2026-06-30T17:28:10.065+0000] {logging_mixin.py:188} INFO - [2026-06-30T17:28:10.065+0000] {dag.py:3954} INFO - Setting next_dagrun for lap_time_analysis to None, run_after=None
[2026-06-30T17:28:10.086+0000] {processor.py:183} INFO - Processing /opt/airflow/dags/lap_time_analysis.py took 0.278 seconds
[2026-06-30T17:28:40.522+0000] {processor.py:161} INFO - Started process (PID=749) to work on /opt/airflow/dags/lap_time_analysis.py
[2026-06-30T17:28:40.524+0000] {processor.py:830} INFO - Processing file /opt/airflow/dags/lap_time_analysis.py for tasks to queue
[2026-06-30T17:28:40.528+0000] {logging_mixin.py:188} INFO - [2026-06-30T17:28:40.527+0000] {dagbag.py:545} INFO - Filling up the DagBag from /opt/airflow/dags/lap_time_analysis.py
[2026-06-30T17:28:40.630+0000] {processor.py:840} INFO - DAG(s) 'lap_time_analysis' retrieved from /opt/airflow/dags/lap_time_analysis.py
[2026-06-30T17:28:40.657+0000] {logging_mixin.py:188} INFO - [2026-06-30T17:28:40.657+0000] {dag.py:3096} INFO - Sync 1 DAGs
[2026-06-30T17:28:40.672+0000] {logging_mixin.py:188} INFO - [2026-06-30T17:28:40.672+0000] {dag.py:3954} INFO - Setting next_dagrun for lap_time_analysis to None, run_after=None
[2026-06-30T17:28:40.699+0000] {processor.py:183} INFO - Processing /opt/airflow/dags/lap_time_analysis.py took 0.182 seconds
[2026-06-30T17:29:11.491+0000] {processor.py:161} INFO - Started process (PID=760) to work on /opt/airflow/dags/lap_time_analysis.py
[2026-06-30T17:29:11.492+0000] {processor.py:830} INFO - Processing file /opt/airflow/dags/lap_time_analysis.py for tasks to queue
[2026-06-30T17:29:11.496+0000] {logging_mixin.py:188} INFO - [2026-06-30T17:29:11.495+0000] {dagbag.py:545} INFO - Filling up the DagBag from /opt/airflow/dags/lap_time_analysis.py
[2026-06-30T17:29:11.599+0000] {processor.py:840} INFO - DAG(s) 'lap_time_analysis' retrieved from /opt/airflow/dags/lap_time_analysis.py
[2026-06-30T17:29:11.634+0000] {logging_mixin.py:188} INFO - [2026-06-30T17:29:11.634+0000] {dag.py:3096} INFO - Sync 1 DAGs
[2026-06-30T17:29:11.648+0000] {logging_mixin.py:188} INFO - [2026-06-30T17:29:11.648+0000] {dag.py:3954} INFO - Setting next_dagrun for lap_time_analysis to None, run_after=None
[2026-06-30T17:29:11.672+0000] {processor.py:183} INFO - Processing /opt/airflow/dags/lap_time_analysis.py took 0.188 seconds
[2026-06-30T17:29:42.520+0000] {processor.py:161} INFO - Started process (PID=771) to work on /opt/airflow/dags/lap_time_analysis.py
[2026-06-30T17:29:42.521+0000] {processor.py:830} INFO - Processing file /opt/airflow/dags/lap_time_analysis.py for tasks to queue
[2026-06-30T17:29:42.523+0000] {logging_mixin.py:188} INFO - [2026-06-30T17:29:42.523+0000] {dagbag.py:545} INFO - Filling up the DagBag from /opt/airflow/dags/lap_time_analysis.py
[2026-06-30T17:29:42.623+0000] {processor.py:840} INFO - DAG(s) 'lap_time_analysis' retrieved from /opt/airflow/dags/lap_time_analysis.py
[2026-06-30T17:29:42.649+0000] {logging_mixin.py:188} INFO - [2026-06-30T17:29:42.649+0000] {dag.py:3096} INFO - Sync 1 DAGs
[2026-06-30T17:29:42.663+0000] {logging_mixin.py:188} INFO - [2026-06-30T17:29:42.663+0000] {dag.py:3954} INFO - Setting next_dagrun for lap_time_analysis to None, run_after=None
[2026-06-30T17:29:42.686+0000] {processor.py:183} INFO - Processing /opt/airflow/dags/lap_time_analysis.py took 0.173 seconds
[2026-06-30T17:30:12.871+0000] {processor.py:161} INFO - Started process (PID=782) to work on /opt/airflow/dags/lap_time_analysis.py
[2026-06-30T17:30:12.873+0000] {processor.py:830} INFO - Processing file /opt/airflow/dags/lap_time_analysis.py for tasks to queue
[2026-06-30T17:30:12.877+0000] {logging_mixin.py:188} INFO - [2026-06-30T17:30:12.877+0000] {dagbag.py:545} INFO - Filling up the DagBag from /opt/airflow/dags/lap_time_analysis.py
[2026-06-30T17:30:12.985+0000] {processor.py:840} INFO - DAG(s) 'lap_time_analysis' retrieved from /opt/airflow/dags/lap_time_analysis.py
[2026-06-30T17:30:13.010+0000] {logging_mixin.py:188} INFO - [2026-06-30T17:30:13.010+0000] {dag.py:3096} INFO - Sync 1 DAGs
[2026-06-30T17:30:13.022+0000] {logging_mixin.py:188} INFO - [2026-06-30T17:30:13.022+0000] {dag.py:3954} INFO - Setting next_dagrun for lap_time_analysis to None, run_after=None
[2026-06-30T17:30:13.046+0000] {processor.py:183} INFO - Processing /opt/airflow/dags/lap_time_analysis.py took 0.182 seconds
[2026-06-30T17:30:43.842+0000] {processor.py:161} INFO - Started process (PID=793) to work on /opt/airflow/dags/lap_time_analysis.py
[2026-06-30T17:30:43.844+0000] {processor.py:830} INFO - Processing file /opt/airflow/dags/lap_time_analysis.py for tasks to queue
[2026-06-30T17:30:43.847+0000] {logging_mixin.py:188} INFO - [2026-06-30T17:30:43.846+0000] {dagbag.py:545} INFO - Filling up the DagBag from /opt/airflow/dags/lap_time_analysis.py
[2026-06-30T17:30:43.947+0000] {processor.py:840} INFO - DAG(s) 'lap_time_analysis' retrieved from /opt/airflow/dags/lap_time_analysis.py
[2026-06-30T17:30:43.973+0000] {logging_mixin.py:188} INFO - [2026-06-30T17:30:43.973+0000] {dag.py:3096} INFO - Sync 1 DAGs
[2026-06-30T17:30:43.991+0000] {logging_mixin.py:188} INFO - [2026-06-30T17:30:43.990+0000] {dag.py:3954} INFO - Setting next_dagrun for lap_time_analysis to None, run_after=None
[2026-06-30T17:30:44.013+0000] {processor.py:183} INFO - Processing /opt/airflow/dags/lap_time_analysis.py took 0.177 seconds
[2026-06-30T17:31:14.244+0000] {processor.py:161} INFO - Started process (PID=804) to work on /opt/airflow/dags/lap_time_analysis.py
[2026-06-30T17:31:14.246+0000] {processor.py:830} INFO - Processing file /opt/airflow/dags/lap_time_analysis.py for tasks to queue
[2026-06-30T17:31:14.253+0000] {logging_mixin.py:188} INFO - [2026-06-30T17:31:14.252+0000] {dagbag.py:545} INFO - Filling up the DagBag from /opt/airflow/dags/lap_time_analysis.py
[2026-06-30T17:31:14.377+0000] {processor.py:840} INFO - DAG(s) 'lap_time_analysis' retrieved from /opt/airflow/dags/lap_time_analysis.py
[2026-06-30T17:31:14.416+0000] {logging_mixin.py:188} INFO - [2026-06-30T17:31:14.416+0000] {dag.py:3096} INFO - Sync 1 DAGs
[2026-06-30T17:31:14.434+0000] {logging_mixin.py:188} INFO - [2026-06-30T17:31:14.434+0000] {dag.py:3954} INFO - Setting next_dagrun for lap_time_analysis to None, run_after=None
[2026-06-30T17:31:14.461+0000] {processor.py:183} INFO - Processing /opt/airflow/dags/lap_time_analysis.py took 0.223 seconds
[2026-06-30T17:31:44.972+0000] {processor.py:161} INFO - Started process (PID=815) to work on /opt/airflow/dags/lap_time_analysis.py
[2026-06-30T17:31:44.974+0000] {processor.py:830} INFO - Processing file /opt/airflow/dags/lap_time_analysis.py for tasks to queue
[2026-06-30T17:31:44.976+0000] {logging_mixin.py:188} INFO - [2026-06-30T17:31:44.976+0000] {dagbag.py:545} INFO - Filling up the DagBag from /opt/airflow/dags/lap_time_analysis.py
[2026-06-30T17:31:45.102+0000] {processor.py:840} INFO - DAG(s) 'lap_time_analysis' retrieved from /opt/airflow/dags/lap_time_analysis.py
[2026-06-30T17:31:45.134+0000] {logging_mixin.py:188} INFO - [2026-06-30T17:31:45.133+0000] {dag.py:3096} INFO - Sync 1 DAGs
[2026-06-30T17:31:45.150+0000] {logging_mixin.py:188} INFO - [2026-06-30T17:31:45.149+0000] {dag.py:3954} INFO - Setting next_dagrun for lap_time_analysis to None, run_after=None
[2026-06-30T17:31:45.174+0000] {processor.py:183} INFO - Processing /opt/airflow/dags/lap_time_analysis.py took 0.207 seconds
[2026-06-30T17:32:15.517+0000] {processor.py:161} INFO - Started process (PID=826) to work on /opt/airflow/dags/lap_time_analysis.py
[2026-06-30T17:32:15.519+0000] {processor.py:830} INFO - Processing file /opt/airflow/dags/lap_time_analysis.py for tasks to queue
[2026-06-30T17:32:15.522+0000] {logging_mixin.py:188} INFO - [2026-06-30T17:32:15.522+0000] {dagbag.py:545} INFO - Filling up the DagBag from /opt/airflow/dags/lap_time_analysis.py
[2026-06-30T17:32:15.642+0000] {processor.py:840} INFO - DAG(s) 'lap_time_analysis' retrieved from /opt/airflow/dags/lap_time_analysis.py
[2026-06-30T17:32:15.677+0000] {logging_mixin.py:188} INFO - [2026-06-30T17:32:15.677+0000] {dag.py:3096} INFO - Sync 1 DAGs
[2026-06-30T17:32:15.692+0000] {logging_mixin.py:188} INFO - [2026-06-30T17:32:15.692+0000] {dag.py:3954} INFO - Setting next_dagrun for lap_time_analysis to None, run_after=None
[2026-06-30T17:32:15.726+0000] {processor.py:183} INFO - Processing /opt/airflow/dags/lap_time_analysis.py took 0.226 seconds
[2026-06-30T17:32:46.187+0000] {processor.py:161} INFO - Started process (PID=837) to work on /opt/airflow/dags/lap_time_analysis.py
[2026-06-30T17:32:46.188+0000] {processor.py:830} INFO - Processing file /opt/airflow/dags/lap_time_analysis.py for tasks to queue
[2026-06-30T17:32:46.191+0000] {logging_mixin.py:188} INFO - [2026-06-30T17:32:46.191+0000] {dagbag.py:545} INFO - Filling up the DagBag from /opt/airflow/dags/lap_time_analysis.py
[2026-06-30T17:32:46.367+0000] {processor.py:840} INFO - DAG(s) 'lap_time_analysis' retrieved from /opt/airflow/dags/lap_time_analysis.py
[2026-06-30T17:32:46.406+0000] {logging_mixin.py:188} INFO - [2026-06-30T17:32:46.405+0000] {dag.py:3096} INFO - Sync 1 DAGs
[2026-06-30T17:32:46.424+0000] {logging_mixin.py:188} INFO - [2026-06-30T17:32:46.424+0000] {dag.py:3954} INFO - Setting next_dagrun for lap_time_analysis to None, run_after=None
[2026-06-30T17:32:46.462+0000] {processor.py:183} INFO - Processing /opt/airflow/dags/lap_time_analysis.py took 0.281 seconds
[2026-06-30T17:33:17.021+0000] {processor.py:161} INFO - Started process (PID=848) to work on /opt/airflow/dags/lap_time_analysis.py
[2026-06-30T17:33:17.022+0000] {processor.py:830} INFO - Processing file /opt/airflow/dags/lap_time_analysis.py for tasks to queue
[2026-06-30T17:33:17.024+0000] {logging_mixin.py:188} INFO - [2026-06-30T17:33:17.024+0000] {dagbag.py:545} INFO - Filling up the DagBag from /opt/airflow/dags/lap_time_analysis.py
[2026-06-30T17:33:17.133+0000] {processor.py:840} INFO - DAG(s) 'lap_time_analysis' retrieved from /opt/airflow/dags/lap_time_analysis.py
[2026-06-30T17:33:17.160+0000] {logging_mixin.py:188} INFO - [2026-06-30T17:33:17.160+0000] {dag.py:3096} INFO - Sync 1 DAGs
[2026-06-30T17:33:17.175+0000] {logging_mixin.py:188} INFO - [2026-06-30T17:33:17.175+0000] {dag.py:3954} INFO - Setting next_dagrun for lap_time_analysis to None, run_after=None
[2026-06-30T17:33:17.205+0000] {processor.py:183} INFO - Processing /opt/airflow/dags/lap_time_analysis.py took 0.190 seconds
[2026-06-30T17:33:47.527+0000] {processor.py:161} INFO - Started process (PID=859) to work on /opt/airflow/dags/lap_time_analysis.py
[2026-06-30T17:33:47.530+0000] {processor.py:830} INFO - Processing file /opt/airflow/dags/lap_time_analysis.py for tasks to queue
[2026-06-30T17:33:47.533+0000] {logging_mixin.py:188} INFO - [2026-06-30T17:33:47.533+0000] {dagbag.py:545} INFO - Filling up the DagBag from /opt/airflow/dags/lap_time_analysis.py
[2026-06-30T17:33:47.647+0000] {processor.py:840} INFO - DAG(s) 'lap_time_analysis' retrieved from /opt/airflow/dags/lap_time_analysis.py
[2026-06-30T17:33:47.677+0000] {logging_mixin.py:188} INFO - [2026-06-30T17:33:47.676+0000] {dag.py:3096} INFO - Sync 1 DAGs
[2026-06-30T17:33:47.692+0000] {logging_mixin.py:188} INFO - [2026-06-30T17:33:47.692+0000] {dag.py:3954} INFO - Setting next_dagrun for lap_time_analysis to None, run_after=None
[2026-06-30T17:33:47.716+0000] {processor.py:183} INFO - Processing /opt/airflow/dags/lap_time_analysis.py took 0.201 seconds
[2026-06-30T17:34:18.380+0000] {processor.py:161} INFO - Started process (PID=870) to work on /opt/airflow/dags/lap_time_analysis.py
[2026-06-30T17:34:18.382+0000] {processor.py:830} INFO - Processing file /opt/airflow/dags/lap_time_analysis.py for tasks to queue
[2026-06-30T17:34:18.384+0000] {logging_mixin.py:188} INFO - [2026-06-30T17:34:18.383+0000] {dagbag.py:545} INFO - Filling up the DagBag from /opt/airflow/dags/lap_time_analysis.py
[2026-06-30T17:34:18.497+0000] {processor.py:840} INFO - DAG(s) 'lap_time_analysis' retrieved from /opt/airflow/dags/lap_time_analysis.py
[2026-06-30T17:34:18.528+0000] {logging_mixin.py:188} INFO - [2026-06-30T17:34:18.528+0000] {dag.py:3096} INFO - Sync 1 DAGs
[2026-06-30T17:34:18.544+0000] {logging_mixin.py:188} INFO - [2026-06-30T17:34:18.543+0000] {dag.py:3954} INFO - Setting next_dagrun for lap_time_analysis to None, run_after=None
[2026-06-30T17:34:18.568+0000] {processor.py:183} INFO - Processing /opt/airflow/dags/lap_time_analysis.py took 0.197 seconds
[2026-06-30T17:34:49.121+0000] {processor.py:161} INFO - Started process (PID=881) to work on /opt/airflow/dags/lap_time_analysis.py
[2026-06-30T17:34:49.123+0000] {processor.py:830} INFO - Processing file /opt/airflow/dags/lap_time_analysis.py for tasks to queue
[2026-06-30T17:34:49.128+0000] {logging_mixin.py:188} INFO - [2026-06-30T17:34:49.127+0000] {dagbag.py:545} INFO - Filling up the DagBag from /opt/airflow/dags/lap_time_analysis.py
[2026-06-30T17:34:49.259+0000] {processor.py:840} INFO - DAG(s) 'lap_time_analysis' retrieved from /opt/airflow/dags/lap_time_analysis.py
[2026-06-30T17:34:49.298+0000] {logging_mixin.py:188} INFO - [2026-06-30T17:34:49.297+0000] {dag.py:3096} INFO - Sync 1 DAGs
[2026-06-30T17:34:49.317+0000] {logging_mixin.py:188} INFO - [2026-06-30T17:34:49.316+0000] {dag.py:3954} INFO - Setting next_dagrun for lap_time_analysis to None, run_after=None
[2026-06-30T17:34:49.352+0000] {processor.py:183} INFO - Processing /opt/airflow/dags/lap_time_analysis.py took 0.241 seconds
[2026-06-30T17:35:19.703+0000] {processor.py:161} INFO - Started process (PID=892) to work on /opt/airflow/dags/lap_time_analysis.py
[2026-06-30T17:35:19.705+0000] {processor.py:830} INFO - Processing file /opt/airflow/dags/lap_time_analysis.py for tasks to queue
[2026-06-30T17:35:19.710+0000] {logging_mixin.py:188} INFO - [2026-06-30T17:35:19.709+0000] {dagbag.py:545} INFO - Filling up the DagBag from /opt/airflow/dags/lap_time_analysis.py
[2026-06-30T17:35:19.825+0000] {processor.py:840} INFO - DAG(s) 'lap_time_analysis' retrieved from /opt/airflow/dags/lap_time_analysis.py
[2026-06-30T17:35:19.861+0000] {logging_mixin.py:188} INFO - [2026-06-30T17:35:19.861+0000] {dag.py:3096} INFO - Sync 1 DAGs
[2026-06-30T17:35:19.878+0000] {logging_mixin.py:188} INFO - [2026-06-30T17:35:19.877+0000] {dag.py:3954} INFO - Setting next_dagrun for lap_time_analysis to None, run_after=None
[2026-06-30T17:35:19.909+0000] {processor.py:183} INFO - Processing /opt/airflow/dags/lap_time_analysis.py took 0.212 seconds
[2026-06-30T17:35:50.443+0000] {processor.py:161} INFO - Started process (PID=903) to work on /opt/airflow/dags/lap_time_analysis.py
[2026-06-30T17:35:50.445+0000] {processor.py:830} INFO - Processing file /opt/airflow/dags/lap_time_analysis.py for tasks to queue
[2026-06-30T17:35:50.450+0000] {logging_mixin.py:188} INFO - [2026-06-30T17:35:50.450+0000] {dagbag.py:545} INFO - Filling up the DagBag from /opt/airflow/dags/lap_time_analysis.py
[2026-06-30T17:35:50.622+0000] {processor.py:840} INFO - DAG(s) 'lap_time_analysis' retrieved from /opt/airflow/dags/lap_time_analysis.py
[2026-06-30T17:35:50.653+0000] {logging_mixin.py:188} INFO - [2026-06-30T17:35:50.653+0000] {dag.py:3096} INFO - Sync 1 DAGs
[2026-06-30T17:35:50.670+0000] {logging_mixin.py:188} INFO - [2026-06-30T17:35:50.670+0000] {dag.py:3954} INFO - Setting next_dagrun for lap_time_analysis to None, run_after=None
[2026-06-30T17:35:50.700+0000] {processor.py:183} INFO - Processing /opt/airflow/dags/lap_time_analysis.py took 0.263 seconds
[2026-06-30T17:36:21.656+0000] {processor.py:161} INFO - Started process (PID=914) to work on /opt/airflow/dags/lap_time_analysis.py
[2026-06-30T17:36:21.661+0000] {processor.py:830} INFO - Processing file /opt/airflow/dags/lap_time_analysis.py for tasks to queue
[2026-06-30T17:36:21.664+0000] {logging_mixin.py:188} INFO - [2026-06-30T17:36:21.664+0000] {dagbag.py:545} INFO - Filling up the DagBag from /opt/airflow/dags/lap_time_analysis.py
[2026-06-30T17:36:21.816+0000] {processor.py:840} INFO - DAG(s) 'lap_time_analysis' retrieved from /opt/airflow/dags/lap_time_analysis.py
[2026-06-30T17:36:21.848+0000] {logging_mixin.py:188} INFO - [2026-06-30T17:36:21.848+0000] {dag.py:3096} INFO - Sync 1 DAGs
[2026-06-30T17:36:21.866+0000] {logging_mixin.py:188} INFO - [2026-06-30T17:36:21.866+0000] {dag.py:3954} INFO - Setting next_dagrun for lap_time_analysis to None, run_after=None
[2026-06-30T17:36:21.909+0000] {processor.py:183} INFO - Processing /opt/airflow/dags/lap_time_analysis.py took 0.270 seconds
[2026-06-30T17:36:52.343+0000] {processor.py:161} INFO - Started process (PID=925) to work on /opt/airflow/dags/lap_time_analysis.py
[2026-06-30T17:36:52.345+0000] {processor.py:830} INFO - Processing file /opt/airflow/dags/lap_time_analysis.py for tasks to queue
[2026-06-30T17:36:52.349+0000] {logging_mixin.py:188} INFO - [2026-06-30T17:36:52.347+0000] {dagbag.py:545} INFO - Filling up the DagBag from /opt/airflow/dags/lap_time_analysis.py
[2026-06-30T17:36:52.493+0000] {processor.py:840} INFO - DAG(s) 'lap_time_analysis' retrieved from /opt/airflow/dags/lap_time_analysis.py
[2026-06-30T17:36:52.535+0000] {logging_mixin.py:188} INFO - [2026-06-30T17:36:52.535+0000] {dag.py:3096} INFO - Sync 1 DAGs
[2026-06-30T17:36:52.570+0000] {logging_mixin.py:188} INFO - [2026-06-30T17:36:52.570+0000] {dag.py:3954} INFO - Setting next_dagrun for lap_time_analysis to None, run_after=None
[2026-06-30T17:36:52.603+0000] {processor.py:183} INFO - Processing /opt/airflow/dags/lap_time_analysis.py took 0.266 seconds
[2026-06-30T17:37:23.243+0000] {processor.py:161} INFO - Started process (PID=936) to work on /opt/airflow/dags/lap_time_analysis.py
[2026-06-30T17:37:23.245+0000] {processor.py:830} INFO - Processing file /opt/airflow/dags/lap_time_analysis.py for tasks to queue
[2026-06-30T17:37:23.247+0000] {logging_mixin.py:188} INFO - [2026-06-30T17:37:23.247+0000] {dagbag.py:545} INFO - Filling up the DagBag from /opt/airflow/dags/lap_time_analysis.py
[2026-06-30T17:37:23.364+0000] {processor.py:840} INFO - DAG(s) 'lap_time_analysis' retrieved from /opt/airflow/dags/lap_time_analysis.py
[2026-06-30T17:37:23.394+0000] {logging_mixin.py:188} INFO - [2026-06-30T17:37:23.394+0000] {dag.py:3096} INFO - Sync 1 DAGs
[2026-06-30T17:37:23.409+0000] {logging_mixin.py:188} INFO - [2026-06-30T17:37:23.409+0000] {dag.py:3954} INFO - Setting next_dagrun for lap_time_analysis to None, run_after=None
[2026-06-30T17:37:23.436+0000] {processor.py:183} INFO - Processing /opt/airflow/dags/lap_time_analysis.py took 0.201 seconds
[2026-06-30T17:37:53.904+0000] {processor.py:161} INFO - Started process (PID=947) to work on /opt/airflow/dags/lap_time_analysis.py
[2026-06-30T17:37:53.905+0000] {processor.py:830} INFO - Processing file /opt/airflow/dags/lap_time_analysis.py for tasks to queue
[2026-06-30T17:37:53.908+0000] {logging_mixin.py:188} INFO - [2026-06-30T17:37:53.907+0000] {dagbag.py:545} INFO - Filling up the DagBag from /opt/airflow/dags/lap_time_analysis.py
[2026-06-30T17:37:54.021+0000] {processor.py:840} INFO - DAG(s) 'lap_time_analysis' retrieved from /opt/airflow/dags/lap_time_analysis.py
[2026-06-30T17:37:54.052+0000] {logging_mixin.py:188} INFO - [2026-06-30T17:37:54.052+0000] {dag.py:3096} INFO - Sync 1 DAGs
[2026-06-30T17:37:54.066+0000] {logging_mixin.py:188} INFO - [2026-06-30T17:37:54.066+0000] {dag.py:3954} INFO - Setting next_dagrun for lap_time_analysis to None, run_after=None
[2026-06-30T17:37:54.090+0000] {processor.py:183} INFO - Processing /opt/airflow/dags/lap_time_analysis.py took 0.193 seconds
[2026-06-30T17:38:24.402+0000] {processor.py:161} INFO - Started process (PID=958) to work on /opt/airflow/dags/lap_time_analysis.py
[2026-06-30T17:38:24.407+0000] {processor.py:830} INFO - Processing file /opt/airflow/dags/lap_time_analysis.py for tasks to queue
[2026-06-30T17:38:24.410+0000] {logging_mixin.py:188} INFO - [2026-06-30T17:38:24.410+0000] {dagbag.py:545} INFO - Filling up the DagBag from /opt/airflow/dags/lap_time_analysis.py
[2026-06-30T17:38:24.551+0000] {processor.py:840} INFO - DAG(s) 'lap_time_analysis' retrieved from /opt/airflow/dags/lap_time_analysis.py
[2026-06-30T17:38:24.585+0000] {logging_mixin.py:188} INFO - [2026-06-30T17:38:24.585+0000] {dag.py:3096} INFO - Sync 1 DAGs
[2026-06-30T17:38:24.602+0000] {logging_mixin.py:188} INFO - [2026-06-30T17:38:24.602+0000] {dag.py:3954} INFO - Setting next_dagrun for lap_time_analysis to None, run_after=None
[2026-06-30T17:38:24.632+0000] {processor.py:183} INFO - Processing /opt/airflow/dags/lap_time_analysis.py took 0.239 seconds
[2026-06-30T17:38:55.151+0000] {processor.py:161} INFO - Started process (PID=969) to work on /opt/airflow/dags/lap_time_analysis.py
[2026-06-30T17:38:55.153+0000] {processor.py:830} INFO - Processing file /opt/airflow/dags/lap_time_analysis.py for tasks to queue
[2026-06-30T17:38:55.155+0000] {logging_mixin.py:188} INFO - [2026-06-30T17:38:55.155+0000] {dagbag.py:545} INFO - Filling up the DagBag from /opt/airflow/dags/lap_time_analysis.py
[2026-06-30T17:38:55.265+0000] {processor.py:840} INFO - DAG(s) 'lap_time_analysis' retrieved from /opt/airflow/dags/lap_time_analysis.py
[2026-06-30T17:38:55.291+0000] {logging_mixin.py:188} INFO - [2026-06-30T17:38:55.291+0000] {dag.py:3096} INFO - Sync 1 DAGs
[2026-06-30T17:38:55.306+0000] {logging_mixin.py:188} INFO - [2026-06-30T17:38:55.305+0000] {dag.py:3954} INFO - Setting next_dagrun for lap_time_analysis to None, run_after=None
[2026-06-30T17:38:55.332+0000] {processor.py:183} INFO - Processing /opt/airflow/dags/lap_time_analysis.py took 0.188 seconds
[2026-06-30T17:39:25.829+0000] {processor.py:161} INFO - Started process (PID=980) to work on /opt/airflow/dags/lap_time_analysis.py
[2026-06-30T17:39:25.831+0000] {processor.py:830} INFO - Processing file /opt/airflow/dags/lap_time_analysis.py for tasks to queue
[2026-06-30T17:39:25.833+0000] {logging_mixin.py:188} INFO - [2026-06-30T17:39:25.833+0000] {dagbag.py:545} INFO - Filling up the DagBag from /opt/airflow/dags/lap_time_analysis.py
[2026-06-30T17:39:25.950+0000] {processor.py:840} INFO - DAG(s) 'lap_time_analysis' retrieved from /opt/airflow/dags/lap_time_analysis.py
[2026-06-30T17:39:25.979+0000] {logging_mixin.py:188} INFO - [2026-06-30T17:39:25.979+0000] {dag.py:3096} INFO - Sync 1 DAGs
[2026-06-30T17:39:25.997+0000] {logging_mixin.py:188} INFO - [2026-06-30T17:39:25.996+0000] {dag.py:3954} INFO - Setting next_dagrun for lap_time_analysis to None, run_after=None
[2026-06-30T17:39:26.025+0000] {processor.py:183} INFO - Processing /opt/airflow/dags/lap_time_analysis.py took 0.203 seconds
[2026-06-30T17:39:56.391+0000] {processor.py:161} INFO - Started process (PID=991) to work on /opt/airflow/dags/lap_time_analysis.py
[2026-06-30T17:39:56.393+0000] {processor.py:830} INFO - Processing file /opt/airflow/dags/lap_time_analysis.py for tasks to queue
[2026-06-30T17:39:56.395+0000] {logging_mixin.py:188} INFO - [2026-06-30T17:39:56.395+0000] {dagbag.py:545} INFO - Filling up the DagBag from /opt/airflow/dags/lap_time_analysis.py
[2026-06-30T17:39:56.508+0000] {processor.py:840} INFO - DAG(s) 'lap_time_analysis' retrieved from /opt/airflow/dags/lap_time_analysis.py
[2026-06-30T17:39:56.535+0000] {logging_mixin.py:188} INFO - [2026-06-30T17:39:56.534+0000] {dag.py:3096} INFO - Sync 1 DAGs
[2026-06-30T17:39:56.551+0000] {logging_mixin.py:188} INFO - [2026-06-30T17:39:56.550+0000] {dag.py:3954} INFO - Setting next_dagrun for lap_time_analysis to None, run_after=None
[2026-06-30T17:39:56.575+0000] {processor.py:183} INFO - Processing /opt/airflow/dags/lap_time_analysis.py took 0.192 seconds
[2026-06-30T17:40:27.208+0000] {processor.py:161} INFO - Started process (PID=1002) to work on /opt/airflow/dags/lap_time_analysis.py
[2026-06-30T17:40:27.210+0000] {processor.py:830} INFO - Processing file /opt/airflow/dags/lap_time_analysis.py for tasks to queue
[2026-06-30T17:40:27.212+0000] {logging_mixin.py:188} INFO - [2026-06-30T17:40:27.212+0000] {dagbag.py:545} INFO - Filling up the DagBag from /opt/airflow/dags/lap_time_analysis.py
[2026-06-30T17:40:27.344+0000] {processor.py:840} INFO - DAG(s) 'lap_time_analysis' retrieved from /opt/airflow/dags/lap_time_analysis.py
[2026-06-30T17:40:27.377+0000] {logging_mixin.py:188} INFO - [2026-06-30T17:40:27.377+0000] {dag.py:3096} INFO - Sync 1 DAGs
[2026-06-30T17:40:27.392+0000] {logging_mixin.py:188} INFO - [2026-06-30T17:40:27.392+0000] {dag.py:3954} INFO - Setting next_dagrun for lap_time_analysis to None, run_after=None
[2026-06-30T17:40:27.419+0000] {processor.py:183} INFO - Processing /opt/airflow/dags/lap_time_analysis.py took 0.219 seconds
[2026-06-30T17:40:58.027+0000] {processor.py:161} INFO - Started process (PID=1013) to work on /opt/airflow/dags/lap_time_analysis.py
[2026-06-30T17:40:58.029+0000] {processor.py:830} INFO - Processing file /opt/airflow/dags/lap_time_analysis.py for tasks to queue
[2026-06-30T17:40:58.032+0000] {logging_mixin.py:188} INFO - [2026-06-30T17:40:58.032+0000] {dagbag.py:545} INFO - Filling up the DagBag from /opt/airflow/dags/lap_time_analysis.py
[2026-06-30T17:40:58.176+0000] {processor.py:840} INFO - DAG(s) 'lap_time_analysis' retrieved from /opt/airflow/dags/lap_time_analysis.py
[2026-06-30T17:40:58.215+0000] {logging_mixin.py:188} INFO - [2026-06-30T17:40:58.214+0000] {dag.py:3096} INFO - Sync 1 DAGs
[2026-06-30T17:40:58.232+0000] {logging_mixin.py:188} INFO - [2026-06-30T17:40:58.231+0000] {dag.py:3954} INFO - Setting next_dagrun for lap_time_analysis to None, run_after=None
[2026-06-30T17:40:58.259+0000] {processor.py:183} INFO - Processing /opt/airflow/dags/lap_time_analysis.py took 0.242 seconds
[2026-06-30T17:41:28.460+0000] {processor.py:161} INFO - Started process (PID=1024) to work on /opt/airflow/dags/lap_time_analysis.py
[2026-06-30T17:41:28.461+0000] {processor.py:830} INFO - Processing file /opt/airflow/dags/lap_time_analysis.py for tasks to queue
[2026-06-30T17:41:28.463+0000] {logging_mixin.py:188} INFO - [2026-06-30T17:41:28.463+0000] {dagbag.py:545} INFO - Filling up the DagBag from /opt/airflow/dags/lap_time_analysis.py
[2026-06-30T17:41:28.577+0000] {processor.py:840} INFO - DAG(s) 'lap_time_analysis' retrieved from /opt/airflow/dags/lap_time_analysis.py
[2026-06-30T17:41:28.607+0000] {logging_mixin.py:188} INFO - [2026-06-30T17:41:28.607+0000] {dag.py:3096} INFO - Sync 1 DAGs
[2026-06-30T17:41:28.624+0000] {logging_mixin.py:188} INFO - [2026-06-30T17:41:28.624+0000] {dag.py:3954} INFO - Setting next_dagrun for lap_time_analysis to None, run_after=None
[2026-06-30T17:41:28.652+0000] {processor.py:183} INFO - Processing /opt/airflow/dags/lap_time_analysis.py took 0.200 seconds
[2026-06-30T17:41:59.049+0000] {processor.py:161} INFO - Started process (PID=1035) to work on /opt/airflow/dags/lap_time_analysis.py
[2026-06-30T17:41:59.051+0000] {processor.py:830} INFO - Processing file /opt/airflow/dags/lap_time_analysis.py for tasks to queue
[2026-06-30T17:41:59.053+0000] {logging_mixin.py:188} INFO - [2026-06-30T17:41:59.053+0000] {dagbag.py:545} INFO - Filling up the DagBag from /opt/airflow/dags/lap_time_analysis.py
[2026-06-30T17:41:59.201+0000] {processor.py:840} INFO - DAG(s) 'lap_time_analysis' retrieved from /opt/airflow/dags/lap_time_analysis.py
[2026-06-30T17:41:59.249+0000] {logging_mixin.py:188} INFO - [2026-06-30T17:41:59.248+0000] {dag.py:3096} INFO - Sync 1 DAGs
[2026-06-30T17:41:59.270+0000] {logging_mixin.py:188} INFO - [2026-06-30T17:41:59.270+0000] {dag.py:3954} INFO - Setting next_dagrun for lap_time_analysis to None, run_after=None
[2026-06-30T17:41:59.301+0000] {processor.py:183} INFO - Processing /opt/airflow/dags/lap_time_analysis.py took 0.261 seconds
[2026-06-30T17:42:29.761+0000] {processor.py:161} INFO - Started process (PID=1046) to work on /opt/airflow/dags/lap_time_analysis.py
[2026-06-30T17:42:29.763+0000] {processor.py:830} INFO - Processing file /opt/airflow/dags/lap_time_analysis.py for tasks to queue
[2026-06-30T17:42:29.768+0000] {logging_mixin.py:188} INFO - [2026-06-30T17:42:29.767+0000] {dagbag.py:545} INFO - Filling up the DagBag from /opt/airflow/dags/lap_time_analysis.py
[2026-06-30T17:42:29.882+0000] {processor.py:840} INFO - DAG(s) 'lap_time_analysis' retrieved from /opt/airflow/dags/lap_time_analysis.py
[2026-06-30T17:42:29.910+0000] {logging_mixin.py:188} INFO - [2026-06-30T17:42:29.909+0000] {dag.py:3096} INFO - Sync 1 DAGs
[2026-06-30T17:42:29.924+0000] {logging_mixin.py:188} INFO - [2026-06-30T17:42:29.923+0000] {dag.py:3954} INFO - Setting next_dagrun for lap_time_analysis to None, run_after=None
[2026-06-30T17:42:29.946+0000] {processor.py:183} INFO - Processing /opt/airflow/dags/lap_time_analysis.py took 0.192 seconds
[2026-06-30T17:43:00.470+0000] {processor.py:161} INFO - Started process (PID=1057) to work on /opt/airflow/dags/lap_time_analysis.py
[2026-06-30T17:43:00.472+0000] {processor.py:830} INFO - Processing file /opt/airflow/dags/lap_time_analysis.py for tasks to queue
[2026-06-30T17:43:00.478+0000] {logging_mixin.py:188} INFO - [2026-06-30T17:43:00.476+0000] {dagbag.py:545} INFO - Filling up the DagBag from /opt/airflow/dags/lap_time_analysis.py
[2026-06-30T17:43:00.613+0000] {processor.py:840} INFO - DAG(s) 'lap_time_analysis' retrieved from /opt/airflow/dags/lap_time_analysis.py
[2026-06-30T17:43:00.642+0000] {logging_mixin.py:188} INFO - [2026-06-30T17:43:00.641+0000] {dag.py:3096} INFO - Sync 1 DAGs
[2026-06-30T17:43:00.656+0000] {logging_mixin.py:188} INFO - [2026-06-30T17:43:00.655+0000] {dag.py:3954} INFO - Setting next_dagrun for lap_time_analysis to None, run_after=None
[2026-06-30T17:43:00.678+0000] {processor.py:183} INFO - Processing /opt/airflow/dags/lap_time_analysis.py took 0.224 seconds
[2026-06-30T17:43:31.389+0000] {processor.py:161} INFO - Started process (PID=1068) to work on /opt/airflow/dags/lap_time_analysis.py
[2026-06-30T17:43:31.390+0000] {processor.py:830} INFO - Processing file /opt/airflow/dags/lap_time_analysis.py for tasks to queue
[2026-06-30T17:43:31.392+0000] {logging_mixin.py:188} INFO - [2026-06-30T17:43:31.392+0000] {dagbag.py:545} INFO - Filling up the DagBag from /opt/airflow/dags/lap_time_analysis.py
[2026-06-30T17:43:31.554+0000] {processor.py:840} INFO - DAG(s) 'lap_time_analysis' retrieved from /opt/airflow/dags/lap_time_analysis.py
[2026-06-30T17:43:31.593+0000] {logging_mixin.py:188} INFO - [2026-06-30T17:43:31.592+0000] {dag.py:3096} INFO - Sync 1 DAGs
[2026-06-30T17:43:31.605+0000] {logging_mixin.py:188} INFO - [2026-06-30T17:43:31.605+0000] {dag.py:3954} INFO - Setting next_dagrun for lap_time_analysis to None, run_after=None
[2026-06-30T17:43:31.627+0000] {processor.py:183} INFO - Processing /opt/airflow/dags/lap_time_analysis.py took 0.245 seconds
[2026-06-30T17:44:02.138+0000] {processor.py:161} INFO - Started process (PID=1079) to work on /opt/airflow/dags/lap_time_analysis.py
[2026-06-30T17:44:02.139+0000] {processor.py:830} INFO - Processing file /opt/airflow/dags/lap_time_analysis.py for tasks to queue
[2026-06-30T17:44:02.142+0000] {logging_mixin.py:188} INFO - [2026-06-30T17:44:02.141+0000] {dagbag.py:545} INFO - Filling up the DagBag from /opt/airflow/dags/lap_time_analysis.py
[2026-06-30T17:44:02.242+0000] {processor.py:840} INFO - DAG(s) 'lap_time_analysis' retrieved from /opt/airflow/dags/lap_time_analysis.py
[2026-06-30T17:44:02.267+0000] {logging_mixin.py:188} INFO - [2026-06-30T17:44:02.267+0000] {dag.py:3096} INFO - Sync 1 DAGs
[2026-06-30T17:44:02.279+0000] {logging_mixin.py:188} INFO - [2026-06-30T17:44:02.279+0000] {dag.py:3954} INFO - Setting next_dagrun for lap_time_analysis to None, run_after=None
[2026-06-30T17:44:02.300+0000] {processor.py:183} INFO - Processing /opt/airflow/dags/lap_time_analysis.py took 0.168 seconds
[2026-06-30T17:44:32.571+0000] {processor.py:161} INFO - Started process (PID=1090) to work on /opt/airflow/dags/lap_time_analysis.py
[2026-06-30T17:44:32.572+0000] {processor.py:830} INFO - Processing file /opt/airflow/dags/lap_time_analysis.py for tasks to queue
[2026-06-30T17:44:32.575+0000] {logging_mixin.py:188} INFO - [2026-06-30T17:44:32.574+0000] {dagbag.py:545} INFO - Filling up the DagBag from /opt/airflow/dags/lap_time_analysis.py
[2026-06-30T17:44:32.681+0000] {processor.py:840} INFO - DAG(s) 'lap_time_analysis' retrieved from /opt/airflow/dags/lap_time_analysis.py
[2026-06-30T17:44:32.710+0000] {logging_mixin.py:188} INFO - [2026-06-30T17:44:32.710+0000] {dag.py:3096} INFO - Sync 1 DAGs
[2026-06-30T17:44:32.725+0000] {logging_mixin.py:188} INFO - [2026-06-30T17:44:32.724+0000] {dag.py:3954} INFO - Setting next_dagrun for lap_time_analysis to None, run_after=None
[2026-06-30T17:44:32.750+0000] {processor.py:183} INFO - Processing /opt/airflow/dags/lap_time_analysis.py took 0.186 seconds
[2026-06-30T17:45:03.118+0000] {processor.py:161} INFO - Started process (PID=1101) to work on /opt/airflow/dags/lap_time_analysis.py
[2026-06-30T17:45:03.119+0000] {processor.py:830} INFO - Processing file /opt/airflow/dags/lap_time_analysis.py for tasks to queue
[2026-06-30T17:45:03.122+0000] {logging_mixin.py:188} INFO - [2026-06-30T17:45:03.121+0000] {dagbag.py:545} INFO - Filling up the DagBag from /opt/airflow/dags/lap_time_analysis.py
[2026-06-30T17:45:03.220+0000] {processor.py:840} INFO - DAG(s) 'lap_time_analysis' retrieved from /opt/airflow/dags/lap_time_analysis.py
[2026-06-30T17:45:03.248+0000] {logging_mixin.py:188} INFO - [2026-06-30T17:45:03.248+0000] {dag.py:3096} INFO - Sync 1 DAGs
[2026-06-30T17:45:03.262+0000] {logging_mixin.py:188} INFO - [2026-06-30T17:45:03.262+0000] {dag.py:3954} INFO - Setting next_dagrun for lap_time_analysis to None, run_after=None
[2026-06-30T17:45:03.282+0000] {processor.py:183} INFO - Processing /opt/airflow/dags/lap_time_analysis.py took 0.171 seconds
[2026-06-30T17:45:33.675+0000] {processor.py:161} INFO - Started process (PID=1112) to work on /opt/airflow/dags/lap_time_analysis.py
[2026-06-30T17:45:33.676+0000] {processor.py:830} INFO - Processing file /opt/airflow/dags/lap_time_analysis.py for tasks to queue
[2026-06-30T17:45:33.679+0000] {logging_mixin.py:188} INFO - [2026-06-30T17:45:33.678+0000] {dagbag.py:545} INFO - Filling up the DagBag from /opt/airflow/dags/lap_time_analysis.py
[2026-06-30T17:45:33.775+0000] {processor.py:840} INFO - DAG(s) 'lap_time_analysis' retrieved from /opt/airflow/dags/lap_time_analysis.py
[2026-06-30T17:45:33.801+0000] {logging_mixin.py:188} INFO - [2026-06-30T17:45:33.800+0000] {dag.py:3096} INFO - Sync 1 DAGs
[2026-06-30T17:45:33.813+0000] {logging_mixin.py:188} INFO - [2026-06-30T17:45:33.812+0000] {dag.py:3954} INFO - Setting next_dagrun for lap_time_analysis to None, run_after=None
[2026-06-30T17:45:33.836+0000] {processor.py:183} INFO - Processing /opt/airflow/dags/lap_time_analysis.py took 0.166 seconds
[2026-06-30T17:46:04.203+0000] {processor.py:161} INFO - Started process (PID=1123) to work on /opt/airflow/dags/lap_time_analysis.py
[2026-06-30T17:46:04.205+0000] {processor.py:830} INFO - Processing file /opt/airflow/dags/lap_time_analysis.py for tasks to queue
[2026-06-30T17:46:04.208+0000] {logging_mixin.py:188} INFO - [2026-06-30T17:46:04.207+0000] {dagbag.py:545} INFO - Filling up the DagBag from /opt/airflow/dags/lap_time_analysis.py
[2026-06-30T17:46:04.303+0000] {processor.py:840} INFO - DAG(s) 'lap_time_analysis' retrieved from /opt/airflow/dags/lap_time_analysis.py
[2026-06-30T17:46:04.330+0000] {logging_mixin.py:188} INFO - [2026-06-30T17:46:04.330+0000] {dag.py:3096} INFO - Sync 1 DAGs
[2026-06-30T17:46:04.345+0000] {logging_mixin.py:188} INFO - [2026-06-30T17:46:04.344+0000] {dag.py:3954} INFO - Setting next_dagrun for lap_time_analysis to None, run_after=None
[2026-06-30T17:46:04.365+0000] {processor.py:183} INFO - Processing /opt/airflow/dags/lap_time_analysis.py took 0.167 seconds
[2026-06-30T17:46:35.106+0000] {processor.py:161} INFO - Started process (PID=1134) to work on /opt/airflow/dags/lap_time_analysis.py
[2026-06-30T17:46:35.108+0000] {processor.py:830} INFO - Processing file /opt/airflow/dags/lap_time_analysis.py for tasks to queue
[2026-06-30T17:46:35.111+0000] {logging_mixin.py:188} INFO - [2026-06-30T17:46:35.110+0000] {dagbag.py:545} INFO - Filling up the DagBag from /opt/airflow/dags/lap_time_analysis.py
[2026-06-30T17:46:35.207+0000] {processor.py:840} INFO - DAG(s) 'lap_time_analysis' retrieved from /opt/airflow/dags/lap_time_analysis.py
[2026-06-30T17:46:35.233+0000] {logging_mixin.py:188} INFO - [2026-06-30T17:46:35.232+0000] {dag.py:3096} INFO - Sync 1 DAGs
[2026-06-30T17:46:35.245+0000] {logging_mixin.py:188} INFO - [2026-06-30T17:46:35.244+0000] {dag.py:3954} INFO - Setting next_dagrun for lap_time_analysis to None, run_after=None
[2026-06-30T17:46:35.265+0000] {processor.py:183} INFO - Processing /opt/airflow/dags/lap_time_analysis.py took 0.164 seconds
[2026-06-30T17:47:05.857+0000] {processor.py:161} INFO - Started process (PID=1145) to work on /opt/airflow/dags/lap_time_analysis.py
[2026-06-30T17:47:05.859+0000] {processor.py:830} INFO - Processing file /opt/airflow/dags/lap_time_analysis.py for tasks to queue
[2026-06-30T17:47:05.861+0000] {logging_mixin.py:188} INFO - [2026-06-30T17:47:05.860+0000] {dagbag.py:545} INFO - Filling up the DagBag from /opt/airflow/dags/lap_time_analysis.py
[2026-06-30T17:47:05.958+0000] {processor.py:840} INFO - DAG(s) 'lap_time_analysis' retrieved from /opt/airflow/dags/lap_time_analysis.py
[2026-06-30T17:47:05.983+0000] {logging_mixin.py:188} INFO - [2026-06-30T17:47:05.983+0000] {dag.py:3096} INFO - Sync 1 DAGs
[2026-06-30T17:47:05.996+0000] {logging_mixin.py:188} INFO - [2026-06-30T17:47:05.995+0000] {dag.py:3954} INFO - Setting next_dagrun for lap_time_analysis to None, run_after=None
[2026-06-30T17:47:06.018+0000] {processor.py:183} INFO - Processing /opt/airflow/dags/lap_time_analysis.py took 0.167 seconds
[2026-06-30T17:47:36.275+0000] {processor.py:161} INFO - Started process (PID=1156) to work on /opt/airflow/dags/lap_time_analysis.py
[2026-06-30T17:47:36.276+0000] {processor.py:830} INFO - Processing file /opt/airflow/dags/lap_time_analysis.py for tasks to queue
[2026-06-30T17:47:36.279+0000] {logging_mixin.py:188} INFO - [2026-06-30T17:47:36.279+0000] {dagbag.py:545} INFO - Filling up the DagBag from /opt/airflow/dags/lap_time_analysis.py
[2026-06-30T17:47:36.381+0000] {processor.py:840} INFO - DAG(s) 'lap_time_analysis' retrieved from /opt/airflow/dags/lap_time_analysis.py
[2026-06-30T17:47:36.406+0000] {logging_mixin.py:188} INFO - [2026-06-30T17:47:36.406+0000] {dag.py:3096} INFO - Sync 1 DAGs
[2026-06-30T17:47:36.419+0000] {logging_mixin.py:188} INFO - [2026-06-30T17:47:36.419+0000] {dag.py:3954} INFO - Setting next_dagrun for lap_time_analysis to None, run_after=None
[2026-06-30T17:47:36.439+0000] {processor.py:183} INFO - Processing /opt/airflow/dags/lap_time_analysis.py took 0.169 seconds
[2026-06-30T21:16:00.282+0000] {processor.py:161} INFO - Started process (PID=1167) to work on /opt/airflow/dags/lap_time_analysis.py
[2026-06-30T21:16:00.362+0000] {processor.py:830} INFO - Processing file /opt/airflow/dags/lap_time_analysis.py for tasks to queue
[2026-06-30T21:16:00.640+0000] {logging_mixin.py:188} INFO - [2026-06-30T21:16:00.615+0000] {dagbag.py:545} INFO - Filling up the DagBag from /opt/airflow/dags/lap_time_analysis.py
[2026-06-30T21:16:04.198+0000] {processor.py:840} INFO - DAG(s) 'lap_time_analysis' retrieved from /opt/airflow/dags/lap_time_analysis.py
[2026-06-30T21:16:04.868+0000] {logging_mixin.py:188} INFO - [2026-06-30T21:16:04.867+0000] {dag.py:3096} INFO - Sync 1 DAGs
[2026-06-30T21:16:05.209+0000] {logging_mixin.py:188} INFO - [2026-06-30T21:16:05.209+0000] {dag.py:3954} INFO - Setting next_dagrun for lap_time_analysis to None, run_after=None
[2026-06-30T21:16:05.661+0000] {processor.py:183} INFO - Processing /opt/airflow/dags/lap_time_analysis.py took 5.897 seconds
[2026-06-30T21:16:39.089+0000] {processor.py:161} INFO - Started process (PID=1178) to work on /opt/airflow/dags/lap_time_analysis.py
[2026-06-30T21:16:39.114+0000] {processor.py:830} INFO - Processing file /opt/airflow/dags/lap_time_analysis.py for tasks to queue
[2026-06-30T21:16:39.179+0000] {logging_mixin.py:188} INFO - [2026-06-30T21:16:39.170+0000] {dagbag.py:545} INFO - Filling up the DagBag from /opt/airflow/dags/lap_time_analysis.py
[2026-06-30T21:16:40.992+0000] {processor.py:840} INFO - DAG(s) 'lap_time_analysis' retrieved from /opt/airflow/dags/lap_time_analysis.py
[2026-06-30T21:16:41.302+0000] {logging_mixin.py:188} INFO - [2026-06-30T21:16:41.301+0000] {dag.py:3096} INFO - Sync 1 DAGs
[2026-06-30T21:16:41.454+0000] {logging_mixin.py:188} INFO - [2026-06-30T21:16:41.453+0000] {dag.py:3954} INFO - Setting next_dagrun for lap_time_analysis to None, run_after=None
[2026-06-30T21:16:41.579+0000] {processor.py:183} INFO - Processing /opt/airflow/dags/lap_time_analysis.py took 2.864 seconds
[2026-06-30T21:17:12.003+0000] {processor.py:161} INFO - Started process (PID=1189) to work on /opt/airflow/dags/lap_time_analysis.py
[2026-06-30T21:17:12.012+0000] {processor.py:830} INFO - Processing file /opt/airflow/dags/lap_time_analysis.py for tasks to queue
[2026-06-30T21:17:12.046+0000] {logging_mixin.py:188} INFO - [2026-06-30T21:17:12.041+0000] {dagbag.py:545} INFO - Filling up the DagBag from /opt/airflow/dags/lap_time_analysis.py
[2026-06-30T21:17:13.188+0000] {processor.py:840} INFO - DAG(s) 'lap_time_analysis' retrieved from /opt/airflow/dags/lap_time_analysis.py
[2026-06-30T21:17:13.454+0000] {logging_mixin.py:188} INFO - [2026-06-30T21:17:13.453+0000] {dag.py:3096} INFO - Sync 1 DAGs
[2026-06-30T21:17:13.609+0000] {logging_mixin.py:188} INFO - [2026-06-30T21:17:13.608+0000] {dag.py:3954} INFO - Setting next_dagrun for lap_time_analysis to None, run_after=None
[2026-06-30T21:17:13.705+0000] {processor.py:183} INFO - Processing /opt/airflow/dags/lap_time_analysis.py took 1.777 seconds
[2026-06-30T21:17:44.800+0000] {processor.py:161} INFO - Started process (PID=1200) to work on /opt/airflow/dags/lap_time_analysis.py
[2026-06-30T21:17:44.802+0000] {processor.py:830} INFO - Processing file /opt/airflow/dags/lap_time_analysis.py for tasks to queue
[2026-06-30T21:17:44.809+0000] {logging_mixin.py:188} INFO - [2026-06-30T21:17:44.807+0000] {dagbag.py:545} INFO - Filling up the DagBag from /opt/airflow/dags/lap_time_analysis.py
[2026-06-30T21:17:44.991+0000] {processor.py:840} INFO - DAG(s) 'lap_time_analysis' retrieved from /opt/airflow/dags/lap_time_analysis.py
[2026-06-30T21:17:45.030+0000] {logging_mixin.py:188} INFO - [2026-06-30T21:17:45.030+0000] {dag.py:3096} INFO - Sync 1 DAGs
[2026-06-30T21:17:45.058+0000] {logging_mixin.py:188} INFO - [2026-06-30T21:17:45.058+0000] {dag.py:3954} INFO - Setting next_dagrun for lap_time_analysis to None, run_after=None
[2026-06-30T21:17:45.120+0000] {processor.py:183} INFO - Processing /opt/airflow/dags/lap_time_analysis.py took 0.337 seconds
[2026-06-30T21:18:15.497+0000] {processor.py:161} INFO - Started process (PID=1211) to work on /opt/airflow/dags/lap_time_analysis.py
[2026-06-30T21:18:15.504+0000] {processor.py:830} INFO - Processing file /opt/airflow/dags/lap_time_analysis.py for tasks to queue
[2026-06-30T21:18:15.531+0000] {logging_mixin.py:188} INFO - [2026-06-30T21:18:15.525+0000] {dagbag.py:545} INFO - Filling up the DagBag from /opt/airflow/dags/lap_time_analysis.py
[2026-06-30T21:18:16.275+0000] {processor.py:840} INFO - DAG(s) 'lap_time_analysis' retrieved from /opt/airflow/dags/lap_time_analysis.py
[2026-06-30T21:18:16.427+0000] {logging_mixin.py:188} INFO - [2026-06-30T21:18:16.427+0000] {dag.py:3096} INFO - Sync 1 DAGs
[2026-06-30T21:18:16.512+0000] {logging_mixin.py:188} INFO - [2026-06-30T21:18:16.511+0000] {dag.py:3954} INFO - Setting next_dagrun for lap_time_analysis to None, run_after=None
[2026-06-30T21:18:16.611+0000] {processor.py:183} INFO - Processing /opt/airflow/dags/lap_time_analysis.py took 1.179 seconds
[2026-06-30T21:18:46.838+0000] {processor.py:161} INFO - Started process (PID=1222) to work on /opt/airflow/dags/lap_time_analysis.py
[2026-06-30T21:18:46.840+0000] {processor.py:830} INFO - Processing file /opt/airflow/dags/lap_time_analysis.py for tasks to queue
[2026-06-30T21:18:46.846+0000] {logging_mixin.py:188} INFO - [2026-06-30T21:18:46.846+0000] {dagbag.py:545} INFO - Filling up the DagBag from /opt/airflow/dags/lap_time_analysis.py
[2026-06-30T21:18:46.980+0000] {processor.py:840} INFO - DAG(s) 'lap_time_analysis' retrieved from /opt/airflow/dags/lap_time_analysis.py
[2026-06-30T21:18:47.016+0000] {logging_mixin.py:188} INFO - [2026-06-30T21:18:47.016+0000] {dag.py:3096} INFO - Sync 1 DAGs
[2026-06-30T21:18:47.033+0000] {logging_mixin.py:188} INFO - [2026-06-30T21:18:47.033+0000] {dag.py:3954} INFO - Setting next_dagrun for lap_time_analysis to None, run_after=None
[2026-06-30T21:18:47.061+0000] {processor.py:183} INFO - Processing /opt/airflow/dags/lap_time_analysis.py took 0.232 seconds
[2026-06-30T21:19:17.461+0000] {processor.py:161} INFO - Started process (PID=1233) to work on /opt/airflow/dags/lap_time_analysis.py
[2026-06-30T21:19:17.463+0000] {processor.py:830} INFO - Processing file /opt/airflow/dags/lap_time_analysis.py for tasks to queue
[2026-06-30T21:19:17.465+0000] {logging_mixin.py:188} INFO - [2026-06-30T21:19:17.465+0000] {dagbag.py:545} INFO - Filling up the DagBag from /opt/airflow/dags/lap_time_analysis.py
[2026-06-30T21:19:17.571+0000] {processor.py:840} INFO - DAG(s) 'lap_time_analysis' retrieved from /opt/airflow/dags/lap_time_analysis.py
[2026-06-30T21:19:17.603+0000] {logging_mixin.py:188} INFO - [2026-06-30T21:19:17.603+0000] {dag.py:3096} INFO - Sync 1 DAGs
[2026-06-30T21:19:17.618+0000] {logging_mixin.py:188} INFO - [2026-06-30T21:19:17.618+0000] {dag.py:3954} INFO - Setting next_dagrun for lap_time_analysis to None, run_after=None
[2026-06-30T21:19:17.640+0000] {processor.py:183} INFO - Processing /opt/airflow/dags/lap_time_analysis.py took 0.207 seconds
[2026-06-30T21:19:47.789+0000] {processor.py:161} INFO - Started process (PID=1244) to work on /opt/airflow/dags/lap_time_analysis.py
[2026-06-30T21:19:47.791+0000] {processor.py:830} INFO - Processing file /opt/airflow/dags/lap_time_analysis.py for tasks to queue
[2026-06-30T21:19:47.794+0000] {logging_mixin.py:188} INFO - [2026-06-30T21:19:47.794+0000] {dagbag.py:545} INFO - Filling up the DagBag from /opt/airflow/dags/lap_time_analysis.py
[2026-06-30T21:19:47.910+0000] {processor.py:840} INFO - DAG(s) 'lap_time_analysis' retrieved from /opt/airflow/dags/lap_time_analysis.py
[2026-06-30T21:19:47.945+0000] {logging_mixin.py:188} INFO - [2026-06-30T21:19:47.944+0000] {dag.py:3096} INFO - Sync 1 DAGs
[2026-06-30T21:19:47.963+0000] {logging_mixin.py:188} INFO - [2026-06-30T21:19:47.962+0000] {dag.py:3954} INFO - Setting next_dagrun for lap_time_analysis to None, run_after=None
[2026-06-30T21:19:47.993+0000] {processor.py:183} INFO - Processing /opt/airflow/dags/lap_time_analysis.py took 0.210 seconds
[2026-06-30T21:20:18.587+0000] {processor.py:161} INFO - Started process (PID=1255) to work on /opt/airflow/dags/lap_time_analysis.py
[2026-06-30T21:20:18.591+0000] {processor.py:830} INFO - Processing file /opt/airflow/dags/lap_time_analysis.py for tasks to queue
[2026-06-30T21:20:18.597+0000] {logging_mixin.py:188} INFO - [2026-06-30T21:20:18.596+0000] {dagbag.py:545} INFO - Filling up the DagBag from /opt/airflow/dags/lap_time_analysis.py
[2026-06-30T21:20:18.742+0000] {processor.py:840} INFO - DAG(s) 'lap_time_analysis' retrieved from /opt/airflow/dags/lap_time_analysis.py
[2026-06-30T21:20:18.773+0000] {logging_mixin.py:188} INFO - [2026-06-30T21:20:18.773+0000] {dag.py:3096} INFO - Sync 1 DAGs
[2026-06-30T21:20:18.804+0000] {logging_mixin.py:188} INFO - [2026-06-30T21:20:18.804+0000] {dag.py:3954} INFO - Setting next_dagrun for lap_time_analysis to None, run_after=None
[2026-06-30T21:20:18.828+0000] {processor.py:183} INFO - Processing /opt/airflow/dags/lap_time_analysis.py took 0.256 seconds
[2026-06-30T21:20:49.462+0000] {processor.py:161} INFO - Started process (PID=1266) to work on /opt/airflow/dags/lap_time_analysis.py
[2026-06-30T21:20:49.463+0000] {processor.py:830} INFO - Processing file /opt/airflow/dags/lap_time_analysis.py for tasks to queue
[2026-06-30T21:20:49.466+0000] {logging_mixin.py:188} INFO - [2026-06-30T21:20:49.466+0000] {dagbag.py:545} INFO - Filling up the DagBag from /opt/airflow/dags/lap_time_analysis.py
[2026-06-30T21:20:49.636+0000] {processor.py:840} INFO - DAG(s) 'lap_time_analysis' retrieved from /opt/airflow/dags/lap_time_analysis.py
[2026-06-30T21:20:49.680+0000] {logging_mixin.py:188} INFO - [2026-06-30T21:20:49.680+0000] {dag.py:3096} INFO - Sync 1 DAGs
[2026-06-30T21:20:49.696+0000] {logging_mixin.py:188} INFO - [2026-06-30T21:20:49.696+0000] {dag.py:3954} INFO - Setting next_dagrun for lap_time_analysis to None, run_after=None
[2026-06-30T21:20:49.720+0000] {processor.py:183} INFO - Processing /opt/airflow/dags/lap_time_analysis.py took 0.268 seconds
[2026-06-30T21:21:20.469+0000] {processor.py:161} INFO - Started process (PID=1277) to work on /opt/airflow/dags/lap_time_analysis.py
[2026-06-30T21:21:20.716+0000] {processor.py:830} INFO - Processing file /opt/airflow/dags/lap_time_analysis.py for tasks to queue
[2026-06-30T21:21:20.948+0000] {logging_mixin.py:188} INFO - [2026-06-30T21:21:20.946+0000] {dagbag.py:545} INFO - Filling up the DagBag from /opt/airflow/dags/lap_time_analysis.py
[2026-06-30T21:21:21.485+0000] {processor.py:840} INFO - DAG(s) 'lap_time_analysis' retrieved from /opt/airflow/dags/lap_time_analysis.py
[2026-06-30T21:21:21.513+0000] {logging_mixin.py:188} INFO - [2026-06-30T21:21:21.513+0000] {dag.py:3096} INFO - Sync 1 DAGs
[2026-06-30T21:21:21.529+0000] {logging_mixin.py:188} INFO - [2026-06-30T21:21:21.528+0000] {dag.py:3954} INFO - Setting next_dagrun for lap_time_analysis to None, run_after=None
[2026-06-30T21:21:21.875+0000] {processor.py:183} INFO - Processing /opt/airflow/dags/lap_time_analysis.py took 1.414 seconds
[2026-06-30T21:21:52.884+0000] {processor.py:161} INFO - Started process (PID=1288) to work on /opt/airflow/dags/lap_time_analysis.py
[2026-06-30T21:21:52.888+0000] {processor.py:830} INFO - Processing file /opt/airflow/dags/lap_time_analysis.py for tasks to queue
[2026-06-30T21:21:52.893+0000] {logging_mixin.py:188} INFO - [2026-06-30T21:21:52.893+0000] {dagbag.py:545} INFO - Filling up the DagBag from /opt/airflow/dags/lap_time_analysis.py
[2026-06-30T21:21:53.001+0000] {processor.py:840} INFO - DAG(s) 'lap_time_analysis' retrieved from /opt/airflow/dags/lap_time_analysis.py
[2026-06-30T21:21:53.029+0000] {logging_mixin.py:188} INFO - [2026-06-30T21:21:53.029+0000] {dag.py:3096} INFO - Sync 1 DAGs
[2026-06-30T21:21:53.044+0000] {logging_mixin.py:188} INFO - [2026-06-30T21:21:53.043+0000] {dag.py:3954} INFO - Setting next_dagrun for lap_time_analysis to None, run_after=None
[2026-06-30T21:21:53.072+0000] {processor.py:183} INFO - Processing /opt/airflow/dags/lap_time_analysis.py took 0.195 seconds
[2026-06-30T21:22:23.673+0000] {processor.py:161} INFO - Started process (PID=1299) to work on /opt/airflow/dags/lap_time_analysis.py
[2026-06-30T21:22:23.676+0000] {processor.py:830} INFO - Processing file /opt/airflow/dags/lap_time_analysis.py for tasks to queue
[2026-06-30T21:22:23.684+0000] {logging_mixin.py:188} INFO - [2026-06-30T21:22:23.683+0000] {dagbag.py:545} INFO - Filling up the DagBag from /opt/airflow/dags/lap_time_analysis.py
[2026-06-30T21:22:23.808+0000] {processor.py:840} INFO - DAG(s) 'lap_time_analysis' retrieved from /opt/airflow/dags/lap_time_analysis.py
[2026-06-30T21:22:23.833+0000] {logging_mixin.py:188} INFO - [2026-06-30T21:22:23.832+0000] {dag.py:3096} INFO - Sync 1 DAGs
[2026-06-30T21:22:23.844+0000] {logging_mixin.py:188} INFO - [2026-06-30T21:22:23.844+0000] {dag.py:3954} INFO - Setting next_dagrun for lap_time_analysis to None, run_after=None
[2026-06-30T21:22:23.865+0000] {processor.py:183} INFO - Processing /opt/airflow/dags/lap_time_analysis.py took 0.201 seconds
[2026-06-30T21:22:54.523+0000] {processor.py:161} INFO - Started process (PID=1310) to work on /opt/airflow/dags/lap_time_analysis.py
[2026-06-30T21:22:54.527+0000] {processor.py:830} INFO - Processing file /opt/airflow/dags/lap_time_analysis.py for tasks to queue
[2026-06-30T21:22:54.531+0000] {logging_mixin.py:188} INFO - [2026-06-30T21:22:54.530+0000] {dagbag.py:545} INFO - Filling up the DagBag from /opt/airflow/dags/lap_time_analysis.py
[2026-06-30T21:22:54.637+0000] {processor.py:840} INFO - DAG(s) 'lap_time_analysis' retrieved from /opt/airflow/dags/lap_time_analysis.py
[2026-06-30T21:22:54.662+0000] {logging_mixin.py:188} INFO - [2026-06-30T21:22:54.661+0000] {dag.py:3096} INFO - Sync 1 DAGs
[2026-06-30T21:22:54.675+0000] {logging_mixin.py:188} INFO - [2026-06-30T21:22:54.674+0000] {dag.py:3954} INFO - Setting next_dagrun for lap_time_analysis to None, run_after=None
[2026-06-30T21:22:54.701+0000] {processor.py:183} INFO - Processing /opt/airflow/dags/lap_time_analysis.py took 0.187 seconds
[2026-06-30T21:23:25.031+0000] {processor.py:161} INFO - Started process (PID=1321) to work on /opt/airflow/dags/lap_time_analysis.py
[2026-06-30T21:23:25.032+0000] {processor.py:830} INFO - Processing file /opt/airflow/dags/lap_time_analysis.py for tasks to queue
[2026-06-30T21:23:25.034+0000] {logging_mixin.py:188} INFO - [2026-06-30T21:23:25.034+0000] {dagbag.py:545} INFO - Filling up the DagBag from /opt/airflow/dags/lap_time_analysis.py
[2026-06-30T21:23:25.130+0000] {processor.py:840} INFO - DAG(s) 'lap_time_analysis' retrieved from /opt/airflow/dags/lap_time_analysis.py
[2026-06-30T21:23:25.155+0000] {logging_mixin.py:188} INFO - [2026-06-30T21:23:25.155+0000] {dag.py:3096} INFO - Sync 1 DAGs
[2026-06-30T21:23:25.169+0000] {logging_mixin.py:188} INFO - [2026-06-30T21:23:25.169+0000] {dag.py:3954} INFO - Setting next_dagrun for lap_time_analysis to None, run_after=None
[2026-06-30T21:23:25.194+0000] {processor.py:183} INFO - Processing /opt/airflow/dags/lap_time_analysis.py took 0.168 seconds
[2026-06-30T21:23:55.729+0000] {processor.py:161} INFO - Started process (PID=1332) to work on /opt/airflow/dags/lap_time_analysis.py
[2026-06-30T21:23:55.730+0000] {processor.py:830} INFO - Processing file /opt/airflow/dags/lap_time_analysis.py for tasks to queue
[2026-06-30T21:23:55.732+0000] {logging_mixin.py:188} INFO - [2026-06-30T21:23:55.732+0000] {dagbag.py:545} INFO - Filling up the DagBag from /opt/airflow/dags/lap_time_analysis.py
[2026-06-30T21:23:55.844+0000] {processor.py:840} INFO - DAG(s) 'lap_time_analysis' retrieved from /opt/airflow/dags/lap_time_analysis.py
[2026-06-30T21:23:55.872+0000] {logging_mixin.py:188} INFO - [2026-06-30T21:23:55.872+0000] {dag.py:3096} INFO - Sync 1 DAGs
[2026-06-30T21:23:55.884+0000] {logging_mixin.py:188} INFO - [2026-06-30T21:23:55.884+0000] {dag.py:3954} INFO - Setting next_dagrun for lap_time_analysis to None, run_after=None
[2026-06-30T21:23:55.907+0000] {processor.py:183} INFO - Processing /opt/airflow/dags/lap_time_analysis.py took 0.186 seconds
[2026-06-30T21:24:26.124+0000] {processor.py:161} INFO - Started process (PID=1343) to work on /opt/airflow/dags/lap_time_analysis.py
[2026-06-30T21:24:26.126+0000] {processor.py:830} INFO - Processing file /opt/airflow/dags/lap_time_analysis.py for tasks to queue
[2026-06-30T21:24:26.129+0000] {logging_mixin.py:188} INFO - [2026-06-30T21:24:26.128+0000] {dagbag.py:545} INFO - Filling up the DagBag from /opt/airflow/dags/lap_time_analysis.py
[2026-06-30T21:24:26.230+0000] {processor.py:840} INFO - DAG(s) 'lap_time_analysis' retrieved from /opt/airflow/dags/lap_time_analysis.py
[2026-06-30T21:24:26.262+0000] {logging_mixin.py:188} INFO - [2026-06-30T21:24:26.262+0000] {dag.py:3096} INFO - Sync 1 DAGs
[2026-06-30T21:24:26.276+0000] {logging_mixin.py:188} INFO - [2026-06-30T21:24:26.275+0000] {dag.py:3954} INFO - Setting next_dagrun for lap_time_analysis to None, run_after=None
[2026-06-30T21:24:26.298+0000] {processor.py:183} INFO - Processing /opt/airflow/dags/lap_time_analysis.py took 0.180 seconds
[2026-06-30T21:24:56.947+0000] {processor.py:161} INFO - Started process (PID=1354) to work on /opt/airflow/dags/lap_time_analysis.py
[2026-06-30T21:24:56.949+0000] {processor.py:830} INFO - Processing file /opt/airflow/dags/lap_time_analysis.py for tasks to queue
[2026-06-30T21:24:56.953+0000] {logging_mixin.py:188} INFO - [2026-06-30T21:24:56.953+0000] {dagbag.py:545} INFO - Filling up the DagBag from /opt/airflow/dags/lap_time_analysis.py
[2026-06-30T21:24:57.079+0000] {processor.py:840} INFO - DAG(s) 'lap_time_analysis' retrieved from /opt/airflow/dags/lap_time_analysis.py
[2026-06-30T21:24:57.106+0000] {logging_mixin.py:188} INFO - [2026-06-30T21:24:57.105+0000] {dag.py:3096} INFO - Sync 1 DAGs
[2026-06-30T21:24:57.120+0000] {logging_mixin.py:188} INFO - [2026-06-30T21:24:57.120+0000] {dag.py:3954} INFO - Setting next_dagrun for lap_time_analysis to None, run_after=None
[2026-06-30T21:24:57.140+0000] {processor.py:183} INFO - Processing /opt/airflow/dags/lap_time_analysis.py took 0.200 seconds
[2026-06-30T21:25:27.706+0000] {processor.py:161} INFO - Started process (PID=1365) to work on /opt/airflow/dags/lap_time_analysis.py
[2026-06-30T21:25:27.709+0000] {processor.py:830} INFO - Processing file /opt/airflow/dags/lap_time_analysis.py for tasks to queue
[2026-06-30T21:25:27.713+0000] {logging_mixin.py:188} INFO - [2026-06-30T21:25:27.713+0000] {dagbag.py:545} INFO - Filling up the DagBag from /opt/airflow/dags/lap_time_analysis.py
[2026-06-30T21:25:27.842+0000] {processor.py:840} INFO - DAG(s) 'lap_time_analysis' retrieved from /opt/airflow/dags/lap_time_analysis.py
[2026-06-30T21:25:27.874+0000] {logging_mixin.py:188} INFO - [2026-06-30T21:25:27.874+0000] {dag.py:3096} INFO - Sync 1 DAGs
[2026-06-30T21:25:27.889+0000] {logging_mixin.py:188} INFO - [2026-06-30T21:25:27.888+0000] {dag.py:3954} INFO - Setting next_dagrun for lap_time_analysis to None, run_after=None
[2026-06-30T21:25:27.915+0000] {processor.py:183} INFO - Processing /opt/airflow/dags/lap_time_analysis.py took 0.216 seconds
[2026-06-30T21:25:58.390+0000] {processor.py:161} INFO - Started process (PID=1376) to work on /opt/airflow/dags/lap_time_analysis.py
[2026-06-30T21:25:58.392+0000] {processor.py:830} INFO - Processing file /opt/airflow/dags/lap_time_analysis.py for tasks to queue
[2026-06-30T21:25:58.395+0000] {logging_mixin.py:188} INFO - [2026-06-30T21:25:58.394+0000] {dagbag.py:545} INFO - Filling up the DagBag from /opt/airflow/dags/lap_time_analysis.py
[2026-06-30T21:25:58.541+0000] {processor.py:840} INFO - DAG(s) 'lap_time_analysis' retrieved from /opt/airflow/dags/lap_time_analysis.py
[2026-06-30T21:25:58.600+0000] {logging_mixin.py:188} INFO - [2026-06-30T21:25:58.600+0000] {dag.py:3096} INFO - Sync 1 DAGs
[2026-06-30T21:25:58.621+0000] {logging_mixin.py:188} INFO - [2026-06-30T21:25:58.620+0000] {dag.py:3954} INFO - Setting next_dagrun for lap_time_analysis to None, run_after=None
[2026-06-30T21:25:58.665+0000] {processor.py:183} INFO - Processing /opt/airflow/dags/lap_time_analysis.py took 0.285 seconds
[2026-06-30T21:26:29.304+0000] {processor.py:161} INFO - Started process (PID=1387) to work on /opt/airflow/dags/lap_time_analysis.py
[2026-06-30T21:26:29.306+0000] {processor.py:830} INFO - Processing file /opt/airflow/dags/lap_time_analysis.py for tasks to queue
[2026-06-30T21:26:29.309+0000] {logging_mixin.py:188} INFO - [2026-06-30T21:26:29.308+0000] {dagbag.py:545} INFO - Filling up the DagBag from /opt/airflow/dags/lap_time_analysis.py
[2026-06-30T21:26:29.413+0000] {processor.py:840} INFO - DAG(s) 'lap_time_analysis' retrieved from /opt/airflow/dags/lap_time_analysis.py
[2026-06-30T21:26:29.445+0000] {logging_mixin.py:188} INFO - [2026-06-30T21:26:29.444+0000] {dag.py:3096} INFO - Sync 1 DAGs
[2026-06-30T21:26:29.460+0000] {logging_mixin.py:188} INFO - [2026-06-30T21:26:29.460+0000] {dag.py:3954} INFO - Setting next_dagrun for lap_time_analysis to None, run_after=None
[2026-06-30T21:26:29.483+0000] {processor.py:183} INFO - Processing /opt/airflow/dags/lap_time_analysis.py took 0.186 seconds
[2026-06-30T21:27:00.344+0000] {processor.py:161} INFO - Started process (PID=1398) to work on /opt/airflow/dags/lap_time_analysis.py
[2026-06-30T21:27:00.349+0000] {processor.py:830} INFO - Processing file /opt/airflow/dags/lap_time_analysis.py for tasks to queue
[2026-06-30T21:27:00.353+0000] {logging_mixin.py:188} INFO - [2026-06-30T21:27:00.352+0000] {dagbag.py:545} INFO - Filling up the DagBag from /opt/airflow/dags/lap_time_analysis.py
[2026-06-30T21:27:00.497+0000] {processor.py:840} INFO - DAG(s) 'lap_time_analysis' retrieved from /opt/airflow/dags/lap_time_analysis.py
[2026-06-30T21:27:00.533+0000] {logging_mixin.py:188} INFO - [2026-06-30T21:27:00.533+0000] {dag.py:3096} INFO - Sync 1 DAGs
[2026-06-30T21:27:00.549+0000] {logging_mixin.py:188} INFO - [2026-06-30T21:27:00.549+0000] {dag.py:3954} INFO - Setting next_dagrun for lap_time_analysis to None, run_after=None
[2026-06-30T21:27:00.579+0000] {processor.py:183} INFO - Processing /opt/airflow/dags/lap_time_analysis.py took 0.284 seconds
[2026-06-30T21:27:31.063+0000] {processor.py:161} INFO - Started process (PID=1409) to work on /opt/airflow/dags/lap_time_analysis.py
[2026-06-30T21:27:31.067+0000] {processor.py:830} INFO - Processing file /opt/airflow/dags/lap_time_analysis.py for tasks to queue
[2026-06-30T21:27:31.072+0000] {logging_mixin.py:188} INFO - [2026-06-30T21:27:31.071+0000] {dagbag.py:545} INFO - Filling up the DagBag from /opt/airflow/dags/lap_time_analysis.py
[2026-06-30T21:27:31.213+0000] {processor.py:840} INFO - DAG(s) 'lap_time_analysis' retrieved from /opt/airflow/dags/lap_time_analysis.py
[2026-06-30T21:27:31.250+0000] {logging_mixin.py:188} INFO - [2026-06-30T21:27:31.249+0000] {dag.py:3096} INFO - Sync 1 DAGs
[2026-06-30T21:27:31.265+0000] {logging_mixin.py:188} INFO - [2026-06-30T21:27:31.265+0000] {dag.py:3954} INFO - Setting next_dagrun for lap_time_analysis to None, run_after=None
[2026-06-30T21:27:31.288+0000] {processor.py:183} INFO - Processing /opt/airflow/dags/lap_time_analysis.py took 0.232 seconds
[2026-06-30T21:28:01.544+0000] {processor.py:161} INFO - Started process (PID=1420) to work on /opt/airflow/dags/lap_time_analysis.py
[2026-06-30T21:28:01.546+0000] {processor.py:830} INFO - Processing file /opt/airflow/dags/lap_time_analysis.py for tasks to queue
[2026-06-30T21:28:01.550+0000] {logging_mixin.py:188} INFO - [2026-06-30T21:28:01.548+0000] {dagbag.py:545} INFO - Filling up the DagBag from /opt/airflow/dags/lap_time_analysis.py
[2026-06-30T21:28:01.679+0000] {processor.py:840} INFO - DAG(s) 'lap_time_analysis' retrieved from /opt/airflow/dags/lap_time_analysis.py
[2026-06-30T21:28:01.714+0000] {logging_mixin.py:188} INFO - [2026-06-30T21:28:01.714+0000] {dag.py:3096} INFO - Sync 1 DAGs
[2026-06-30T21:28:01.730+0000] {logging_mixin.py:188} INFO - [2026-06-30T21:28:01.729+0000] {dag.py:3954} INFO - Setting next_dagrun for lap_time_analysis to None, run_after=None
[2026-06-30T21:28:01.756+0000] {processor.py:183} INFO - Processing /opt/airflow/dags/lap_time_analysis.py took 0.218 seconds
[2026-06-30T21:28:32.463+0000] {processor.py:161} INFO - Started process (PID=1431) to work on /opt/airflow/dags/lap_time_analysis.py
[2026-06-30T21:28:32.465+0000] {processor.py:830} INFO - Processing file /opt/airflow/dags/lap_time_analysis.py for tasks to queue
[2026-06-30T21:28:32.470+0000] {logging_mixin.py:188} INFO - [2026-06-30T21:28:32.470+0000] {dagbag.py:545} INFO - Filling up the DagBag from /opt/airflow/dags/lap_time_analysis.py
[2026-06-30T21:28:32.581+0000] {processor.py:840} INFO - DAG(s) 'lap_time_analysis' retrieved from /opt/airflow/dags/lap_time_analysis.py
[2026-06-30T21:28:32.621+0000] {logging_mixin.py:188} INFO - [2026-06-30T21:28:32.621+0000] {dag.py:3096} INFO - Sync 1 DAGs
[2026-06-30T21:28:32.637+0000] {logging_mixin.py:188} INFO - [2026-06-30T21:28:32.637+0000] {dag.py:3954} INFO - Setting next_dagrun for lap_time_analysis to None, run_after=None
[2026-06-30T21:28:32.668+0000] {processor.py:183} INFO - Processing /opt/airflow/dags/lap_time_analysis.py took 0.211 seconds
[2026-06-30T21:29:03.346+0000] {processor.py:161} INFO - Started process (PID=1442) to work on /opt/airflow/dags/lap_time_analysis.py
[2026-06-30T21:29:03.347+0000] {processor.py:830} INFO - Processing file /opt/airflow/dags/lap_time_analysis.py for tasks to queue
[2026-06-30T21:29:03.350+0000] {logging_mixin.py:188} INFO - [2026-06-30T21:29:03.349+0000] {dagbag.py:545} INFO - Filling up the DagBag from /opt/airflow/dags/lap_time_analysis.py
[2026-06-30T21:29:03.474+0000] {processor.py:840} INFO - DAG(s) 'lap_time_analysis' retrieved from /opt/airflow/dags/lap_time_analysis.py
[2026-06-30T21:29:03.508+0000] {logging_mixin.py:188} INFO - [2026-06-30T21:29:03.508+0000] {dag.py:3096} INFO - Sync 1 DAGs
[2026-06-30T21:29:03.531+0000] {logging_mixin.py:188} INFO - [2026-06-30T21:29:03.530+0000] {dag.py:3954} INFO - Setting next_dagrun for lap_time_analysis to None, run_after=None
[2026-06-30T21:29:03.557+0000] {processor.py:183} INFO - Processing /opt/airflow/dags/lap_time_analysis.py took 0.217 seconds
[2026-06-30T21:29:34.288+0000] {processor.py:161} INFO - Started process (PID=1453) to work on /opt/airflow/dags/lap_time_analysis.py
[2026-06-30T21:29:34.289+0000] {processor.py:830} INFO - Processing file /opt/airflow/dags/lap_time_analysis.py for tasks to queue
[2026-06-30T21:29:34.292+0000] {logging_mixin.py:188} INFO - [2026-06-30T21:29:34.291+0000] {dagbag.py:545} INFO - Filling up the DagBag from /opt/airflow/dags/lap_time_analysis.py
[2026-06-30T21:29:34.393+0000] {processor.py:840} INFO - DAG(s) 'lap_time_analysis' retrieved from /opt/airflow/dags/lap_time_analysis.py
[2026-06-30T21:29:34.423+0000] {logging_mixin.py:188} INFO - [2026-06-30T21:29:34.422+0000] {dag.py:3096} INFO - Sync 1 DAGs
[2026-06-30T21:29:34.437+0000] {logging_mixin.py:188} INFO - [2026-06-30T21:29:34.437+0000] {dag.py:3954} INFO - Setting next_dagrun for lap_time_analysis to None, run_after=None
[2026-06-30T21:29:34.458+0000] {processor.py:183} INFO - Processing /opt/airflow/dags/lap_time_analysis.py took 0.176 seconds
[2026-06-30T21:30:04.529+0000] {processor.py:161} INFO - Started process (PID=1464) to work on /opt/airflow/dags/lap_time_analysis.py
[2026-06-30T21:30:04.530+0000] {processor.py:830} INFO - Processing file /opt/airflow/dags/lap_time_analysis.py for tasks to queue
[2026-06-30T21:30:04.533+0000] {logging_mixin.py:188} INFO - [2026-06-30T21:30:04.533+0000] {dagbag.py:545} INFO - Filling up the DagBag from /opt/airflow/dags/lap_time_analysis.py
[2026-06-30T21:30:04.637+0000] {processor.py:840} INFO - DAG(s) 'lap_time_analysis' retrieved from /opt/airflow/dags/lap_time_analysis.py
[2026-06-30T21:30:04.668+0000] {logging_mixin.py:188} INFO - [2026-06-30T21:30:04.668+0000] {dag.py:3096} INFO - Sync 1 DAGs
[2026-06-30T21:30:04.683+0000] {logging_mixin.py:188} INFO - [2026-06-30T21:30:04.683+0000] {dag.py:3954} INFO - Setting next_dagrun for lap_time_analysis to None, run_after=None
[2026-06-30T21:30:04.705+0000] {processor.py:183} INFO - Processing /opt/airflow/dags/lap_time_analysis.py took 0.182 seconds
[2026-06-30T21:30:35.059+0000] {processor.py:161} INFO - Started process (PID=1475) to work on /opt/airflow/dags/lap_time_analysis.py
[2026-06-30T21:30:35.061+0000] {processor.py:830} INFO - Processing file /opt/airflow/dags/lap_time_analysis.py for tasks to queue
[2026-06-30T21:30:35.063+0000] {logging_mixin.py:188} INFO - [2026-06-30T21:30:35.063+0000] {dagbag.py:545} INFO - Filling up the DagBag from /opt/airflow/dags/lap_time_analysis.py
[2026-06-30T21:30:35.180+0000] {processor.py:840} INFO - DAG(s) 'lap_time_analysis' retrieved from /opt/airflow/dags/lap_time_analysis.py
[2026-06-30T21:30:35.210+0000] {logging_mixin.py:188} INFO - [2026-06-30T21:30:35.210+0000] {dag.py:3096} INFO - Sync 1 DAGs
[2026-06-30T21:30:35.224+0000] {logging_mixin.py:188} INFO - [2026-06-30T21:30:35.224+0000] {dag.py:3954} INFO - Setting next_dagrun for lap_time_analysis to None, run_after=None
[2026-06-30T21:30:35.248+0000] {processor.py:183} INFO - Processing /opt/airflow/dags/lap_time_analysis.py took 0.198 seconds
[2026-06-30T21:31:05.507+0000] {processor.py:161} INFO - Started process (PID=1486) to work on /opt/airflow/dags/lap_time_analysis.py
[2026-06-30T21:31:05.509+0000] {processor.py:830} INFO - Processing file /opt/airflow/dags/lap_time_analysis.py for tasks to queue
[2026-06-30T21:31:05.514+0000] {logging_mixin.py:188} INFO - [2026-06-30T21:31:05.513+0000] {dagbag.py:545} INFO - Filling up the DagBag from /opt/airflow/dags/lap_time_analysis.py
[2026-06-30T21:31:05.616+0000] {processor.py:840} INFO - DAG(s) 'lap_time_analysis' retrieved from /opt/airflow/dags/lap_time_analysis.py
[2026-06-30T21:31:05.643+0000] {logging_mixin.py:188} INFO - [2026-06-30T21:31:05.643+0000] {dag.py:3096} INFO - Sync 1 DAGs
[2026-06-30T21:31:05.656+0000] {logging_mixin.py:188} INFO - [2026-06-30T21:31:05.655+0000] {dag.py:3954} INFO - Setting next_dagrun for lap_time_analysis to None, run_after=None
[2026-06-30T21:31:05.678+0000] {processor.py:183} INFO - Processing /opt/airflow/dags/lap_time_analysis.py took 0.185 seconds
[2026-06-30T21:31:36.457+0000] {processor.py:161} INFO - Started process (PID=1497) to work on /opt/airflow/dags/lap_time_analysis.py
[2026-06-30T21:31:36.460+0000] {processor.py:830} INFO - Processing file /opt/airflow/dags/lap_time_analysis.py for tasks to queue
[2026-06-30T21:31:36.463+0000] {logging_mixin.py:188} INFO - [2026-06-30T21:31:36.462+0000] {dagbag.py:545} INFO - Filling up the DagBag from /opt/airflow/dags/lap_time_analysis.py
[2026-06-30T21:31:36.559+0000] {processor.py:840} INFO - DAG(s) 'lap_time_analysis' retrieved from /opt/airflow/dags/lap_time_analysis.py
[2026-06-30T21:31:36.584+0000] {logging_mixin.py:188} INFO - [2026-06-30T21:31:36.583+0000] {dag.py:3096} INFO - Sync 1 DAGs
[2026-06-30T21:31:36.596+0000] {logging_mixin.py:188} INFO - [2026-06-30T21:31:36.596+0000] {dag.py:3954} INFO - Setting next_dagrun for lap_time_analysis to None, run_after=None
[2026-06-30T21:31:36.615+0000] {processor.py:183} INFO - Processing /opt/airflow/dags/lap_time_analysis.py took 0.165 seconds
[2026-06-30T21:32:06.750+0000] {processor.py:161} INFO - Started process (PID=1508) to work on /opt/airflow/dags/lap_time_analysis.py
[2026-06-30T21:32:06.752+0000] {processor.py:830} INFO - Processing file /opt/airflow/dags/lap_time_analysis.py for tasks to queue
[2026-06-30T21:32:06.754+0000] {logging_mixin.py:188} INFO - [2026-06-30T21:32:06.754+0000] {dagbag.py:545} INFO - Filling up the DagBag from /opt/airflow/dags/lap_time_analysis.py
[2026-06-30T21:32:06.860+0000] {processor.py:840} INFO - DAG(s) 'lap_time_analysis' retrieved from /opt/airflow/dags/lap_time_analysis.py
[2026-06-30T21:32:06.892+0000] {logging_mixin.py:188} INFO - [2026-06-30T21:32:06.892+0000] {dag.py:3096} INFO - Sync 1 DAGs
[2026-06-30T21:32:06.908+0000] {logging_mixin.py:188} INFO - [2026-06-30T21:32:06.907+0000] {dag.py:3954} INFO - Setting next_dagrun for lap_time_analysis to None, run_after=None
[2026-06-30T21:32:06.941+0000] {processor.py:183} INFO - Processing /opt/airflow/dags/lap_time_analysis.py took 0.197 seconds
[2026-06-30T21:32:37.065+0000] {processor.py:161} INFO - Started process (PID=1519) to work on /opt/airflow/dags/lap_time_analysis.py
[2026-06-30T21:32:37.067+0000] {processor.py:830} INFO - Processing file /opt/airflow/dags/lap_time_analysis.py for tasks to queue
[2026-06-30T21:32:37.069+0000] {logging_mixin.py:188} INFO - [2026-06-30T21:32:37.069+0000] {dagbag.py:545} INFO - Filling up the DagBag from /opt/airflow/dags/lap_time_analysis.py
[2026-06-30T21:32:37.211+0000] {processor.py:840} INFO - DAG(s) 'lap_time_analysis' retrieved from /opt/airflow/dags/lap_time_analysis.py
[2026-06-30T21:32:37.242+0000] {logging_mixin.py:188} INFO - [2026-06-30T21:32:37.242+0000] {dag.py:3096} INFO - Sync 1 DAGs
[2026-06-30T21:32:37.257+0000] {logging_mixin.py:188} INFO - [2026-06-30T21:32:37.257+0000] {dag.py:3954} INFO - Setting next_dagrun for lap_time_analysis to None, run_after=None
[2026-06-30T21:32:37.281+0000] {processor.py:183} INFO - Processing /opt/airflow/dags/lap_time_analysis.py took 0.223 seconds
[2026-06-30T21:33:08.051+0000] {processor.py:161} INFO - Started process (PID=1530) to work on /opt/airflow/dags/lap_time_analysis.py
[2026-06-30T21:33:08.052+0000] {processor.py:830} INFO - Processing file /opt/airflow/dags/lap_time_analysis.py for tasks to queue
[2026-06-30T21:33:08.054+0000] {logging_mixin.py:188} INFO - [2026-06-30T21:33:08.054+0000] {dagbag.py:545} INFO - Filling up the DagBag from /opt/airflow/dags/lap_time_analysis.py
[2026-06-30T21:33:08.172+0000] {processor.py:840} INFO - DAG(s) 'lap_time_analysis' retrieved from /opt/airflow/dags/lap_time_analysis.py
[2026-06-30T21:33:08.203+0000] {logging_mixin.py:188} INFO - [2026-06-30T21:33:08.203+0000] {dag.py:3096} INFO - Sync 1 DAGs
[2026-06-30T21:33:08.220+0000] {logging_mixin.py:188} INFO - [2026-06-30T21:33:08.219+0000] {dag.py:3954} INFO - Setting next_dagrun for lap_time_analysis to None, run_after=None
[2026-06-30T21:33:08.244+0000] {processor.py:183} INFO - Processing /opt/airflow/dags/lap_time_analysis.py took 0.200 seconds
[2026-06-30T21:33:38.650+0000] {processor.py:161} INFO - Started process (PID=1541) to work on /opt/airflow/dags/lap_time_analysis.py
[2026-06-30T21:33:38.652+0000] {processor.py:830} INFO - Processing file /opt/airflow/dags/lap_time_analysis.py for tasks to queue
[2026-06-30T21:33:38.656+0000] {logging_mixin.py:188} INFO - [2026-06-30T21:33:38.655+0000] {dagbag.py:545} INFO - Filling up the DagBag from /opt/airflow/dags/lap_time_analysis.py
[2026-06-30T21:33:38.752+0000] {processor.py:840} INFO - DAG(s) 'lap_time_analysis' retrieved from /opt/airflow/dags/lap_time_analysis.py
[2026-06-30T21:33:38.779+0000] {logging_mixin.py:188} INFO - [2026-06-30T21:33:38.779+0000] {dag.py:3096} INFO - Sync 1 DAGs
[2026-06-30T21:33:38.791+0000] {logging_mixin.py:188} INFO - [2026-06-30T21:33:38.791+0000] {dag.py:3954} INFO - Setting next_dagrun for lap_time_analysis to None, run_after=None
[2026-06-30T21:33:38.811+0000] {processor.py:183} INFO - Processing /opt/airflow/dags/lap_time_analysis.py took 0.167 seconds
[2026-06-30T21:34:08.932+0000] {processor.py:161} INFO - Started process (PID=1552) to work on /opt/airflow/dags/lap_time_analysis.py
[2026-06-30T21:34:08.934+0000] {processor.py:830} INFO - Processing file /opt/airflow/dags/lap_time_analysis.py for tasks to queue
[2026-06-30T21:34:08.936+0000] {logging_mixin.py:188} INFO - [2026-06-30T21:34:08.936+0000] {dagbag.py:545} INFO - Filling up the DagBag from /opt/airflow/dags/lap_time_analysis.py
[2026-06-30T21:34:09.040+0000] {processor.py:840} INFO - DAG(s) 'lap_time_analysis' retrieved from /opt/airflow/dags/lap_time_analysis.py
[2026-06-30T21:34:09.067+0000] {logging_mixin.py:188} INFO - [2026-06-30T21:34:09.067+0000] {dag.py:3096} INFO - Sync 1 DAGs
[2026-06-30T21:34:09.080+0000] {logging_mixin.py:188} INFO - [2026-06-30T21:34:09.080+0000] {dag.py:3954} INFO - Setting next_dagrun for lap_time_analysis to None, run_after=None
[2026-06-30T21:34:09.102+0000] {processor.py:183} INFO - Processing /opt/airflow/dags/lap_time_analysis.py took 0.175 seconds
[2026-06-30T21:34:40.289+0000] {processor.py:161} INFO - Started process (PID=1563) to work on /opt/airflow/dags/lap_time_analysis.py
[2026-06-30T21:34:40.291+0000] {processor.py:830} INFO - Processing file /opt/airflow/dags/lap_time_analysis.py for tasks to queue
[2026-06-30T21:34:40.293+0000] {logging_mixin.py:188} INFO - [2026-06-30T21:34:40.293+0000] {dagbag.py:545} INFO - Filling up the DagBag from /opt/airflow/dags/lap_time_analysis.py
[2026-06-30T21:34:40.403+0000] {processor.py:840} INFO - DAG(s) 'lap_time_analysis' retrieved from /opt/airflow/dags/lap_time_analysis.py
[2026-06-30T21:34:40.431+0000] {logging_mixin.py:188} INFO - [2026-06-30T21:34:40.431+0000] {dag.py:3096} INFO - Sync 1 DAGs
[2026-06-30T21:34:40.448+0000] {logging_mixin.py:188} INFO - [2026-06-30T21:34:40.448+0000] {dag.py:3954} INFO - Setting next_dagrun for lap_time_analysis to None, run_after=None
[2026-06-30T21:34:40.473+0000] {processor.py:183} INFO - Processing /opt/airflow/dags/lap_time_analysis.py took 0.189 seconds
[2026-06-30T21:35:11.604+0000] {processor.py:161} INFO - Started process (PID=1574) to work on /opt/airflow/dags/lap_time_analysis.py
[2026-06-30T21:35:11.608+0000] {processor.py:830} INFO - Processing file /opt/airflow/dags/lap_time_analysis.py for tasks to queue
[2026-06-30T21:35:11.610+0000] {logging_mixin.py:188} INFO - [2026-06-30T21:35:11.610+0000] {dagbag.py:545} INFO - Filling up the DagBag from /opt/airflow/dags/lap_time_analysis.py
[2026-06-30T21:35:11.756+0000] {processor.py:840} INFO - DAG(s) 'lap_time_analysis' retrieved from /opt/airflow/dags/lap_time_analysis.py
[2026-06-30T21:35:11.796+0000] {logging_mixin.py:188} INFO - [2026-06-30T21:35:11.795+0000] {dag.py:3096} INFO - Sync 1 DAGs
[2026-06-30T21:35:11.818+0000] {logging_mixin.py:188} INFO - [2026-06-30T21:35:11.818+0000] {dag.py:3954} INFO - Setting next_dagrun for lap_time_analysis to None, run_after=None
[2026-06-30T21:35:11.846+0000] {processor.py:183} INFO - Processing /opt/airflow/dags/lap_time_analysis.py took 0.249 seconds
[2026-06-30T21:35:43.236+0000] {processor.py:161} INFO - Started process (PID=1585) to work on /opt/airflow/dags/lap_time_analysis.py
[2026-06-30T21:35:43.239+0000] {processor.py:830} INFO - Processing file /opt/airflow/dags/lap_time_analysis.py for tasks to queue
[2026-06-30T21:35:43.242+0000] {logging_mixin.py:188} INFO - [2026-06-30T21:35:43.242+0000] {dagbag.py:545} INFO - Filling up the DagBag from /opt/airflow/dags/lap_time_analysis.py
[2026-06-30T21:35:43.354+0000] {processor.py:840} INFO - DAG(s) 'lap_time_analysis' retrieved from /opt/airflow/dags/lap_time_analysis.py
[2026-06-30T21:35:43.392+0000] {logging_mixin.py:188} INFO - [2026-06-30T21:35:43.392+0000] {dag.py:3096} INFO - Sync 1 DAGs
[2026-06-30T21:35:43.428+0000] {logging_mixin.py:188} INFO - [2026-06-30T21:35:43.428+0000] {dag.py:3954} INFO - Setting next_dagrun for lap_time_analysis to None, run_after=None
[2026-06-30T21:35:43.471+0000] {processor.py:183} INFO - Processing /opt/airflow/dags/lap_time_analysis.py took 0.242 seconds
[2026-06-30T21:36:14.831+0000] {processor.py:161} INFO - Started process (PID=1596) to work on /opt/airflow/dags/lap_time_analysis.py
[2026-06-30T21:36:14.833+0000] {processor.py:830} INFO - Processing file /opt/airflow/dags/lap_time_analysis.py for tasks to queue
[2026-06-30T21:36:14.835+0000] {logging_mixin.py:188} INFO - [2026-06-30T21:36:14.835+0000] {dagbag.py:545} INFO - Filling up the DagBag from /opt/airflow/dags/lap_time_analysis.py
[2026-06-30T21:36:14.935+0000] {processor.py:840} INFO - DAG(s) 'lap_time_analysis' retrieved from /opt/airflow/dags/lap_time_analysis.py
[2026-06-30T21:36:14.973+0000] {logging_mixin.py:188} INFO - [2026-06-30T21:36:14.973+0000] {dag.py:3096} INFO - Sync 1 DAGs
[2026-06-30T21:36:15.003+0000] {logging_mixin.py:188} INFO - [2026-06-30T21:36:15.002+0000] {dag.py:3954} INFO - Setting next_dagrun for lap_time_analysis to None, run_after=None
[2026-06-30T21:36:15.042+0000] {processor.py:183} INFO - Processing /opt/airflow/dags/lap_time_analysis.py took 0.217 seconds
[2026-06-30T21:36:46.592+0000] {processor.py:161} INFO - Started process (PID=1607) to work on /opt/airflow/dags/lap_time_analysis.py
[2026-06-30T21:36:46.594+0000] {processor.py:830} INFO - Processing file /opt/airflow/dags/lap_time_analysis.py for tasks to queue
[2026-06-30T21:36:46.597+0000] {logging_mixin.py:188} INFO - [2026-06-30T21:36:46.597+0000] {dagbag.py:545} INFO - Filling up the DagBag from /opt/airflow/dags/lap_time_analysis.py
[2026-06-30T21:36:46.708+0000] {processor.py:840} INFO - DAG(s) 'lap_time_analysis' retrieved from /opt/airflow/dags/lap_time_analysis.py
[2026-06-30T21:36:46.734+0000] {logging_mixin.py:188} INFO - [2026-06-30T21:36:46.734+0000] {dag.py:3096} INFO - Sync 1 DAGs
[2026-06-30T21:36:46.747+0000] {logging_mixin.py:188} INFO - [2026-06-30T21:36:46.747+0000] {dag.py:3954} INFO - Setting next_dagrun for lap_time_analysis to None, run_after=None
[2026-06-30T21:36:46.769+0000] {processor.py:183} INFO - Processing /opt/airflow/dags/lap_time_analysis.py took 0.182 seconds
[2026-06-30T21:37:17.546+0000] {processor.py:161} INFO - Started process (PID=1618) to work on /opt/airflow/dags/lap_time_analysis.py
[2026-06-30T21:37:17.547+0000] {processor.py:830} INFO - Processing file /opt/airflow/dags/lap_time_analysis.py for tasks to queue
[2026-06-30T21:37:17.549+0000] {logging_mixin.py:188} INFO - [2026-06-30T21:37:17.549+0000] {dagbag.py:545} INFO - Filling up the DagBag from /opt/airflow/dags/lap_time_analysis.py
[2026-06-30T21:37:17.655+0000] {processor.py:840} INFO - DAG(s) 'lap_time_analysis' retrieved from /opt/airflow/dags/lap_time_analysis.py
[2026-06-30T21:37:17.686+0000] {logging_mixin.py:188} INFO - [2026-06-30T21:37:17.685+0000] {dag.py:3096} INFO - Sync 1 DAGs
[2026-06-30T21:37:17.700+0000] {logging_mixin.py:188} INFO - [2026-06-30T21:37:17.699+0000] {dag.py:3954} INFO - Setting next_dagrun for lap_time_analysis to None, run_after=None
[2026-06-30T21:37:17.721+0000] {processor.py:183} INFO - Processing /opt/airflow/dags/lap_time_analysis.py took 0.181 seconds
[2026-06-30T21:37:49.606+0000] {processor.py:161} INFO - Started process (PID=1629) to work on /opt/airflow/dags/lap_time_analysis.py
[2026-06-30T21:37:49.609+0000] {processor.py:830} INFO - Processing file /opt/airflow/dags/lap_time_analysis.py for tasks to queue
[2026-06-30T21:37:49.611+0000] {logging_mixin.py:188} INFO - [2026-06-30T21:37:49.611+0000] {dagbag.py:545} INFO - Filling up the DagBag from /opt/airflow/dags/lap_time_analysis.py
[2026-06-30T21:37:49.720+0000] {processor.py:840} INFO - DAG(s) 'lap_time_analysis' retrieved from /opt/airflow/dags/lap_time_analysis.py
[2026-06-30T21:37:49.746+0000] {logging_mixin.py:188} INFO - [2026-06-30T21:37:49.745+0000] {dag.py:3096} INFO - Sync 1 DAGs
[2026-06-30T21:37:49.758+0000] {logging_mixin.py:188} INFO - [2026-06-30T21:37:49.758+0000] {dag.py:3954} INFO - Setting next_dagrun for lap_time_analysis to None, run_after=None
[2026-06-30T21:37:49.789+0000] {processor.py:183} INFO - Processing /opt/airflow/dags/lap_time_analysis.py took 0.190 seconds
[2026-06-30T21:38:20.908+0000] {processor.py:161} INFO - Started process (PID=1640) to work on /opt/airflow/dags/lap_time_analysis.py
[2026-06-30T21:38:20.911+0000] {processor.py:830} INFO - Processing file /opt/airflow/dags/lap_time_analysis.py for tasks to queue
[2026-06-30T21:38:20.914+0000] {logging_mixin.py:188} INFO - [2026-06-30T21:38:20.913+0000] {dagbag.py:545} INFO - Filling up the DagBag from /opt/airflow/dags/lap_time_analysis.py
[2026-06-30T21:38:21.018+0000] {processor.py:840} INFO - DAG(s) 'lap_time_analysis' retrieved from /opt/airflow/dags/lap_time_analysis.py
[2026-06-30T21:38:21.049+0000] {logging_mixin.py:188} INFO - [2026-06-30T21:38:21.049+0000] {dag.py:3096} INFO - Sync 1 DAGs
[2026-06-30T21:38:21.063+0000] {logging_mixin.py:188} INFO - [2026-06-30T21:38:21.063+0000] {dag.py:3954} INFO - Setting next_dagrun for lap_time_analysis to None, run_after=None
[2026-06-30T21:38:21.087+0000] {processor.py:183} INFO - Processing /opt/airflow/dags/lap_time_analysis.py took 0.186 seconds
[2026-06-30T21:38:52.295+0000] {processor.py:161} INFO - Started process (PID=1651) to work on /opt/airflow/dags/lap_time_analysis.py
[2026-06-30T21:38:52.297+0000] {processor.py:830} INFO - Processing file /opt/airflow/dags/lap_time_analysis.py for tasks to queue
[2026-06-30T21:38:52.302+0000] {logging_mixin.py:188} INFO - [2026-06-30T21:38:52.300+0000] {dagbag.py:545} INFO - Filling up the DagBag from /opt/airflow/dags/lap_time_analysis.py
[2026-06-30T21:38:52.421+0000] {processor.py:840} INFO - DAG(s) 'lap_time_analysis' retrieved from /opt/airflow/dags/lap_time_analysis.py
[2026-06-30T21:38:52.449+0000] {logging_mixin.py:188} INFO - [2026-06-30T21:38:52.448+0000] {dag.py:3096} INFO - Sync 1 DAGs
[2026-06-30T21:38:52.463+0000] {logging_mixin.py:188} INFO - [2026-06-30T21:38:52.462+0000] {dag.py:3954} INFO - Setting next_dagrun for lap_time_analysis to None, run_after=None
[2026-06-30T21:38:52.484+0000] {processor.py:183} INFO - Processing /opt/airflow/dags/lap_time_analysis.py took 0.195 seconds
[2026-06-30T21:39:24.309+0000] {processor.py:161} INFO - Started process (PID=1662) to work on /opt/airflow/dags/lap_time_analysis.py
[2026-06-30T21:39:24.311+0000] {processor.py:830} INFO - Processing file /opt/airflow/dags/lap_time_analysis.py for tasks to queue
[2026-06-30T21:39:24.314+0000] {logging_mixin.py:188} INFO - [2026-06-30T21:39:24.314+0000] {dagbag.py:545} INFO - Filling up the DagBag from /opt/airflow/dags/lap_time_analysis.py
[2026-06-30T21:39:24.475+0000] {processor.py:840} INFO - DAG(s) 'lap_time_analysis' retrieved from /opt/airflow/dags/lap_time_analysis.py
[2026-06-30T21:39:24.522+0000] {logging_mixin.py:188} INFO - [2026-06-30T21:39:24.522+0000] {dag.py:3096} INFO - Sync 1 DAGs
[2026-06-30T21:39:24.536+0000] {logging_mixin.py:188} INFO - [2026-06-30T21:39:24.536+0000] {dag.py:3954} INFO - Setting next_dagrun for lap_time_analysis to None, run_after=None
[2026-06-30T21:39:24.564+0000] {processor.py:183} INFO - Processing /opt/airflow/dags/lap_time_analysis.py took 0.264 seconds
[2026-06-30T21:39:55.396+0000] {processor.py:161} INFO - Started process (PID=1673) to work on /opt/airflow/dags/lap_time_analysis.py
[2026-06-30T21:39:55.400+0000] {processor.py:830} INFO - Processing file /opt/airflow/dags/lap_time_analysis.py for tasks to queue
[2026-06-30T21:39:55.403+0000] {logging_mixin.py:188} INFO - [2026-06-30T21:39:55.403+0000] {dagbag.py:545} INFO - Filling up the DagBag from /opt/airflow/dags/lap_time_analysis.py
[2026-06-30T21:39:55.548+0000] {processor.py:840} INFO - DAG(s) 'lap_time_analysis' retrieved from /opt/airflow/dags/lap_time_analysis.py
[2026-06-30T21:39:55.589+0000] {logging_mixin.py:188} INFO - [2026-06-30T21:39:55.588+0000] {dag.py:3096} INFO - Sync 1 DAGs
[2026-06-30T21:39:55.614+0000] {logging_mixin.py:188} INFO - [2026-06-30T21:39:55.614+0000] {dag.py:3954} INFO - Setting next_dagrun for lap_time_analysis to None, run_after=None
[2026-06-30T21:39:55.647+0000] {processor.py:183} INFO - Processing /opt/airflow/dags/lap_time_analysis.py took 0.265 seconds
[2026-06-30T21:40:27.060+0000] {processor.py:161} INFO - Started process (PID=1684) to work on /opt/airflow/dags/lap_time_analysis.py
[2026-06-30T21:40:27.063+0000] {processor.py:830} INFO - Processing file /opt/airflow/dags/lap_time_analysis.py for tasks to queue
[2026-06-30T21:40:27.069+0000] {logging_mixin.py:188} INFO - [2026-06-30T21:40:27.068+0000] {dagbag.py:545} INFO - Filling up the DagBag from /opt/airflow/dags/lap_time_analysis.py
[2026-06-30T21:40:27.236+0000] {processor.py:840} INFO - DAG(s) 'lap_time_analysis' retrieved from /opt/airflow/dags/lap_time_analysis.py
[2026-06-30T21:40:27.272+0000] {logging_mixin.py:188} INFO - [2026-06-30T21:40:27.272+0000] {dag.py:3096} INFO - Sync 1 DAGs
[2026-06-30T21:40:27.288+0000] {logging_mixin.py:188} INFO - [2026-06-30T21:40:27.287+0000] {dag.py:3954} INFO - Setting next_dagrun for lap_time_analysis to None, run_after=None
[2026-06-30T21:40:27.309+0000] {processor.py:183} INFO - Processing /opt/airflow/dags/lap_time_analysis.py took 0.259 seconds
[2026-06-30T21:40:58.812+0000] {processor.py:161} INFO - Started process (PID=1695) to work on /opt/airflow/dags/lap_time_analysis.py
[2026-06-30T21:40:58.817+0000] {processor.py:830} INFO - Processing file /opt/airflow/dags/lap_time_analysis.py for tasks to queue
[2026-06-30T21:40:58.821+0000] {logging_mixin.py:188} INFO - [2026-06-30T21:40:58.820+0000] {dagbag.py:545} INFO - Filling up the DagBag from /opt/airflow/dags/lap_time_analysis.py
[2026-06-30T21:40:58.978+0000] {processor.py:840} INFO - DAG(s) 'lap_time_analysis' retrieved from /opt/airflow/dags/lap_time_analysis.py
[2026-06-30T21:40:59.004+0000] {logging_mixin.py:188} INFO - [2026-06-30T21:40:59.004+0000] {dag.py:3096} INFO - Sync 1 DAGs
[2026-06-30T21:40:59.018+0000] {logging_mixin.py:188} INFO - [2026-06-30T21:40:59.018+0000] {dag.py:3954} INFO - Setting next_dagrun for lap_time_analysis to None, run_after=None
[2026-06-30T21:40:59.040+0000] {processor.py:183} INFO - Processing /opt/airflow/dags/lap_time_analysis.py took 0.258 seconds
[2026-06-30T21:41:30.337+0000] {processor.py:161} INFO - Started process (PID=1706) to work on /opt/airflow/dags/lap_time_analysis.py
[2026-06-30T21:41:30.338+0000] {processor.py:830} INFO - Processing file /opt/airflow/dags/lap_time_analysis.py for tasks to queue
[2026-06-30T21:41:30.341+0000] {logging_mixin.py:188} INFO - [2026-06-30T21:41:30.340+0000] {dagbag.py:545} INFO - Filling up the DagBag from /opt/airflow/dags/lap_time_analysis.py
[2026-06-30T21:41:30.442+0000] {processor.py:840} INFO - DAG(s) 'lap_time_analysis' retrieved from /opt/airflow/dags/lap_time_analysis.py
[2026-06-30T21:41:30.470+0000] {logging_mixin.py:188} INFO - [2026-06-30T21:41:30.469+0000] {dag.py:3096} INFO - Sync 1 DAGs
[2026-06-30T21:41:30.482+0000] {logging_mixin.py:188} INFO - [2026-06-30T21:41:30.482+0000] {dag.py:3954} INFO - Setting next_dagrun for lap_time_analysis to None, run_after=None
[2026-06-30T21:41:30.505+0000] {processor.py:183} INFO - Processing /opt/airflow/dags/lap_time_analysis.py took 0.173 seconds
[2026-06-30T21:42:02.449+0000] {processor.py:161} INFO - Started process (PID=1717) to work on /opt/airflow/dags/lap_time_analysis.py
[2026-06-30T21:42:02.450+0000] {processor.py:830} INFO - Processing file /opt/airflow/dags/lap_time_analysis.py for tasks to queue
[2026-06-30T21:42:02.453+0000] {logging_mixin.py:188} INFO - [2026-06-30T21:42:02.452+0000] {dagbag.py:545} INFO - Filling up the DagBag from /opt/airflow/dags/lap_time_analysis.py
[2026-06-30T21:42:02.565+0000] {processor.py:840} INFO - DAG(s) 'lap_time_analysis' retrieved from /opt/airflow/dags/lap_time_analysis.py
[2026-06-30T21:42:02.590+0000] {logging_mixin.py:188} INFO - [2026-06-30T21:42:02.590+0000] {dag.py:3096} INFO - Sync 1 DAGs
[2026-06-30T21:42:02.605+0000] {logging_mixin.py:188} INFO - [2026-06-30T21:42:02.605+0000] {dag.py:3954} INFO - Setting next_dagrun for lap_time_analysis to None, run_after=None
[2026-06-30T21:42:02.625+0000] {processor.py:183} INFO - Processing /opt/airflow/dags/lap_time_analysis.py took 0.182 seconds
[2026-06-30T21:42:33.574+0000] {processor.py:161} INFO - Started process (PID=1728) to work on /opt/airflow/dags/lap_time_analysis.py
[2026-06-30T21:42:33.576+0000] {processor.py:830} INFO - Processing file /opt/airflow/dags/lap_time_analysis.py for tasks to queue
[2026-06-30T21:42:33.579+0000] {logging_mixin.py:188} INFO - [2026-06-30T21:42:33.579+0000] {dagbag.py:545} INFO - Filling up the DagBag from /opt/airflow/dags/lap_time_analysis.py
[2026-06-30T21:42:33.688+0000] {processor.py:840} INFO - DAG(s) 'lap_time_analysis' retrieved from /opt/airflow/dags/lap_time_analysis.py
[2026-06-30T21:42:33.716+0000] {logging_mixin.py:188} INFO - [2026-06-30T21:42:33.716+0000] {dag.py:3096} INFO - Sync 1 DAGs
[2026-06-30T21:42:33.737+0000] {logging_mixin.py:188} INFO - [2026-06-30T21:42:33.737+0000] {dag.py:3954} INFO - Setting next_dagrun for lap_time_analysis to None, run_after=None
[2026-06-30T21:42:33.757+0000] {processor.py:183} INFO - Processing /opt/airflow/dags/lap_time_analysis.py took 0.189 seconds
[2026-06-30T21:43:05.391+0000] {processor.py:161} INFO - Started process (PID=1739) to work on /opt/airflow/dags/lap_time_analysis.py
[2026-06-30T21:43:05.393+0000] {processor.py:830} INFO - Processing file /opt/airflow/dags/lap_time_analysis.py for tasks to queue
[2026-06-30T21:43:05.395+0000] {logging_mixin.py:188} INFO - [2026-06-30T21:43:05.395+0000] {dagbag.py:545} INFO - Filling up the DagBag from /opt/airflow/dags/lap_time_analysis.py
[2026-06-30T21:43:05.509+0000] {processor.py:840} INFO - DAG(s) 'lap_time_analysis' retrieved from /opt/airflow/dags/lap_time_analysis.py
[2026-06-30T21:43:05.538+0000] {logging_mixin.py:188} INFO - [2026-06-30T21:43:05.537+0000] {dag.py:3096} INFO - Sync 1 DAGs
[2026-06-30T21:43:05.553+0000] {logging_mixin.py:188} INFO - [2026-06-30T21:43:05.553+0000] {dag.py:3954} INFO - Setting next_dagrun for lap_time_analysis to None, run_after=None
[2026-06-30T21:43:05.575+0000] {processor.py:183} INFO - Processing /opt/airflow/dags/lap_time_analysis.py took 0.192 seconds
[2026-06-30T21:43:36.880+0000] {processor.py:161} INFO - Started process (PID=1750) to work on /opt/airflow/dags/lap_time_analysis.py
[2026-06-30T21:43:36.885+0000] {processor.py:830} INFO - Processing file /opt/airflow/dags/lap_time_analysis.py for tasks to queue
[2026-06-30T21:43:36.912+0000] {logging_mixin.py:188} INFO - [2026-06-30T21:43:36.906+0000] {dagbag.py:545} INFO - Filling up the DagBag from /opt/airflow/dags/lap_time_analysis.py
[2026-06-30T21:43:37.842+0000] {processor.py:840} INFO - DAG(s) 'lap_time_analysis' retrieved from /opt/airflow/dags/lap_time_analysis.py
[2026-06-30T21:43:38.032+0000] {logging_mixin.py:188} INFO - [2026-06-30T21:43:38.032+0000] {dag.py:3096} INFO - Sync 1 DAGs
[2026-06-30T21:43:38.115+0000] {logging_mixin.py:188} INFO - [2026-06-30T21:43:38.115+0000] {dag.py:3954} INFO - Setting next_dagrun for lap_time_analysis to None, run_after=None
[2026-06-30T21:43:38.205+0000] {processor.py:183} INFO - Processing /opt/airflow/dags/lap_time_analysis.py took 1.396 seconds
[2026-06-30T21:44:08.631+0000] {processor.py:161} INFO - Started process (PID=1761) to work on /opt/airflow/dags/lap_time_analysis.py
[2026-06-30T21:44:08.633+0000] {processor.py:830} INFO - Processing file /opt/airflow/dags/lap_time_analysis.py for tasks to queue
[2026-06-30T21:44:08.639+0000] {logging_mixin.py:188} INFO - [2026-06-30T21:44:08.638+0000] {dagbag.py:545} INFO - Filling up the DagBag from /opt/airflow/dags/lap_time_analysis.py
[2026-06-30T21:44:08.782+0000] {processor.py:840} INFO - DAG(s) 'lap_time_analysis' retrieved from /opt/airflow/dags/lap_time_analysis.py
[2026-06-30T21:44:08.814+0000] {logging_mixin.py:188} INFO - [2026-06-30T21:44:08.813+0000] {dag.py:3096} INFO - Sync 1 DAGs
[2026-06-30T21:44:08.830+0000] {logging_mixin.py:188} INFO - [2026-06-30T21:44:08.829+0000] {dag.py:3954} INFO - Setting next_dagrun for lap_time_analysis to None, run_after=None
[2026-06-30T21:44:08.857+0000] {processor.py:183} INFO - Processing /opt/airflow/dags/lap_time_analysis.py took 0.237 seconds
[2026-06-30T21:44:40.591+0000] {processor.py:161} INFO - Started process (PID=1772) to work on /opt/airflow/dags/lap_time_analysis.py
[2026-06-30T21:44:40.596+0000] {processor.py:830} INFO - Processing file /opt/airflow/dags/lap_time_analysis.py for tasks to queue
[2026-06-30T21:44:40.605+0000] {logging_mixin.py:188} INFO - [2026-06-30T21:44:40.604+0000] {dagbag.py:545} INFO - Filling up the DagBag from /opt/airflow/dags/lap_time_analysis.py
[2026-06-30T21:44:40.792+0000] {processor.py:840} INFO - DAG(s) 'lap_time_analysis' retrieved from /opt/airflow/dags/lap_time_analysis.py
[2026-06-30T21:44:40.830+0000] {logging_mixin.py:188} INFO - [2026-06-30T21:44:40.830+0000] {dag.py:3096} INFO - Sync 1 DAGs
[2026-06-30T21:44:40.843+0000] {logging_mixin.py:188} INFO - [2026-06-30T21:44:40.843+0000] {dag.py:3954} INFO - Setting next_dagrun for lap_time_analysis to None, run_after=None
[2026-06-30T21:44:40.873+0000] {processor.py:183} INFO - Processing /opt/airflow/dags/lap_time_analysis.py took 0.305 seconds
[2026-06-30T21:45:11.735+0000] {processor.py:161} INFO - Started process (PID=1783) to work on /opt/airflow/dags/lap_time_analysis.py
[2026-06-30T21:45:11.737+0000] {processor.py:830} INFO - Processing file /opt/airflow/dags/lap_time_analysis.py for tasks to queue
[2026-06-30T21:45:11.740+0000] {logging_mixin.py:188} INFO - [2026-06-30T21:45:11.739+0000] {dagbag.py:545} INFO - Filling up the DagBag from /opt/airflow/dags/lap_time_analysis.py
[2026-06-30T21:45:11.874+0000] {processor.py:840} INFO - DAG(s) 'lap_time_analysis' retrieved from /opt/airflow/dags/lap_time_analysis.py
[2026-06-30T21:45:11.908+0000] {logging_mixin.py:188} INFO - [2026-06-30T21:45:11.907+0000] {dag.py:3096} INFO - Sync 1 DAGs
[2026-06-30T21:45:11.923+0000] {logging_mixin.py:188} INFO - [2026-06-30T21:45:11.923+0000] {dag.py:3954} INFO - Setting next_dagrun for lap_time_analysis to None, run_after=None
[2026-06-30T21:45:11.948+0000] {processor.py:183} INFO - Processing /opt/airflow/dags/lap_time_analysis.py took 0.221 seconds
[2026-06-30T21:45:43.854+0000] {processor.py:161} INFO - Started process (PID=1794) to work on /opt/airflow/dags/lap_time_analysis.py
[2026-06-30T21:45:43.855+0000] {processor.py:830} INFO - Processing file /opt/airflow/dags/lap_time_analysis.py for tasks to queue
[2026-06-30T21:45:43.859+0000] {logging_mixin.py:188} INFO - [2026-06-30T21:45:43.859+0000] {dagbag.py:545} INFO - Filling up the DagBag from /opt/airflow/dags/lap_time_analysis.py
[2026-06-30T21:45:43.978+0000] {processor.py:840} INFO - DAG(s) 'lap_time_analysis' retrieved from /opt/airflow/dags/lap_time_analysis.py
[2026-06-30T21:45:44.044+0000] {logging_mixin.py:188} INFO - [2026-06-30T21:45:44.043+0000] {dag.py:3096} INFO - Sync 1 DAGs
[2026-06-30T21:45:44.073+0000] {logging_mixin.py:188} INFO - [2026-06-30T21:45:44.073+0000] {dag.py:3954} INFO - Setting next_dagrun for lap_time_analysis to None, run_after=None
[2026-06-30T21:45:44.103+0000] {processor.py:183} INFO - Processing /opt/airflow/dags/lap_time_analysis.py took 0.254 seconds
[2026-06-30T21:46:15.003+0000] {processor.py:161} INFO - Started process (PID=1805) to work on /opt/airflow/dags/lap_time_analysis.py
[2026-06-30T21:46:15.004+0000] {processor.py:830} INFO - Processing file /opt/airflow/dags/lap_time_analysis.py for tasks to queue
[2026-06-30T21:46:15.006+0000] {logging_mixin.py:188} INFO - [2026-06-30T21:46:15.006+0000] {dagbag.py:545} INFO - Filling up the DagBag from /opt/airflow/dags/lap_time_analysis.py
[2026-06-30T21:46:15.125+0000] {processor.py:840} INFO - DAG(s) 'lap_time_analysis' retrieved from /opt/airflow/dags/lap_time_analysis.py
[2026-06-30T21:46:15.165+0000] {logging_mixin.py:188} INFO - [2026-06-30T21:46:15.164+0000] {dag.py:3096} INFO - Sync 1 DAGs
[2026-06-30T21:46:15.187+0000] {logging_mixin.py:188} INFO - [2026-06-30T21:46:15.186+0000] {dag.py:3954} INFO - Setting next_dagrun for lap_time_analysis to None, run_after=None
[2026-06-30T21:46:15.213+0000] {processor.py:183} INFO - Processing /opt/airflow/dags/lap_time_analysis.py took 0.217 seconds
[2026-06-30T21:46:47.171+0000] {processor.py:161} INFO - Started process (PID=1816) to work on /opt/airflow/dags/lap_time_analysis.py
[2026-06-30T21:46:47.172+0000] {processor.py:830} INFO - Processing file /opt/airflow/dags/lap_time_analysis.py for tasks to queue
[2026-06-30T21:46:47.176+0000] {logging_mixin.py:188} INFO - [2026-06-30T21:46:47.176+0000] {dagbag.py:545} INFO - Filling up the DagBag from /opt/airflow/dags/lap_time_analysis.py
[2026-06-30T21:46:47.286+0000] {processor.py:840} INFO - DAG(s) 'lap_time_analysis' retrieved from /opt/airflow/dags/lap_time_analysis.py
[2026-06-30T21:46:47.314+0000] {logging_mixin.py:188} INFO - [2026-06-30T21:46:47.314+0000] {dag.py:3096} INFO - Sync 1 DAGs
[2026-06-30T21:46:47.330+0000] {logging_mixin.py:188} INFO - [2026-06-30T21:46:47.329+0000] {dag.py:3954} INFO - Setting next_dagrun for lap_time_analysis to None, run_after=None
[2026-06-30T21:46:47.355+0000] {processor.py:183} INFO - Processing /opt/airflow/dags/lap_time_analysis.py took 0.200 seconds
[2026-06-30T21:47:18.608+0000] {processor.py:161} INFO - Started process (PID=1827) to work on /opt/airflow/dags/lap_time_analysis.py
[2026-06-30T21:47:18.610+0000] {processor.py:830} INFO - Processing file /opt/airflow/dags/lap_time_analysis.py for tasks to queue
[2026-06-30T21:47:18.616+0000] {logging_mixin.py:188} INFO - [2026-06-30T21:47:18.616+0000] {dagbag.py:545} INFO - Filling up the DagBag from /opt/airflow/dags/lap_time_analysis.py
[2026-06-30T21:47:18.764+0000] {processor.py:840} INFO - DAG(s) 'lap_time_analysis' retrieved from /opt/airflow/dags/lap_time_analysis.py
[2026-06-30T21:47:18.797+0000] {logging_mixin.py:188} INFO - [2026-06-30T21:47:18.797+0000] {dag.py:3096} INFO - Sync 1 DAGs
[2026-06-30T21:47:18.815+0000] {logging_mixin.py:188} INFO - [2026-06-30T21:47:18.814+0000] {dag.py:3954} INFO - Setting next_dagrun for lap_time_analysis to None, run_after=None
[2026-06-30T21:47:18.855+0000] {processor.py:183} INFO - Processing /opt/airflow/dags/lap_time_analysis.py took 0.253 seconds
[2026-06-30T21:47:50.537+0000] {processor.py:161} INFO - Started process (PID=1838) to work on /opt/airflow/dags/lap_time_analysis.py
[2026-06-30T21:47:50.538+0000] {processor.py:830} INFO - Processing file /opt/airflow/dags/lap_time_analysis.py for tasks to queue
[2026-06-30T21:47:50.541+0000] {logging_mixin.py:188} INFO - [2026-06-30T21:47:50.540+0000] {dagbag.py:545} INFO - Filling up the DagBag from /opt/airflow/dags/lap_time_analysis.py
[2026-06-30T21:47:50.676+0000] {processor.py:840} INFO - DAG(s) 'lap_time_analysis' retrieved from /opt/airflow/dags/lap_time_analysis.py
[2026-06-30T21:47:50.716+0000] {logging_mixin.py:188} INFO - [2026-06-30T21:47:50.716+0000] {dag.py:3096} INFO - Sync 1 DAGs
[2026-06-30T21:47:50.732+0000] {logging_mixin.py:188} INFO - [2026-06-30T21:47:50.731+0000] {dag.py:3954} INFO - Setting next_dagrun for lap_time_analysis to None, run_after=None
[2026-06-30T21:47:50.767+0000] {processor.py:183} INFO - Processing /opt/airflow/dags/lap_time_analysis.py took 0.240 seconds
[2026-06-30T21:48:21.749+0000] {processor.py:161} INFO - Started process (PID=1849) to work on /opt/airflow/dags/lap_time_analysis.py
[2026-06-30T21:48:21.751+0000] {processor.py:830} INFO - Processing file /opt/airflow/dags/lap_time_analysis.py for tasks to queue
[2026-06-30T21:48:21.754+0000] {logging_mixin.py:188} INFO - [2026-06-30T21:48:21.754+0000] {dagbag.py:545} INFO - Filling up the DagBag from /opt/airflow/dags/lap_time_analysis.py
[2026-06-30T21:48:21.884+0000] {processor.py:840} INFO - DAG(s) 'lap_time_analysis' retrieved from /opt/airflow/dags/lap_time_analysis.py
[2026-06-30T21:48:21.929+0000] {logging_mixin.py:188} INFO - [2026-06-30T21:48:21.929+0000] {dag.py:3096} INFO - Sync 1 DAGs
[2026-06-30T21:48:21.946+0000] {logging_mixin.py:188} INFO - [2026-06-30T21:48:21.945+0000] {dag.py:3954} INFO - Setting next_dagrun for lap_time_analysis to None, run_after=None
[2026-06-30T21:48:21.969+0000] {processor.py:183} INFO - Processing /opt/airflow/dags/lap_time_analysis.py took 0.228 seconds
[2026-06-30T21:48:53.374+0000] {processor.py:161} INFO - Started process (PID=1860) to work on /opt/airflow/dags/lap_time_analysis.py
[2026-06-30T21:48:53.377+0000] {processor.py:830} INFO - Processing file /opt/airflow/dags/lap_time_analysis.py for tasks to queue
[2026-06-30T21:48:53.379+0000] {logging_mixin.py:188} INFO - [2026-06-30T21:48:53.379+0000] {dagbag.py:545} INFO - Filling up the DagBag from /opt/airflow/dags/lap_time_analysis.py
[2026-06-30T21:48:53.501+0000] {processor.py:840} INFO - DAG(s) 'lap_time_analysis' retrieved from /opt/airflow/dags/lap_time_analysis.py
[2026-06-30T21:48:53.538+0000] {logging_mixin.py:188} INFO - [2026-06-30T21:48:53.538+0000] {dag.py:3096} INFO - Sync 1 DAGs
[2026-06-30T21:48:53.552+0000] {logging_mixin.py:188} INFO - [2026-06-30T21:48:53.552+0000] {dag.py:3954} INFO - Setting next_dagrun for lap_time_analysis to None, run_after=None
[2026-06-30T21:48:53.576+0000] {processor.py:183} INFO - Processing /opt/airflow/dags/lap_time_analysis.py took 0.210 seconds
[2026-06-30T21:49:25.300+0000] {processor.py:161} INFO - Started process (PID=1871) to work on /opt/airflow/dags/lap_time_analysis.py
[2026-06-30T21:49:25.302+0000] {processor.py:830} INFO - Processing file /opt/airflow/dags/lap_time_analysis.py for tasks to queue
[2026-06-30T21:49:25.304+0000] {logging_mixin.py:188} INFO - [2026-06-30T21:49:25.304+0000] {dagbag.py:545} INFO - Filling up the DagBag from /opt/airflow/dags/lap_time_analysis.py
[2026-06-30T21:49:25.456+0000] {processor.py:840} INFO - DAG(s) 'lap_time_analysis' retrieved from /opt/airflow/dags/lap_time_analysis.py
[2026-06-30T21:49:25.487+0000] {logging_mixin.py:188} INFO - [2026-06-30T21:49:25.487+0000] {dag.py:3096} INFO - Sync 1 DAGs
[2026-06-30T21:49:25.502+0000] {logging_mixin.py:188} INFO - [2026-06-30T21:49:25.502+0000] {dag.py:3954} INFO - Setting next_dagrun for lap_time_analysis to None, run_after=None
[2026-06-30T21:49:25.526+0000] {processor.py:183} INFO - Processing /opt/airflow/dags/lap_time_analysis.py took 0.232 seconds
[2026-06-30T21:49:57.264+0000] {processor.py:161} INFO - Started process (PID=1882) to work on /opt/airflow/dags/lap_time_analysis.py
[2026-06-30T21:49:57.267+0000] {processor.py:830} INFO - Processing file /opt/airflow/dags/lap_time_analysis.py for tasks to queue
[2026-06-30T21:49:57.270+0000] {logging_mixin.py:188} INFO - [2026-06-30T21:49:57.269+0000] {dagbag.py:545} INFO - Filling up the DagBag from /opt/airflow/dags/lap_time_analysis.py
[2026-06-30T21:49:57.384+0000] {processor.py:840} INFO - DAG(s) 'lap_time_analysis' retrieved from /opt/airflow/dags/lap_time_analysis.py
[2026-06-30T21:49:57.414+0000] {logging_mixin.py:188} INFO - [2026-06-30T21:49:57.413+0000] {dag.py:3096} INFO - Sync 1 DAGs
[2026-06-30T21:49:57.429+0000] {logging_mixin.py:188} INFO - [2026-06-30T21:49:57.429+0000] {dag.py:3954} INFO - Setting next_dagrun for lap_time_analysis to None, run_after=None
[2026-06-30T21:49:57.450+0000] {processor.py:183} INFO - Processing /opt/airflow/dags/lap_time_analysis.py took 0.208 seconds
[2026-06-30T21:50:28.488+0000] {processor.py:161} INFO - Started process (PID=1893) to work on /opt/airflow/dags/lap_time_analysis.py
[2026-06-30T21:50:28.489+0000] {processor.py:830} INFO - Processing file /opt/airflow/dags/lap_time_analysis.py for tasks to queue
[2026-06-30T21:50:28.493+0000] {logging_mixin.py:188} INFO - [2026-06-30T21:50:28.492+0000] {dagbag.py:545} INFO - Filling up the DagBag from /opt/airflow/dags/lap_time_analysis.py
[2026-06-30T21:50:28.618+0000] {processor.py:840} INFO - DAG(s) 'lap_time_analysis' retrieved from /opt/airflow/dags/lap_time_analysis.py
[2026-06-30T21:50:28.650+0000] {logging_mixin.py:188} INFO - [2026-06-30T21:50:28.649+0000] {dag.py:3096} INFO - Sync 1 DAGs
[2026-06-30T21:50:28.664+0000] {logging_mixin.py:188} INFO - [2026-06-30T21:50:28.664+0000] {dag.py:3954} INFO - Setting next_dagrun for lap_time_analysis to None, run_after=None
[2026-06-30T21:50:28.690+0000] {processor.py:183} INFO - Processing /opt/airflow/dags/lap_time_analysis.py took 0.209 seconds
[2026-06-30T21:51:00.808+0000] {processor.py:161} INFO - Started process (PID=1904) to work on /opt/airflow/dags/lap_time_analysis.py
[2026-06-30T21:51:00.811+0000] {processor.py:830} INFO - Processing file /opt/airflow/dags/lap_time_analysis.py for tasks to queue
[2026-06-30T21:51:00.820+0000] {logging_mixin.py:188} INFO - [2026-06-30T21:51:00.819+0000] {dagbag.py:545} INFO - Filling up the DagBag from /opt/airflow/dags/lap_time_analysis.py
[2026-06-30T21:51:01.059+0000] {processor.py:840} INFO - DAG(s) 'lap_time_analysis' retrieved from /opt/airflow/dags/lap_time_analysis.py
[2026-06-30T21:51:01.110+0000] {logging_mixin.py:188} INFO - [2026-06-30T21:51:01.110+0000] {dag.py:3096} INFO - Sync 1 DAGs
[2026-06-30T21:51:01.134+0000] {logging_mixin.py:188} INFO - [2026-06-30T21:51:01.134+0000] {dag.py:3954} INFO - Setting next_dagrun for lap_time_analysis to None, run_after=None
[2026-06-30T21:51:01.172+0000] {processor.py:183} INFO - Processing /opt/airflow/dags/lap_time_analysis.py took 0.380 seconds
[2026-06-30T21:51:32.246+0000] {processor.py:161} INFO - Started process (PID=1915) to work on /opt/airflow/dags/lap_time_analysis.py
[2026-06-30T21:51:32.254+0000] {processor.py:830} INFO - Processing file /opt/airflow/dags/lap_time_analysis.py for tasks to queue
[2026-06-30T21:51:32.263+0000] {logging_mixin.py:188} INFO - [2026-06-30T21:51:32.262+0000] {dagbag.py:545} INFO - Filling up the DagBag from /opt/airflow/dags/lap_time_analysis.py
[2026-06-30T21:51:32.615+0000] {processor.py:840} INFO - DAG(s) 'lap_time_analysis' retrieved from /opt/airflow/dags/lap_time_analysis.py
[2026-06-30T21:51:32.707+0000] {logging_mixin.py:188} INFO - [2026-06-30T21:51:32.707+0000] {dag.py:3096} INFO - Sync 1 DAGs
[2026-06-30T21:51:32.755+0000] {logging_mixin.py:188} INFO - [2026-06-30T21:51:32.755+0000] {dag.py:3954} INFO - Setting next_dagrun for lap_time_analysis to None, run_after=None
[2026-06-30T21:51:32.806+0000] {processor.py:183} INFO - Processing /opt/airflow/dags/lap_time_analysis.py took 0.575 seconds
[2026-06-30T21:52:04.754+0000] {processor.py:161} INFO - Started process (PID=1926) to work on /opt/airflow/dags/lap_time_analysis.py
[2026-06-30T21:52:04.768+0000] {processor.py:830} INFO - Processing file /opt/airflow/dags/lap_time_analysis.py for tasks to queue
[2026-06-30T21:52:04.799+0000] {logging_mixin.py:188} INFO - [2026-06-30T21:52:04.796+0000] {dagbag.py:545} INFO - Filling up the DagBag from /opt/airflow/dags/lap_time_analysis.py
[2026-06-30T21:52:05.421+0000] {processor.py:840} INFO - DAG(s) 'lap_time_analysis' retrieved from /opt/airflow/dags/lap_time_analysis.py
[2026-06-30T21:52:05.634+0000] {logging_mixin.py:188} INFO - [2026-06-30T21:52:05.634+0000] {dag.py:3096} INFO - Sync 1 DAGs
[2026-06-30T21:52:05.709+0000] {logging_mixin.py:188} INFO - [2026-06-30T21:52:05.709+0000] {dag.py:3954} INFO - Setting next_dagrun for lap_time_analysis to None, run_after=None
[2026-06-30T21:52:05.773+0000] {processor.py:183} INFO - Processing /opt/airflow/dags/lap_time_analysis.py took 1.079 seconds
[2026-06-30T21:52:35.932+0000] {processor.py:161} INFO - Started process (PID=1937) to work on /opt/airflow/dags/lap_time_analysis.py
[2026-06-30T21:52:35.936+0000] {processor.py:830} INFO - Processing file /opt/airflow/dags/lap_time_analysis.py for tasks to queue
[2026-06-30T21:52:35.939+0000] {logging_mixin.py:188} INFO - [2026-06-30T21:52:35.938+0000] {dagbag.py:545} INFO - Filling up the DagBag from /opt/airflow/dags/lap_time_analysis.py
[2026-06-30T21:52:36.344+0000] {processor.py:840} INFO - DAG(s) 'lap_time_analysis' retrieved from /opt/airflow/dags/lap_time_analysis.py
[2026-06-30T21:52:36.411+0000] {logging_mixin.py:188} INFO - [2026-06-30T21:52:36.411+0000] {dag.py:3096} INFO - Sync 1 DAGs
[2026-06-30T21:52:36.432+0000] {logging_mixin.py:188} INFO - [2026-06-30T21:52:36.432+0000] {dag.py:3954} INFO - Setting next_dagrun for lap_time_analysis to None, run_after=None
[2026-06-30T21:52:36.461+0000] {processor.py:183} INFO - Processing /opt/airflow/dags/lap_time_analysis.py took 0.545 seconds
[2026-06-30T21:53:07.411+0000] {processor.py:161} INFO - Started process (PID=1948) to work on /opt/airflow/dags/lap_time_analysis.py
[2026-06-30T21:53:07.413+0000] {processor.py:830} INFO - Processing file /opt/airflow/dags/lap_time_analysis.py for tasks to queue
[2026-06-30T21:53:07.417+0000] {logging_mixin.py:188} INFO - [2026-06-30T21:53:07.417+0000] {dagbag.py:545} INFO - Filling up the DagBag from /opt/airflow/dags/lap_time_analysis.py
[2026-06-30T21:53:07.536+0000] {processor.py:840} INFO - DAG(s) 'lap_time_analysis' retrieved from /opt/airflow/dags/lap_time_analysis.py
[2026-06-30T21:53:07.596+0000] {logging_mixin.py:188} INFO - [2026-06-30T21:53:07.595+0000] {dag.py:3096} INFO - Sync 1 DAGs
[2026-06-30T21:53:07.634+0000] {logging_mixin.py:188} INFO - [2026-06-30T21:53:07.633+0000] {dag.py:3954} INFO - Setting next_dagrun for lap_time_analysis to None, run_after=None
[2026-06-30T21:53:07.678+0000] {processor.py:183} INFO - Processing /opt/airflow/dags/lap_time_analysis.py took 0.274 seconds
[2026-06-30T21:53:39.034+0000] {processor.py:161} INFO - Started process (PID=1959) to work on /opt/airflow/dags/lap_time_analysis.py
[2026-06-30T21:53:39.036+0000] {processor.py:830} INFO - Processing file /opt/airflow/dags/lap_time_analysis.py for tasks to queue
[2026-06-30T21:53:39.039+0000] {logging_mixin.py:188} INFO - [2026-06-30T21:53:39.039+0000] {dagbag.py:545} INFO - Filling up the DagBag from /opt/airflow/dags/lap_time_analysis.py
[2026-06-30T21:53:39.148+0000] {processor.py:840} INFO - DAG(s) 'lap_time_analysis' retrieved from /opt/airflow/dags/lap_time_analysis.py
[2026-06-30T21:53:39.175+0000] {logging_mixin.py:188} INFO - [2026-06-30T21:53:39.175+0000] {dag.py:3096} INFO - Sync 1 DAGs
[2026-06-30T21:53:39.207+0000] {logging_mixin.py:188} INFO - [2026-06-30T21:53:39.207+0000] {dag.py:3954} INFO - Setting next_dagrun for lap_time_analysis to None, run_after=None
[2026-06-30T21:53:39.250+0000] {processor.py:183} INFO - Processing /opt/airflow/dags/lap_time_analysis.py took 0.222 seconds
[2026-06-30T21:54:10.805+0000] {processor.py:161} INFO - Started process (PID=1970) to work on /opt/airflow/dags/lap_time_analysis.py
[2026-06-30T21:54:10.807+0000] {processor.py:830} INFO - Processing file /opt/airflow/dags/lap_time_analysis.py for tasks to queue
[2026-06-30T21:54:10.816+0000] {logging_mixin.py:188} INFO - [2026-06-30T21:54:10.816+0000] {dagbag.py:545} INFO - Filling up the DagBag from /opt/airflow/dags/lap_time_analysis.py
[2026-06-30T21:54:10.989+0000] {processor.py:840} INFO - DAG(s) 'lap_time_analysis' retrieved from /opt/airflow/dags/lap_time_analysis.py
[2026-06-30T21:54:11.029+0000] {logging_mixin.py:188} INFO - [2026-06-30T21:54:11.029+0000] {dag.py:3096} INFO - Sync 1 DAGs
[2026-06-30T21:54:11.052+0000] {logging_mixin.py:188} INFO - [2026-06-30T21:54:11.052+0000] {dag.py:3954} INFO - Setting next_dagrun for lap_time_analysis to None, run_after=None
[2026-06-30T21:54:11.084+0000] {processor.py:183} INFO - Processing /opt/airflow/dags/lap_time_analysis.py took 0.292 seconds
[2026-06-30T21:54:42.548+0000] {processor.py:161} INFO - Started process (PID=1981) to work on /opt/airflow/dags/lap_time_analysis.py
[2026-06-30T21:54:42.552+0000] {processor.py:830} INFO - Processing file /opt/airflow/dags/lap_time_analysis.py for tasks to queue
[2026-06-30T21:54:42.555+0000] {logging_mixin.py:188} INFO - [2026-06-30T21:54:42.554+0000] {dagbag.py:545} INFO - Filling up the DagBag from /opt/airflow/dags/lap_time_analysis.py
[2026-06-30T21:54:43.275+0000] {processor.py:840} INFO - DAG(s) 'lap_time_analysis' retrieved from /opt/airflow/dags/lap_time_analysis.py
[2026-06-30T21:54:43.453+0000] {logging_mixin.py:188} INFO - [2026-06-30T21:54:43.453+0000] {dag.py:3096} INFO - Sync 1 DAGs
[2026-06-30T21:54:43.499+0000] {logging_mixin.py:188} INFO - [2026-06-30T21:54:43.499+0000] {dag.py:3954} INFO - Setting next_dagrun for lap_time_analysis to None, run_after=None
[2026-06-30T21:54:43.528+0000] {processor.py:183} INFO - Processing /opt/airflow/dags/lap_time_analysis.py took 0.989 seconds
[2026-06-30T21:55:14.511+0000] {processor.py:161} INFO - Started process (PID=1992) to work on /opt/airflow/dags/lap_time_analysis.py
[2026-06-30T21:55:14.513+0000] {processor.py:830} INFO - Processing file /opt/airflow/dags/lap_time_analysis.py for tasks to queue
[2026-06-30T21:55:14.518+0000] {logging_mixin.py:188} INFO - [2026-06-30T21:55:14.517+0000] {dagbag.py:545} INFO - Filling up the DagBag from /opt/airflow/dags/lap_time_analysis.py
[2026-06-30T21:55:14.762+0000] {processor.py:840} INFO - DAG(s) 'lap_time_analysis' retrieved from /opt/airflow/dags/lap_time_analysis.py
[2026-06-30T21:55:14.804+0000] {logging_mixin.py:188} INFO - [2026-06-30T21:55:14.804+0000] {dag.py:3096} INFO - Sync 1 DAGs
[2026-06-30T21:55:14.823+0000] {logging_mixin.py:188} INFO - [2026-06-30T21:55:14.823+0000] {dag.py:3954} INFO - Setting next_dagrun for lap_time_analysis to None, run_after=None
[2026-06-30T21:55:14.850+0000] {processor.py:183} INFO - Processing /opt/airflow/dags/lap_time_analysis.py took 0.356 seconds
[2026-06-30T21:55:46.652+0000] {processor.py:161} INFO - Started process (PID=2003) to work on /opt/airflow/dags/lap_time_analysis.py
[2026-06-30T21:55:46.654+0000] {processor.py:830} INFO - Processing file /opt/airflow/dags/lap_time_analysis.py for tasks to queue
[2026-06-30T21:55:46.670+0000] {logging_mixin.py:188} INFO - [2026-06-30T21:55:46.668+0000] {dagbag.py:545} INFO - Filling up the DagBag from /opt/airflow/dags/lap_time_analysis.py
[2026-06-30T21:55:46.901+0000] {processor.py:840} INFO - DAG(s) 'lap_time_analysis' retrieved from /opt/airflow/dags/lap_time_analysis.py
[2026-06-30T21:55:47.007+0000] {logging_mixin.py:188} INFO - [2026-06-30T21:55:47.006+0000] {dag.py:3096} INFO - Sync 1 DAGs
[2026-06-30T21:55:47.089+0000] {logging_mixin.py:188} INFO - [2026-06-30T21:55:47.088+0000] {dag.py:3954} INFO - Setting next_dagrun for lap_time_analysis to None, run_after=None
[2026-06-30T21:55:47.153+0000] {processor.py:183} INFO - Processing /opt/airflow/dags/lap_time_analysis.py took 0.511 seconds
[2026-06-30T21:56:19.971+0000] {processor.py:161} INFO - Started process (PID=2014) to work on /opt/airflow/dags/lap_time_analysis.py
[2026-06-30T21:56:19.981+0000] {processor.py:830} INFO - Processing file /opt/airflow/dags/lap_time_analysis.py for tasks to queue
[2026-06-30T21:56:20.027+0000] {logging_mixin.py:188} INFO - [2026-06-30T21:56:20.019+0000] {dagbag.py:545} INFO - Filling up the DagBag from /opt/airflow/dags/lap_time_analysis.py
[2026-06-30T21:56:21.337+0000] {processor.py:840} INFO - DAG(s) 'lap_time_analysis' retrieved from /opt/airflow/dags/lap_time_analysis.py
[2026-06-30T21:56:21.608+0000] {logging_mixin.py:188} INFO - [2026-06-30T21:56:21.607+0000] {dag.py:3096} INFO - Sync 1 DAGs
[2026-06-30T21:56:21.712+0000] {logging_mixin.py:188} INFO - [2026-06-30T21:56:21.711+0000] {dag.py:3954} INFO - Setting next_dagrun for lap_time_analysis to None, run_after=None
[2026-06-30T21:56:21.806+0000] {processor.py:183} INFO - Processing /opt/airflow/dags/lap_time_analysis.py took 1.977 seconds
[2026-06-30T21:56:52.207+0000] {processor.py:161} INFO - Started process (PID=2025) to work on /opt/airflow/dags/lap_time_analysis.py
[2026-06-30T21:56:52.218+0000] {processor.py:830} INFO - Processing file /opt/airflow/dags/lap_time_analysis.py for tasks to queue
[2026-06-30T21:56:52.257+0000] {logging_mixin.py:188} INFO - [2026-06-30T21:56:52.251+0000] {dagbag.py:545} INFO - Filling up the DagBag from /opt/airflow/dags/lap_time_analysis.py
[2026-06-30T21:56:53.342+0000] {processor.py:840} INFO - DAG(s) 'lap_time_analysis' retrieved from /opt/airflow/dags/lap_time_analysis.py
[2026-06-30T21:56:53.582+0000] {logging_mixin.py:188} INFO - [2026-06-30T21:56:53.581+0000] {dag.py:3096} INFO - Sync 1 DAGs
[2026-06-30T21:56:53.664+0000] {logging_mixin.py:188} INFO - [2026-06-30T21:56:53.664+0000] {dag.py:3954} INFO - Setting next_dagrun for lap_time_analysis to None, run_after=None
[2026-06-30T21:56:53.773+0000] {processor.py:183} INFO - Processing /opt/airflow/dags/lap_time_analysis.py took 1.667 seconds
[2026-06-30T21:57:24.276+0000] {processor.py:161} INFO - Started process (PID=2036) to work on /opt/airflow/dags/lap_time_analysis.py
[2026-06-30T21:57:24.288+0000] {processor.py:830} INFO - Processing file /opt/airflow/dags/lap_time_analysis.py for tasks to queue
[2026-06-30T21:57:24.322+0000] {logging_mixin.py:188} INFO - [2026-06-30T21:57:24.315+0000] {dagbag.py:545} INFO - Filling up the DagBag from /opt/airflow/dags/lap_time_analysis.py
[2026-06-30T21:57:25.586+0000] {processor.py:840} INFO - DAG(s) 'lap_time_analysis' retrieved from /opt/airflow/dags/lap_time_analysis.py
[2026-06-30T21:57:25.840+0000] {logging_mixin.py:188} INFO - [2026-06-30T21:57:25.838+0000] {dag.py:3096} INFO - Sync 1 DAGs
[2026-06-30T21:57:26.023+0000] {logging_mixin.py:188} INFO - [2026-06-30T21:57:26.022+0000] {dag.py:3954} INFO - Setting next_dagrun for lap_time_analysis to None, run_after=None
[2026-06-30T21:57:26.165+0000] {processor.py:183} INFO - Processing /opt/airflow/dags/lap_time_analysis.py took 1.975 seconds
[2026-06-30T21:58:03.063+0000] {processor.py:161} INFO - Started process (PID=2047) to work on /opt/airflow/dags/lap_time_analysis.py
[2026-06-30T21:58:03.079+0000] {processor.py:830} INFO - Processing file /opt/airflow/dags/lap_time_analysis.py for tasks to queue
[2026-06-30T21:58:04.213+0000] {logging_mixin.py:188} INFO - [2026-06-30T21:58:04.193+0000] {dagbag.py:545} INFO - Filling up the DagBag from /opt/airflow/dags/lap_time_analysis.py
[2026-06-30T21:58:13.210+0000] {processor.py:840} INFO - DAG(s) 'lap_time_analysis' retrieved from /opt/airflow/dags/lap_time_analysis.py
[2026-06-30T21:58:15.398+0000] {logging_mixin.py:188} INFO - [2026-06-30T21:58:15.386+0000] {dag.py:3096} INFO - Sync 1 DAGs
[2026-06-30T21:58:16.179+0000] {logging_mixin.py:188} INFO - [2026-06-30T21:58:16.178+0000] {dag.py:3954} INFO - Setting next_dagrun for lap_time_analysis to None, run_after=None
[2026-06-30T21:58:16.827+0000] {processor.py:183} INFO - Processing /opt/airflow/dags/lap_time_analysis.py took 15.340 seconds
[2026-06-30T21:58:47.009+0000] {processor.py:161} INFO - Started process (PID=2058) to work on /opt/airflow/dags/lap_time_analysis.py
[2026-06-30T21:58:47.013+0000] {processor.py:830} INFO - Processing file /opt/airflow/dags/lap_time_analysis.py for tasks to queue
[2026-06-30T21:58:47.020+0000] {logging_mixin.py:188} INFO - [2026-06-30T21:58:47.019+0000] {dagbag.py:545} INFO - Filling up the DagBag from /opt/airflow/dags/lap_time_analysis.py
[2026-06-30T21:58:47.783+0000] {processor.py:840} INFO - DAG(s) 'lap_time_analysis' retrieved from /opt/airflow/dags/lap_time_analysis.py
[2026-06-30T21:58:48.008+0000] {logging_mixin.py:188} INFO - [2026-06-30T21:58:48.007+0000] {dag.py:3096} INFO - Sync 1 DAGs
[2026-06-30T21:58:48.165+0000] {logging_mixin.py:188} INFO - [2026-06-30T21:58:48.164+0000] {dag.py:3954} INFO - Setting next_dagrun for lap_time_analysis to None, run_after=None
[2026-06-30T21:58:48.311+0000] {processor.py:183} INFO - Processing /opt/airflow/dags/lap_time_analysis.py took 1.314 seconds
[2026-06-30T21:59:18.640+0000] {processor.py:161} INFO - Started process (PID=2067) to work on /opt/airflow/dags/lap_time_analysis.py
[2026-06-30T21:59:18.641+0000] {processor.py:830} INFO - Processing file /opt/airflow/dags/lap_time_analysis.py for tasks to queue
[2026-06-30T21:59:18.643+0000] {logging_mixin.py:188} INFO - [2026-06-30T21:59:18.643+0000] {dagbag.py:545} INFO - Filling up the DagBag from /opt/airflow/dags/lap_time_analysis.py
[2026-06-30T21:59:18.967+0000] {processor.py:840} INFO - DAG(s) 'lap_time_analysis' retrieved from /opt/airflow/dags/lap_time_analysis.py
[2026-06-30T21:59:19.028+0000] {logging_mixin.py:188} INFO - [2026-06-30T21:59:19.027+0000] {dag.py:3096} INFO - Sync 1 DAGs
[2026-06-30T21:59:19.060+0000] {logging_mixin.py:188} INFO - [2026-06-30T21:59:19.060+0000] {dag.py:3954} INFO - Setting next_dagrun for lap_time_analysis to None, run_after=None
[2026-06-30T21:59:19.093+0000] {processor.py:183} INFO - Processing /opt/airflow/dags/lap_time_analysis.py took 0.460 seconds
[2026-06-30T21:59:49.675+0000] {processor.py:161} INFO - Started process (PID=2077) to work on /opt/airflow/dags/lap_time_analysis.py
[2026-06-30T21:59:49.682+0000] {processor.py:830} INFO - Processing file /opt/airflow/dags/lap_time_analysis.py for tasks to queue
[2026-06-30T21:59:49.689+0000] {logging_mixin.py:188} INFO - [2026-06-30T21:59:49.686+0000] {dagbag.py:545} INFO - Filling up the DagBag from /opt/airflow/dags/lap_time_analysis.py
[2026-06-30T21:59:50.233+0000] {processor.py:840} INFO - DAG(s) 'lap_time_analysis' retrieved from /opt/airflow/dags/lap_time_analysis.py
[2026-06-30T21:59:50.400+0000] {logging_mixin.py:188} INFO - [2026-06-30T21:59:50.399+0000] {dag.py:3096} INFO - Sync 1 DAGs
[2026-06-30T21:59:50.539+0000] {logging_mixin.py:188} INFO - [2026-06-30T21:59:50.538+0000] {dag.py:3954} INFO - Setting next_dagrun for lap_time_analysis to None, run_after=None
[2026-06-30T21:59:50.651+0000] {processor.py:183} INFO - Processing /opt/airflow/dags/lap_time_analysis.py took 1.020 seconds
