[2026-06-30T16:14:27.600+0000] {processor.py:161} INFO - Started process (PID=252) to work on /opt/airflow/dags/load_ergast_data.py
[2026-06-30T16:14:27.615+0000] {processor.py:830} INFO - Processing file /opt/airflow/dags/load_ergast_data.py for tasks to queue
[2026-06-30T16:14:27.622+0000] {logging_mixin.py:188} INFO - [2026-06-30T16:14:27.620+0000] {dagbag.py:545} INFO - Filling up the DagBag from /opt/airflow/dags/load_ergast_data.py
[2026-06-30T16:14:30.677+0000] {processor.py:840} INFO - DAG(s) 'load_ergast_data' retrieved from /opt/airflow/dags/load_ergast_data.py
[2026-06-30T16:14:31.590+0000] {logging_mixin.py:188} INFO - [2026-06-30T16:14:31.590+0000] {dag.py:3096} INFO - Sync 1 DAGs
[2026-06-30T16:14:32.228+0000] {logging_mixin.py:188} INFO - [2026-06-30T16:14:32.227+0000] {dag.py:3954} INFO - Setting next_dagrun for load_ergast_data to None, run_after=None
[2026-06-30T16:14:32.308+0000] {processor.py:183} INFO - Processing /opt/airflow/dags/load_ergast_data.py took 4.745 seconds
[2026-06-30T16:15:02.392+0000] {processor.py:161} INFO - Started process (PID=275) to work on /opt/airflow/dags/load_ergast_data.py
[2026-06-30T16:15:02.394+0000] {processor.py:830} INFO - Processing file /opt/airflow/dags/load_ergast_data.py for tasks to queue
[2026-06-30T16:15:02.405+0000] {logging_mixin.py:188} INFO - [2026-06-30T16:15:02.403+0000] {dagbag.py:545} INFO - Filling up the DagBag from /opt/airflow/dags/load_ergast_data.py
[2026-06-30T16:15:04.358+0000] {processor.py:840} INFO - DAG(s) 'load_ergast_data' retrieved from /opt/airflow/dags/load_ergast_data.py
[2026-06-30T16:15:05.276+0000] {logging_mixin.py:188} INFO - [2026-06-30T16:15:05.275+0000] {dag.py:3096} INFO - Sync 1 DAGs
[2026-06-30T16:15:05.295+0000] {logging_mixin.py:188} INFO - [2026-06-30T16:15:05.295+0000] {dag.py:3954} INFO - Setting next_dagrun for load_ergast_data to None, run_after=None
[2026-06-30T16:15:05.323+0000] {processor.py:183} INFO - Processing /opt/airflow/dags/load_ergast_data.py took 2.937 seconds
[2026-06-30T16:15:35.788+0000] {processor.py:161} INFO - Started process (PID=295) to work on /opt/airflow/dags/load_ergast_data.py
[2026-06-30T16:15:35.810+0000] {processor.py:830} INFO - Processing file /opt/airflow/dags/load_ergast_data.py for tasks to queue
[2026-06-30T16:15:35.815+0000] {logging_mixin.py:188} INFO - [2026-06-30T16:15:35.815+0000] {dagbag.py:545} INFO - Filling up the DagBag from /opt/airflow/dags/load_ergast_data.py
[2026-06-30T16:15:36.754+0000] {processor.py:840} INFO - DAG(s) 'load_ergast_data' retrieved from /opt/airflow/dags/load_ergast_data.py
[2026-06-30T16:15:36.781+0000] {logging_mixin.py:188} INFO - [2026-06-30T16:15:36.781+0000] {dag.py:3096} INFO - Sync 1 DAGs
[2026-06-30T16:15:36.793+0000] {logging_mixin.py:188} INFO - [2026-06-30T16:15:36.793+0000] {dag.py:3954} INFO - Setting next_dagrun for load_ergast_data to None, run_after=None
[2026-06-30T16:15:36.814+0000] {processor.py:183} INFO - Processing /opt/airflow/dags/load_ergast_data.py took 1.037 seconds
[2026-06-30T16:16:07.134+0000] {processor.py:161} INFO - Started process (PID=306) to work on /opt/airflow/dags/load_ergast_data.py
[2026-06-30T16:16:07.135+0000] {processor.py:830} INFO - Processing file /opt/airflow/dags/load_ergast_data.py for tasks to queue
[2026-06-30T16:16:07.138+0000] {logging_mixin.py:188} INFO - [2026-06-30T16:16:07.138+0000] {dagbag.py:545} INFO - Filling up the DagBag from /opt/airflow/dags/load_ergast_data.py
[2026-06-30T16:16:07.402+0000] {processor.py:840} INFO - DAG(s) 'load_ergast_data' retrieved from /opt/airflow/dags/load_ergast_data.py
[2026-06-30T16:16:07.429+0000] {logging_mixin.py:188} INFO - [2026-06-30T16:16:07.428+0000] {dag.py:3096} INFO - Sync 1 DAGs
[2026-06-30T16:16:07.450+0000] {logging_mixin.py:188} INFO - [2026-06-30T16:16:07.449+0000] {dag.py:3954} INFO - Setting next_dagrun for load_ergast_data to None, run_after=None
[2026-06-30T16:16:07.496+0000] {processor.py:183} INFO - Processing /opt/airflow/dags/load_ergast_data.py took 0.369 seconds
[2026-06-30T16:16:37.810+0000] {processor.py:161} INFO - Started process (PID=317) to work on /opt/airflow/dags/load_ergast_data.py
[2026-06-30T16:16:37.811+0000] {processor.py:830} INFO - Processing file /opt/airflow/dags/load_ergast_data.py for tasks to queue
[2026-06-30T16:16:37.814+0000] {logging_mixin.py:188} INFO - [2026-06-30T16:16:37.814+0000] {dagbag.py:545} INFO - Filling up the DagBag from /opt/airflow/dags/load_ergast_data.py
[2026-06-30T16:16:38.298+0000] {processor.py:840} INFO - DAG(s) 'load_ergast_data' retrieved from /opt/airflow/dags/load_ergast_data.py
[2026-06-30T16:16:38.362+0000] {logging_mixin.py:188} INFO - [2026-06-30T16:16:38.362+0000] {dag.py:3096} INFO - Sync 1 DAGs
[2026-06-30T16:16:38.425+0000] {logging_mixin.py:188} INFO - [2026-06-30T16:16:38.425+0000] {dag.py:3954} INFO - Setting next_dagrun for load_ergast_data to None, run_after=None
[2026-06-30T16:16:39.038+0000] {processor.py:183} INFO - Processing /opt/airflow/dags/load_ergast_data.py took 1.235 seconds
[2026-06-30T16:17:09.367+0000] {processor.py:161} INFO - Started process (PID=328) to work on /opt/airflow/dags/load_ergast_data.py
[2026-06-30T16:17:09.369+0000] {processor.py:830} INFO - Processing file /opt/airflow/dags/load_ergast_data.py for tasks to queue
[2026-06-30T16:17:09.372+0000] {logging_mixin.py:188} INFO - [2026-06-30T16:17:09.371+0000] {dagbag.py:545} INFO - Filling up the DagBag from /opt/airflow/dags/load_ergast_data.py
[2026-06-30T16:17:09.653+0000] {processor.py:840} INFO - DAG(s) 'load_ergast_data' retrieved from /opt/airflow/dags/load_ergast_data.py
[2026-06-30T16:17:09.677+0000] {logging_mixin.py:188} INFO - [2026-06-30T16:17:09.675+0000] {dag.py:3096} INFO - Sync 1 DAGs
[2026-06-30T16:17:09.690+0000] {logging_mixin.py:188} INFO - [2026-06-30T16:17:09.690+0000] {dag.py:3954} INFO - Setting next_dagrun for load_ergast_data to None, run_after=None
[2026-06-30T16:17:09.715+0000] {processor.py:183} INFO - Processing /opt/airflow/dags/load_ergast_data.py took 0.356 seconds
[2026-06-30T16:17:40.034+0000] {processor.py:161} INFO - Started process (PID=339) to work on /opt/airflow/dags/load_ergast_data.py
[2026-06-30T16:17:40.035+0000] {processor.py:830} INFO - Processing file /opt/airflow/dags/load_ergast_data.py for tasks to queue
[2026-06-30T16:17:40.038+0000] {logging_mixin.py:188} INFO - [2026-06-30T16:17:40.038+0000] {dagbag.py:545} INFO - Filling up the DagBag from /opt/airflow/dags/load_ergast_data.py
[2026-06-30T16:17:40.418+0000] {processor.py:840} INFO - DAG(s) 'load_ergast_data' retrieved from /opt/airflow/dags/load_ergast_data.py
[2026-06-30T16:17:40.454+0000] {logging_mixin.py:188} INFO - [2026-06-30T16:17:40.453+0000] {dag.py:3096} INFO - Sync 1 DAGs
[2026-06-30T16:17:40.469+0000] {logging_mixin.py:188} INFO - [2026-06-30T16:17:40.469+0000] {dag.py:3954} INFO - Setting next_dagrun for load_ergast_data to None, run_after=None
[2026-06-30T16:17:40.496+0000] {processor.py:183} INFO - Processing /opt/airflow/dags/load_ergast_data.py took 0.470 seconds
[2026-06-30T16:18:39.914+0000] {processor.py:161} INFO - Started process (PID=346) to work on /opt/airflow/dags/load_ergast_data.py
[2026-06-30T16:18:39.927+0000] {processor.py:830} INFO - Processing file /opt/airflow/dags/load_ergast_data.py for tasks to queue
[2026-06-30T16:18:39.993+0000] {logging_mixin.py:188} INFO - [2026-06-30T16:18:39.988+0000] {dagbag.py:545} INFO - Filling up the DagBag from /opt/airflow/dags/load_ergast_data.py
[2026-06-30T16:18:42.507+0000] {processor.py:840} INFO - DAG(s) 'load_ergast_data' retrieved from /opt/airflow/dags/load_ergast_data.py
[2026-06-30T16:18:42.646+0000] {logging_mixin.py:188} INFO - [2026-06-30T16:18:42.643+0000] {dag.py:3096} INFO - Sync 1 DAGs
[2026-06-30T16:18:42.788+0000] {logging_mixin.py:188} INFO - [2026-06-30T16:18:42.787+0000] {dag.py:3954} INFO - Setting next_dagrun for load_ergast_data to None, run_after=None
[2026-06-30T16:18:42.873+0000] {processor.py:183} INFO - Processing /opt/airflow/dags/load_ergast_data.py took 3.022 seconds
[2026-06-30T16:19:13.441+0000] {processor.py:161} INFO - Started process (PID=361) to work on /opt/airflow/dags/load_ergast_data.py
[2026-06-30T16:19:13.444+0000] {processor.py:830} INFO - Processing file /opt/airflow/dags/load_ergast_data.py for tasks to queue
[2026-06-30T16:19:13.447+0000] {logging_mixin.py:188} INFO - [2026-06-30T16:19:13.447+0000] {dagbag.py:545} INFO - Filling up the DagBag from /opt/airflow/dags/load_ergast_data.py
[2026-06-30T16:19:14.731+0000] {processor.py:840} INFO - DAG(s) 'load_ergast_data' retrieved from /opt/airflow/dags/load_ergast_data.py
[2026-06-30T16:19:14.942+0000] {logging_mixin.py:188} INFO - [2026-06-30T16:19:14.940+0000] {dag.py:3096} INFO - Sync 1 DAGs
[2026-06-30T16:19:15.001+0000] {logging_mixin.py:188} INFO - [2026-06-30T16:19:15.000+0000] {dag.py:3954} INFO - Setting next_dagrun for load_ergast_data to None, run_after=None
[2026-06-30T16:19:15.163+0000] {processor.py:183} INFO - Processing /opt/airflow/dags/load_ergast_data.py took 1.730 seconds
[2026-06-30T16:19:45.631+0000] {processor.py:161} INFO - Started process (PID=372) to work on /opt/airflow/dags/load_ergast_data.py
[2026-06-30T16:19:45.644+0000] {processor.py:830} INFO - Processing file /opt/airflow/dags/load_ergast_data.py for tasks to queue
[2026-06-30T16:19:45.647+0000] {logging_mixin.py:188} INFO - [2026-06-30T16:19:45.647+0000] {dagbag.py:545} INFO - Filling up the DagBag from /opt/airflow/dags/load_ergast_data.py
[2026-06-30T16:19:46.075+0000] {processor.py:840} INFO - DAG(s) 'load_ergast_data' retrieved from /opt/airflow/dags/load_ergast_data.py
[2026-06-30T16:19:46.309+0000] {logging_mixin.py:188} INFO - [2026-06-30T16:19:46.308+0000] {dag.py:3096} INFO - Sync 1 DAGs
[2026-06-30T16:19:46.380+0000] {logging_mixin.py:188} INFO - [2026-06-30T16:19:46.379+0000] {dag.py:3954} INFO - Setting next_dagrun for load_ergast_data to None, run_after=None
[2026-06-30T16:19:46.438+0000] {processor.py:183} INFO - Processing /opt/airflow/dags/load_ergast_data.py took 0.814 seconds
[2026-06-30T16:20:16.877+0000] {processor.py:161} INFO - Started process (PID=383) to work on /opt/airflow/dags/load_ergast_data.py
[2026-06-30T16:20:16.879+0000] {processor.py:830} INFO - Processing file /opt/airflow/dags/load_ergast_data.py for tasks to queue
[2026-06-30T16:20:16.882+0000] {logging_mixin.py:188} INFO - [2026-06-30T16:20:16.881+0000] {dagbag.py:545} INFO - Filling up the DagBag from /opt/airflow/dags/load_ergast_data.py
[2026-06-30T16:20:18.578+0000] {processor.py:840} INFO - DAG(s) 'load_ergast_data' retrieved from /opt/airflow/dags/load_ergast_data.py
[2026-06-30T16:20:18.683+0000] {logging_mixin.py:188} INFO - [2026-06-30T16:20:18.682+0000] {dag.py:3096} INFO - Sync 1 DAGs
[2026-06-30T16:20:18.751+0000] {logging_mixin.py:188} INFO - [2026-06-30T16:20:18.751+0000] {dag.py:3954} INFO - Setting next_dagrun for load_ergast_data to None, run_after=None
[2026-06-30T16:20:21.057+0000] {processor.py:183} INFO - Processing /opt/airflow/dags/load_ergast_data.py took 4.185 seconds
[2026-06-30T16:20:51.672+0000] {processor.py:161} INFO - Started process (PID=405) to work on /opt/airflow/dags/load_ergast_data.py
[2026-06-30T16:20:51.674+0000] {processor.py:830} INFO - Processing file /opt/airflow/dags/load_ergast_data.py for tasks to queue
[2026-06-30T16:20:51.679+0000] {logging_mixin.py:188} INFO - [2026-06-30T16:20:51.678+0000] {dagbag.py:545} INFO - Filling up the DagBag from /opt/airflow/dags/load_ergast_data.py
[2026-06-30T16:20:52.444+0000] {processor.py:840} INFO - DAG(s) 'load_ergast_data' retrieved from /opt/airflow/dags/load_ergast_data.py
[2026-06-30T16:20:52.497+0000] {logging_mixin.py:188} INFO - [2026-06-30T16:20:52.496+0000] {dag.py:3096} INFO - Sync 1 DAGs
[2026-06-30T16:20:52.512+0000] {logging_mixin.py:188} INFO - [2026-06-30T16:20:52.512+0000] {dag.py:3954} INFO - Setting next_dagrun for load_ergast_data to None, run_after=None
[2026-06-30T16:20:53.451+0000] {processor.py:183} INFO - Processing /opt/airflow/dags/load_ergast_data.py took 1.789 seconds
[2026-06-30T16:21:24.029+0000] {processor.py:161} INFO - Started process (PID=416) to work on /opt/airflow/dags/load_ergast_data.py
[2026-06-30T16:21:24.031+0000] {processor.py:830} INFO - Processing file /opt/airflow/dags/load_ergast_data.py for tasks to queue
[2026-06-30T16:21:24.034+0000] {logging_mixin.py:188} INFO - [2026-06-30T16:21:24.034+0000] {dagbag.py:545} INFO - Filling up the DagBag from /opt/airflow/dags/load_ergast_data.py
[2026-06-30T16:21:24.752+0000] {processor.py:840} INFO - DAG(s) 'load_ergast_data' retrieved from /opt/airflow/dags/load_ergast_data.py
[2026-06-30T16:21:24.834+0000] {logging_mixin.py:188} INFO - [2026-06-30T16:21:24.831+0000] {dag.py:3096} INFO - Sync 1 DAGs
[2026-06-30T16:21:24.862+0000] {logging_mixin.py:188} INFO - [2026-06-30T16:21:24.861+0000] {dag.py:3954} INFO - Setting next_dagrun for load_ergast_data to None, run_after=None
[2026-06-30T16:21:24.906+0000] {processor.py:183} INFO - Processing /opt/airflow/dags/load_ergast_data.py took 0.885 seconds
[2026-06-30T16:21:55.574+0000] {processor.py:161} INFO - Started process (PID=427) to work on /opt/airflow/dags/load_ergast_data.py
[2026-06-30T16:21:55.580+0000] {processor.py:830} INFO - Processing file /opt/airflow/dags/load_ergast_data.py for tasks to queue
[2026-06-30T16:21:55.591+0000] {logging_mixin.py:188} INFO - [2026-06-30T16:21:55.589+0000] {dagbag.py:545} INFO - Filling up the DagBag from /opt/airflow/dags/load_ergast_data.py
[2026-06-30T16:21:57.346+0000] {processor.py:840} INFO - DAG(s) 'load_ergast_data' retrieved from /opt/airflow/dags/load_ergast_data.py
[2026-06-30T16:21:57.466+0000] {logging_mixin.py:188} INFO - [2026-06-30T16:21:57.464+0000] {dag.py:3096} INFO - Sync 1 DAGs
[2026-06-30T16:21:57.526+0000] {logging_mixin.py:188} INFO - [2026-06-30T16:21:57.526+0000] {dag.py:3954} INFO - Setting next_dagrun for load_ergast_data to None, run_after=None
[2026-06-30T16:21:57.589+0000] {processor.py:183} INFO - Processing /opt/airflow/dags/load_ergast_data.py took 2.046 seconds
[2026-06-30T16:22:28.014+0000] {processor.py:161} INFO - Started process (PID=438) to work on /opt/airflow/dags/load_ergast_data.py
[2026-06-30T16:22:28.026+0000] {processor.py:830} INFO - Processing file /opt/airflow/dags/load_ergast_data.py for tasks to queue
[2026-06-30T16:22:28.030+0000] {logging_mixin.py:188} INFO - [2026-06-30T16:22:28.029+0000] {dagbag.py:545} INFO - Filling up the DagBag from /opt/airflow/dags/load_ergast_data.py
[2026-06-30T16:22:28.744+0000] {processor.py:840} INFO - DAG(s) 'load_ergast_data' retrieved from /opt/airflow/dags/load_ergast_data.py
[2026-06-30T16:22:28.881+0000] {logging_mixin.py:188} INFO - [2026-06-30T16:22:28.880+0000] {dag.py:3096} INFO - Sync 1 DAGs
[2026-06-30T16:22:28.901+0000] {logging_mixin.py:188} INFO - [2026-06-30T16:22:28.901+0000] {dag.py:3954} INFO - Setting next_dagrun for load_ergast_data to None, run_after=None
[2026-06-30T16:22:28.943+0000] {processor.py:183} INFO - Processing /opt/airflow/dags/load_ergast_data.py took 0.934 seconds
[2026-06-30T16:22:59.461+0000] {processor.py:161} INFO - Started process (PID=449) to work on /opt/airflow/dags/load_ergast_data.py
[2026-06-30T16:22:59.463+0000] {processor.py:830} INFO - Processing file /opt/airflow/dags/load_ergast_data.py for tasks to queue
[2026-06-30T16:22:59.467+0000] {logging_mixin.py:188} INFO - [2026-06-30T16:22:59.467+0000] {dagbag.py:545} INFO - Filling up the DagBag from /opt/airflow/dags/load_ergast_data.py
[2026-06-30T16:23:00.015+0000] {processor.py:840} INFO - DAG(s) 'load_ergast_data' retrieved from /opt/airflow/dags/load_ergast_data.py
[2026-06-30T16:23:00.074+0000] {logging_mixin.py:188} INFO - [2026-06-30T16:23:00.073+0000] {dag.py:3096} INFO - Sync 1 DAGs
[2026-06-30T16:23:00.119+0000] {logging_mixin.py:188} INFO - [2026-06-30T16:23:00.119+0000] {dag.py:3954} INFO - Setting next_dagrun for load_ergast_data to None, run_after=None
[2026-06-30T16:23:00.162+0000] {processor.py:183} INFO - Processing /opt/airflow/dags/load_ergast_data.py took 0.706 seconds
[2026-06-30T16:23:30.407+0000] {processor.py:161} INFO - Started process (PID=460) to work on /opt/airflow/dags/load_ergast_data.py
[2026-06-30T16:23:30.409+0000] {processor.py:830} INFO - Processing file /opt/airflow/dags/load_ergast_data.py for tasks to queue
[2026-06-30T16:23:30.412+0000] {logging_mixin.py:188} INFO - [2026-06-30T16:23:30.411+0000] {dagbag.py:545} INFO - Filling up the DagBag from /opt/airflow/dags/load_ergast_data.py
[2026-06-30T16:23:30.704+0000] {processor.py:840} INFO - DAG(s) 'load_ergast_data' retrieved from /opt/airflow/dags/load_ergast_data.py
[2026-06-30T16:23:30.745+0000] {logging_mixin.py:188} INFO - [2026-06-30T16:23:30.745+0000] {dag.py:3096} INFO - Sync 1 DAGs
[2026-06-30T16:23:30.760+0000] {logging_mixin.py:188} INFO - [2026-06-30T16:23:30.759+0000] {dag.py:3954} INFO - Setting next_dagrun for load_ergast_data to None, run_after=None
[2026-06-30T16:23:32.468+0000] {processor.py:183} INFO - Processing /opt/airflow/dags/load_ergast_data.py took 2.068 seconds
[2026-06-30T16:24:02.817+0000] {processor.py:161} INFO - Started process (PID=471) to work on /opt/airflow/dags/load_ergast_data.py
[2026-06-30T16:24:02.819+0000] {processor.py:830} INFO - Processing file /opt/airflow/dags/load_ergast_data.py for tasks to queue
[2026-06-30T16:24:02.822+0000] {logging_mixin.py:188} INFO - [2026-06-30T16:24:02.821+0000] {dagbag.py:545} INFO - Filling up the DagBag from /opt/airflow/dags/load_ergast_data.py
[2026-06-30T16:24:03.185+0000] {processor.py:840} INFO - DAG(s) 'load_ergast_data' retrieved from /opt/airflow/dags/load_ergast_data.py
[2026-06-30T16:24:03.219+0000] {logging_mixin.py:188} INFO - [2026-06-30T16:24:03.219+0000] {dag.py:3096} INFO - Sync 1 DAGs
[2026-06-30T16:24:03.235+0000] {logging_mixin.py:188} INFO - [2026-06-30T16:24:03.234+0000] {dag.py:3954} INFO - Setting next_dagrun for load_ergast_data to None, run_after=None
[2026-06-30T16:24:03.266+0000] {processor.py:183} INFO - Processing /opt/airflow/dags/load_ergast_data.py took 0.455 seconds
[2026-06-30T16:24:33.643+0000] {processor.py:161} INFO - Started process (PID=482) to work on /opt/airflow/dags/load_ergast_data.py
[2026-06-30T16:24:33.646+0000] {processor.py:830} INFO - Processing file /opt/airflow/dags/load_ergast_data.py for tasks to queue
[2026-06-30T16:24:33.651+0000] {logging_mixin.py:188} INFO - [2026-06-30T16:24:33.651+0000] {dagbag.py:545} INFO - Filling up the DagBag from /opt/airflow/dags/load_ergast_data.py
[2026-06-30T16:24:34.008+0000] {processor.py:840} INFO - DAG(s) 'load_ergast_data' retrieved from /opt/airflow/dags/load_ergast_data.py
[2026-06-30T16:24:34.036+0000] {logging_mixin.py:188} INFO - [2026-06-30T16:24:34.035+0000] {dag.py:3096} INFO - Sync 1 DAGs
[2026-06-30T16:24:34.051+0000] {logging_mixin.py:188} INFO - [2026-06-30T16:24:34.051+0000] {dag.py:3954} INFO - Setting next_dagrun for load_ergast_data to None, run_after=None
[2026-06-30T16:24:34.074+0000] {processor.py:183} INFO - Processing /opt/airflow/dags/load_ergast_data.py took 0.391 seconds
[2026-06-30T16:25:04.420+0000] {processor.py:161} INFO - Started process (PID=493) to work on /opt/airflow/dags/load_ergast_data.py
[2026-06-30T16:25:04.422+0000] {processor.py:830} INFO - Processing file /opt/airflow/dags/load_ergast_data.py for tasks to queue
[2026-06-30T16:25:04.424+0000] {logging_mixin.py:188} INFO - [2026-06-30T16:25:04.424+0000] {dagbag.py:545} INFO - Filling up the DagBag from /opt/airflow/dags/load_ergast_data.py
[2026-06-30T16:25:04.713+0000] {processor.py:840} INFO - DAG(s) 'load_ergast_data' retrieved from /opt/airflow/dags/load_ergast_data.py
[2026-06-30T16:25:04.745+0000] {logging_mixin.py:188} INFO - [2026-06-30T16:25:04.744+0000] {dag.py:3096} INFO - Sync 1 DAGs
[2026-06-30T16:25:04.762+0000] {logging_mixin.py:188} INFO - [2026-06-30T16:25:04.762+0000] {dag.py:3954} INFO - Setting next_dagrun for load_ergast_data to None, run_after=None
[2026-06-30T16:25:04.785+0000] {processor.py:183} INFO - Processing /opt/airflow/dags/load_ergast_data.py took 0.370 seconds
[2026-06-30T16:25:35.041+0000] {processor.py:161} INFO - Started process (PID=504) to work on /opt/airflow/dags/load_ergast_data.py
[2026-06-30T16:25:35.045+0000] {processor.py:830} INFO - Processing file /opt/airflow/dags/load_ergast_data.py for tasks to queue
[2026-06-30T16:25:35.052+0000] {logging_mixin.py:188} INFO - [2026-06-30T16:25:35.051+0000] {dagbag.py:545} INFO - Filling up the DagBag from /opt/airflow/dags/load_ergast_data.py
[2026-06-30T16:25:35.406+0000] {processor.py:840} INFO - DAG(s) 'load_ergast_data' retrieved from /opt/airflow/dags/load_ergast_data.py
[2026-06-30T16:25:35.432+0000] {logging_mixin.py:188} INFO - [2026-06-30T16:25:35.432+0000] {dag.py:3096} INFO - Sync 1 DAGs
[2026-06-30T16:25:35.446+0000] {logging_mixin.py:188} INFO - [2026-06-30T16:25:35.446+0000] {dag.py:3954} INFO - Setting next_dagrun for load_ergast_data to None, run_after=None
[2026-06-30T16:25:35.466+0000] {processor.py:183} INFO - Processing /opt/airflow/dags/load_ergast_data.py took 0.447 seconds
[2026-06-30T16:26:05.589+0000] {processor.py:161} INFO - Started process (PID=515) to work on /opt/airflow/dags/load_ergast_data.py
[2026-06-30T16:26:05.590+0000] {processor.py:830} INFO - Processing file /opt/airflow/dags/load_ergast_data.py for tasks to queue
[2026-06-30T16:26:05.593+0000] {logging_mixin.py:188} INFO - [2026-06-30T16:26:05.592+0000] {dagbag.py:545} INFO - Filling up the DagBag from /opt/airflow/dags/load_ergast_data.py
[2026-06-30T16:26:05.867+0000] {processor.py:840} INFO - DAG(s) 'load_ergast_data' retrieved from /opt/airflow/dags/load_ergast_data.py
[2026-06-30T16:26:05.916+0000] {logging_mixin.py:188} INFO - [2026-06-30T16:26:05.914+0000] {dag.py:3096} INFO - Sync 1 DAGs
[2026-06-30T16:26:05.933+0000] {logging_mixin.py:188} INFO - [2026-06-30T16:26:05.932+0000] {dag.py:3954} INFO - Setting next_dagrun for load_ergast_data to None, run_after=None
[2026-06-30T16:26:05.972+0000] {processor.py:183} INFO - Processing /opt/airflow/dags/load_ergast_data.py took 0.390 seconds
[2026-06-30T16:26:36.137+0000] {processor.py:161} INFO - Started process (PID=526) to work on /opt/airflow/dags/load_ergast_data.py
[2026-06-30T16:26:36.140+0000] {processor.py:830} INFO - Processing file /opt/airflow/dags/load_ergast_data.py for tasks to queue
[2026-06-30T16:26:36.146+0000] {logging_mixin.py:188} INFO - [2026-06-30T16:26:36.145+0000] {dagbag.py:545} INFO - Filling up the DagBag from /opt/airflow/dags/load_ergast_data.py
[2026-06-30T16:26:36.444+0000] {processor.py:840} INFO - DAG(s) 'load_ergast_data' retrieved from /opt/airflow/dags/load_ergast_data.py
[2026-06-30T16:26:36.478+0000] {logging_mixin.py:188} INFO - [2026-06-30T16:26:36.477+0000] {dag.py:3096} INFO - Sync 1 DAGs
[2026-06-30T16:26:36.491+0000] {logging_mixin.py:188} INFO - [2026-06-30T16:26:36.491+0000] {dag.py:3954} INFO - Setting next_dagrun for load_ergast_data to None, run_after=None
[2026-06-30T16:26:38.198+0000] {processor.py:183} INFO - Processing /opt/airflow/dags/load_ergast_data.py took 2.074 seconds
[2026-06-30T16:27:08.536+0000] {processor.py:161} INFO - Started process (PID=537) to work on /opt/airflow/dags/load_ergast_data.py
[2026-06-30T16:27:08.538+0000] {processor.py:830} INFO - Processing file /opt/airflow/dags/load_ergast_data.py for tasks to queue
[2026-06-30T16:27:08.541+0000] {logging_mixin.py:188} INFO - [2026-06-30T16:27:08.540+0000] {dagbag.py:545} INFO - Filling up the DagBag from /opt/airflow/dags/load_ergast_data.py
[2026-06-30T16:27:08.810+0000] {processor.py:840} INFO - DAG(s) 'load_ergast_data' retrieved from /opt/airflow/dags/load_ergast_data.py
[2026-06-30T16:27:08.837+0000] {logging_mixin.py:188} INFO - [2026-06-30T16:27:08.837+0000] {dag.py:3096} INFO - Sync 1 DAGs
[2026-06-30T16:27:08.995+0000] {logging_mixin.py:188} INFO - [2026-06-30T16:27:08.995+0000] {dag.py:3954} INFO - Setting next_dagrun for load_ergast_data to None, run_after=None
[2026-06-30T16:27:09.013+0000] {processor.py:183} INFO - Processing /opt/airflow/dags/load_ergast_data.py took 0.484 seconds
[2026-06-30T16:27:39.221+0000] {processor.py:161} INFO - Started process (PID=548) to work on /opt/airflow/dags/load_ergast_data.py
[2026-06-30T16:27:39.222+0000] {processor.py:830} INFO - Processing file /opt/airflow/dags/load_ergast_data.py for tasks to queue
[2026-06-30T16:27:39.225+0000] {logging_mixin.py:188} INFO - [2026-06-30T16:27:39.224+0000] {dagbag.py:545} INFO - Filling up the DagBag from /opt/airflow/dags/load_ergast_data.py
[2026-06-30T16:27:39.517+0000] {processor.py:840} INFO - DAG(s) 'load_ergast_data' retrieved from /opt/airflow/dags/load_ergast_data.py
[2026-06-30T16:27:39.543+0000] {logging_mixin.py:188} INFO - [2026-06-30T16:27:39.542+0000] {dag.py:3096} INFO - Sync 1 DAGs
[2026-06-30T16:27:39.556+0000] {logging_mixin.py:188} INFO - [2026-06-30T16:27:39.555+0000] {dag.py:3954} INFO - Setting next_dagrun for load_ergast_data to None, run_after=None
[2026-06-30T16:27:39.578+0000] {processor.py:183} INFO - Processing /opt/airflow/dags/load_ergast_data.py took 0.364 seconds
[2026-06-30T16:28:09.807+0000] {processor.py:161} INFO - Started process (PID=559) to work on /opt/airflow/dags/load_ergast_data.py
[2026-06-30T16:28:09.808+0000] {processor.py:830} INFO - Processing file /opt/airflow/dags/load_ergast_data.py for tasks to queue
[2026-06-30T16:28:09.811+0000] {logging_mixin.py:188} INFO - [2026-06-30T16:28:09.810+0000] {dagbag.py:545} INFO - Filling up the DagBag from /opt/airflow/dags/load_ergast_data.py
[2026-06-30T16:28:10.052+0000] {processor.py:840} INFO - DAG(s) 'load_ergast_data' retrieved from /opt/airflow/dags/load_ergast_data.py
[2026-06-30T16:28:10.081+0000] {logging_mixin.py:188} INFO - [2026-06-30T16:28:10.080+0000] {dag.py:3096} INFO - Sync 1 DAGs
[2026-06-30T16:28:10.093+0000] {logging_mixin.py:188} INFO - [2026-06-30T16:28:10.092+0000] {dag.py:3954} INFO - Setting next_dagrun for load_ergast_data to None, run_after=None
[2026-06-30T16:28:10.112+0000] {processor.py:183} INFO - Processing /opt/airflow/dags/load_ergast_data.py took 0.311 seconds
[2026-06-30T16:28:40.450+0000] {processor.py:161} INFO - Started process (PID=570) to work on /opt/airflow/dags/load_ergast_data.py
[2026-06-30T16:28:40.451+0000] {processor.py:830} INFO - Processing file /opt/airflow/dags/load_ergast_data.py for tasks to queue
[2026-06-30T16:28:40.454+0000] {logging_mixin.py:188} INFO - [2026-06-30T16:28:40.453+0000] {dagbag.py:545} INFO - Filling up the DagBag from /opt/airflow/dags/load_ergast_data.py
[2026-06-30T16:28:40.704+0000] {processor.py:840} INFO - DAG(s) 'load_ergast_data' retrieved from /opt/airflow/dags/load_ergast_data.py
[2026-06-30T16:28:40.730+0000] {logging_mixin.py:188} INFO - [2026-06-30T16:28:40.729+0000] {dag.py:3096} INFO - Sync 1 DAGs
[2026-06-30T16:28:40.743+0000] {logging_mixin.py:188} INFO - [2026-06-30T16:28:40.743+0000] {dag.py:3954} INFO - Setting next_dagrun for load_ergast_data to None, run_after=None
[2026-06-30T16:28:40.765+0000] {processor.py:183} INFO - Processing /opt/airflow/dags/load_ergast_data.py took 0.320 seconds
[2026-06-30T16:29:10.979+0000] {processor.py:161} INFO - Started process (PID=581) to work on /opt/airflow/dags/load_ergast_data.py
[2026-06-30T16:29:10.980+0000] {processor.py:830} INFO - Processing file /opt/airflow/dags/load_ergast_data.py for tasks to queue
[2026-06-30T16:29:10.982+0000] {logging_mixin.py:188} INFO - [2026-06-30T16:29:10.982+0000] {dagbag.py:545} INFO - Filling up the DagBag from /opt/airflow/dags/load_ergast_data.py
[2026-06-30T16:29:11.340+0000] {processor.py:840} INFO - DAG(s) 'load_ergast_data' retrieved from /opt/airflow/dags/load_ergast_data.py
[2026-06-30T16:29:11.374+0000] {logging_mixin.py:188} INFO - [2026-06-30T16:29:11.373+0000] {dag.py:3096} INFO - Sync 1 DAGs
[2026-06-30T16:29:11.394+0000] {logging_mixin.py:188} INFO - [2026-06-30T16:29:11.394+0000] {dag.py:3954} INFO - Setting next_dagrun for load_ergast_data to None, run_after=None
[2026-06-30T16:29:11.423+0000] {processor.py:183} INFO - Processing /opt/airflow/dags/load_ergast_data.py took 0.451 seconds
[2026-06-30T16:51:06.355+0000] {processor.py:161} INFO - Started process (PID=590) to work on /opt/airflow/dags/load_ergast_data.py
[2026-06-30T16:51:06.372+0000] {processor.py:830} INFO - Processing file /opt/airflow/dags/load_ergast_data.py for tasks to queue
[2026-06-30T16:51:06.413+0000] {logging_mixin.py:188} INFO - [2026-06-30T16:51:06.404+0000] {dagbag.py:545} INFO - Filling up the DagBag from /opt/airflow/dags/load_ergast_data.py
[2026-06-30T16:51:11.678+0000] {processor.py:840} INFO - DAG(s) 'load_ergast_data' retrieved from /opt/airflow/dags/load_ergast_data.py
[2026-06-30T16:51:11.846+0000] {logging_mixin.py:188} INFO - [2026-06-30T16:51:11.844+0000] {dag.py:3096} INFO - Sync 1 DAGs
[2026-06-30T16:51:11.912+0000] {logging_mixin.py:188} INFO - [2026-06-30T16:51:11.911+0000] {dag.py:3954} INFO - Setting next_dagrun for load_ergast_data to None, run_after=None
[2026-06-30T16:51:11.983+0000] {processor.py:183} INFO - Processing /opt/airflow/dags/load_ergast_data.py took 5.909 seconds
[2026-06-30T16:51:42.461+0000] {processor.py:161} INFO - Started process (PID=603) to work on /opt/airflow/dags/load_ergast_data.py
[2026-06-30T16:51:42.466+0000] {processor.py:830} INFO - Processing file /opt/airflow/dags/load_ergast_data.py for tasks to queue
[2026-06-30T16:51:42.473+0000] {logging_mixin.py:188} INFO - [2026-06-30T16:51:42.472+0000] {dagbag.py:545} INFO - Filling up the DagBag from /opt/airflow/dags/load_ergast_data.py
[2026-06-30T16:51:43.459+0000] {processor.py:840} INFO - DAG(s) 'load_ergast_data' retrieved from /opt/airflow/dags/load_ergast_data.py
[2026-06-30T16:51:43.502+0000] {logging_mixin.py:188} INFO - [2026-06-30T16:51:43.501+0000] {dag.py:3096} INFO - Sync 1 DAGs
[2026-06-30T16:51:43.528+0000] {logging_mixin.py:188} INFO - [2026-06-30T16:51:43.527+0000] {dag.py:3954} INFO - Setting next_dagrun for load_ergast_data to None, run_after=None
[2026-06-30T16:51:45.068+0000] {processor.py:183} INFO - Processing /opt/airflow/dags/load_ergast_data.py took 2.626 seconds
[2026-06-30T16:52:15.460+0000] {processor.py:161} INFO - Started process (PID=614) to work on /opt/airflow/dags/load_ergast_data.py
[2026-06-30T16:52:15.462+0000] {processor.py:830} INFO - Processing file /opt/airflow/dags/load_ergast_data.py for tasks to queue
[2026-06-30T16:52:15.466+0000] {logging_mixin.py:188} INFO - [2026-06-30T16:52:15.465+0000] {dagbag.py:545} INFO - Filling up the DagBag from /opt/airflow/dags/load_ergast_data.py
[2026-06-30T16:52:15.892+0000] {processor.py:840} INFO - DAG(s) 'load_ergast_data' retrieved from /opt/airflow/dags/load_ergast_data.py
[2026-06-30T16:52:15.939+0000] {logging_mixin.py:188} INFO - [2026-06-30T16:52:15.936+0000] {dag.py:3096} INFO - Sync 1 DAGs
[2026-06-30T16:52:15.965+0000] {logging_mixin.py:188} INFO - [2026-06-30T16:52:15.964+0000] {dag.py:3954} INFO - Setting next_dagrun for load_ergast_data to None, run_after=None
[2026-06-30T16:52:16.018+0000] {processor.py:183} INFO - Processing /opt/airflow/dags/load_ergast_data.py took 0.566 seconds
[2026-06-30T16:52:46.106+0000] {processor.py:161} INFO - Started process (PID=625) to work on /opt/airflow/dags/load_ergast_data.py
[2026-06-30T16:52:46.108+0000] {processor.py:830} INFO - Processing file /opt/airflow/dags/load_ergast_data.py for tasks to queue
[2026-06-30T16:52:46.114+0000] {logging_mixin.py:188} INFO - [2026-06-30T16:52:46.113+0000] {dagbag.py:545} INFO - Filling up the DagBag from /opt/airflow/dags/load_ergast_data.py
[2026-06-30T16:52:46.632+0000] {processor.py:840} INFO - DAG(s) 'load_ergast_data' retrieved from /opt/airflow/dags/load_ergast_data.py
[2026-06-30T16:52:46.709+0000] {logging_mixin.py:188} INFO - [2026-06-30T16:52:46.709+0000] {dag.py:3096} INFO - Sync 1 DAGs
[2026-06-30T16:52:46.824+0000] {logging_mixin.py:188} INFO - [2026-06-30T16:52:46.823+0000] {dag.py:3954} INFO - Setting next_dagrun for load_ergast_data to None, run_after=None
[2026-06-30T16:52:46.855+0000] {processor.py:183} INFO - Processing /opt/airflow/dags/load_ergast_data.py took 0.759 seconds
[2026-06-30T16:53:17.340+0000] {processor.py:161} INFO - Started process (PID=636) to work on /opt/airflow/dags/load_ergast_data.py
[2026-06-30T16:53:17.342+0000] {processor.py:830} INFO - Processing file /opt/airflow/dags/load_ergast_data.py for tasks to queue
[2026-06-30T16:53:17.344+0000] {logging_mixin.py:188} INFO - [2026-06-30T16:53:17.344+0000] {dagbag.py:545} INFO - Filling up the DagBag from /opt/airflow/dags/load_ergast_data.py
[2026-06-30T16:53:17.622+0000] {processor.py:840} INFO - DAG(s) 'load_ergast_data' retrieved from /opt/airflow/dags/load_ergast_data.py
[2026-06-30T16:53:17.660+0000] {logging_mixin.py:188} INFO - [2026-06-30T16:53:17.659+0000] {dag.py:3096} INFO - Sync 1 DAGs
[2026-06-30T16:53:17.675+0000] {logging_mixin.py:188} INFO - [2026-06-30T16:53:17.675+0000] {dag.py:3954} INFO - Setting next_dagrun for load_ergast_data to None, run_after=None
[2026-06-30T16:53:17.698+0000] {processor.py:183} INFO - Processing /opt/airflow/dags/load_ergast_data.py took 0.365 seconds
[2026-06-30T16:53:47.897+0000] {processor.py:161} INFO - Started process (PID=647) to work on /opt/airflow/dags/load_ergast_data.py
[2026-06-30T16:53:47.900+0000] {processor.py:830} INFO - Processing file /opt/airflow/dags/load_ergast_data.py for tasks to queue
[2026-06-30T16:53:47.902+0000] {logging_mixin.py:188} INFO - [2026-06-30T16:53:47.902+0000] {dagbag.py:545} INFO - Filling up the DagBag from /opt/airflow/dags/load_ergast_data.py
[2026-06-30T16:53:48.187+0000] {processor.py:840} INFO - DAG(s) 'load_ergast_data' retrieved from /opt/airflow/dags/load_ergast_data.py
[2026-06-30T16:53:48.222+0000] {logging_mixin.py:188} INFO - [2026-06-30T16:53:48.221+0000] {dag.py:3096} INFO - Sync 1 DAGs
[2026-06-30T16:53:48.235+0000] {logging_mixin.py:188} INFO - [2026-06-30T16:53:48.235+0000] {dag.py:3954} INFO - Setting next_dagrun for load_ergast_data to None, run_after=None
[2026-06-30T16:53:48.255+0000] {processor.py:183} INFO - Processing /opt/airflow/dags/load_ergast_data.py took 0.367 seconds
[2026-06-30T16:54:18.630+0000] {processor.py:161} INFO - Started process (PID=658) to work on /opt/airflow/dags/load_ergast_data.py
[2026-06-30T16:54:18.632+0000] {processor.py:830} INFO - Processing file /opt/airflow/dags/load_ergast_data.py for tasks to queue
[2026-06-30T16:54:18.634+0000] {logging_mixin.py:188} INFO - [2026-06-30T16:54:18.634+0000] {dagbag.py:545} INFO - Filling up the DagBag from /opt/airflow/dags/load_ergast_data.py
[2026-06-30T16:54:19.019+0000] {processor.py:840} INFO - DAG(s) 'load_ergast_data' retrieved from /opt/airflow/dags/load_ergast_data.py
[2026-06-30T16:54:19.049+0000] {logging_mixin.py:188} INFO - [2026-06-30T16:54:19.048+0000] {dag.py:3096} INFO - Sync 1 DAGs
[2026-06-30T16:54:19.078+0000] {logging_mixin.py:188} INFO - [2026-06-30T16:54:19.078+0000] {dag.py:3954} INFO - Setting next_dagrun for load_ergast_data to None, run_after=None
[2026-06-30T16:54:19.099+0000] {processor.py:183} INFO - Processing /opt/airflow/dags/load_ergast_data.py took 0.475 seconds
[2026-06-30T16:54:49.516+0000] {processor.py:161} INFO - Started process (PID=669) to work on /opt/airflow/dags/load_ergast_data.py
[2026-06-30T16:54:49.518+0000] {processor.py:830} INFO - Processing file /opt/airflow/dags/load_ergast_data.py for tasks to queue
[2026-06-30T16:54:49.522+0000] {logging_mixin.py:188} INFO - [2026-06-30T16:54:49.521+0000] {dagbag.py:545} INFO - Filling up the DagBag from /opt/airflow/dags/load_ergast_data.py
[2026-06-30T16:54:49.889+0000] {processor.py:840} INFO - DAG(s) 'load_ergast_data' retrieved from /opt/airflow/dags/load_ergast_data.py
[2026-06-30T16:54:49.994+0000] {logging_mixin.py:188} INFO - [2026-06-30T16:54:49.993+0000] {dag.py:3096} INFO - Sync 1 DAGs
[2026-06-30T16:54:50.021+0000] {logging_mixin.py:188} INFO - [2026-06-30T16:54:50.020+0000] {dag.py:3954} INFO - Setting next_dagrun for load_ergast_data to None, run_after=None
[2026-06-30T16:54:52.343+0000] {processor.py:183} INFO - Processing /opt/airflow/dags/load_ergast_data.py took 2.835 seconds
[2026-06-30T16:55:22.863+0000] {processor.py:161} INFO - Started process (PID=680) to work on /opt/airflow/dags/load_ergast_data.py
[2026-06-30T16:55:22.864+0000] {processor.py:830} INFO - Processing file /opt/airflow/dags/load_ergast_data.py for tasks to queue
[2026-06-30T16:55:22.867+0000] {logging_mixin.py:188} INFO - [2026-06-30T16:55:22.866+0000] {dagbag.py:545} INFO - Filling up the DagBag from /opt/airflow/dags/load_ergast_data.py
[2026-06-30T16:55:23.199+0000] {processor.py:840} INFO - DAG(s) 'load_ergast_data' retrieved from /opt/airflow/dags/load_ergast_data.py
[2026-06-30T16:55:23.225+0000] {logging_mixin.py:188} INFO - [2026-06-30T16:55:23.224+0000] {dag.py:3096} INFO - Sync 1 DAGs
[2026-06-30T16:55:23.237+0000] {logging_mixin.py:188} INFO - [2026-06-30T16:55:23.237+0000] {dag.py:3954} INFO - Setting next_dagrun for load_ergast_data to None, run_after=None
[2026-06-30T16:55:23.255+0000] {processor.py:183} INFO - Processing /opt/airflow/dags/load_ergast_data.py took 0.399 seconds
[2026-06-30T17:12:59.112+0000] {processor.py:161} INFO - Started process (PID=211) to work on /opt/airflow/dags/load_ergast_data.py
[2026-06-30T17:12:59.139+0000] {processor.py:830} INFO - Processing file /opt/airflow/dags/load_ergast_data.py for tasks to queue
[2026-06-30T17:12:59.165+0000] {logging_mixin.py:188} INFO - [2026-06-30T17:12:59.164+0000] {dagbag.py:545} INFO - Filling up the DagBag from /opt/airflow/dags/load_ergast_data.py
[2026-06-30T17:13:00.206+0000] {processor.py:840} INFO - DAG(s) 'load_ergast_data' retrieved from /opt/airflow/dags/load_ergast_data.py
[2026-06-30T17:13:00.272+0000] {logging_mixin.py:188} INFO - [2026-06-30T17:13:00.270+0000] {dag.py:3096} INFO - Sync 1 DAGs
[2026-06-30T17:13:00.313+0000] {logging_mixin.py:188} INFO - [2026-06-30T17:13:00.313+0000] {dag.py:3954} INFO - Setting next_dagrun for load_ergast_data to None, run_after=None
[2026-06-30T17:13:00.359+0000] {processor.py:183} INFO - Processing /opt/airflow/dags/load_ergast_data.py took 1.326 seconds
[2026-06-30T17:13:31.031+0000] {processor.py:161} INFO - Started process (PID=242) to work on /opt/airflow/dags/load_ergast_data.py
[2026-06-30T17:13:31.034+0000] {processor.py:830} INFO - Processing file /opt/airflow/dags/load_ergast_data.py for tasks to queue
[2026-06-30T17:13:31.046+0000] {logging_mixin.py:188} INFO - [2026-06-30T17:13:31.045+0000] {dagbag.py:545} INFO - Filling up the DagBag from /opt/airflow/dags/load_ergast_data.py
[2026-06-30T17:13:32.233+0000] {processor.py:840} INFO - DAG(s) 'load_ergast_data' retrieved from /opt/airflow/dags/load_ergast_data.py
[2026-06-30T17:13:33.807+0000] {logging_mixin.py:188} INFO - [2026-06-30T17:13:33.806+0000] {dag.py:3096} INFO - Sync 1 DAGs
[2026-06-30T17:13:33.858+0000] {logging_mixin.py:188} INFO - [2026-06-30T17:13:33.858+0000] {dag.py:3954} INFO - Setting next_dagrun for load_ergast_data to None, run_after=None
[2026-06-30T17:13:33.909+0000] {processor.py:183} INFO - Processing /opt/airflow/dags/load_ergast_data.py took 2.971 seconds
[2026-06-30T17:14:04.462+0000] {processor.py:161} INFO - Started process (PID=255) to work on /opt/airflow/dags/load_ergast_data.py
[2026-06-30T17:14:04.467+0000] {processor.py:830} INFO - Processing file /opt/airflow/dags/load_ergast_data.py for tasks to queue
[2026-06-30T17:14:04.470+0000] {logging_mixin.py:188} INFO - [2026-06-30T17:14:04.469+0000] {dagbag.py:545} INFO - Filling up the DagBag from /opt/airflow/dags/load_ergast_data.py
[2026-06-30T17:14:04.843+0000] {processor.py:840} INFO - DAG(s) 'load_ergast_data' retrieved from /opt/airflow/dags/load_ergast_data.py
[2026-06-30T17:14:04.876+0000] {logging_mixin.py:188} INFO - [2026-06-30T17:14:04.875+0000] {dag.py:3096} INFO - Sync 1 DAGs
[2026-06-30T17:14:04.898+0000] {logging_mixin.py:188} INFO - [2026-06-30T17:14:04.898+0000] {dag.py:3954} INFO - Setting next_dagrun for load_ergast_data to None, run_after=None
[2026-06-30T17:14:04.927+0000] {processor.py:183} INFO - Processing /opt/airflow/dags/load_ergast_data.py took 0.470 seconds
[2026-06-30T17:14:35.752+0000] {processor.py:161} INFO - Started process (PID=266) to work on /opt/airflow/dags/load_ergast_data.py
[2026-06-30T17:14:35.754+0000] {processor.py:830} INFO - Processing file /opt/airflow/dags/load_ergast_data.py for tasks to queue
[2026-06-30T17:14:35.756+0000] {logging_mixin.py:188} INFO - [2026-06-30T17:14:35.756+0000] {dagbag.py:545} INFO - Filling up the DagBag from /opt/airflow/dags/load_ergast_data.py
[2026-06-30T17:14:36.019+0000] {processor.py:840} INFO - DAG(s) 'load_ergast_data' retrieved from /opt/airflow/dags/load_ergast_data.py
[2026-06-30T17:14:36.047+0000] {logging_mixin.py:188} INFO - [2026-06-30T17:14:36.047+0000] {dag.py:3096} INFO - Sync 1 DAGs
[2026-06-30T17:14:36.115+0000] {logging_mixin.py:188} INFO - [2026-06-30T17:14:36.115+0000] {dag.py:3954} INFO - Setting next_dagrun for load_ergast_data to None, run_after=None
[2026-06-30T17:14:36.184+0000] {processor.py:183} INFO - Processing /opt/airflow/dags/load_ergast_data.py took 0.437 seconds
[2026-06-30T17:15:06.440+0000] {processor.py:161} INFO - Started process (PID=277) to work on /opt/airflow/dags/load_ergast_data.py
[2026-06-30T17:15:06.441+0000] {processor.py:830} INFO - Processing file /opt/airflow/dags/load_ergast_data.py for tasks to queue
[2026-06-30T17:15:06.443+0000] {logging_mixin.py:188} INFO - [2026-06-30T17:15:06.443+0000] {dagbag.py:545} INFO - Filling up the DagBag from /opt/airflow/dags/load_ergast_data.py
[2026-06-30T17:15:06.715+0000] {processor.py:840} INFO - DAG(s) 'load_ergast_data' retrieved from /opt/airflow/dags/load_ergast_data.py
[2026-06-30T17:15:06.739+0000] {logging_mixin.py:188} INFO - [2026-06-30T17:15:06.739+0000] {dag.py:3096} INFO - Sync 1 DAGs
[2026-06-30T17:15:06.751+0000] {logging_mixin.py:188} INFO - [2026-06-30T17:15:06.751+0000] {dag.py:3954} INFO - Setting next_dagrun for load_ergast_data to None, run_after=None
[2026-06-30T17:15:07.443+0000] {processor.py:183} INFO - Processing /opt/airflow/dags/load_ergast_data.py took 1.009 seconds
[2026-06-30T17:15:37.984+0000] {processor.py:161} INFO - Started process (PID=288) to work on /opt/airflow/dags/load_ergast_data.py
[2026-06-30T17:15:37.985+0000] {processor.py:830} INFO - Processing file /opt/airflow/dags/load_ergast_data.py for tasks to queue
[2026-06-30T17:15:37.988+0000] {logging_mixin.py:188} INFO - [2026-06-30T17:15:37.988+0000] {dagbag.py:545} INFO - Filling up the DagBag from /opt/airflow/dags/load_ergast_data.py
[2026-06-30T17:15:38.286+0000] {processor.py:840} INFO - DAG(s) 'load_ergast_data' retrieved from /opt/airflow/dags/load_ergast_data.py
[2026-06-30T17:15:38.311+0000] {logging_mixin.py:188} INFO - [2026-06-30T17:15:38.309+0000] {dag.py:3096} INFO - Sync 1 DAGs
[2026-06-30T17:15:38.323+0000] {logging_mixin.py:188} INFO - [2026-06-30T17:15:38.323+0000] {dag.py:3954} INFO - Setting next_dagrun for load_ergast_data to None, run_after=None
[2026-06-30T17:15:38.345+0000] {processor.py:183} INFO - Processing /opt/airflow/dags/load_ergast_data.py took 0.367 seconds
[2026-06-30T17:16:08.807+0000] {processor.py:161} INFO - Started process (PID=299) to work on /opt/airflow/dags/load_ergast_data.py
[2026-06-30T17:16:08.810+0000] {processor.py:830} INFO - Processing file /opt/airflow/dags/load_ergast_data.py for tasks to queue
[2026-06-30T17:16:08.815+0000] {logging_mixin.py:188} INFO - [2026-06-30T17:16:08.814+0000] {dagbag.py:545} INFO - Filling up the DagBag from /opt/airflow/dags/load_ergast_data.py
[2026-06-30T17:16:09.145+0000] {processor.py:840} INFO - DAG(s) 'load_ergast_data' retrieved from /opt/airflow/dags/load_ergast_data.py
[2026-06-30T17:16:09.171+0000] {logging_mixin.py:188} INFO - [2026-06-30T17:16:09.170+0000] {dag.py:3096} INFO - Sync 1 DAGs
[2026-06-30T17:16:09.183+0000] {logging_mixin.py:188} INFO - [2026-06-30T17:16:09.183+0000] {dag.py:3954} INFO - Setting next_dagrun for load_ergast_data to None, run_after=None
[2026-06-30T17:16:09.201+0000] {processor.py:183} INFO - Processing /opt/airflow/dags/load_ergast_data.py took 0.408 seconds
[2026-06-30T17:16:39.310+0000] {processor.py:161} INFO - Started process (PID=310) to work on /opt/airflow/dags/load_ergast_data.py
[2026-06-30T17:16:39.311+0000] {processor.py:830} INFO - Processing file /opt/airflow/dags/load_ergast_data.py for tasks to queue
[2026-06-30T17:16:39.313+0000] {logging_mixin.py:188} INFO - [2026-06-30T17:16:39.313+0000] {dagbag.py:545} INFO - Filling up the DagBag from /opt/airflow/dags/load_ergast_data.py
[2026-06-30T17:16:39.607+0000] {processor.py:840} INFO - DAG(s) 'load_ergast_data' retrieved from /opt/airflow/dags/load_ergast_data.py
[2026-06-30T17:16:39.650+0000] {logging_mixin.py:188} INFO - [2026-06-30T17:16:39.650+0000] {dag.py:3096} INFO - Sync 1 DAGs
[2026-06-30T17:16:39.670+0000] {logging_mixin.py:188} INFO - [2026-06-30T17:16:39.669+0000] {dag.py:3954} INFO - Setting next_dagrun for load_ergast_data to None, run_after=None
[2026-06-30T17:16:39.691+0000] {processor.py:183} INFO - Processing /opt/airflow/dags/load_ergast_data.py took 0.388 seconds
[2026-06-30T17:17:10.136+0000] {processor.py:161} INFO - Started process (PID=321) to work on /opt/airflow/dags/load_ergast_data.py
[2026-06-30T17:17:10.138+0000] {processor.py:830} INFO - Processing file /opt/airflow/dags/load_ergast_data.py for tasks to queue
[2026-06-30T17:17:10.142+0000] {logging_mixin.py:188} INFO - [2026-06-30T17:17:10.142+0000] {dagbag.py:545} INFO - Filling up the DagBag from /opt/airflow/dags/load_ergast_data.py
[2026-06-30T17:17:10.413+0000] {processor.py:840} INFO - DAG(s) 'load_ergast_data' retrieved from /opt/airflow/dags/load_ergast_data.py
[2026-06-30T17:17:10.438+0000] {logging_mixin.py:188} INFO - [2026-06-30T17:17:10.437+0000] {dag.py:3096} INFO - Sync 1 DAGs
[2026-06-30T17:17:10.450+0000] {logging_mixin.py:188} INFO - [2026-06-30T17:17:10.450+0000] {dag.py:3954} INFO - Setting next_dagrun for load_ergast_data to None, run_after=None
[2026-06-30T17:17:10.470+0000] {processor.py:183} INFO - Processing /opt/airflow/dags/load_ergast_data.py took 0.342 seconds
[2026-06-30T17:17:40.591+0000] {processor.py:161} INFO - Started process (PID=332) to work on /opt/airflow/dags/load_ergast_data.py
[2026-06-30T17:17:40.593+0000] {processor.py:830} INFO - Processing file /opt/airflow/dags/load_ergast_data.py for tasks to queue
[2026-06-30T17:17:40.595+0000] {logging_mixin.py:188} INFO - [2026-06-30T17:17:40.595+0000] {dagbag.py:545} INFO - Filling up the DagBag from /opt/airflow/dags/load_ergast_data.py
[2026-06-30T17:17:40.890+0000] {processor.py:840} INFO - DAG(s) 'load_ergast_data' retrieved from /opt/airflow/dags/load_ergast_data.py
[2026-06-30T17:17:40.918+0000] {logging_mixin.py:188} INFO - [2026-06-30T17:17:40.918+0000] {dag.py:3096} INFO - Sync 1 DAGs
[2026-06-30T17:17:40.946+0000] {logging_mixin.py:188} INFO - [2026-06-30T17:17:40.946+0000] {dag.py:3954} INFO - Setting next_dagrun for load_ergast_data to None, run_after=None
[2026-06-30T17:17:40.977+0000] {processor.py:183} INFO - Processing /opt/airflow/dags/load_ergast_data.py took 0.391 seconds
[2026-06-30T17:18:11.338+0000] {processor.py:161} INFO - Started process (PID=343) to work on /opt/airflow/dags/load_ergast_data.py
[2026-06-30T17:18:11.340+0000] {processor.py:830} INFO - Processing file /opt/airflow/dags/load_ergast_data.py for tasks to queue
[2026-06-30T17:18:11.345+0000] {logging_mixin.py:188} INFO - [2026-06-30T17:18:11.344+0000] {dagbag.py:545} INFO - Filling up the DagBag from /opt/airflow/dags/load_ergast_data.py
[2026-06-30T17:18:11.955+0000] {processor.py:840} INFO - DAG(s) 'load_ergast_data' retrieved from /opt/airflow/dags/load_ergast_data.py
[2026-06-30T17:18:11.995+0000] {logging_mixin.py:188} INFO - [2026-06-30T17:18:11.994+0000] {dag.py:3096} INFO - Sync 1 DAGs
[2026-06-30T17:18:12.021+0000] {logging_mixin.py:188} INFO - [2026-06-30T17:18:12.021+0000] {dag.py:3954} INFO - Setting next_dagrun for load_ergast_data to None, run_after=None
[2026-06-30T17:18:13.917+0000] {processor.py:183} INFO - Processing /opt/airflow/dags/load_ergast_data.py took 2.404 seconds
[2026-06-30T17:18:44.065+0000] {processor.py:161} INFO - Started process (PID=354) to work on /opt/airflow/dags/load_ergast_data.py
[2026-06-30T17:18:44.067+0000] {processor.py:830} INFO - Processing file /opt/airflow/dags/load_ergast_data.py for tasks to queue
[2026-06-30T17:18:44.072+0000] {logging_mixin.py:188} INFO - [2026-06-30T17:18:44.072+0000] {dagbag.py:545} INFO - Filling up the DagBag from /opt/airflow/dags/load_ergast_data.py
[2026-06-30T17:18:47.580+0000] {processor.py:840} INFO - DAG(s) 'load_ergast_data' retrieved from /opt/airflow/dags/load_ergast_data.py
[2026-06-30T17:18:47.931+0000] {logging_mixin.py:188} INFO - [2026-06-30T17:18:47.930+0000] {dag.py:3096} INFO - Sync 1 DAGs
[2026-06-30T17:18:48.182+0000] {logging_mixin.py:188} INFO - [2026-06-30T17:18:48.181+0000] {dag.py:3954} INFO - Setting next_dagrun for load_ergast_data to None, run_after=None
[2026-06-30T17:18:48.393+0000] {processor.py:183} INFO - Processing /opt/airflow/dags/load_ergast_data.py took 4.337 seconds
[2026-06-30T17:19:18.821+0000] {processor.py:161} INFO - Started process (PID=419) to work on /opt/airflow/dags/load_ergast_data.py
[2026-06-30T17:19:18.829+0000] {processor.py:830} INFO - Processing file /opt/airflow/dags/load_ergast_data.py for tasks to queue
[2026-06-30T17:19:18.874+0000] {logging_mixin.py:188} INFO - [2026-06-30T17:19:18.865+0000] {dagbag.py:545} INFO - Filling up the DagBag from /opt/airflow/dags/load_ergast_data.py
[2026-06-30T17:19:24.680+0000] {processor.py:840} INFO - DAG(s) 'load_ergast_data' retrieved from /opt/airflow/dags/load_ergast_data.py
[2026-06-30T17:19:25.330+0000] {logging_mixin.py:188} INFO - [2026-06-30T17:19:25.324+0000] {dag.py:3096} INFO - Sync 1 DAGs
[2026-06-30T17:19:25.591+0000] {logging_mixin.py:188} INFO - [2026-06-30T17:19:25.590+0000] {dag.py:3954} INFO - Setting next_dagrun for load_ergast_data to None, run_after=None
[2026-06-30T17:19:25.907+0000] {processor.py:183} INFO - Processing /opt/airflow/dags/load_ergast_data.py took 7.190 seconds
[2026-06-30T17:19:56.728+0000] {processor.py:161} INFO - Started process (PID=490) to work on /opt/airflow/dags/load_ergast_data.py
[2026-06-30T17:19:56.759+0000] {processor.py:830} INFO - Processing file /opt/airflow/dags/load_ergast_data.py for tasks to queue
[2026-06-30T17:19:56.937+0000] {logging_mixin.py:188} INFO - [2026-06-30T17:19:56.930+0000] {dagbag.py:545} INFO - Filling up the DagBag from /opt/airflow/dags/load_ergast_data.py
[2026-06-30T17:20:02.763+0000] {processor.py:840} INFO - DAG(s) 'load_ergast_data' retrieved from /opt/airflow/dags/load_ergast_data.py
[2026-06-30T17:20:03.397+0000] {logging_mixin.py:188} INFO - [2026-06-30T17:20:03.389+0000] {dag.py:3096} INFO - Sync 1 DAGs
[2026-06-30T17:20:03.616+0000] {logging_mixin.py:188} INFO - [2026-06-30T17:20:03.616+0000] {dag.py:3954} INFO - Setting next_dagrun for load_ergast_data to None, run_after=None
[2026-06-30T17:20:04.213+0000] {processor.py:183} INFO - Processing /opt/airflow/dags/load_ergast_data.py took 7.562 seconds
[2026-06-30T17:20:35.376+0000] {processor.py:161} INFO - Started process (PID=578) to work on /opt/airflow/dags/load_ergast_data.py
[2026-06-30T17:20:35.378+0000] {processor.py:830} INFO - Processing file /opt/airflow/dags/load_ergast_data.py for tasks to queue
[2026-06-30T17:20:35.393+0000] {logging_mixin.py:188} INFO - [2026-06-30T17:20:35.391+0000] {dagbag.py:545} INFO - Filling up the DagBag from /opt/airflow/dags/load_ergast_data.py
[2026-06-30T17:20:36.081+0000] {processor.py:840} INFO - DAG(s) 'load_ergast_data' retrieved from /opt/airflow/dags/load_ergast_data.py
[2026-06-30T17:20:36.108+0000] {logging_mixin.py:188} INFO - [2026-06-30T17:20:36.108+0000] {dag.py:3096} INFO - Sync 1 DAGs
[2026-06-30T17:20:36.122+0000] {logging_mixin.py:188} INFO - [2026-06-30T17:20:36.122+0000] {dag.py:3954} INFO - Setting next_dagrun for load_ergast_data to None, run_after=None
[2026-06-30T17:20:36.146+0000] {processor.py:183} INFO - Processing /opt/airflow/dags/load_ergast_data.py took 0.792 seconds
[2026-06-30T17:21:06.923+0000] {processor.py:161} INFO - Started process (PID=589) to work on /opt/airflow/dags/load_ergast_data.py
[2026-06-30T17:21:06.927+0000] {processor.py:830} INFO - Processing file /opt/airflow/dags/load_ergast_data.py for tasks to queue
[2026-06-30T17:21:06.934+0000] {logging_mixin.py:188} INFO - [2026-06-30T17:21:06.934+0000] {dagbag.py:545} INFO - Filling up the DagBag from /opt/airflow/dags/load_ergast_data.py
[2026-06-30T17:21:10.074+0000] {processor.py:840} INFO - DAG(s) 'load_ergast_data' retrieved from /opt/airflow/dags/load_ergast_data.py
[2026-06-30T17:21:10.174+0000] {logging_mixin.py:188} INFO - [2026-06-30T17:21:10.168+0000] {dag.py:3096} INFO - Sync 1 DAGs
[2026-06-30T17:21:10.218+0000] {logging_mixin.py:188} INFO - [2026-06-30T17:21:10.217+0000] {dag.py:3954} INFO - Setting next_dagrun for load_ergast_data to None, run_after=None
[2026-06-30T17:21:10.264+0000] {processor.py:183} INFO - Processing /opt/airflow/dags/load_ergast_data.py took 3.352 seconds
[2026-06-30T17:21:40.804+0000] {processor.py:161} INFO - Started process (PID=600) to work on /opt/airflow/dags/load_ergast_data.py
[2026-06-30T17:21:40.806+0000] {processor.py:830} INFO - Processing file /opt/airflow/dags/load_ergast_data.py for tasks to queue
[2026-06-30T17:21:40.809+0000] {logging_mixin.py:188} INFO - [2026-06-30T17:21:40.808+0000] {dagbag.py:545} INFO - Filling up the DagBag from /opt/airflow/dags/load_ergast_data.py
[2026-06-30T17:21:41.196+0000] {processor.py:840} INFO - DAG(s) 'load_ergast_data' retrieved from /opt/airflow/dags/load_ergast_data.py
[2026-06-30T17:21:41.233+0000] {logging_mixin.py:188} INFO - [2026-06-30T17:21:41.233+0000] {dag.py:3096} INFO - Sync 1 DAGs
[2026-06-30T17:21:41.254+0000] {logging_mixin.py:188} INFO - [2026-06-30T17:21:41.254+0000] {dag.py:3954} INFO - Setting next_dagrun for load_ergast_data to None, run_after=None
[2026-06-30T17:21:43.237+0000] {processor.py:183} INFO - Processing /opt/airflow/dags/load_ergast_data.py took 2.440 seconds
[2026-06-30T17:22:13.712+0000] {processor.py:161} INFO - Started process (PID=611) to work on /opt/airflow/dags/load_ergast_data.py
[2026-06-30T17:22:13.715+0000] {processor.py:830} INFO - Processing file /opt/airflow/dags/load_ergast_data.py for tasks to queue
[2026-06-30T17:22:13.718+0000] {logging_mixin.py:188} INFO - [2026-06-30T17:22:13.717+0000] {dagbag.py:545} INFO - Filling up the DagBag from /opt/airflow/dags/load_ergast_data.py
[2026-06-30T17:22:14.155+0000] {processor.py:840} INFO - DAG(s) 'load_ergast_data' retrieved from /opt/airflow/dags/load_ergast_data.py
[2026-06-30T17:22:14.202+0000] {logging_mixin.py:188} INFO - [2026-06-30T17:22:14.200+0000] {dag.py:3096} INFO - Sync 1 DAGs
[2026-06-30T17:22:14.221+0000] {logging_mixin.py:188} INFO - [2026-06-30T17:22:14.221+0000] {dag.py:3954} INFO - Setting next_dagrun for load_ergast_data to None, run_after=None
[2026-06-30T17:22:14.343+0000] {processor.py:183} INFO - Processing /opt/airflow/dags/load_ergast_data.py took 0.640 seconds
[2026-06-30T17:22:44.795+0000] {processor.py:161} INFO - Started process (PID=622) to work on /opt/airflow/dags/load_ergast_data.py
[2026-06-30T17:22:44.797+0000] {processor.py:830} INFO - Processing file /opt/airflow/dags/load_ergast_data.py for tasks to queue
[2026-06-30T17:22:44.799+0000] {logging_mixin.py:188} INFO - [2026-06-30T17:22:44.798+0000] {dagbag.py:545} INFO - Filling up the DagBag from /opt/airflow/dags/load_ergast_data.py
[2026-06-30T17:22:45.073+0000] {processor.py:840} INFO - DAG(s) 'load_ergast_data' retrieved from /opt/airflow/dags/load_ergast_data.py
[2026-06-30T17:22:45.107+0000] {logging_mixin.py:188} INFO - [2026-06-30T17:22:45.106+0000] {dag.py:3096} INFO - Sync 1 DAGs
[2026-06-30T17:22:45.123+0000] {logging_mixin.py:188} INFO - [2026-06-30T17:22:45.123+0000] {dag.py:3954} INFO - Setting next_dagrun for load_ergast_data to None, run_after=None
[2026-06-30T17:22:45.145+0000] {processor.py:183} INFO - Processing /opt/airflow/dags/load_ergast_data.py took 0.355 seconds
[2026-06-30T17:23:15.375+0000] {processor.py:161} INFO - Started process (PID=633) to work on /opt/airflow/dags/load_ergast_data.py
[2026-06-30T17:23:15.376+0000] {processor.py:830} INFO - Processing file /opt/airflow/dags/load_ergast_data.py for tasks to queue
[2026-06-30T17:23:15.379+0000] {logging_mixin.py:188} INFO - [2026-06-30T17:23:15.378+0000] {dagbag.py:545} INFO - Filling up the DagBag from /opt/airflow/dags/load_ergast_data.py
[2026-06-30T17:23:15.635+0000] {processor.py:840} INFO - DAG(s) 'load_ergast_data' retrieved from /opt/airflow/dags/load_ergast_data.py
[2026-06-30T17:23:15.663+0000] {logging_mixin.py:188} INFO - [2026-06-30T17:23:15.663+0000] {dag.py:3096} INFO - Sync 1 DAGs
[2026-06-30T17:23:15.676+0000] {logging_mixin.py:188} INFO - [2026-06-30T17:23:15.676+0000] {dag.py:3954} INFO - Setting next_dagrun for load_ergast_data to None, run_after=None
[2026-06-30T17:23:15.698+0000] {processor.py:183} INFO - Processing /opt/airflow/dags/load_ergast_data.py took 0.329 seconds
[2026-06-30T17:23:46.206+0000] {processor.py:161} INFO - Started process (PID=644) to work on /opt/airflow/dags/load_ergast_data.py
[2026-06-30T17:23:46.207+0000] {processor.py:830} INFO - Processing file /opt/airflow/dags/load_ergast_data.py for tasks to queue
[2026-06-30T17:23:46.210+0000] {logging_mixin.py:188} INFO - [2026-06-30T17:23:46.210+0000] {dagbag.py:545} INFO - Filling up the DagBag from /opt/airflow/dags/load_ergast_data.py
[2026-06-30T17:23:46.480+0000] {processor.py:840} INFO - DAG(s) 'load_ergast_data' retrieved from /opt/airflow/dags/load_ergast_data.py
[2026-06-30T17:23:46.517+0000] {logging_mixin.py:188} INFO - [2026-06-30T17:23:46.516+0000] {dag.py:3096} INFO - Sync 1 DAGs
[2026-06-30T17:23:46.535+0000] {logging_mixin.py:188} INFO - [2026-06-30T17:23:46.534+0000] {dag.py:3954} INFO - Setting next_dagrun for load_ergast_data to None, run_after=None
[2026-06-30T17:23:46.560+0000] {processor.py:183} INFO - Processing /opt/airflow/dags/load_ergast_data.py took 0.360 seconds
[2026-06-30T17:24:16.790+0000] {processor.py:161} INFO - Started process (PID=655) to work on /opt/airflow/dags/load_ergast_data.py
[2026-06-30T17:24:16.792+0000] {processor.py:830} INFO - Processing file /opt/airflow/dags/load_ergast_data.py for tasks to queue
[2026-06-30T17:24:16.794+0000] {logging_mixin.py:188} INFO - [2026-06-30T17:24:16.794+0000] {dagbag.py:545} INFO - Filling up the DagBag from /opt/airflow/dags/load_ergast_data.py
[2026-06-30T17:24:17.080+0000] {processor.py:840} INFO - DAG(s) 'load_ergast_data' retrieved from /opt/airflow/dags/load_ergast_data.py
[2026-06-30T17:24:17.106+0000] {logging_mixin.py:188} INFO - [2026-06-30T17:24:17.106+0000] {dag.py:3096} INFO - Sync 1 DAGs
[2026-06-30T17:24:17.121+0000] {logging_mixin.py:188} INFO - [2026-06-30T17:24:17.121+0000] {dag.py:3954} INFO - Setting next_dagrun for load_ergast_data to None, run_after=None
[2026-06-30T17:24:17.142+0000] {processor.py:183} INFO - Processing /opt/airflow/dags/load_ergast_data.py took 0.357 seconds
[2026-06-30T17:24:47.610+0000] {processor.py:161} INFO - Started process (PID=666) to work on /opt/airflow/dags/load_ergast_data.py
[2026-06-30T17:24:47.611+0000] {processor.py:830} INFO - Processing file /opt/airflow/dags/load_ergast_data.py for tasks to queue
[2026-06-30T17:24:47.613+0000] {logging_mixin.py:188} INFO - [2026-06-30T17:24:47.613+0000] {dagbag.py:545} INFO - Filling up the DagBag from /opt/airflow/dags/load_ergast_data.py
[2026-06-30T17:24:47.884+0000] {processor.py:840} INFO - DAG(s) 'load_ergast_data' retrieved from /opt/airflow/dags/load_ergast_data.py
[2026-06-30T17:24:47.911+0000] {logging_mixin.py:188} INFO - [2026-06-30T17:24:47.910+0000] {dag.py:3096} INFO - Sync 1 DAGs
[2026-06-30T17:24:47.926+0000] {logging_mixin.py:188} INFO - [2026-06-30T17:24:47.925+0000] {dag.py:3954} INFO - Setting next_dagrun for load_ergast_data to None, run_after=None
[2026-06-30T17:24:48.872+0000] {processor.py:183} INFO - Processing /opt/airflow/dags/load_ergast_data.py took 1.269 seconds
[2026-06-30T17:25:19.148+0000] {processor.py:161} INFO - Started process (PID=677) to work on /opt/airflow/dags/load_ergast_data.py
[2026-06-30T17:25:19.149+0000] {processor.py:830} INFO - Processing file /opt/airflow/dags/load_ergast_data.py for tasks to queue
[2026-06-30T17:25:19.153+0000] {logging_mixin.py:188} INFO - [2026-06-30T17:25:19.152+0000] {dagbag.py:545} INFO - Filling up the DagBag from /opt/airflow/dags/load_ergast_data.py
[2026-06-30T17:25:19.442+0000] {processor.py:840} INFO - DAG(s) 'load_ergast_data' retrieved from /opt/airflow/dags/load_ergast_data.py
[2026-06-30T17:25:19.467+0000] {logging_mixin.py:188} INFO - [2026-06-30T17:25:19.465+0000] {dag.py:3096} INFO - Sync 1 DAGs
[2026-06-30T17:25:19.478+0000] {logging_mixin.py:188} INFO - [2026-06-30T17:25:19.478+0000] {dag.py:3954} INFO - Setting next_dagrun for load_ergast_data to None, run_after=None
[2026-06-30T17:25:19.508+0000] {processor.py:183} INFO - Processing /opt/airflow/dags/load_ergast_data.py took 0.366 seconds
[2026-06-30T17:25:49.842+0000] {processor.py:161} INFO - Started process (PID=688) to work on /opt/airflow/dags/load_ergast_data.py
[2026-06-30T17:25:49.845+0000] {processor.py:830} INFO - Processing file /opt/airflow/dags/load_ergast_data.py for tasks to queue
[2026-06-30T17:25:49.848+0000] {logging_mixin.py:188} INFO - [2026-06-30T17:25:49.847+0000] {dagbag.py:545} INFO - Filling up the DagBag from /opt/airflow/dags/load_ergast_data.py
[2026-06-30T17:25:50.128+0000] {processor.py:840} INFO - DAG(s) 'load_ergast_data' retrieved from /opt/airflow/dags/load_ergast_data.py
[2026-06-30T17:25:50.154+0000] {logging_mixin.py:188} INFO - [2026-06-30T17:25:50.153+0000] {dag.py:3096} INFO - Sync 1 DAGs
[2026-06-30T17:25:50.169+0000] {logging_mixin.py:188} INFO - [2026-06-30T17:25:50.169+0000] {dag.py:3954} INFO - Setting next_dagrun for load_ergast_data to None, run_after=None
[2026-06-30T17:25:50.192+0000] {processor.py:183} INFO - Processing /opt/airflow/dags/load_ergast_data.py took 0.355 seconds
[2026-06-30T17:26:20.314+0000] {processor.py:161} INFO - Started process (PID=699) to work on /opt/airflow/dags/load_ergast_data.py
[2026-06-30T17:26:20.315+0000] {processor.py:830} INFO - Processing file /opt/airflow/dags/load_ergast_data.py for tasks to queue
[2026-06-30T17:26:20.318+0000] {logging_mixin.py:188} INFO - [2026-06-30T17:26:20.317+0000] {dagbag.py:545} INFO - Filling up the DagBag from /opt/airflow/dags/load_ergast_data.py
[2026-06-30T17:26:20.653+0000] {processor.py:840} INFO - DAG(s) 'load_ergast_data' retrieved from /opt/airflow/dags/load_ergast_data.py
[2026-06-30T17:26:20.679+0000] {logging_mixin.py:188} INFO - [2026-06-30T17:26:20.679+0000] {dag.py:3096} INFO - Sync 1 DAGs
[2026-06-30T17:26:20.691+0000] {logging_mixin.py:188} INFO - [2026-06-30T17:26:20.690+0000] {dag.py:3954} INFO - Setting next_dagrun for load_ergast_data to None, run_after=None
[2026-06-30T17:26:20.711+0000] {processor.py:183} INFO - Processing /opt/airflow/dags/load_ergast_data.py took 0.402 seconds
[2026-06-30T17:26:50.920+0000] {processor.py:161} INFO - Started process (PID=710) to work on /opt/airflow/dags/load_ergast_data.py
[2026-06-30T17:26:50.922+0000] {processor.py:830} INFO - Processing file /opt/airflow/dags/load_ergast_data.py for tasks to queue
[2026-06-30T17:26:50.924+0000] {logging_mixin.py:188} INFO - [2026-06-30T17:26:50.924+0000] {dagbag.py:545} INFO - Filling up the DagBag from /opt/airflow/dags/load_ergast_data.py
[2026-06-30T17:26:51.191+0000] {processor.py:840} INFO - DAG(s) 'load_ergast_data' retrieved from /opt/airflow/dags/load_ergast_data.py
[2026-06-30T17:26:51.217+0000] {logging_mixin.py:188} INFO - [2026-06-30T17:26:51.217+0000] {dag.py:3096} INFO - Sync 1 DAGs
[2026-06-30T17:26:51.229+0000] {logging_mixin.py:188} INFO - [2026-06-30T17:26:51.228+0000] {dag.py:3954} INFO - Setting next_dagrun for load_ergast_data to None, run_after=None
[2026-06-30T17:26:51.248+0000] {processor.py:183} INFO - Processing /opt/airflow/dags/load_ergast_data.py took 0.336 seconds
[2026-06-30T17:27:21.714+0000] {processor.py:161} INFO - Started process (PID=721) to work on /opt/airflow/dags/load_ergast_data.py
[2026-06-30T17:27:21.715+0000] {processor.py:830} INFO - Processing file /opt/airflow/dags/load_ergast_data.py for tasks to queue
[2026-06-30T17:27:21.718+0000] {logging_mixin.py:188} INFO - [2026-06-30T17:27:21.718+0000] {dagbag.py:545} INFO - Filling up the DagBag from /opt/airflow/dags/load_ergast_data.py
[2026-06-30T17:27:22.024+0000] {processor.py:840} INFO - DAG(s) 'load_ergast_data' retrieved from /opt/airflow/dags/load_ergast_data.py
[2026-06-30T17:27:22.052+0000] {logging_mixin.py:188} INFO - [2026-06-30T17:27:22.051+0000] {dag.py:3096} INFO - Sync 1 DAGs
[2026-06-30T17:27:22.066+0000] {logging_mixin.py:188} INFO - [2026-06-30T17:27:22.066+0000] {dag.py:3954} INFO - Setting next_dagrun for load_ergast_data to None, run_after=None
[2026-06-30T17:27:22.093+0000] {processor.py:183} INFO - Processing /opt/airflow/dags/load_ergast_data.py took 0.387 seconds
[2026-06-30T17:27:52.257+0000] {processor.py:161} INFO - Started process (PID=732) to work on /opt/airflow/dags/load_ergast_data.py
[2026-06-30T17:27:52.260+0000] {processor.py:830} INFO - Processing file /opt/airflow/dags/load_ergast_data.py for tasks to queue
[2026-06-30T17:27:52.263+0000] {logging_mixin.py:188} INFO - [2026-06-30T17:27:52.263+0000] {dagbag.py:545} INFO - Filling up the DagBag from /opt/airflow/dags/load_ergast_data.py
[2026-06-30T17:27:52.552+0000] {processor.py:840} INFO - DAG(s) 'load_ergast_data' retrieved from /opt/airflow/dags/load_ergast_data.py
[2026-06-30T17:27:52.586+0000] {logging_mixin.py:188} INFO - [2026-06-30T17:27:52.585+0000] {dag.py:3096} INFO - Sync 1 DAGs
[2026-06-30T17:27:52.599+0000] {logging_mixin.py:188} INFO - [2026-06-30T17:27:52.599+0000] {dag.py:3954} INFO - Setting next_dagrun for load_ergast_data to None, run_after=None
[2026-06-30T17:27:52.787+0000] {processor.py:183} INFO - Processing /opt/airflow/dags/load_ergast_data.py took 0.541 seconds
[2026-06-30T17:28:22.916+0000] {processor.py:161} INFO - Started process (PID=743) to work on /opt/airflow/dags/load_ergast_data.py
[2026-06-30T17:28:22.917+0000] {processor.py:830} INFO - Processing file /opt/airflow/dags/load_ergast_data.py for tasks to queue
[2026-06-30T17:28:22.920+0000] {logging_mixin.py:188} INFO - [2026-06-30T17:28:22.920+0000] {dagbag.py:545} INFO - Filling up the DagBag from /opt/airflow/dags/load_ergast_data.py
[2026-06-30T17:28:23.233+0000] {processor.py:840} INFO - DAG(s) 'load_ergast_data' retrieved from /opt/airflow/dags/load_ergast_data.py
[2026-06-30T17:28:23.264+0000] {logging_mixin.py:188} INFO - [2026-06-30T17:28:23.263+0000] {dag.py:3096} INFO - Sync 1 DAGs
[2026-06-30T17:28:23.453+0000] {logging_mixin.py:188} INFO - [2026-06-30T17:28:23.453+0000] {dag.py:3954} INFO - Setting next_dagrun for load_ergast_data to None, run_after=None
[2026-06-30T17:28:23.481+0000] {processor.py:183} INFO - Processing /opt/airflow/dags/load_ergast_data.py took 0.571 seconds
[2026-06-30T17:28:53.606+0000] {processor.py:161} INFO - Started process (PID=754) to work on /opt/airflow/dags/load_ergast_data.py
[2026-06-30T17:28:53.607+0000] {processor.py:830} INFO - Processing file /opt/airflow/dags/load_ergast_data.py for tasks to queue
[2026-06-30T17:28:53.610+0000] {logging_mixin.py:188} INFO - [2026-06-30T17:28:53.609+0000] {dagbag.py:545} INFO - Filling up the DagBag from /opt/airflow/dags/load_ergast_data.py
[2026-06-30T17:28:53.901+0000] {processor.py:840} INFO - DAG(s) 'load_ergast_data' retrieved from /opt/airflow/dags/load_ergast_data.py
[2026-06-30T17:28:53.939+0000] {logging_mixin.py:188} INFO - [2026-06-30T17:28:53.938+0000] {dag.py:3096} INFO - Sync 1 DAGs
[2026-06-30T17:28:53.962+0000] {logging_mixin.py:188} INFO - [2026-06-30T17:28:53.961+0000] {dag.py:3954} INFO - Setting next_dagrun for load_ergast_data to None, run_after=None
[2026-06-30T17:28:54.168+0000] {processor.py:183} INFO - Processing /opt/airflow/dags/load_ergast_data.py took 0.395 seconds
[2026-06-30T17:29:25.217+0000] {processor.py:161} INFO - Started process (PID=765) to work on /opt/airflow/dags/load_ergast_data.py
[2026-06-30T17:29:25.221+0000] {processor.py:830} INFO - Processing file /opt/airflow/dags/load_ergast_data.py for tasks to queue
[2026-06-30T17:29:25.229+0000] {logging_mixin.py:188} INFO - [2026-06-30T17:29:25.228+0000] {dagbag.py:545} INFO - Filling up the DagBag from /opt/airflow/dags/load_ergast_data.py
[2026-06-30T17:29:25.528+0000] {processor.py:840} INFO - DAG(s) 'load_ergast_data' retrieved from /opt/airflow/dags/load_ergast_data.py
[2026-06-30T17:29:25.555+0000] {logging_mixin.py:188} INFO - [2026-06-30T17:29:25.554+0000] {dag.py:3096} INFO - Sync 1 DAGs
[2026-06-30T17:29:25.567+0000] {logging_mixin.py:188} INFO - [2026-06-30T17:29:25.566+0000] {dag.py:3954} INFO - Setting next_dagrun for load_ergast_data to None, run_after=None
[2026-06-30T17:29:25.587+0000] {processor.py:183} INFO - Processing /opt/airflow/dags/load_ergast_data.py took 0.387 seconds
[2026-06-30T17:29:56.377+0000] {processor.py:161} INFO - Started process (PID=776) to work on /opt/airflow/dags/load_ergast_data.py
[2026-06-30T17:29:56.379+0000] {processor.py:830} INFO - Processing file /opt/airflow/dags/load_ergast_data.py for tasks to queue
[2026-06-30T17:29:56.382+0000] {logging_mixin.py:188} INFO - [2026-06-30T17:29:56.381+0000] {dagbag.py:545} INFO - Filling up the DagBag from /opt/airflow/dags/load_ergast_data.py
[2026-06-30T17:29:56.662+0000] {processor.py:840} INFO - DAG(s) 'load_ergast_data' retrieved from /opt/airflow/dags/load_ergast_data.py
[2026-06-30T17:29:56.688+0000] {logging_mixin.py:188} INFO - [2026-06-30T17:29:56.687+0000] {dag.py:3096} INFO - Sync 1 DAGs
[2026-06-30T17:29:56.700+0000] {logging_mixin.py:188} INFO - [2026-06-30T17:29:56.700+0000] {dag.py:3954} INFO - Setting next_dagrun for load_ergast_data to None, run_after=None
[2026-06-30T17:29:56.721+0000] {processor.py:183} INFO - Processing /opt/airflow/dags/load_ergast_data.py took 0.349 seconds
[2026-06-30T17:30:27.540+0000] {processor.py:161} INFO - Started process (PID=787) to work on /opt/airflow/dags/load_ergast_data.py
[2026-06-30T17:30:27.541+0000] {processor.py:830} INFO - Processing file /opt/airflow/dags/load_ergast_data.py for tasks to queue
[2026-06-30T17:30:27.544+0000] {logging_mixin.py:188} INFO - [2026-06-30T17:30:27.543+0000] {dagbag.py:545} INFO - Filling up the DagBag from /opt/airflow/dags/load_ergast_data.py
[2026-06-30T17:30:27.830+0000] {processor.py:840} INFO - DAG(s) 'load_ergast_data' retrieved from /opt/airflow/dags/load_ergast_data.py
[2026-06-30T17:30:27.862+0000] {logging_mixin.py:188} INFO - [2026-06-30T17:30:27.861+0000] {dag.py:3096} INFO - Sync 1 DAGs
[2026-06-30T17:30:27.877+0000] {logging_mixin.py:188} INFO - [2026-06-30T17:30:27.876+0000] {dag.py:3954} INFO - Setting next_dagrun for load_ergast_data to None, run_after=None
[2026-06-30T17:30:27.902+0000] {processor.py:183} INFO - Processing /opt/airflow/dags/load_ergast_data.py took 0.371 seconds
[2026-06-30T17:30:58.787+0000] {processor.py:161} INFO - Started process (PID=798) to work on /opt/airflow/dags/load_ergast_data.py
[2026-06-30T17:30:58.789+0000] {processor.py:830} INFO - Processing file /opt/airflow/dags/load_ergast_data.py for tasks to queue
[2026-06-30T17:30:58.794+0000] {logging_mixin.py:188} INFO - [2026-06-30T17:30:58.792+0000] {dagbag.py:545} INFO - Filling up the DagBag from /opt/airflow/dags/load_ergast_data.py
[2026-06-30T17:30:59.300+0000] {processor.py:840} INFO - DAG(s) 'load_ergast_data' retrieved from /opt/airflow/dags/load_ergast_data.py
[2026-06-30T17:30:59.336+0000] {logging_mixin.py:188} INFO - [2026-06-30T17:30:59.336+0000] {dag.py:3096} INFO - Sync 1 DAGs
[2026-06-30T17:30:59.353+0000] {logging_mixin.py:188} INFO - [2026-06-30T17:30:59.353+0000] {dag.py:3954} INFO - Setting next_dagrun for load_ergast_data to None, run_after=None
[2026-06-30T17:31:00.003+0000] {processor.py:183} INFO - Processing /opt/airflow/dags/load_ergast_data.py took 1.224 seconds
[2026-06-30T17:31:30.124+0000] {processor.py:161} INFO - Started process (PID=809) to work on /opt/airflow/dags/load_ergast_data.py
[2026-06-30T17:31:30.126+0000] {processor.py:830} INFO - Processing file /opt/airflow/dags/load_ergast_data.py for tasks to queue
[2026-06-30T17:31:30.129+0000] {logging_mixin.py:188} INFO - [2026-06-30T17:31:30.129+0000] {dagbag.py:545} INFO - Filling up the DagBag from /opt/airflow/dags/load_ergast_data.py
[2026-06-30T17:31:30.524+0000] {processor.py:840} INFO - DAG(s) 'load_ergast_data' retrieved from /opt/airflow/dags/load_ergast_data.py
[2026-06-30T17:31:30.556+0000] {logging_mixin.py:188} INFO - [2026-06-30T17:31:30.556+0000] {dag.py:3096} INFO - Sync 1 DAGs
[2026-06-30T17:31:30.790+0000] {logging_mixin.py:188} INFO - [2026-06-30T17:31:30.790+0000] {dag.py:3954} INFO - Setting next_dagrun for load_ergast_data to None, run_after=None
[2026-06-30T17:31:30.820+0000] {processor.py:183} INFO - Processing /opt/airflow/dags/load_ergast_data.py took 0.704 seconds
[2026-06-30T17:32:00.931+0000] {processor.py:161} INFO - Started process (PID=820) to work on /opt/airflow/dags/load_ergast_data.py
[2026-06-30T17:32:00.932+0000] {processor.py:830} INFO - Processing file /opt/airflow/dags/load_ergast_data.py for tasks to queue
[2026-06-30T17:32:00.938+0000] {logging_mixin.py:188} INFO - [2026-06-30T17:32:00.936+0000] {dagbag.py:545} INFO - Filling up the DagBag from /opt/airflow/dags/load_ergast_data.py
[2026-06-30T17:32:01.271+0000] {processor.py:840} INFO - DAG(s) 'load_ergast_data' retrieved from /opt/airflow/dags/load_ergast_data.py
[2026-06-30T17:32:01.301+0000] {logging_mixin.py:188} INFO - [2026-06-30T17:32:01.301+0000] {dag.py:3096} INFO - Sync 1 DAGs
[2026-06-30T17:32:01.314+0000] {logging_mixin.py:188} INFO - [2026-06-30T17:32:01.313+0000] {dag.py:3954} INFO - Setting next_dagrun for load_ergast_data to None, run_after=None
[2026-06-30T17:32:01.349+0000] {processor.py:183} INFO - Processing /opt/airflow/dags/load_ergast_data.py took 0.424 seconds
[2026-06-30T17:32:31.522+0000] {processor.py:161} INFO - Started process (PID=831) to work on /opt/airflow/dags/load_ergast_data.py
[2026-06-30T17:32:31.523+0000] {processor.py:830} INFO - Processing file /opt/airflow/dags/load_ergast_data.py for tasks to queue
[2026-06-30T17:32:31.527+0000] {logging_mixin.py:188} INFO - [2026-06-30T17:32:31.527+0000] {dagbag.py:545} INFO - Filling up the DagBag from /opt/airflow/dags/load_ergast_data.py
[2026-06-30T17:32:31.876+0000] {processor.py:840} INFO - DAG(s) 'load_ergast_data' retrieved from /opt/airflow/dags/load_ergast_data.py
[2026-06-30T17:32:31.936+0000] {logging_mixin.py:188} INFO - [2026-06-30T17:32:31.935+0000] {dag.py:3096} INFO - Sync 1 DAGs
[2026-06-30T17:32:31.976+0000] {logging_mixin.py:188} INFO - [2026-06-30T17:32:31.976+0000] {dag.py:3954} INFO - Setting next_dagrun for load_ergast_data to None, run_after=None
[2026-06-30T17:32:32.012+0000] {processor.py:183} INFO - Processing /opt/airflow/dags/load_ergast_data.py took 0.496 seconds
[2026-06-30T17:33:02.253+0000] {processor.py:161} INFO - Started process (PID=842) to work on /opt/airflow/dags/load_ergast_data.py
[2026-06-30T17:33:02.255+0000] {processor.py:830} INFO - Processing file /opt/airflow/dags/load_ergast_data.py for tasks to queue
[2026-06-30T17:33:02.259+0000] {logging_mixin.py:188} INFO - [2026-06-30T17:33:02.258+0000] {dagbag.py:545} INFO - Filling up the DagBag from /opt/airflow/dags/load_ergast_data.py
[2026-06-30T17:33:02.742+0000] {processor.py:840} INFO - DAG(s) 'load_ergast_data' retrieved from /opt/airflow/dags/load_ergast_data.py
[2026-06-30T17:33:02.795+0000] {logging_mixin.py:188} INFO - [2026-06-30T17:33:02.794+0000] {dag.py:3096} INFO - Sync 1 DAGs
[2026-06-30T17:33:02.814+0000] {logging_mixin.py:188} INFO - [2026-06-30T17:33:02.814+0000] {dag.py:3954} INFO - Setting next_dagrun for load_ergast_data to None, run_after=None
[2026-06-30T17:33:02.842+0000] {processor.py:183} INFO - Processing /opt/airflow/dags/load_ergast_data.py took 0.596 seconds
[2026-06-30T17:33:33.009+0000] {processor.py:161} INFO - Started process (PID=853) to work on /opt/airflow/dags/load_ergast_data.py
[2026-06-30T17:33:33.010+0000] {processor.py:830} INFO - Processing file /opt/airflow/dags/load_ergast_data.py for tasks to queue
[2026-06-30T17:33:33.016+0000] {logging_mixin.py:188} INFO - [2026-06-30T17:33:33.015+0000] {dagbag.py:545} INFO - Filling up the DagBag from /opt/airflow/dags/load_ergast_data.py
[2026-06-30T17:33:33.296+0000] {processor.py:840} INFO - DAG(s) 'load_ergast_data' retrieved from /opt/airflow/dags/load_ergast_data.py
[2026-06-30T17:33:33.322+0000] {logging_mixin.py:188} INFO - [2026-06-30T17:33:33.321+0000] {dag.py:3096} INFO - Sync 1 DAGs
[2026-06-30T17:33:33.337+0000] {logging_mixin.py:188} INFO - [2026-06-30T17:33:33.337+0000] {dag.py:3954} INFO - Setting next_dagrun for load_ergast_data to None, run_after=None
[2026-06-30T17:33:33.356+0000] {processor.py:183} INFO - Processing /opt/airflow/dags/load_ergast_data.py took 0.355 seconds
[2026-06-30T17:34:03.538+0000] {processor.py:161} INFO - Started process (PID=864) to work on /opt/airflow/dags/load_ergast_data.py
[2026-06-30T17:34:03.540+0000] {processor.py:830} INFO - Processing file /opt/airflow/dags/load_ergast_data.py for tasks to queue
[2026-06-30T17:34:03.542+0000] {logging_mixin.py:188} INFO - [2026-06-30T17:34:03.542+0000] {dagbag.py:545} INFO - Filling up the DagBag from /opt/airflow/dags/load_ergast_data.py
[2026-06-30T17:34:03.899+0000] {processor.py:840} INFO - DAG(s) 'load_ergast_data' retrieved from /opt/airflow/dags/load_ergast_data.py
[2026-06-30T17:34:03.930+0000] {logging_mixin.py:188} INFO - [2026-06-30T17:34:03.930+0000] {dag.py:3096} INFO - Sync 1 DAGs
[2026-06-30T17:34:03.948+0000] {logging_mixin.py:188} INFO - [2026-06-30T17:34:03.947+0000] {dag.py:3954} INFO - Setting next_dagrun for load_ergast_data to None, run_after=None
[2026-06-30T17:34:04.206+0000] {processor.py:183} INFO - Processing /opt/airflow/dags/load_ergast_data.py took 0.676 seconds
[2026-06-30T17:34:34.346+0000] {processor.py:161} INFO - Started process (PID=875) to work on /opt/airflow/dags/load_ergast_data.py
[2026-06-30T17:34:34.347+0000] {processor.py:830} INFO - Processing file /opt/airflow/dags/load_ergast_data.py for tasks to queue
[2026-06-30T17:34:34.350+0000] {logging_mixin.py:188} INFO - [2026-06-30T17:34:34.349+0000] {dagbag.py:545} INFO - Filling up the DagBag from /opt/airflow/dags/load_ergast_data.py
[2026-06-30T17:34:34.652+0000] {processor.py:840} INFO - DAG(s) 'load_ergast_data' retrieved from /opt/airflow/dags/load_ergast_data.py
[2026-06-30T17:34:34.686+0000] {logging_mixin.py:188} INFO - [2026-06-30T17:34:34.685+0000] {dag.py:3096} INFO - Sync 1 DAGs
[2026-06-30T17:34:34.894+0000] {logging_mixin.py:188} INFO - [2026-06-30T17:34:34.894+0000] {dag.py:3954} INFO - Setting next_dagrun for load_ergast_data to None, run_after=None
[2026-06-30T17:34:34.922+0000] {processor.py:183} INFO - Processing /opt/airflow/dags/load_ergast_data.py took 0.583 seconds
[2026-06-30T17:35:05.173+0000] {processor.py:161} INFO - Started process (PID=886) to work on /opt/airflow/dags/load_ergast_data.py
[2026-06-30T17:35:05.175+0000] {processor.py:830} INFO - Processing file /opt/airflow/dags/load_ergast_data.py for tasks to queue
[2026-06-30T17:35:05.177+0000] {logging_mixin.py:188} INFO - [2026-06-30T17:35:05.176+0000] {dagbag.py:545} INFO - Filling up the DagBag from /opt/airflow/dags/load_ergast_data.py
[2026-06-30T17:35:05.465+0000] {processor.py:840} INFO - DAG(s) 'load_ergast_data' retrieved from /opt/airflow/dags/load_ergast_data.py
[2026-06-30T17:35:05.498+0000] {logging_mixin.py:188} INFO - [2026-06-30T17:35:05.498+0000] {dag.py:3096} INFO - Sync 1 DAGs
[2026-06-30T17:35:05.514+0000] {logging_mixin.py:188} INFO - [2026-06-30T17:35:05.514+0000] {dag.py:3954} INFO - Setting next_dagrun for load_ergast_data to None, run_after=None
[2026-06-30T17:35:05.541+0000] {processor.py:183} INFO - Processing /opt/airflow/dags/load_ergast_data.py took 0.373 seconds
[2026-06-30T17:35:35.724+0000] {processor.py:161} INFO - Started process (PID=897) to work on /opt/airflow/dags/load_ergast_data.py
[2026-06-30T17:35:35.726+0000] {processor.py:830} INFO - Processing file /opt/airflow/dags/load_ergast_data.py for tasks to queue
[2026-06-30T17:35:35.731+0000] {logging_mixin.py:188} INFO - [2026-06-30T17:35:35.730+0000] {dagbag.py:545} INFO - Filling up the DagBag from /opt/airflow/dags/load_ergast_data.py
[2026-06-30T17:35:36.062+0000] {processor.py:840} INFO - DAG(s) 'load_ergast_data' retrieved from /opt/airflow/dags/load_ergast_data.py
[2026-06-30T17:35:36.097+0000] {logging_mixin.py:188} INFO - [2026-06-30T17:35:36.097+0000] {dag.py:3096} INFO - Sync 1 DAGs
[2026-06-30T17:35:36.110+0000] {logging_mixin.py:188} INFO - [2026-06-30T17:35:36.109+0000] {dag.py:3954} INFO - Setting next_dagrun for load_ergast_data to None, run_after=None
[2026-06-30T17:35:36.133+0000] {processor.py:183} INFO - Processing /opt/airflow/dags/load_ergast_data.py took 0.418 seconds
[2026-06-30T17:36:06.184+0000] {processor.py:161} INFO - Started process (PID=908) to work on /opt/airflow/dags/load_ergast_data.py
[2026-06-30T17:36:06.186+0000] {processor.py:830} INFO - Processing file /opt/airflow/dags/load_ergast_data.py for tasks to queue
[2026-06-30T17:36:06.189+0000] {logging_mixin.py:188} INFO - [2026-06-30T17:36:06.188+0000] {dagbag.py:545} INFO - Filling up the DagBag from /opt/airflow/dags/load_ergast_data.py
[2026-06-30T17:36:06.479+0000] {processor.py:840} INFO - DAG(s) 'load_ergast_data' retrieved from /opt/airflow/dags/load_ergast_data.py
[2026-06-30T17:36:06.509+0000] {logging_mixin.py:188} INFO - [2026-06-30T17:36:06.508+0000] {dag.py:3096} INFO - Sync 1 DAGs
[2026-06-30T17:36:06.524+0000] {logging_mixin.py:188} INFO - [2026-06-30T17:36:06.524+0000] {dag.py:3954} INFO - Setting next_dagrun for load_ergast_data to None, run_after=None
[2026-06-30T17:36:06.547+0000] {processor.py:183} INFO - Processing /opt/airflow/dags/load_ergast_data.py took 0.371 seconds
[2026-06-30T17:36:36.693+0000] {processor.py:161} INFO - Started process (PID=919) to work on /opt/airflow/dags/load_ergast_data.py
[2026-06-30T17:36:36.696+0000] {processor.py:830} INFO - Processing file /opt/airflow/dags/load_ergast_data.py for tasks to queue
[2026-06-30T17:36:36.701+0000] {logging_mixin.py:188} INFO - [2026-06-30T17:36:36.701+0000] {dagbag.py:545} INFO - Filling up the DagBag from /opt/airflow/dags/load_ergast_data.py
[2026-06-30T17:36:37.083+0000] {processor.py:840} INFO - DAG(s) 'load_ergast_data' retrieved from /opt/airflow/dags/load_ergast_data.py
[2026-06-30T17:36:37.115+0000] {logging_mixin.py:188} INFO - [2026-06-30T17:36:37.114+0000] {dag.py:3096} INFO - Sync 1 DAGs
[2026-06-30T17:36:37.127+0000] {logging_mixin.py:188} INFO - [2026-06-30T17:36:37.127+0000] {dag.py:3954} INFO - Setting next_dagrun for load_ergast_data to None, run_after=None
[2026-06-30T17:36:37.147+0000] {processor.py:183} INFO - Processing /opt/airflow/dags/load_ergast_data.py took 0.461 seconds
[2026-06-30T17:37:07.418+0000] {processor.py:161} INFO - Started process (PID=930) to work on /opt/airflow/dags/load_ergast_data.py
[2026-06-30T17:37:07.420+0000] {processor.py:830} INFO - Processing file /opt/airflow/dags/load_ergast_data.py for tasks to queue
[2026-06-30T17:37:07.422+0000] {logging_mixin.py:188} INFO - [2026-06-30T17:37:07.422+0000] {dagbag.py:545} INFO - Filling up the DagBag from /opt/airflow/dags/load_ergast_data.py
[2026-06-30T17:37:07.814+0000] {processor.py:840} INFO - DAG(s) 'load_ergast_data' retrieved from /opt/airflow/dags/load_ergast_data.py
[2026-06-30T17:37:07.867+0000] {logging_mixin.py:188} INFO - [2026-06-30T17:37:07.867+0000] {dag.py:3096} INFO - Sync 1 DAGs
[2026-06-30T17:37:07.888+0000] {logging_mixin.py:188} INFO - [2026-06-30T17:37:07.888+0000] {dag.py:3954} INFO - Setting next_dagrun for load_ergast_data to None, run_after=None
[2026-06-30T17:37:08.227+0000] {processor.py:183} INFO - Processing /opt/airflow/dags/load_ergast_data.py took 0.817 seconds
[2026-06-30T17:37:39.176+0000] {processor.py:161} INFO - Started process (PID=941) to work on /opt/airflow/dags/load_ergast_data.py
[2026-06-30T17:37:39.177+0000] {processor.py:830} INFO - Processing file /opt/airflow/dags/load_ergast_data.py for tasks to queue
[2026-06-30T17:37:39.180+0000] {logging_mixin.py:188} INFO - [2026-06-30T17:37:39.180+0000] {dagbag.py:545} INFO - Filling up the DagBag from /opt/airflow/dags/load_ergast_data.py
[2026-06-30T17:37:39.460+0000] {processor.py:840} INFO - DAG(s) 'load_ergast_data' retrieved from /opt/airflow/dags/load_ergast_data.py
[2026-06-30T17:37:39.487+0000] {logging_mixin.py:188} INFO - [2026-06-30T17:37:39.487+0000] {dag.py:3096} INFO - Sync 1 DAGs
[2026-06-30T17:37:39.704+0000] {logging_mixin.py:188} INFO - [2026-06-30T17:37:39.704+0000] {dag.py:3954} INFO - Setting next_dagrun for load_ergast_data to None, run_after=None
[2026-06-30T17:37:39.728+0000] {processor.py:183} INFO - Processing /opt/airflow/dags/load_ergast_data.py took 0.558 seconds
[2026-06-30T17:38:09.829+0000] {processor.py:161} INFO - Started process (PID=952) to work on /opt/airflow/dags/load_ergast_data.py
[2026-06-30T17:38:09.831+0000] {processor.py:830} INFO - Processing file /opt/airflow/dags/load_ergast_data.py for tasks to queue
[2026-06-30T17:38:09.836+0000] {logging_mixin.py:188} INFO - [2026-06-30T17:38:09.834+0000] {dagbag.py:545} INFO - Filling up the DagBag from /opt/airflow/dags/load_ergast_data.py
[2026-06-30T17:38:10.170+0000] {processor.py:840} INFO - DAG(s) 'load_ergast_data' retrieved from /opt/airflow/dags/load_ergast_data.py
[2026-06-30T17:38:10.195+0000] {logging_mixin.py:188} INFO - [2026-06-30T17:38:10.194+0000] {dag.py:3096} INFO - Sync 1 DAGs
[2026-06-30T17:38:10.206+0000] {logging_mixin.py:188} INFO - [2026-06-30T17:38:10.205+0000] {dag.py:3954} INFO - Setting next_dagrun for load_ergast_data to None, run_after=None
[2026-06-30T17:38:10.226+0000] {processor.py:183} INFO - Processing /opt/airflow/dags/load_ergast_data.py took 0.403 seconds
[2026-06-30T17:38:40.452+0000] {processor.py:161} INFO - Started process (PID=963) to work on /opt/airflow/dags/load_ergast_data.py
[2026-06-30T17:38:40.455+0000] {processor.py:830} INFO - Processing file /opt/airflow/dags/load_ergast_data.py for tasks to queue
[2026-06-30T17:38:40.458+0000] {logging_mixin.py:188} INFO - [2026-06-30T17:38:40.458+0000] {dagbag.py:545} INFO - Filling up the DagBag from /opt/airflow/dags/load_ergast_data.py
[2026-06-30T17:38:40.888+0000] {processor.py:840} INFO - DAG(s) 'load_ergast_data' retrieved from /opt/airflow/dags/load_ergast_data.py
[2026-06-30T17:38:40.932+0000] {logging_mixin.py:188} INFO - [2026-06-30T17:38:40.931+0000] {dag.py:3096} INFO - Sync 1 DAGs
[2026-06-30T17:38:40.949+0000] {logging_mixin.py:188} INFO - [2026-06-30T17:38:40.949+0000] {dag.py:3954} INFO - Setting next_dagrun for load_ergast_data to None, run_after=None
[2026-06-30T17:38:40.977+0000] {processor.py:183} INFO - Processing /opt/airflow/dags/load_ergast_data.py took 0.532 seconds
[2026-06-30T17:39:11.211+0000] {processor.py:161} INFO - Started process (PID=974) to work on /opt/airflow/dags/load_ergast_data.py
[2026-06-30T17:39:11.213+0000] {processor.py:830} INFO - Processing file /opt/airflow/dags/load_ergast_data.py for tasks to queue
[2026-06-30T17:39:11.216+0000] {logging_mixin.py:188} INFO - [2026-06-30T17:39:11.215+0000] {dagbag.py:545} INFO - Filling up the DagBag from /opt/airflow/dags/load_ergast_data.py
[2026-06-30T17:39:11.559+0000] {processor.py:840} INFO - DAG(s) 'load_ergast_data' retrieved from /opt/airflow/dags/load_ergast_data.py
[2026-06-30T17:39:11.596+0000] {logging_mixin.py:188} INFO - [2026-06-30T17:39:11.595+0000] {dag.py:3096} INFO - Sync 1 DAGs
[2026-06-30T17:39:11.613+0000] {logging_mixin.py:188} INFO - [2026-06-30T17:39:11.612+0000] {dag.py:3954} INFO - Setting next_dagrun for load_ergast_data to None, run_after=None
[2026-06-30T17:39:11.649+0000] {processor.py:183} INFO - Processing /opt/airflow/dags/load_ergast_data.py took 0.445 seconds
[2026-06-30T17:39:41.815+0000] {processor.py:161} INFO - Started process (PID=985) to work on /opt/airflow/dags/load_ergast_data.py
[2026-06-30T17:39:41.817+0000] {processor.py:830} INFO - Processing file /opt/airflow/dags/load_ergast_data.py for tasks to queue
[2026-06-30T17:39:41.821+0000] {logging_mixin.py:188} INFO - [2026-06-30T17:39:41.820+0000] {dagbag.py:545} INFO - Filling up the DagBag from /opt/airflow/dags/load_ergast_data.py
[2026-06-30T17:39:42.120+0000] {processor.py:840} INFO - DAG(s) 'load_ergast_data' retrieved from /opt/airflow/dags/load_ergast_data.py
[2026-06-30T17:39:42.148+0000] {logging_mixin.py:188} INFO - [2026-06-30T17:39:42.148+0000] {dag.py:3096} INFO - Sync 1 DAGs
[2026-06-30T17:39:42.165+0000] {logging_mixin.py:188} INFO - [2026-06-30T17:39:42.165+0000] {dag.py:3954} INFO - Setting next_dagrun for load_ergast_data to None, run_after=None
[2026-06-30T17:39:42.185+0000] {processor.py:183} INFO - Processing /opt/airflow/dags/load_ergast_data.py took 0.376 seconds
[2026-06-30T17:40:12.394+0000] {processor.py:161} INFO - Started process (PID=996) to work on /opt/airflow/dags/load_ergast_data.py
[2026-06-30T17:40:12.396+0000] {processor.py:830} INFO - Processing file /opt/airflow/dags/load_ergast_data.py for tasks to queue
[2026-06-30T17:40:12.398+0000] {logging_mixin.py:188} INFO - [2026-06-30T17:40:12.398+0000] {dagbag.py:545} INFO - Filling up the DagBag from /opt/airflow/dags/load_ergast_data.py
[2026-06-30T17:40:12.730+0000] {processor.py:840} INFO - DAG(s) 'load_ergast_data' retrieved from /opt/airflow/dags/load_ergast_data.py
[2026-06-30T17:40:12.761+0000] {logging_mixin.py:188} INFO - [2026-06-30T17:40:12.761+0000] {dag.py:3096} INFO - Sync 1 DAGs
[2026-06-30T17:40:12.776+0000] {logging_mixin.py:188} INFO - [2026-06-30T17:40:12.776+0000] {dag.py:3954} INFO - Setting next_dagrun for load_ergast_data to None, run_after=None
[2026-06-30T17:40:13.039+0000] {processor.py:183} INFO - Processing /opt/airflow/dags/load_ergast_data.py took 0.653 seconds
[2026-06-30T17:40:43.243+0000] {processor.py:161} INFO - Started process (PID=1007) to work on /opt/airflow/dags/load_ergast_data.py
[2026-06-30T17:40:43.244+0000] {processor.py:830} INFO - Processing file /opt/airflow/dags/load_ergast_data.py for tasks to queue
[2026-06-30T17:40:43.247+0000] {logging_mixin.py:188} INFO - [2026-06-30T17:40:43.247+0000] {dagbag.py:545} INFO - Filling up the DagBag from /opt/airflow/dags/load_ergast_data.py
[2026-06-30T17:40:43.590+0000] {processor.py:840} INFO - DAG(s) 'load_ergast_data' retrieved from /opt/airflow/dags/load_ergast_data.py
[2026-06-30T17:40:43.621+0000] {logging_mixin.py:188} INFO - [2026-06-30T17:40:43.620+0000] {dag.py:3096} INFO - Sync 1 DAGs
[2026-06-30T17:40:43.829+0000] {logging_mixin.py:188} INFO - [2026-06-30T17:40:43.828+0000] {dag.py:3954} INFO - Setting next_dagrun for load_ergast_data to None, run_after=None
[2026-06-30T17:40:43.854+0000] {processor.py:183} INFO - Processing /opt/airflow/dags/load_ergast_data.py took 0.619 seconds
[2026-06-30T17:41:13.917+0000] {processor.py:161} INFO - Started process (PID=1018) to work on /opt/airflow/dags/load_ergast_data.py
[2026-06-30T17:41:13.921+0000] {processor.py:830} INFO - Processing file /opt/airflow/dags/load_ergast_data.py for tasks to queue
[2026-06-30T17:41:13.923+0000] {logging_mixin.py:188} INFO - [2026-06-30T17:41:13.923+0000] {dagbag.py:545} INFO - Filling up the DagBag from /opt/airflow/dags/load_ergast_data.py
[2026-06-30T17:41:14.254+0000] {processor.py:840} INFO - DAG(s) 'load_ergast_data' retrieved from /opt/airflow/dags/load_ergast_data.py
[2026-06-30T17:41:14.281+0000] {logging_mixin.py:188} INFO - [2026-06-30T17:41:14.280+0000] {dag.py:3096} INFO - Sync 1 DAGs
[2026-06-30T17:41:14.293+0000] {logging_mixin.py:188} INFO - [2026-06-30T17:41:14.293+0000] {dag.py:3954} INFO - Setting next_dagrun for load_ergast_data to None, run_after=None
[2026-06-30T17:41:14.313+0000] {processor.py:183} INFO - Processing /opt/airflow/dags/load_ergast_data.py took 0.403 seconds
[2026-06-30T17:41:44.469+0000] {processor.py:161} INFO - Started process (PID=1029) to work on /opt/airflow/dags/load_ergast_data.py
[2026-06-30T17:41:44.471+0000] {processor.py:830} INFO - Processing file /opt/airflow/dags/load_ergast_data.py for tasks to queue
[2026-06-30T17:41:44.474+0000] {logging_mixin.py:188} INFO - [2026-06-30T17:41:44.473+0000] {dagbag.py:545} INFO - Filling up the DagBag from /opt/airflow/dags/load_ergast_data.py
[2026-06-30T17:41:44.834+0000] {processor.py:840} INFO - DAG(s) 'load_ergast_data' retrieved from /opt/airflow/dags/load_ergast_data.py
[2026-06-30T17:41:44.865+0000] {logging_mixin.py:188} INFO - [2026-06-30T17:41:44.865+0000] {dag.py:3096} INFO - Sync 1 DAGs
[2026-06-30T17:41:44.881+0000] {logging_mixin.py:188} INFO - [2026-06-30T17:41:44.880+0000] {dag.py:3954} INFO - Setting next_dagrun for load_ergast_data to None, run_after=None
[2026-06-30T17:41:44.905+0000] {processor.py:183} INFO - Processing /opt/airflow/dags/load_ergast_data.py took 0.445 seconds
[2026-06-30T17:42:15.150+0000] {processor.py:161} INFO - Started process (PID=1040) to work on /opt/airflow/dags/load_ergast_data.py
[2026-06-30T17:42:15.152+0000] {processor.py:830} INFO - Processing file /opt/airflow/dags/load_ergast_data.py for tasks to queue
[2026-06-30T17:42:15.157+0000] {logging_mixin.py:188} INFO - [2026-06-30T17:42:15.156+0000] {dagbag.py:545} INFO - Filling up the DagBag from /opt/airflow/dags/load_ergast_data.py
[2026-06-30T17:42:15.545+0000] {processor.py:840} INFO - DAG(s) 'load_ergast_data' retrieved from /opt/airflow/dags/load_ergast_data.py
[2026-06-30T17:42:15.586+0000] {logging_mixin.py:188} INFO - [2026-06-30T17:42:15.586+0000] {dag.py:3096} INFO - Sync 1 DAGs
[2026-06-30T17:42:15.605+0000] {logging_mixin.py:188} INFO - [2026-06-30T17:42:15.605+0000] {dag.py:3954} INFO - Setting next_dagrun for load_ergast_data to None, run_after=None
[2026-06-30T17:42:15.631+0000] {processor.py:183} INFO - Processing /opt/airflow/dags/load_ergast_data.py took 0.492 seconds
[2026-06-30T17:42:45.744+0000] {processor.py:161} INFO - Started process (PID=1051) to work on /opt/airflow/dags/load_ergast_data.py
[2026-06-30T17:42:45.745+0000] {processor.py:830} INFO - Processing file /opt/airflow/dags/load_ergast_data.py for tasks to queue
[2026-06-30T17:42:45.748+0000] {logging_mixin.py:188} INFO - [2026-06-30T17:42:45.747+0000] {dagbag.py:545} INFO - Filling up the DagBag from /opt/airflow/dags/load_ergast_data.py
[2026-06-30T17:42:46.157+0000] {processor.py:840} INFO - DAG(s) 'load_ergast_data' retrieved from /opt/airflow/dags/load_ergast_data.py
[2026-06-30T17:42:46.193+0000] {logging_mixin.py:188} INFO - [2026-06-30T17:42:46.193+0000] {dag.py:3096} INFO - Sync 1 DAGs
[2026-06-30T17:42:46.207+0000] {logging_mixin.py:188} INFO - [2026-06-30T17:42:46.207+0000] {dag.py:3954} INFO - Setting next_dagrun for load_ergast_data to None, run_after=None
[2026-06-30T17:42:46.228+0000] {processor.py:183} INFO - Processing /opt/airflow/dags/load_ergast_data.py took 0.489 seconds
[2026-06-30T17:43:16.281+0000] {processor.py:161} INFO - Started process (PID=1062) to work on /opt/airflow/dags/load_ergast_data.py
[2026-06-30T17:43:16.283+0000] {processor.py:830} INFO - Processing file /opt/airflow/dags/load_ergast_data.py for tasks to queue
[2026-06-30T17:43:16.287+0000] {logging_mixin.py:188} INFO - [2026-06-30T17:43:16.286+0000] {dagbag.py:545} INFO - Filling up the DagBag from /opt/airflow/dags/load_ergast_data.py
[2026-06-30T17:43:16.570+0000] {processor.py:840} INFO - DAG(s) 'load_ergast_data' retrieved from /opt/airflow/dags/load_ergast_data.py
[2026-06-30T17:43:16.595+0000] {logging_mixin.py:188} INFO - [2026-06-30T17:43:16.594+0000] {dag.py:3096} INFO - Sync 1 DAGs
[2026-06-30T17:43:16.608+0000] {logging_mixin.py:188} INFO - [2026-06-30T17:43:16.607+0000] {dag.py:3954} INFO - Setting next_dagrun for load_ergast_data to None, run_after=None
[2026-06-30T17:43:17.399+0000] {processor.py:183} INFO - Processing /opt/airflow/dags/load_ergast_data.py took 1.127 seconds
[2026-06-30T17:43:47.443+0000] {processor.py:161} INFO - Started process (PID=1073) to work on /opt/airflow/dags/load_ergast_data.py
[2026-06-30T17:43:47.444+0000] {processor.py:830} INFO - Processing file /opt/airflow/dags/load_ergast_data.py for tasks to queue
[2026-06-30T17:43:47.446+0000] {logging_mixin.py:188} INFO - [2026-06-30T17:43:47.446+0000] {dagbag.py:545} INFO - Filling up the DagBag from /opt/airflow/dags/load_ergast_data.py
[2026-06-30T17:43:47.707+0000] {processor.py:840} INFO - DAG(s) 'load_ergast_data' retrieved from /opt/airflow/dags/load_ergast_data.py
[2026-06-30T17:43:47.732+0000] {logging_mixin.py:188} INFO - [2026-06-30T17:43:47.732+0000] {dag.py:3096} INFO - Sync 1 DAGs
[2026-06-30T17:43:47.892+0000] {logging_mixin.py:188} INFO - [2026-06-30T17:43:47.892+0000] {dag.py:3954} INFO - Setting next_dagrun for load_ergast_data to None, run_after=None
[2026-06-30T17:43:47.978+0000] {processor.py:183} INFO - Processing /opt/airflow/dags/load_ergast_data.py took 0.541 seconds
[2026-06-30T17:44:18.120+0000] {processor.py:161} INFO - Started process (PID=1084) to work on /opt/airflow/dags/load_ergast_data.py
[2026-06-30T17:44:18.121+0000] {processor.py:830} INFO - Processing file /opt/airflow/dags/load_ergast_data.py for tasks to queue
[2026-06-30T17:44:18.124+0000] {logging_mixin.py:188} INFO - [2026-06-30T17:44:18.123+0000] {dagbag.py:545} INFO - Filling up the DagBag from /opt/airflow/dags/load_ergast_data.py
[2026-06-30T17:44:18.396+0000] {processor.py:840} INFO - DAG(s) 'load_ergast_data' retrieved from /opt/airflow/dags/load_ergast_data.py
[2026-06-30T17:44:18.421+0000] {logging_mixin.py:188} INFO - [2026-06-30T17:44:18.421+0000] {dag.py:3096} INFO - Sync 1 DAGs
[2026-06-30T17:44:18.433+0000] {logging_mixin.py:188} INFO - [2026-06-30T17:44:18.433+0000] {dag.py:3954} INFO - Setting next_dagrun for load_ergast_data to None, run_after=None
[2026-06-30T17:44:18.453+0000] {processor.py:183} INFO - Processing /opt/airflow/dags/load_ergast_data.py took 0.339 seconds
[2026-06-30T17:44:48.572+0000] {processor.py:161} INFO - Started process (PID=1095) to work on /opt/airflow/dags/load_ergast_data.py
[2026-06-30T17:44:48.574+0000] {processor.py:830} INFO - Processing file /opt/airflow/dags/load_ergast_data.py for tasks to queue
[2026-06-30T17:44:48.577+0000] {logging_mixin.py:188} INFO - [2026-06-30T17:44:48.576+0000] {dagbag.py:545} INFO - Filling up the DagBag from /opt/airflow/dags/load_ergast_data.py
[2026-06-30T17:44:48.882+0000] {processor.py:840} INFO - DAG(s) 'load_ergast_data' retrieved from /opt/airflow/dags/load_ergast_data.py
[2026-06-30T17:44:48.951+0000] {logging_mixin.py:188} INFO - [2026-06-30T17:44:48.951+0000] {dag.py:3096} INFO - Sync 1 DAGs
[2026-06-30T17:44:48.964+0000] {logging_mixin.py:188} INFO - [2026-06-30T17:44:48.964+0000] {dag.py:3954} INFO - Setting next_dagrun for load_ergast_data to None, run_after=None
[2026-06-30T17:44:48.991+0000] {processor.py:183} INFO - Processing /opt/airflow/dags/load_ergast_data.py took 0.424 seconds
[2026-06-30T17:45:19.200+0000] {processor.py:161} INFO - Started process (PID=1106) to work on /opt/airflow/dags/load_ergast_data.py
[2026-06-30T17:45:19.201+0000] {processor.py:830} INFO - Processing file /opt/airflow/dags/load_ergast_data.py for tasks to queue
[2026-06-30T17:45:19.211+0000] {logging_mixin.py:188} INFO - [2026-06-30T17:45:19.210+0000] {dagbag.py:545} INFO - Filling up the DagBag from /opt/airflow/dags/load_ergast_data.py
[2026-06-30T17:45:19.480+0000] {processor.py:840} INFO - DAG(s) 'load_ergast_data' retrieved from /opt/airflow/dags/load_ergast_data.py
[2026-06-30T17:45:19.508+0000] {logging_mixin.py:188} INFO - [2026-06-30T17:45:19.507+0000] {dag.py:3096} INFO - Sync 1 DAGs
[2026-06-30T17:45:19.523+0000] {logging_mixin.py:188} INFO - [2026-06-30T17:45:19.523+0000] {dag.py:3954} INFO - Setting next_dagrun for load_ergast_data to None, run_after=None
[2026-06-30T17:45:19.542+0000] {processor.py:183} INFO - Processing /opt/airflow/dags/load_ergast_data.py took 0.349 seconds
[2026-06-30T17:45:49.662+0000] {processor.py:161} INFO - Started process (PID=1117) to work on /opt/airflow/dags/load_ergast_data.py
[2026-06-30T17:45:49.664+0000] {processor.py:830} INFO - Processing file /opt/airflow/dags/load_ergast_data.py for tasks to queue
[2026-06-30T17:45:49.668+0000] {logging_mixin.py:188} INFO - [2026-06-30T17:45:49.667+0000] {dagbag.py:545} INFO - Filling up the DagBag from /opt/airflow/dags/load_ergast_data.py
[2026-06-30T17:45:49.959+0000] {processor.py:840} INFO - DAG(s) 'load_ergast_data' retrieved from /opt/airflow/dags/load_ergast_data.py
[2026-06-30T17:45:49.986+0000] {logging_mixin.py:188} INFO - [2026-06-30T17:45:49.985+0000] {dag.py:3096} INFO - Sync 1 DAGs
[2026-06-30T17:45:50.002+0000] {logging_mixin.py:188} INFO - [2026-06-30T17:45:50.002+0000] {dag.py:3954} INFO - Setting next_dagrun for load_ergast_data to None, run_after=None
[2026-06-30T17:45:50.065+0000] {processor.py:183} INFO - Processing /opt/airflow/dags/load_ergast_data.py took 0.409 seconds
[2026-06-30T17:46:20.222+0000] {processor.py:161} INFO - Started process (PID=1128) to work on /opt/airflow/dags/load_ergast_data.py
[2026-06-30T17:46:20.224+0000] {processor.py:830} INFO - Processing file /opt/airflow/dags/load_ergast_data.py for tasks to queue
[2026-06-30T17:46:20.226+0000] {logging_mixin.py:188} INFO - [2026-06-30T17:46:20.226+0000] {dagbag.py:545} INFO - Filling up the DagBag from /opt/airflow/dags/load_ergast_data.py
[2026-06-30T17:46:20.538+0000] {processor.py:840} INFO - DAG(s) 'load_ergast_data' retrieved from /opt/airflow/dags/load_ergast_data.py
[2026-06-30T17:46:20.598+0000] {logging_mixin.py:188} INFO - [2026-06-30T17:46:20.597+0000] {dag.py:3096} INFO - Sync 1 DAGs
[2026-06-30T17:46:20.618+0000] {logging_mixin.py:188} INFO - [2026-06-30T17:46:20.618+0000] {dag.py:3954} INFO - Setting next_dagrun for load_ergast_data to None, run_after=None
[2026-06-30T17:46:21.002+0000] {processor.py:183} INFO - Processing /opt/airflow/dags/load_ergast_data.py took 0.786 seconds
[2026-06-30T17:46:51.213+0000] {processor.py:161} INFO - Started process (PID=1139) to work on /opt/airflow/dags/load_ergast_data.py
[2026-06-30T17:46:51.215+0000] {processor.py:830} INFO - Processing file /opt/airflow/dags/load_ergast_data.py for tasks to queue
[2026-06-30T17:46:51.217+0000] {logging_mixin.py:188} INFO - [2026-06-30T17:46:51.217+0000] {dagbag.py:545} INFO - Filling up the DagBag from /opt/airflow/dags/load_ergast_data.py
[2026-06-30T17:46:51.523+0000] {processor.py:840} INFO - DAG(s) 'load_ergast_data' retrieved from /opt/airflow/dags/load_ergast_data.py
[2026-06-30T17:46:51.554+0000] {logging_mixin.py:188} INFO - [2026-06-30T17:46:51.553+0000] {dag.py:3096} INFO - Sync 1 DAGs
[2026-06-30T17:46:51.706+0000] {logging_mixin.py:188} INFO - [2026-06-30T17:46:51.706+0000] {dag.py:3954} INFO - Setting next_dagrun for load_ergast_data to None, run_after=None
[2026-06-30T17:46:51.728+0000] {processor.py:183} INFO - Processing /opt/airflow/dags/load_ergast_data.py took 0.523 seconds
[2026-06-30T17:47:21.848+0000] {processor.py:161} INFO - Started process (PID=1150) to work on /opt/airflow/dags/load_ergast_data.py
[2026-06-30T17:47:21.849+0000] {processor.py:830} INFO - Processing file /opt/airflow/dags/load_ergast_data.py for tasks to queue
[2026-06-30T17:47:21.852+0000] {logging_mixin.py:188} INFO - [2026-06-30T17:47:21.851+0000] {dagbag.py:545} INFO - Filling up the DagBag from /opt/airflow/dags/load_ergast_data.py
[2026-06-30T17:47:22.108+0000] {processor.py:840} INFO - DAG(s) 'load_ergast_data' retrieved from /opt/airflow/dags/load_ergast_data.py
[2026-06-30T17:47:22.134+0000] {logging_mixin.py:188} INFO - [2026-06-30T17:47:22.133+0000] {dag.py:3096} INFO - Sync 1 DAGs
[2026-06-30T17:47:22.146+0000] {logging_mixin.py:188} INFO - [2026-06-30T17:47:22.146+0000] {dag.py:3954} INFO - Setting next_dagrun for load_ergast_data to None, run_after=None
[2026-06-30T17:47:22.167+0000] {processor.py:183} INFO - Processing /opt/airflow/dags/load_ergast_data.py took 0.325 seconds
[2026-06-30T17:47:52.528+0000] {processor.py:161} INFO - Started process (PID=1161) to work on /opt/airflow/dags/load_ergast_data.py
[2026-06-30T17:47:52.533+0000] {processor.py:830} INFO - Processing file /opt/airflow/dags/load_ergast_data.py for tasks to queue
[2026-06-30T17:47:52.541+0000] {logging_mixin.py:188} INFO - [2026-06-30T17:47:52.540+0000] {dagbag.py:545} INFO - Filling up the DagBag from /opt/airflow/dags/load_ergast_data.py
[2026-06-30T17:47:53.523+0000] {processor.py:840} INFO - DAG(s) 'load_ergast_data' retrieved from /opt/airflow/dags/load_ergast_data.py
[2026-06-30T17:47:53.597+0000] {logging_mixin.py:188} INFO - [2026-06-30T17:47:53.595+0000] {dag.py:3096} INFO - Sync 1 DAGs
[2026-06-30T17:47:53.633+0000] {logging_mixin.py:188} INFO - [2026-06-30T17:47:53.632+0000] {dag.py:3954} INFO - Setting next_dagrun for load_ergast_data to None, run_after=None
[2026-06-30T17:47:53.677+0000] {processor.py:183} INFO - Processing /opt/airflow/dags/load_ergast_data.py took 1.172 seconds
[2026-06-30T21:16:00.704+0000] {processor.py:161} INFO - Started process (PID=1170) to work on /opt/airflow/dags/load_ergast_data.py
[2026-06-30T21:16:00.860+0000] {processor.py:830} INFO - Processing file /opt/airflow/dags/load_ergast_data.py for tasks to queue
[2026-06-30T21:16:01.136+0000] {logging_mixin.py:188} INFO - [2026-06-30T21:16:01.117+0000] {dagbag.py:545} INFO - Filling up the DagBag from /opt/airflow/dags/load_ergast_data.py
[2026-06-30T21:16:08.860+0000] {processor.py:840} INFO - DAG(s) 'load_ergast_data' retrieved from /opt/airflow/dags/load_ergast_data.py
[2026-06-30T21:16:09.693+0000] {logging_mixin.py:188} INFO - [2026-06-30T21:16:09.683+0000] {dag.py:3096} INFO - Sync 1 DAGs
[2026-06-30T21:16:09.844+0000] {logging_mixin.py:188} INFO - [2026-06-30T21:16:09.843+0000] {dag.py:3954} INFO - Setting next_dagrun for load_ergast_data to None, run_after=None
[2026-06-30T21:16:10.002+0000] {processor.py:183} INFO - Processing /opt/airflow/dags/load_ergast_data.py took 9.635 seconds
[2026-06-30T21:16:40.583+0000] {processor.py:161} INFO - Started process (PID=1181) to work on /opt/airflow/dags/load_ergast_data.py
[2026-06-30T21:16:40.589+0000] {processor.py:830} INFO - Processing file /opt/airflow/dags/load_ergast_data.py for tasks to queue
[2026-06-30T21:16:40.601+0000] {logging_mixin.py:188} INFO - [2026-06-30T21:16:40.600+0000] {dagbag.py:545} INFO - Filling up the DagBag from /opt/airflow/dags/load_ergast_data.py
[2026-06-30T21:16:43.308+0000] {processor.py:840} INFO - DAG(s) 'load_ergast_data' retrieved from /opt/airflow/dags/load_ergast_data.py
[2026-06-30T21:16:43.408+0000] {logging_mixin.py:188} INFO - [2026-06-30T21:16:43.407+0000] {dag.py:3096} INFO - Sync 1 DAGs
[2026-06-30T21:16:43.450+0000] {logging_mixin.py:188} INFO - [2026-06-30T21:16:43.450+0000] {dag.py:3954} INFO - Setting next_dagrun for load_ergast_data to None, run_after=None
[2026-06-30T21:16:43.533+0000] {processor.py:183} INFO - Processing /opt/airflow/dags/load_ergast_data.py took 2.990 seconds
[2026-06-30T21:17:13.837+0000] {processor.py:161} INFO - Started process (PID=1194) to work on /opt/airflow/dags/load_ergast_data.py
[2026-06-30T21:17:13.840+0000] {processor.py:830} INFO - Processing file /opt/airflow/dags/load_ergast_data.py for tasks to queue
[2026-06-30T21:17:13.846+0000] {logging_mixin.py:188} INFO - [2026-06-30T21:17:13.845+0000] {dagbag.py:545} INFO - Filling up the DagBag from /opt/airflow/dags/load_ergast_data.py
[2026-06-30T21:17:15.524+0000] {processor.py:840} INFO - DAG(s) 'load_ergast_data' retrieved from /opt/airflow/dags/load_ergast_data.py
[2026-06-30T21:17:15.648+0000] {logging_mixin.py:188} INFO - [2026-06-30T21:17:15.644+0000] {dag.py:3096} INFO - Sync 1 DAGs
[2026-06-30T21:17:15.731+0000] {logging_mixin.py:188} INFO - [2026-06-30T21:17:15.731+0000] {dag.py:3954} INFO - Setting next_dagrun for load_ergast_data to None, run_after=None
[2026-06-30T21:17:15.796+0000] {processor.py:183} INFO - Processing /opt/airflow/dags/load_ergast_data.py took 2.001 seconds
[2026-06-30T21:17:46.226+0000] {processor.py:161} INFO - Started process (PID=1205) to work on /opt/airflow/dags/load_ergast_data.py
[2026-06-30T21:17:46.228+0000] {processor.py:830} INFO - Processing file /opt/airflow/dags/load_ergast_data.py for tasks to queue
[2026-06-30T21:17:46.232+0000] {logging_mixin.py:188} INFO - [2026-06-30T21:17:46.232+0000] {dagbag.py:545} INFO - Filling up the DagBag from /opt/airflow/dags/load_ergast_data.py
[2026-06-30T21:17:47.075+0000] {processor.py:840} INFO - DAG(s) 'load_ergast_data' retrieved from /opt/airflow/dags/load_ergast_data.py
[2026-06-30T21:17:47.200+0000] {logging_mixin.py:188} INFO - [2026-06-30T21:17:47.199+0000] {dag.py:3096} INFO - Sync 1 DAGs
[2026-06-30T21:17:47.243+0000] {logging_mixin.py:188} INFO - [2026-06-30T21:17:47.242+0000] {dag.py:3954} INFO - Setting next_dagrun for load_ergast_data to None, run_after=None
[2026-06-30T21:17:49.548+0000] {processor.py:183} INFO - Processing /opt/airflow/dags/load_ergast_data.py took 3.328 seconds
[2026-06-30T21:18:19.802+0000] {processor.py:161} INFO - Started process (PID=1216) to work on /opt/airflow/dags/load_ergast_data.py
[2026-06-30T21:18:19.816+0000] {processor.py:830} INFO - Processing file /opt/airflow/dags/load_ergast_data.py for tasks to queue
[2026-06-30T21:18:19.840+0000] {logging_mixin.py:188} INFO - [2026-06-30T21:18:19.837+0000] {dagbag.py:545} INFO - Filling up the DagBag from /opt/airflow/dags/load_ergast_data.py
[2026-06-30T21:18:21.316+0000] {processor.py:840} INFO - DAG(s) 'load_ergast_data' retrieved from /opt/airflow/dags/load_ergast_data.py
[2026-06-30T21:18:21.383+0000] {logging_mixin.py:188} INFO - [2026-06-30T21:18:21.382+0000] {dag.py:3096} INFO - Sync 1 DAGs
[2026-06-30T21:18:22.208+0000] {logging_mixin.py:188} INFO - [2026-06-30T21:18:22.207+0000] {dag.py:3954} INFO - Setting next_dagrun for load_ergast_data to None, run_after=None
[2026-06-30T21:18:22.242+0000] {processor.py:183} INFO - Processing /opt/airflow/dags/load_ergast_data.py took 2.521 seconds
[2026-06-30T21:18:52.923+0000] {processor.py:161} INFO - Started process (PID=1227) to work on /opt/airflow/dags/load_ergast_data.py
[2026-06-30T21:18:52.926+0000] {processor.py:830} INFO - Processing file /opt/airflow/dags/load_ergast_data.py for tasks to queue
[2026-06-30T21:18:52.932+0000] {logging_mixin.py:188} INFO - [2026-06-30T21:18:52.931+0000] {dagbag.py:545} INFO - Filling up the DagBag from /opt/airflow/dags/load_ergast_data.py
[2026-06-30T21:18:53.461+0000] {processor.py:840} INFO - DAG(s) 'load_ergast_data' retrieved from /opt/airflow/dags/load_ergast_data.py
[2026-06-30T21:18:53.497+0000] {logging_mixin.py:188} INFO - [2026-06-30T21:18:53.496+0000] {dag.py:3096} INFO - Sync 1 DAGs
[2026-06-30T21:18:53.516+0000] {logging_mixin.py:188} INFO - [2026-06-30T21:18:53.515+0000] {dag.py:3954} INFO - Setting next_dagrun for load_ergast_data to None, run_after=None
[2026-06-30T21:18:53.545+0000] {processor.py:183} INFO - Processing /opt/airflow/dags/load_ergast_data.py took 0.628 seconds
[2026-06-30T21:19:23.740+0000] {processor.py:161} INFO - Started process (PID=1238) to work on /opt/airflow/dags/load_ergast_data.py
[2026-06-30T21:19:23.742+0000] {processor.py:830} INFO - Processing file /opt/airflow/dags/load_ergast_data.py for tasks to queue
[2026-06-30T21:19:23.744+0000] {logging_mixin.py:188} INFO - [2026-06-30T21:19:23.744+0000] {dagbag.py:545} INFO - Filling up the DagBag from /opt/airflow/dags/load_ergast_data.py
[2026-06-30T21:19:24.186+0000] {processor.py:840} INFO - DAG(s) 'load_ergast_data' retrieved from /opt/airflow/dags/load_ergast_data.py
[2026-06-30T21:19:24.222+0000] {logging_mixin.py:188} INFO - [2026-06-30T21:19:24.222+0000] {dag.py:3096} INFO - Sync 1 DAGs
[2026-06-30T21:19:24.237+0000] {logging_mixin.py:188} INFO - [2026-06-30T21:19:24.236+0000] {dag.py:3954} INFO - Setting next_dagrun for load_ergast_data to None, run_after=None
[2026-06-30T21:19:24.262+0000] {processor.py:183} INFO - Processing /opt/airflow/dags/load_ergast_data.py took 0.529 seconds
[2026-06-30T21:19:54.884+0000] {processor.py:161} INFO - Started process (PID=1249) to work on /opt/airflow/dags/load_ergast_data.py
[2026-06-30T21:19:54.886+0000] {processor.py:830} INFO - Processing file /opt/airflow/dags/load_ergast_data.py for tasks to queue
[2026-06-30T21:19:54.889+0000] {logging_mixin.py:188} INFO - [2026-06-30T21:19:54.889+0000] {dagbag.py:545} INFO - Filling up the DagBag from /opt/airflow/dags/load_ergast_data.py
[2026-06-30T21:19:55.197+0000] {processor.py:840} INFO - DAG(s) 'load_ergast_data' retrieved from /opt/airflow/dags/load_ergast_data.py
[2026-06-30T21:19:55.238+0000] {logging_mixin.py:188} INFO - [2026-06-30T21:19:55.237+0000] {dag.py:3096} INFO - Sync 1 DAGs
[2026-06-30T21:19:55.251+0000] {logging_mixin.py:188} INFO - [2026-06-30T21:19:55.251+0000] {dag.py:3954} INFO - Setting next_dagrun for load_ergast_data to None, run_after=None
[2026-06-30T21:19:55.280+0000] {processor.py:183} INFO - Processing /opt/airflow/dags/load_ergast_data.py took 0.402 seconds
[2026-06-30T21:20:25.822+0000] {processor.py:161} INFO - Started process (PID=1260) to work on /opt/airflow/dags/load_ergast_data.py
[2026-06-30T21:20:25.824+0000] {processor.py:830} INFO - Processing file /opt/airflow/dags/load_ergast_data.py for tasks to queue
[2026-06-30T21:20:25.826+0000] {logging_mixin.py:188} INFO - [2026-06-30T21:20:25.826+0000] {dagbag.py:545} INFO - Filling up the DagBag from /opt/airflow/dags/load_ergast_data.py
[2026-06-30T21:20:26.155+0000] {processor.py:840} INFO - DAG(s) 'load_ergast_data' retrieved from /opt/airflow/dags/load_ergast_data.py
[2026-06-30T21:20:26.185+0000] {logging_mixin.py:188} INFO - [2026-06-30T21:20:26.184+0000] {dag.py:3096} INFO - Sync 1 DAGs
[2026-06-30T21:20:26.207+0000] {logging_mixin.py:188} INFO - [2026-06-30T21:20:26.207+0000] {dag.py:3954} INFO - Setting next_dagrun for load_ergast_data to None, run_after=None
[2026-06-30T21:20:26.237+0000] {processor.py:183} INFO - Processing /opt/airflow/dags/load_ergast_data.py took 0.423 seconds
[2026-06-30T21:20:56.814+0000] {processor.py:161} INFO - Started process (PID=1271) to work on /opt/airflow/dags/load_ergast_data.py
[2026-06-30T21:20:56.815+0000] {processor.py:830} INFO - Processing file /opt/airflow/dags/load_ergast_data.py for tasks to queue
[2026-06-30T21:20:56.818+0000] {logging_mixin.py:188} INFO - [2026-06-30T21:20:56.817+0000] {dagbag.py:545} INFO - Filling up the DagBag from /opt/airflow/dags/load_ergast_data.py
[2026-06-30T21:20:57.206+0000] {processor.py:840} INFO - DAG(s) 'load_ergast_data' retrieved from /opt/airflow/dags/load_ergast_data.py
[2026-06-30T21:20:57.235+0000] {logging_mixin.py:188} INFO - [2026-06-30T21:20:57.235+0000] {dag.py:3096} INFO - Sync 1 DAGs
[2026-06-30T21:20:57.250+0000] {logging_mixin.py:188} INFO - [2026-06-30T21:20:57.249+0000] {dag.py:3954} INFO - Setting next_dagrun for load_ergast_data to None, run_after=None
[2026-06-30T21:20:57.473+0000] {processor.py:183} INFO - Processing /opt/airflow/dags/load_ergast_data.py took 0.664 seconds
[2026-06-30T21:21:27.646+0000] {processor.py:161} INFO - Started process (PID=1282) to work on /opt/airflow/dags/load_ergast_data.py
[2026-06-30T21:21:27.647+0000] {processor.py:830} INFO - Processing file /opt/airflow/dags/load_ergast_data.py for tasks to queue
[2026-06-30T21:21:27.650+0000] {logging_mixin.py:188} INFO - [2026-06-30T21:21:27.649+0000] {dagbag.py:545} INFO - Filling up the DagBag from /opt/airflow/dags/load_ergast_data.py
[2026-06-30T21:21:27.935+0000] {processor.py:840} INFO - DAG(s) 'load_ergast_data' retrieved from /opt/airflow/dags/load_ergast_data.py
[2026-06-30T21:21:27.986+0000] {logging_mixin.py:188} INFO - [2026-06-30T21:21:27.984+0000] {dag.py:3096} INFO - Sync 1 DAGs
[2026-06-30T21:21:28.296+0000] {logging_mixin.py:188} INFO - [2026-06-30T21:21:28.295+0000] {dag.py:3954} INFO - Setting next_dagrun for load_ergast_data to None, run_after=None
[2026-06-30T21:21:28.327+0000] {processor.py:183} INFO - Processing /opt/airflow/dags/load_ergast_data.py took 0.687 seconds
[2026-06-30T21:21:59.050+0000] {processor.py:161} INFO - Started process (PID=1293) to work on /opt/airflow/dags/load_ergast_data.py
[2026-06-30T21:21:59.054+0000] {processor.py:830} INFO - Processing file /opt/airflow/dags/load_ergast_data.py for tasks to queue
[2026-06-30T21:21:59.057+0000] {logging_mixin.py:188} INFO - [2026-06-30T21:21:59.056+0000] {dagbag.py:545} INFO - Filling up the DagBag from /opt/airflow/dags/load_ergast_data.py
[2026-06-30T21:21:59.413+0000] {processor.py:840} INFO - DAG(s) 'load_ergast_data' retrieved from /opt/airflow/dags/load_ergast_data.py
[2026-06-30T21:21:59.454+0000] {logging_mixin.py:188} INFO - [2026-06-30T21:21:59.454+0000] {dag.py:3096} INFO - Sync 1 DAGs
[2026-06-30T21:21:59.473+0000] {logging_mixin.py:188} INFO - [2026-06-30T21:21:59.472+0000] {dag.py:3954} INFO - Setting next_dagrun for load_ergast_data to None, run_after=None
[2026-06-30T21:21:59.497+0000] {processor.py:183} INFO - Processing /opt/airflow/dags/load_ergast_data.py took 0.457 seconds
[2026-06-30T21:22:29.751+0000] {processor.py:161} INFO - Started process (PID=1304) to work on /opt/airflow/dags/load_ergast_data.py
[2026-06-30T21:22:29.753+0000] {processor.py:830} INFO - Processing file /opt/airflow/dags/load_ergast_data.py for tasks to queue
[2026-06-30T21:22:29.755+0000] {logging_mixin.py:188} INFO - [2026-06-30T21:22:29.755+0000] {dagbag.py:545} INFO - Filling up the DagBag from /opt/airflow/dags/load_ergast_data.py
[2026-06-30T21:22:30.084+0000] {processor.py:840} INFO - DAG(s) 'load_ergast_data' retrieved from /opt/airflow/dags/load_ergast_data.py
[2026-06-30T21:22:30.121+0000] {logging_mixin.py:188} INFO - [2026-06-30T21:22:30.121+0000] {dag.py:3096} INFO - Sync 1 DAGs
[2026-06-30T21:22:30.140+0000] {logging_mixin.py:188} INFO - [2026-06-30T21:22:30.139+0000] {dag.py:3954} INFO - Setting next_dagrun for load_ergast_data to None, run_after=None
[2026-06-30T21:22:30.166+0000] {processor.py:183} INFO - Processing /opt/airflow/dags/load_ergast_data.py took 0.421 seconds
[2026-06-30T21:23:00.584+0000] {processor.py:161} INFO - Started process (PID=1315) to work on /opt/airflow/dags/load_ergast_data.py
[2026-06-30T21:23:00.586+0000] {processor.py:830} INFO - Processing file /opt/airflow/dags/load_ergast_data.py for tasks to queue
[2026-06-30T21:23:00.589+0000] {logging_mixin.py:188} INFO - [2026-06-30T21:23:00.589+0000] {dagbag.py:545} INFO - Filling up the DagBag from /opt/airflow/dags/load_ergast_data.py
[2026-06-30T21:23:01.174+0000] {processor.py:840} INFO - DAG(s) 'load_ergast_data' retrieved from /opt/airflow/dags/load_ergast_data.py
[2026-06-30T21:23:01.222+0000] {logging_mixin.py:188} INFO - [2026-06-30T21:23:01.221+0000] {dag.py:3096} INFO - Sync 1 DAGs
[2026-06-30T21:23:01.249+0000] {logging_mixin.py:188} INFO - [2026-06-30T21:23:01.249+0000] {dag.py:3954} INFO - Setting next_dagrun for load_ergast_data to None, run_after=None
[2026-06-30T21:23:01.283+0000] {processor.py:183} INFO - Processing /opt/airflow/dags/load_ergast_data.py took 0.709 seconds
[2026-06-30T21:23:32.102+0000] {processor.py:161} INFO - Started process (PID=1326) to work on /opt/airflow/dags/load_ergast_data.py
[2026-06-30T21:23:32.106+0000] {processor.py:830} INFO - Processing file /opt/airflow/dags/load_ergast_data.py for tasks to queue
[2026-06-30T21:23:32.116+0000] {logging_mixin.py:188} INFO - [2026-06-30T21:23:32.114+0000] {dagbag.py:545} INFO - Filling up the DagBag from /opt/airflow/dags/load_ergast_data.py
[2026-06-30T21:23:32.455+0000] {processor.py:840} INFO - DAG(s) 'load_ergast_data' retrieved from /opt/airflow/dags/load_ergast_data.py
[2026-06-30T21:23:32.493+0000] {logging_mixin.py:188} INFO - [2026-06-30T21:23:32.493+0000] {dag.py:3096} INFO - Sync 1 DAGs
[2026-06-30T21:23:32.508+0000] {logging_mixin.py:188} INFO - [2026-06-30T21:23:32.508+0000] {dag.py:3954} INFO - Setting next_dagrun for load_ergast_data to None, run_after=None
[2026-06-30T21:23:32.530+0000] {processor.py:183} INFO - Processing /opt/airflow/dags/load_ergast_data.py took 0.434 seconds
[2026-06-30T21:24:02.810+0000] {processor.py:161} INFO - Started process (PID=1337) to work on /opt/airflow/dags/load_ergast_data.py
[2026-06-30T21:24:02.812+0000] {processor.py:830} INFO - Processing file /opt/airflow/dags/load_ergast_data.py for tasks to queue
[2026-06-30T21:24:02.815+0000] {logging_mixin.py:188} INFO - [2026-06-30T21:24:02.815+0000] {dagbag.py:545} INFO - Filling up the DagBag from /opt/airflow/dags/load_ergast_data.py
[2026-06-30T21:24:03.125+0000] {processor.py:840} INFO - DAG(s) 'load_ergast_data' retrieved from /opt/airflow/dags/load_ergast_data.py
[2026-06-30T21:24:03.157+0000] {logging_mixin.py:188} INFO - [2026-06-30T21:24:03.156+0000] {dag.py:3096} INFO - Sync 1 DAGs
[2026-06-30T21:24:03.175+0000] {logging_mixin.py:188} INFO - [2026-06-30T21:24:03.174+0000] {dag.py:3954} INFO - Setting next_dagrun for load_ergast_data to None, run_after=None
[2026-06-30T21:24:03.533+0000] {processor.py:183} INFO - Processing /opt/airflow/dags/load_ergast_data.py took 0.730 seconds
[2026-06-30T21:24:34.203+0000] {processor.py:161} INFO - Started process (PID=1348) to work on /opt/airflow/dags/load_ergast_data.py
[2026-06-30T21:24:34.206+0000] {processor.py:830} INFO - Processing file /opt/airflow/dags/load_ergast_data.py for tasks to queue
[2026-06-30T21:24:34.208+0000] {logging_mixin.py:188} INFO - [2026-06-30T21:24:34.208+0000] {dagbag.py:545} INFO - Filling up the DagBag from /opt/airflow/dags/load_ergast_data.py
[2026-06-30T21:24:34.485+0000] {processor.py:840} INFO - DAG(s) 'load_ergast_data' retrieved from /opt/airflow/dags/load_ergast_data.py
[2026-06-30T21:24:34.516+0000] {logging_mixin.py:188} INFO - [2026-06-30T21:24:34.515+0000] {dag.py:3096} INFO - Sync 1 DAGs
[2026-06-30T21:24:34.689+0000] {logging_mixin.py:188} INFO - [2026-06-30T21:24:34.689+0000] {dag.py:3954} INFO - Setting next_dagrun for load_ergast_data to None, run_after=None
[2026-06-30T21:24:34.707+0000] {processor.py:183} INFO - Processing /opt/airflow/dags/load_ergast_data.py took 0.510 seconds
[2026-06-30T21:25:05.019+0000] {processor.py:161} INFO - Started process (PID=1359) to work on /opt/airflow/dags/load_ergast_data.py
[2026-06-30T21:25:05.021+0000] {processor.py:830} INFO - Processing file /opt/airflow/dags/load_ergast_data.py for tasks to queue
[2026-06-30T21:25:05.023+0000] {logging_mixin.py:188} INFO - [2026-06-30T21:25:05.023+0000] {dagbag.py:545} INFO - Filling up the DagBag from /opt/airflow/dags/load_ergast_data.py
[2026-06-30T21:25:05.308+0000] {processor.py:840} INFO - DAG(s) 'load_ergast_data' retrieved from /opt/airflow/dags/load_ergast_data.py
[2026-06-30T21:25:05.337+0000] {logging_mixin.py:188} INFO - [2026-06-30T21:25:05.337+0000] {dag.py:3096} INFO - Sync 1 DAGs
[2026-06-30T21:25:05.351+0000] {logging_mixin.py:188} INFO - [2026-06-30T21:25:05.351+0000] {dag.py:3954} INFO - Setting next_dagrun for load_ergast_data to None, run_after=None
[2026-06-30T21:25:05.373+0000] {processor.py:183} INFO - Processing /opt/airflow/dags/load_ergast_data.py took 0.359 seconds
[2026-06-30T21:25:35.977+0000] {processor.py:161} INFO - Started process (PID=1370) to work on /opt/airflow/dags/load_ergast_data.py
[2026-06-30T21:25:35.980+0000] {processor.py:830} INFO - Processing file /opt/airflow/dags/load_ergast_data.py for tasks to queue
[2026-06-30T21:25:35.992+0000] {logging_mixin.py:188} INFO - [2026-06-30T21:25:35.991+0000] {dagbag.py:545} INFO - Filling up the DagBag from /opt/airflow/dags/load_ergast_data.py
[2026-06-30T21:25:36.623+0000] {processor.py:840} INFO - DAG(s) 'load_ergast_data' retrieved from /opt/airflow/dags/load_ergast_data.py
[2026-06-30T21:25:36.684+0000] {logging_mixin.py:188} INFO - [2026-06-30T21:25:36.683+0000] {dag.py:3096} INFO - Sync 1 DAGs
[2026-06-30T21:25:36.713+0000] {logging_mixin.py:188} INFO - [2026-06-30T21:25:36.712+0000] {dag.py:3954} INFO - Setting next_dagrun for load_ergast_data to None, run_after=None
[2026-06-30T21:25:36.744+0000] {processor.py:183} INFO - Processing /opt/airflow/dags/load_ergast_data.py took 0.784 seconds
[2026-06-30T21:26:07.624+0000] {processor.py:161} INFO - Started process (PID=1381) to work on /opt/airflow/dags/load_ergast_data.py
[2026-06-30T21:26:07.629+0000] {processor.py:830} INFO - Processing file /opt/airflow/dags/load_ergast_data.py for tasks to queue
[2026-06-30T21:26:07.636+0000] {logging_mixin.py:188} INFO - [2026-06-30T21:26:07.635+0000] {dagbag.py:545} INFO - Filling up the DagBag from /opt/airflow/dags/load_ergast_data.py
[2026-06-30T21:26:07.973+0000] {processor.py:840} INFO - DAG(s) 'load_ergast_data' retrieved from /opt/airflow/dags/load_ergast_data.py
[2026-06-30T21:26:08.005+0000] {logging_mixin.py:188} INFO - [2026-06-30T21:26:08.004+0000] {dag.py:3096} INFO - Sync 1 DAGs
[2026-06-30T21:26:08.021+0000] {logging_mixin.py:188} INFO - [2026-06-30T21:26:08.021+0000] {dag.py:3954} INFO - Setting next_dagrun for load_ergast_data to None, run_after=None
[2026-06-30T21:26:08.054+0000] {processor.py:183} INFO - Processing /opt/airflow/dags/load_ergast_data.py took 0.437 seconds
[2026-06-30T21:26:38.395+0000] {processor.py:161} INFO - Started process (PID=1392) to work on /opt/airflow/dags/load_ergast_data.py
[2026-06-30T21:26:38.397+0000] {processor.py:830} INFO - Processing file /opt/airflow/dags/load_ergast_data.py for tasks to queue
[2026-06-30T21:26:38.400+0000] {logging_mixin.py:188} INFO - [2026-06-30T21:26:38.399+0000] {dagbag.py:545} INFO - Filling up the DagBag from /opt/airflow/dags/load_ergast_data.py
[2026-06-30T21:26:38.775+0000] {processor.py:840} INFO - DAG(s) 'load_ergast_data' retrieved from /opt/airflow/dags/load_ergast_data.py
[2026-06-30T21:26:38.803+0000] {logging_mixin.py:188} INFO - [2026-06-30T21:26:38.802+0000] {dag.py:3096} INFO - Sync 1 DAGs
[2026-06-30T21:26:38.816+0000] {logging_mixin.py:188} INFO - [2026-06-30T21:26:38.816+0000] {dag.py:3954} INFO - Setting next_dagrun for load_ergast_data to None, run_after=None
[2026-06-30T21:26:38.837+0000] {processor.py:183} INFO - Processing /opt/airflow/dags/load_ergast_data.py took 0.449 seconds
[2026-06-30T21:27:09.576+0000] {processor.py:161} INFO - Started process (PID=1403) to work on /opt/airflow/dags/load_ergast_data.py
[2026-06-30T21:27:09.580+0000] {processor.py:830} INFO - Processing file /opt/airflow/dags/load_ergast_data.py for tasks to queue
[2026-06-30T21:27:09.589+0000] {logging_mixin.py:188} INFO - [2026-06-30T21:27:09.588+0000] {dagbag.py:545} INFO - Filling up the DagBag from /opt/airflow/dags/load_ergast_data.py
[2026-06-30T21:27:10.202+0000] {processor.py:840} INFO - DAG(s) 'load_ergast_data' retrieved from /opt/airflow/dags/load_ergast_data.py
[2026-06-30T21:27:10.297+0000] {logging_mixin.py:188} INFO - [2026-06-30T21:27:10.296+0000] {dag.py:3096} INFO - Sync 1 DAGs
[2026-06-30T21:27:10.346+0000] {logging_mixin.py:188} INFO - [2026-06-30T21:27:10.346+0000] {dag.py:3954} INFO - Setting next_dagrun for load_ergast_data to None, run_after=None
[2026-06-30T21:27:11.466+0000] {processor.py:183} INFO - Processing /opt/airflow/dags/load_ergast_data.py took 1.964 seconds
[2026-06-30T21:27:42.213+0000] {processor.py:161} INFO - Started process (PID=1414) to work on /opt/airflow/dags/load_ergast_data.py
[2026-06-30T21:27:42.215+0000] {processor.py:830} INFO - Processing file /opt/airflow/dags/load_ergast_data.py for tasks to queue
[2026-06-30T21:27:42.223+0000] {logging_mixin.py:188} INFO - [2026-06-30T21:27:42.222+0000] {dagbag.py:545} INFO - Filling up the DagBag from /opt/airflow/dags/load_ergast_data.py
[2026-06-30T21:27:42.637+0000] {processor.py:840} INFO - DAG(s) 'load_ergast_data' retrieved from /opt/airflow/dags/load_ergast_data.py
[2026-06-30T21:27:42.666+0000] {logging_mixin.py:188} INFO - [2026-06-30T21:27:42.664+0000] {dag.py:3096} INFO - Sync 1 DAGs
[2026-06-30T21:27:42.906+0000] {logging_mixin.py:188} INFO - [2026-06-30T21:27:42.906+0000] {dag.py:3954} INFO - Setting next_dagrun for load_ergast_data to None, run_after=None
[2026-06-30T21:27:42.939+0000] {processor.py:183} INFO - Processing /opt/airflow/dags/load_ergast_data.py took 0.738 seconds
[2026-06-30T21:28:13.638+0000] {processor.py:161} INFO - Started process (PID=1425) to work on /opt/airflow/dags/load_ergast_data.py
[2026-06-30T21:28:13.639+0000] {processor.py:830} INFO - Processing file /opt/airflow/dags/load_ergast_data.py for tasks to queue
[2026-06-30T21:28:13.644+0000] {logging_mixin.py:188} INFO - [2026-06-30T21:28:13.644+0000] {dagbag.py:545} INFO - Filling up the DagBag from /opt/airflow/dags/load_ergast_data.py
[2026-06-30T21:28:14.073+0000] {processor.py:840} INFO - DAG(s) 'load_ergast_data' retrieved from /opt/airflow/dags/load_ergast_data.py
[2026-06-30T21:28:14.101+0000] {logging_mixin.py:188} INFO - [2026-06-30T21:28:14.100+0000] {dag.py:3096} INFO - Sync 1 DAGs
[2026-06-30T21:28:14.115+0000] {logging_mixin.py:188} INFO - [2026-06-30T21:28:14.115+0000] {dag.py:3954} INFO - Setting next_dagrun for load_ergast_data to None, run_after=None
[2026-06-30T21:28:14.135+0000] {processor.py:183} INFO - Processing /opt/airflow/dags/load_ergast_data.py took 0.503 seconds
[2026-06-30T21:28:44.598+0000] {processor.py:161} INFO - Started process (PID=1436) to work on /opt/airflow/dags/load_ergast_data.py
[2026-06-30T21:28:44.599+0000] {processor.py:830} INFO - Processing file /opt/airflow/dags/load_ergast_data.py for tasks to queue
[2026-06-30T21:28:44.603+0000] {logging_mixin.py:188} INFO - [2026-06-30T21:28:44.602+0000] {dagbag.py:545} INFO - Filling up the DagBag from /opt/airflow/dags/load_ergast_data.py
[2026-06-30T21:28:44.864+0000] {processor.py:840} INFO - DAG(s) 'load_ergast_data' retrieved from /opt/airflow/dags/load_ergast_data.py
[2026-06-30T21:28:44.890+0000] {logging_mixin.py:188} INFO - [2026-06-30T21:28:44.889+0000] {dag.py:3096} INFO - Sync 1 DAGs
[2026-06-30T21:28:44.903+0000] {logging_mixin.py:188} INFO - [2026-06-30T21:28:44.903+0000] {dag.py:3954} INFO - Setting next_dagrun for load_ergast_data to None, run_after=None
[2026-06-30T21:28:44.927+0000] {processor.py:183} INFO - Processing /opt/airflow/dags/load_ergast_data.py took 0.335 seconds
[2026-06-30T21:29:15.610+0000] {processor.py:161} INFO - Started process (PID=1447) to work on /opt/airflow/dags/load_ergast_data.py
[2026-06-30T21:29:15.612+0000] {processor.py:830} INFO - Processing file /opt/airflow/dags/load_ergast_data.py for tasks to queue
[2026-06-30T21:29:15.615+0000] {logging_mixin.py:188} INFO - [2026-06-30T21:29:15.614+0000] {dagbag.py:545} INFO - Filling up the DagBag from /opt/airflow/dags/load_ergast_data.py
[2026-06-30T21:29:15.883+0000] {processor.py:840} INFO - DAG(s) 'load_ergast_data' retrieved from /opt/airflow/dags/load_ergast_data.py
[2026-06-30T21:29:15.917+0000] {logging_mixin.py:188} INFO - [2026-06-30T21:29:15.917+0000] {dag.py:3096} INFO - Sync 1 DAGs
[2026-06-30T21:29:15.936+0000] {logging_mixin.py:188} INFO - [2026-06-30T21:29:15.935+0000] {dag.py:3954} INFO - Setting next_dagrun for load_ergast_data to None, run_after=None
[2026-06-30T21:29:15.959+0000] {processor.py:183} INFO - Processing /opt/airflow/dags/load_ergast_data.py took 0.355 seconds
[2026-06-30T21:29:46.404+0000] {processor.py:161} INFO - Started process (PID=1458) to work on /opt/airflow/dags/load_ergast_data.py
[2026-06-30T21:29:46.405+0000] {processor.py:830} INFO - Processing file /opt/airflow/dags/load_ergast_data.py for tasks to queue
[2026-06-30T21:29:46.408+0000] {logging_mixin.py:188} INFO - [2026-06-30T21:29:46.407+0000] {dagbag.py:545} INFO - Filling up the DagBag from /opt/airflow/dags/load_ergast_data.py
[2026-06-30T21:29:46.686+0000] {processor.py:840} INFO - DAG(s) 'load_ergast_data' retrieved from /opt/airflow/dags/load_ergast_data.py
[2026-06-30T21:29:46.715+0000] {logging_mixin.py:188} INFO - [2026-06-30T21:29:46.715+0000] {dag.py:3096} INFO - Sync 1 DAGs
[2026-06-30T21:29:46.728+0000] {logging_mixin.py:188} INFO - [2026-06-30T21:29:46.728+0000] {dag.py:3954} INFO - Setting next_dagrun for load_ergast_data to None, run_after=None
[2026-06-30T21:29:46.752+0000] {processor.py:183} INFO - Processing /opt/airflow/dags/load_ergast_data.py took 0.355 seconds
[2026-06-30T21:30:16.835+0000] {processor.py:161} INFO - Started process (PID=1469) to work on /opt/airflow/dags/load_ergast_data.py
[2026-06-30T21:30:16.836+0000] {processor.py:830} INFO - Processing file /opt/airflow/dags/load_ergast_data.py for tasks to queue
[2026-06-30T21:30:16.838+0000] {logging_mixin.py:188} INFO - [2026-06-30T21:30:16.838+0000] {dagbag.py:545} INFO - Filling up the DagBag from /opt/airflow/dags/load_ergast_data.py
[2026-06-30T21:30:17.101+0000] {processor.py:840} INFO - DAG(s) 'load_ergast_data' retrieved from /opt/airflow/dags/load_ergast_data.py
[2026-06-30T21:30:17.126+0000] {logging_mixin.py:188} INFO - [2026-06-30T21:30:17.126+0000] {dag.py:3096} INFO - Sync 1 DAGs
[2026-06-30T21:30:17.140+0000] {logging_mixin.py:188} INFO - [2026-06-30T21:30:17.140+0000] {dag.py:3954} INFO - Setting next_dagrun for load_ergast_data to None, run_after=None
[2026-06-30T21:30:17.325+0000] {processor.py:183} INFO - Processing /opt/airflow/dags/load_ergast_data.py took 0.496 seconds
[2026-06-30T21:30:47.410+0000] {processor.py:161} INFO - Started process (PID=1480) to work on /opt/airflow/dags/load_ergast_data.py
[2026-06-30T21:30:47.411+0000] {processor.py:830} INFO - Processing file /opt/airflow/dags/load_ergast_data.py for tasks to queue
[2026-06-30T21:30:47.416+0000] {logging_mixin.py:188} INFO - [2026-06-30T21:30:47.416+0000] {dagbag.py:545} INFO - Filling up the DagBag from /opt/airflow/dags/load_ergast_data.py
[2026-06-30T21:30:47.716+0000] {processor.py:840} INFO - DAG(s) 'load_ergast_data' retrieved from /opt/airflow/dags/load_ergast_data.py
[2026-06-30T21:30:47.745+0000] {logging_mixin.py:188} INFO - [2026-06-30T21:30:47.741+0000] {dag.py:3096} INFO - Sync 1 DAGs
[2026-06-30T21:30:47.903+0000] {logging_mixin.py:188} INFO - [2026-06-30T21:30:47.903+0000] {dag.py:3954} INFO - Setting next_dagrun for load_ergast_data to None, run_after=None
[2026-06-30T21:30:47.923+0000] {processor.py:183} INFO - Processing /opt/airflow/dags/load_ergast_data.py took 0.520 seconds
[2026-06-30T21:31:18.607+0000] {processor.py:161} INFO - Started process (PID=1491) to work on /opt/airflow/dags/load_ergast_data.py
[2026-06-30T21:31:18.615+0000] {processor.py:830} INFO - Processing file /opt/airflow/dags/load_ergast_data.py for tasks to queue
[2026-06-30T21:31:18.622+0000] {logging_mixin.py:188} INFO - [2026-06-30T21:31:18.621+0000] {dagbag.py:545} INFO - Filling up the DagBag from /opt/airflow/dags/load_ergast_data.py
[2026-06-30T21:31:18.957+0000] {processor.py:840} INFO - DAG(s) 'load_ergast_data' retrieved from /opt/airflow/dags/load_ergast_data.py
[2026-06-30T21:31:18.983+0000] {logging_mixin.py:188} INFO - [2026-06-30T21:31:18.983+0000] {dag.py:3096} INFO - Sync 1 DAGs
[2026-06-30T21:31:18.998+0000] {logging_mixin.py:188} INFO - [2026-06-30T21:31:18.998+0000] {dag.py:3954} INFO - Setting next_dagrun for load_ergast_data to None, run_after=None
[2026-06-30T21:31:19.018+0000] {processor.py:183} INFO - Processing /opt/airflow/dags/load_ergast_data.py took 0.418 seconds
[2026-06-30T21:31:49.589+0000] {processor.py:161} INFO - Started process (PID=1502) to work on /opt/airflow/dags/load_ergast_data.py
[2026-06-30T21:31:49.591+0000] {processor.py:830} INFO - Processing file /opt/airflow/dags/load_ergast_data.py for tasks to queue
[2026-06-30T21:31:49.593+0000] {logging_mixin.py:188} INFO - [2026-06-30T21:31:49.593+0000] {dagbag.py:545} INFO - Filling up the DagBag from /opt/airflow/dags/load_ergast_data.py
[2026-06-30T21:31:49.881+0000] {processor.py:840} INFO - DAG(s) 'load_ergast_data' retrieved from /opt/airflow/dags/load_ergast_data.py
[2026-06-30T21:31:49.907+0000] {logging_mixin.py:188} INFO - [2026-06-30T21:31:49.907+0000] {dag.py:3096} INFO - Sync 1 DAGs
[2026-06-30T21:31:49.920+0000] {logging_mixin.py:188} INFO - [2026-06-30T21:31:49.920+0000] {dag.py:3954} INFO - Setting next_dagrun for load_ergast_data to None, run_after=None
[2026-06-30T21:31:49.941+0000] {processor.py:183} INFO - Processing /opt/airflow/dags/load_ergast_data.py took 0.360 seconds
[2026-06-30T21:32:20.086+0000] {processor.py:161} INFO - Started process (PID=1513) to work on /opt/airflow/dags/load_ergast_data.py
[2026-06-30T21:32:20.088+0000] {processor.py:830} INFO - Processing file /opt/airflow/dags/load_ergast_data.py for tasks to queue
[2026-06-30T21:32:20.091+0000] {logging_mixin.py:188} INFO - [2026-06-30T21:32:20.090+0000] {dagbag.py:545} INFO - Filling up the DagBag from /opt/airflow/dags/load_ergast_data.py
[2026-06-30T21:32:20.400+0000] {processor.py:840} INFO - DAG(s) 'load_ergast_data' retrieved from /opt/airflow/dags/load_ergast_data.py
[2026-06-30T21:32:20.440+0000] {logging_mixin.py:188} INFO - [2026-06-30T21:32:20.440+0000] {dag.py:3096} INFO - Sync 1 DAGs
[2026-06-30T21:32:20.457+0000] {logging_mixin.py:188} INFO - [2026-06-30T21:32:20.457+0000] {dag.py:3954} INFO - Setting next_dagrun for load_ergast_data to None, run_after=None
[2026-06-30T21:32:20.490+0000] {processor.py:183} INFO - Processing /opt/airflow/dags/load_ergast_data.py took 0.410 seconds
[2026-06-30T21:32:51.202+0000] {processor.py:161} INFO - Started process (PID=1524) to work on /opt/airflow/dags/load_ergast_data.py
[2026-06-30T21:32:51.204+0000] {processor.py:830} INFO - Processing file /opt/airflow/dags/load_ergast_data.py for tasks to queue
[2026-06-30T21:32:51.208+0000] {logging_mixin.py:188} INFO - [2026-06-30T21:32:51.207+0000] {dagbag.py:545} INFO - Filling up the DagBag from /opt/airflow/dags/load_ergast_data.py
[2026-06-30T21:32:51.596+0000] {processor.py:840} INFO - DAG(s) 'load_ergast_data' retrieved from /opt/airflow/dags/load_ergast_data.py
[2026-06-30T21:32:51.627+0000] {logging_mixin.py:188} INFO - [2026-06-30T21:32:51.626+0000] {dag.py:3096} INFO - Sync 1 DAGs
[2026-06-30T21:32:51.639+0000] {logging_mixin.py:188} INFO - [2026-06-30T21:32:51.639+0000] {dag.py:3954} INFO - Setting next_dagrun for load_ergast_data to None, run_after=None
[2026-06-30T21:32:51.662+0000] {processor.py:183} INFO - Processing /opt/airflow/dags/load_ergast_data.py took 0.471 seconds
[2026-06-30T21:33:22.168+0000] {processor.py:161} INFO - Started process (PID=1535) to work on /opt/airflow/dags/load_ergast_data.py
[2026-06-30T21:33:22.170+0000] {processor.py:830} INFO - Processing file /opt/airflow/dags/load_ergast_data.py for tasks to queue
[2026-06-30T21:33:22.173+0000] {logging_mixin.py:188} INFO - [2026-06-30T21:33:22.173+0000] {dagbag.py:545} INFO - Filling up the DagBag from /opt/airflow/dags/load_ergast_data.py
[2026-06-30T21:33:22.517+0000] {processor.py:840} INFO - DAG(s) 'load_ergast_data' retrieved from /opt/airflow/dags/load_ergast_data.py
[2026-06-30T21:33:22.558+0000] {logging_mixin.py:188} INFO - [2026-06-30T21:33:22.557+0000] {dag.py:3096} INFO - Sync 1 DAGs
[2026-06-30T21:33:22.575+0000] {logging_mixin.py:188} INFO - [2026-06-30T21:33:22.574+0000] {dag.py:3954} INFO - Setting next_dagrun for load_ergast_data to None, run_after=None
[2026-06-30T21:33:22.949+0000] {processor.py:183} INFO - Processing /opt/airflow/dags/load_ergast_data.py took 0.788 seconds
[2026-06-30T21:33:53.783+0000] {processor.py:161} INFO - Started process (PID=1546) to work on /opt/airflow/dags/load_ergast_data.py
[2026-06-30T21:33:53.785+0000] {processor.py:830} INFO - Processing file /opt/airflow/dags/load_ergast_data.py for tasks to queue
[2026-06-30T21:33:53.787+0000] {logging_mixin.py:188} INFO - [2026-06-30T21:33:53.787+0000] {dagbag.py:545} INFO - Filling up the DagBag from /opt/airflow/dags/load_ergast_data.py
[2026-06-30T21:33:54.045+0000] {processor.py:840} INFO - DAG(s) 'load_ergast_data' retrieved from /opt/airflow/dags/load_ergast_data.py
[2026-06-30T21:33:54.073+0000] {logging_mixin.py:188} INFO - [2026-06-30T21:33:54.071+0000] {dag.py:3096} INFO - Sync 1 DAGs
[2026-06-30T21:33:54.261+0000] {logging_mixin.py:188} INFO - [2026-06-30T21:33:54.261+0000] {dag.py:3954} INFO - Setting next_dagrun for load_ergast_data to None, run_after=None
[2026-06-30T21:33:54.282+0000] {processor.py:183} INFO - Processing /opt/airflow/dags/load_ergast_data.py took 0.506 seconds
[2026-06-30T21:34:25.093+0000] {processor.py:161} INFO - Started process (PID=1557) to work on /opt/airflow/dags/load_ergast_data.py
[2026-06-30T21:34:25.095+0000] {processor.py:830} INFO - Processing file /opt/airflow/dags/load_ergast_data.py for tasks to queue
[2026-06-30T21:34:25.097+0000] {logging_mixin.py:188} INFO - [2026-06-30T21:34:25.097+0000] {dagbag.py:545} INFO - Filling up the DagBag from /opt/airflow/dags/load_ergast_data.py
[2026-06-30T21:34:25.371+0000] {processor.py:840} INFO - DAG(s) 'load_ergast_data' retrieved from /opt/airflow/dags/load_ergast_data.py
[2026-06-30T21:34:25.576+0000] {logging_mixin.py:188} INFO - [2026-06-30T21:34:25.575+0000] {dag.py:3096} INFO - Sync 1 DAGs
[2026-06-30T21:34:25.588+0000] {logging_mixin.py:188} INFO - [2026-06-30T21:34:25.588+0000] {dag.py:3954} INFO - Setting next_dagrun for load_ergast_data to None, run_after=None
[2026-06-30T21:34:25.615+0000] {processor.py:183} INFO - Processing /opt/airflow/dags/load_ergast_data.py took 0.528 seconds
[2026-06-30T21:34:56.419+0000] {processor.py:161} INFO - Started process (PID=1568) to work on /opt/airflow/dags/load_ergast_data.py
[2026-06-30T21:34:56.421+0000] {processor.py:830} INFO - Processing file /opt/airflow/dags/load_ergast_data.py for tasks to queue
[2026-06-30T21:34:56.425+0000] {logging_mixin.py:188} INFO - [2026-06-30T21:34:56.424+0000] {dagbag.py:545} INFO - Filling up the DagBag from /opt/airflow/dags/load_ergast_data.py
[2026-06-30T21:34:56.727+0000] {processor.py:840} INFO - DAG(s) 'load_ergast_data' retrieved from /opt/airflow/dags/load_ergast_data.py
[2026-06-30T21:34:56.755+0000] {logging_mixin.py:188} INFO - [2026-06-30T21:34:56.755+0000] {dag.py:3096} INFO - Sync 1 DAGs
[2026-06-30T21:34:56.769+0000] {logging_mixin.py:188} INFO - [2026-06-30T21:34:56.769+0000] {dag.py:3954} INFO - Setting next_dagrun for load_ergast_data to None, run_after=None
[2026-06-30T21:34:56.789+0000] {processor.py:183} INFO - Processing /opt/airflow/dags/load_ergast_data.py took 0.376 seconds
[2026-06-30T21:35:27.026+0000] {processor.py:161} INFO - Started process (PID=1579) to work on /opt/airflow/dags/load_ergast_data.py
[2026-06-30T21:35:27.029+0000] {processor.py:830} INFO - Processing file /opt/airflow/dags/load_ergast_data.py for tasks to queue
[2026-06-30T21:35:27.031+0000] {logging_mixin.py:188} INFO - [2026-06-30T21:35:27.031+0000] {dagbag.py:545} INFO - Filling up the DagBag from /opt/airflow/dags/load_ergast_data.py
[2026-06-30T21:35:27.448+0000] {processor.py:840} INFO - DAG(s) 'load_ergast_data' retrieved from /opt/airflow/dags/load_ergast_data.py
[2026-06-30T21:35:27.487+0000] {logging_mixin.py:188} INFO - [2026-06-30T21:35:27.486+0000] {dag.py:3096} INFO - Sync 1 DAGs
[2026-06-30T21:35:27.503+0000] {logging_mixin.py:188} INFO - [2026-06-30T21:35:27.503+0000] {dag.py:3954} INFO - Setting next_dagrun for load_ergast_data to None, run_after=None
[2026-06-30T21:35:27.537+0000] {processor.py:183} INFO - Processing /opt/airflow/dags/load_ergast_data.py took 0.520 seconds
[2026-06-30T21:35:57.646+0000] {processor.py:161} INFO - Started process (PID=1590) to work on /opt/airflow/dags/load_ergast_data.py
[2026-06-30T21:35:57.649+0000] {processor.py:830} INFO - Processing file /opt/airflow/dags/load_ergast_data.py for tasks to queue
[2026-06-30T21:35:57.652+0000] {logging_mixin.py:188} INFO - [2026-06-30T21:35:57.651+0000] {dagbag.py:545} INFO - Filling up the DagBag from /opt/airflow/dags/load_ergast_data.py
[2026-06-30T21:35:58.060+0000] {processor.py:840} INFO - DAG(s) 'load_ergast_data' retrieved from /opt/airflow/dags/load_ergast_data.py
[2026-06-30T21:35:58.103+0000] {logging_mixin.py:188} INFO - [2026-06-30T21:35:58.102+0000] {dag.py:3096} INFO - Sync 1 DAGs
[2026-06-30T21:35:58.122+0000] {logging_mixin.py:188} INFO - [2026-06-30T21:35:58.121+0000] {dag.py:3954} INFO - Setting next_dagrun for load_ergast_data to None, run_after=None
[2026-06-30T21:35:58.145+0000] {processor.py:183} INFO - Processing /opt/airflow/dags/load_ergast_data.py took 0.505 seconds
[2026-06-30T21:36:28.207+0000] {processor.py:161} INFO - Started process (PID=1601) to work on /opt/airflow/dags/load_ergast_data.py
[2026-06-30T21:36:28.210+0000] {processor.py:830} INFO - Processing file /opt/airflow/dags/load_ergast_data.py for tasks to queue
[2026-06-30T21:36:28.214+0000] {logging_mixin.py:188} INFO - [2026-06-30T21:36:28.213+0000] {dagbag.py:545} INFO - Filling up the DagBag from /opt/airflow/dags/load_ergast_data.py
[2026-06-30T21:36:28.523+0000] {processor.py:840} INFO - DAG(s) 'load_ergast_data' retrieved from /opt/airflow/dags/load_ergast_data.py
[2026-06-30T21:36:28.556+0000] {logging_mixin.py:188} INFO - [2026-06-30T21:36:28.556+0000] {dag.py:3096} INFO - Sync 1 DAGs
[2026-06-30T21:36:28.571+0000] {logging_mixin.py:188} INFO - [2026-06-30T21:36:28.571+0000] {dag.py:3954} INFO - Setting next_dagrun for load_ergast_data to None, run_after=None
[2026-06-30T21:36:28.961+0000] {processor.py:183} INFO - Processing /opt/airflow/dags/load_ergast_data.py took 0.762 seconds
[2026-06-30T21:36:59.741+0000] {processor.py:161} INFO - Started process (PID=1612) to work on /opt/airflow/dags/load_ergast_data.py
[2026-06-30T21:36:59.745+0000] {processor.py:830} INFO - Processing file /opt/airflow/dags/load_ergast_data.py for tasks to queue
[2026-06-30T21:36:59.748+0000] {logging_mixin.py:188} INFO - [2026-06-30T21:36:59.748+0000] {dagbag.py:545} INFO - Filling up the DagBag from /opt/airflow/dags/load_ergast_data.py
[2026-06-30T21:37:00.048+0000] {processor.py:840} INFO - DAG(s) 'load_ergast_data' retrieved from /opt/airflow/dags/load_ergast_data.py
[2026-06-30T21:37:00.077+0000] {logging_mixin.py:188} INFO - [2026-06-30T21:37:00.076+0000] {dag.py:3096} INFO - Sync 1 DAGs
[2026-06-30T21:37:00.294+0000] {logging_mixin.py:188} INFO - [2026-06-30T21:37:00.294+0000] {dag.py:3954} INFO - Setting next_dagrun for load_ergast_data to None, run_after=None
[2026-06-30T21:37:00.323+0000] {processor.py:183} INFO - Processing /opt/airflow/dags/load_ergast_data.py took 0.589 seconds
[2026-06-30T21:37:30.686+0000] {processor.py:161} INFO - Started process (PID=1623) to work on /opt/airflow/dags/load_ergast_data.py
[2026-06-30T21:37:30.690+0000] {processor.py:830} INFO - Processing file /opt/airflow/dags/load_ergast_data.py for tasks to queue
[2026-06-30T21:37:30.699+0000] {logging_mixin.py:188} INFO - [2026-06-30T21:37:30.698+0000] {dagbag.py:545} INFO - Filling up the DagBag from /opt/airflow/dags/load_ergast_data.py
[2026-06-30T21:37:30.996+0000] {processor.py:840} INFO - DAG(s) 'load_ergast_data' retrieved from /opt/airflow/dags/load_ergast_data.py
[2026-06-30T21:37:31.215+0000] {logging_mixin.py:188} INFO - [2026-06-30T21:37:31.214+0000] {dag.py:3096} INFO - Sync 1 DAGs
[2026-06-30T21:37:31.224+0000] {logging_mixin.py:188} INFO - [2026-06-30T21:37:31.224+0000] {dag.py:3954} INFO - Setting next_dagrun for load_ergast_data to None, run_after=None
[2026-06-30T21:37:31.244+0000] {processor.py:183} INFO - Processing /opt/airflow/dags/load_ergast_data.py took 0.567 seconds
[2026-06-30T21:38:01.735+0000] {processor.py:161} INFO - Started process (PID=1634) to work on /opt/airflow/dags/load_ergast_data.py
[2026-06-30T21:38:01.736+0000] {processor.py:830} INFO - Processing file /opt/airflow/dags/load_ergast_data.py for tasks to queue
[2026-06-30T21:38:01.740+0000] {logging_mixin.py:188} INFO - [2026-06-30T21:38:01.739+0000] {dagbag.py:545} INFO - Filling up the DagBag from /opt/airflow/dags/load_ergast_data.py
[2026-06-30T21:38:02.026+0000] {processor.py:840} INFO - DAG(s) 'load_ergast_data' retrieved from /opt/airflow/dags/load_ergast_data.py
[2026-06-30T21:38:02.050+0000] {logging_mixin.py:188} INFO - [2026-06-30T21:38:02.050+0000] {dag.py:3096} INFO - Sync 1 DAGs
[2026-06-30T21:38:02.062+0000] {logging_mixin.py:188} INFO - [2026-06-30T21:38:02.061+0000] {dag.py:3954} INFO - Setting next_dagrun for load_ergast_data to None, run_after=None
[2026-06-30T21:38:02.081+0000] {processor.py:183} INFO - Processing /opt/airflow/dags/load_ergast_data.py took 0.351 seconds
[2026-06-30T21:38:32.223+0000] {processor.py:161} INFO - Started process (PID=1645) to work on /opt/airflow/dags/load_ergast_data.py
[2026-06-30T21:38:32.224+0000] {processor.py:830} INFO - Processing file /opt/airflow/dags/load_ergast_data.py for tasks to queue
[2026-06-30T21:38:32.227+0000] {logging_mixin.py:188} INFO - [2026-06-30T21:38:32.227+0000] {dagbag.py:545} INFO - Filling up the DagBag from /opt/airflow/dags/load_ergast_data.py
[2026-06-30T21:38:32.508+0000] {processor.py:840} INFO - DAG(s) 'load_ergast_data' retrieved from /opt/airflow/dags/load_ergast_data.py
[2026-06-30T21:38:32.539+0000] {logging_mixin.py:188} INFO - [2026-06-30T21:38:32.539+0000] {dag.py:3096} INFO - Sync 1 DAGs
[2026-06-30T21:38:32.552+0000] {logging_mixin.py:188} INFO - [2026-06-30T21:38:32.552+0000] {dag.py:3954} INFO - Setting next_dagrun for load_ergast_data to None, run_after=None
[2026-06-30T21:38:32.573+0000] {processor.py:183} INFO - Processing /opt/airflow/dags/load_ergast_data.py took 0.356 seconds
[2026-06-30T21:39:03.399+0000] {processor.py:161} INFO - Started process (PID=1656) to work on /opt/airflow/dags/load_ergast_data.py
[2026-06-30T21:39:03.401+0000] {processor.py:830} INFO - Processing file /opt/airflow/dags/load_ergast_data.py for tasks to queue
[2026-06-30T21:39:03.403+0000] {logging_mixin.py:188} INFO - [2026-06-30T21:39:03.403+0000] {dagbag.py:545} INFO - Filling up the DagBag from /opt/airflow/dags/load_ergast_data.py
[2026-06-30T21:39:03.730+0000] {processor.py:840} INFO - DAG(s) 'load_ergast_data' retrieved from /opt/airflow/dags/load_ergast_data.py
[2026-06-30T21:39:03.759+0000] {logging_mixin.py:188} INFO - [2026-06-30T21:39:03.758+0000] {dag.py:3096} INFO - Sync 1 DAGs
[2026-06-30T21:39:03.773+0000] {logging_mixin.py:188} INFO - [2026-06-30T21:39:03.772+0000] {dag.py:3954} INFO - Setting next_dagrun for load_ergast_data to None, run_after=None
[2026-06-30T21:39:03.801+0000] {processor.py:183} INFO - Processing /opt/airflow/dags/load_ergast_data.py took 0.408 seconds
[2026-06-30T21:39:34.609+0000] {processor.py:161} INFO - Started process (PID=1667) to work on /opt/airflow/dags/load_ergast_data.py
[2026-06-30T21:39:34.612+0000] {processor.py:830} INFO - Processing file /opt/airflow/dags/load_ergast_data.py for tasks to queue
[2026-06-30T21:39:34.616+0000] {logging_mixin.py:188} INFO - [2026-06-30T21:39:34.615+0000] {dagbag.py:545} INFO - Filling up the DagBag from /opt/airflow/dags/load_ergast_data.py
[2026-06-30T21:39:34.929+0000] {processor.py:840} INFO - DAG(s) 'load_ergast_data' retrieved from /opt/airflow/dags/load_ergast_data.py
[2026-06-30T21:39:34.961+0000] {logging_mixin.py:188} INFO - [2026-06-30T21:39:34.960+0000] {dag.py:3096} INFO - Sync 1 DAGs
[2026-06-30T21:39:34.976+0000] {logging_mixin.py:188} INFO - [2026-06-30T21:39:34.976+0000] {dag.py:3954} INFO - Setting next_dagrun for load_ergast_data to None, run_after=None
[2026-06-30T21:39:35.172+0000] {processor.py:183} INFO - Processing /opt/airflow/dags/load_ergast_data.py took 0.572 seconds
[2026-06-30T21:40:05.460+0000] {processor.py:161} INFO - Started process (PID=1678) to work on /opt/airflow/dags/load_ergast_data.py
[2026-06-30T21:40:05.463+0000] {processor.py:830} INFO - Processing file /opt/airflow/dags/load_ergast_data.py for tasks to queue
[2026-06-30T21:40:05.465+0000] {logging_mixin.py:188} INFO - [2026-06-30T21:40:05.465+0000] {dagbag.py:545} INFO - Filling up the DagBag from /opt/airflow/dags/load_ergast_data.py
[2026-06-30T21:40:05.759+0000] {processor.py:840} INFO - DAG(s) 'load_ergast_data' retrieved from /opt/airflow/dags/load_ergast_data.py
[2026-06-30T21:40:05.810+0000] {logging_mixin.py:188} INFO - [2026-06-30T21:40:05.809+0000] {dag.py:3096} INFO - Sync 1 DAGs
[2026-06-30T21:40:06.296+0000] {logging_mixin.py:188} INFO - [2026-06-30T21:40:06.295+0000] {dag.py:3954} INFO - Setting next_dagrun for load_ergast_data to None, run_after=None
[2026-06-30T21:40:06.315+0000] {processor.py:183} INFO - Processing /opt/airflow/dags/load_ergast_data.py took 0.863 seconds
[2026-06-30T21:40:36.397+0000] {processor.py:161} INFO - Started process (PID=1689) to work on /opt/airflow/dags/load_ergast_data.py
[2026-06-30T21:40:36.401+0000] {processor.py:830} INFO - Processing file /opt/airflow/dags/load_ergast_data.py for tasks to queue
[2026-06-30T21:40:36.408+0000] {logging_mixin.py:188} INFO - [2026-06-30T21:40:36.407+0000] {dagbag.py:545} INFO - Filling up the DagBag from /opt/airflow/dags/load_ergast_data.py
[2026-06-30T21:40:36.733+0000] {processor.py:840} INFO - DAG(s) 'load_ergast_data' retrieved from /opt/airflow/dags/load_ergast_data.py
[2026-06-30T21:40:36.949+0000] {logging_mixin.py:188} INFO - [2026-06-30T21:40:36.949+0000] {dag.py:3096} INFO - Sync 1 DAGs
[2026-06-30T21:40:36.960+0000] {logging_mixin.py:188} INFO - [2026-06-30T21:40:36.960+0000] {dag.py:3954} INFO - Setting next_dagrun for load_ergast_data to None, run_after=None
[2026-06-30T21:40:36.981+0000] {processor.py:183} INFO - Processing /opt/airflow/dags/load_ergast_data.py took 0.590 seconds
[2026-06-30T21:41:07.117+0000] {processor.py:161} INFO - Started process (PID=1700) to work on /opt/airflow/dags/load_ergast_data.py
[2026-06-30T21:41:07.119+0000] {processor.py:830} INFO - Processing file /opt/airflow/dags/load_ergast_data.py for tasks to queue
[2026-06-30T21:41:07.121+0000] {logging_mixin.py:188} INFO - [2026-06-30T21:41:07.121+0000] {dagbag.py:545} INFO - Filling up the DagBag from /opt/airflow/dags/load_ergast_data.py
[2026-06-30T21:41:07.379+0000] {processor.py:840} INFO - DAG(s) 'load_ergast_data' retrieved from /opt/airflow/dags/load_ergast_data.py
[2026-06-30T21:41:07.406+0000] {logging_mixin.py:188} INFO - [2026-06-30T21:41:07.406+0000] {dag.py:3096} INFO - Sync 1 DAGs
[2026-06-30T21:41:07.421+0000] {logging_mixin.py:188} INFO - [2026-06-30T21:41:07.421+0000] {dag.py:3954} INFO - Setting next_dagrun for load_ergast_data to None, run_after=None
[2026-06-30T21:41:07.441+0000] {processor.py:183} INFO - Processing /opt/airflow/dags/load_ergast_data.py took 0.330 seconds
[2026-06-30T21:41:37.587+0000] {processor.py:161} INFO - Started process (PID=1711) to work on /opt/airflow/dags/load_ergast_data.py
[2026-06-30T21:41:37.589+0000] {processor.py:830} INFO - Processing file /opt/airflow/dags/load_ergast_data.py for tasks to queue
[2026-06-30T21:41:37.595+0000] {logging_mixin.py:188} INFO - [2026-06-30T21:41:37.595+0000] {dagbag.py:545} INFO - Filling up the DagBag from /opt/airflow/dags/load_ergast_data.py
[2026-06-30T21:41:37.889+0000] {processor.py:840} INFO - DAG(s) 'load_ergast_data' retrieved from /opt/airflow/dags/load_ergast_data.py
[2026-06-30T21:41:37.922+0000] {logging_mixin.py:188} INFO - [2026-06-30T21:41:37.921+0000] {dag.py:3096} INFO - Sync 1 DAGs
[2026-06-30T21:41:37.939+0000] {logging_mixin.py:188} INFO - [2026-06-30T21:41:37.939+0000] {dag.py:3954} INFO - Setting next_dagrun for load_ergast_data to None, run_after=None
[2026-06-30T21:41:37.965+0000] {processor.py:183} INFO - Processing /opt/airflow/dags/load_ergast_data.py took 0.383 seconds
[2026-06-30T21:42:08.491+0000] {processor.py:161} INFO - Started process (PID=1722) to work on /opt/airflow/dags/load_ergast_data.py
[2026-06-30T21:42:08.492+0000] {processor.py:830} INFO - Processing file /opt/airflow/dags/load_ergast_data.py for tasks to queue
[2026-06-30T21:42:08.494+0000] {logging_mixin.py:188} INFO - [2026-06-30T21:42:08.494+0000] {dagbag.py:545} INFO - Filling up the DagBag from /opt/airflow/dags/load_ergast_data.py
[2026-06-30T21:42:08.783+0000] {processor.py:840} INFO - DAG(s) 'load_ergast_data' retrieved from /opt/airflow/dags/load_ergast_data.py
[2026-06-30T21:42:08.809+0000] {logging_mixin.py:188} INFO - [2026-06-30T21:42:08.809+0000] {dag.py:3096} INFO - Sync 1 DAGs
[2026-06-30T21:42:08.830+0000] {logging_mixin.py:188} INFO - [2026-06-30T21:42:08.830+0000] {dag.py:3954} INFO - Setting next_dagrun for load_ergast_data to None, run_after=None
[2026-06-30T21:42:08.855+0000] {processor.py:183} INFO - Processing /opt/airflow/dags/load_ergast_data.py took 0.369 seconds
[2026-06-30T21:42:39.618+0000] {processor.py:161} INFO - Started process (PID=1733) to work on /opt/airflow/dags/load_ergast_data.py
[2026-06-30T21:42:39.619+0000] {processor.py:830} INFO - Processing file /opt/airflow/dags/load_ergast_data.py for tasks to queue
[2026-06-30T21:42:39.622+0000] {logging_mixin.py:188} INFO - [2026-06-30T21:42:39.621+0000] {dagbag.py:545} INFO - Filling up the DagBag from /opt/airflow/dags/load_ergast_data.py
[2026-06-30T21:42:39.974+0000] {processor.py:840} INFO - DAG(s) 'load_ergast_data' retrieved from /opt/airflow/dags/load_ergast_data.py
[2026-06-30T21:42:40.002+0000] {logging_mixin.py:188} INFO - [2026-06-30T21:42:40.001+0000] {dag.py:3096} INFO - Sync 1 DAGs
[2026-06-30T21:42:40.020+0000] {logging_mixin.py:188} INFO - [2026-06-30T21:42:40.020+0000] {dag.py:3954} INFO - Setting next_dagrun for load_ergast_data to None, run_after=None
[2026-06-30T21:42:40.719+0000] {processor.py:183} INFO - Processing /opt/airflow/dags/load_ergast_data.py took 1.107 seconds
[2026-06-30T21:43:11.529+0000] {processor.py:161} INFO - Started process (PID=1744) to work on /opt/airflow/dags/load_ergast_data.py
[2026-06-30T21:43:11.530+0000] {processor.py:830} INFO - Processing file /opt/airflow/dags/load_ergast_data.py for tasks to queue
[2026-06-30T21:43:11.533+0000] {logging_mixin.py:188} INFO - [2026-06-30T21:43:11.533+0000] {dagbag.py:545} INFO - Filling up the DagBag from /opt/airflow/dags/load_ergast_data.py
[2026-06-30T21:43:11.824+0000] {processor.py:840} INFO - DAG(s) 'load_ergast_data' retrieved from /opt/airflow/dags/load_ergast_data.py
[2026-06-30T21:43:11.851+0000] {logging_mixin.py:188} INFO - [2026-06-30T21:43:11.850+0000] {dag.py:3096} INFO - Sync 1 DAGs
[2026-06-30T21:43:12.132+0000] {logging_mixin.py:188} INFO - [2026-06-30T21:43:12.132+0000] {dag.py:3954} INFO - Setting next_dagrun for load_ergast_data to None, run_after=None
[2026-06-30T21:43:12.160+0000] {processor.py:183} INFO - Processing /opt/airflow/dags/load_ergast_data.py took 0.637 seconds
[2026-06-30T21:43:42.308+0000] {processor.py:161} INFO - Started process (PID=1755) to work on /opt/airflow/dags/load_ergast_data.py
[2026-06-30T21:43:42.312+0000] {processor.py:830} INFO - Processing file /opt/airflow/dags/load_ergast_data.py for tasks to queue
[2026-06-30T21:43:42.315+0000] {logging_mixin.py:188} INFO - [2026-06-30T21:43:42.314+0000] {dagbag.py:545} INFO - Filling up the DagBag from /opt/airflow/dags/load_ergast_data.py
[2026-06-30T21:43:43.729+0000] {processor.py:840} INFO - DAG(s) 'load_ergast_data' retrieved from /opt/airflow/dags/load_ergast_data.py
[2026-06-30T21:43:44.886+0000] {logging_mixin.py:188} INFO - [2026-06-30T21:43:44.886+0000] {dag.py:3096} INFO - Sync 1 DAGs
[2026-06-30T21:43:44.905+0000] {logging_mixin.py:188} INFO - [2026-06-30T21:43:44.904+0000] {dag.py:3954} INFO - Setting next_dagrun for load_ergast_data to None, run_after=None
[2026-06-30T21:43:44.934+0000] {processor.py:183} INFO - Processing /opt/airflow/dags/load_ergast_data.py took 2.636 seconds
[2026-06-30T21:44:15.891+0000] {processor.py:161} INFO - Started process (PID=1766) to work on /opt/airflow/dags/load_ergast_data.py
[2026-06-30T21:44:15.893+0000] {processor.py:830} INFO - Processing file /opt/airflow/dags/load_ergast_data.py for tasks to queue
[2026-06-30T21:44:15.895+0000] {logging_mixin.py:188} INFO - [2026-06-30T21:44:15.895+0000] {dagbag.py:545} INFO - Filling up the DagBag from /opt/airflow/dags/load_ergast_data.py
[2026-06-30T21:44:16.305+0000] {processor.py:840} INFO - DAG(s) 'load_ergast_data' retrieved from /opt/airflow/dags/load_ergast_data.py
[2026-06-30T21:44:16.398+0000] {logging_mixin.py:188} INFO - [2026-06-30T21:44:16.398+0000] {dag.py:3096} INFO - Sync 1 DAGs
[2026-06-30T21:44:16.413+0000] {logging_mixin.py:188} INFO - [2026-06-30T21:44:16.413+0000] {dag.py:3954} INFO - Setting next_dagrun for load_ergast_data to None, run_after=None
[2026-06-30T21:44:16.509+0000] {processor.py:183} INFO - Processing /opt/airflow/dags/load_ergast_data.py took 0.630 seconds
[2026-06-30T21:44:46.943+0000] {processor.py:161} INFO - Started process (PID=1777) to work on /opt/airflow/dags/load_ergast_data.py
[2026-06-30T21:44:46.944+0000] {processor.py:830} INFO - Processing file /opt/airflow/dags/load_ergast_data.py for tasks to queue
[2026-06-30T21:44:46.946+0000] {logging_mixin.py:188} INFO - [2026-06-30T21:44:46.946+0000] {dagbag.py:545} INFO - Filling up the DagBag from /opt/airflow/dags/load_ergast_data.py
[2026-06-30T21:44:47.239+0000] {processor.py:840} INFO - DAG(s) 'load_ergast_data' retrieved from /opt/airflow/dags/load_ergast_data.py
[2026-06-30T21:44:47.275+0000] {logging_mixin.py:188} INFO - [2026-06-30T21:44:47.274+0000] {dag.py:3096} INFO - Sync 1 DAGs
[2026-06-30T21:44:47.291+0000] {logging_mixin.py:188} INFO - [2026-06-30T21:44:47.291+0000] {dag.py:3954} INFO - Setting next_dagrun for load_ergast_data to None, run_after=None
[2026-06-30T21:44:47.320+0000] {processor.py:183} INFO - Processing /opt/airflow/dags/load_ergast_data.py took 0.384 seconds
[2026-06-30T21:45:17.785+0000] {processor.py:161} INFO - Started process (PID=1788) to work on /opt/airflow/dags/load_ergast_data.py
[2026-06-30T21:45:17.787+0000] {processor.py:830} INFO - Processing file /opt/airflow/dags/load_ergast_data.py for tasks to queue
[2026-06-30T21:45:17.790+0000] {logging_mixin.py:188} INFO - [2026-06-30T21:45:17.790+0000] {dagbag.py:545} INFO - Filling up the DagBag from /opt/airflow/dags/load_ergast_data.py
[2026-06-30T21:45:18.113+0000] {processor.py:840} INFO - DAG(s) 'load_ergast_data' retrieved from /opt/airflow/dags/load_ergast_data.py
[2026-06-30T21:45:18.163+0000] {logging_mixin.py:188} INFO - [2026-06-30T21:45:18.162+0000] {dag.py:3096} INFO - Sync 1 DAGs
[2026-06-30T21:45:18.191+0000] {logging_mixin.py:188} INFO - [2026-06-30T21:45:18.191+0000] {dag.py:3954} INFO - Setting next_dagrun for load_ergast_data to None, run_after=None
[2026-06-30T21:45:18.227+0000] {processor.py:183} INFO - Processing /opt/airflow/dags/load_ergast_data.py took 0.447 seconds
[2026-06-30T21:45:49.132+0000] {processor.py:161} INFO - Started process (PID=1799) to work on /opt/airflow/dags/load_ergast_data.py
[2026-06-30T21:45:49.134+0000] {processor.py:830} INFO - Processing file /opt/airflow/dags/load_ergast_data.py for tasks to queue
[2026-06-30T21:45:49.138+0000] {logging_mixin.py:188} INFO - [2026-06-30T21:45:49.138+0000] {dagbag.py:545} INFO - Filling up the DagBag from /opt/airflow/dags/load_ergast_data.py
[2026-06-30T21:45:49.484+0000] {processor.py:840} INFO - DAG(s) 'load_ergast_data' retrieved from /opt/airflow/dags/load_ergast_data.py
[2026-06-30T21:45:49.520+0000] {logging_mixin.py:188} INFO - [2026-06-30T21:45:49.519+0000] {dag.py:3096} INFO - Sync 1 DAGs
[2026-06-30T21:45:49.539+0000] {logging_mixin.py:188} INFO - [2026-06-30T21:45:49.539+0000] {dag.py:3954} INFO - Setting next_dagrun for load_ergast_data to None, run_after=None
[2026-06-30T21:45:50.011+0000] {processor.py:183} INFO - Processing /opt/airflow/dags/load_ergast_data.py took 0.885 seconds
[2026-06-30T21:46:20.089+0000] {processor.py:161} INFO - Started process (PID=1810) to work on /opt/airflow/dags/load_ergast_data.py
[2026-06-30T21:46:20.093+0000] {processor.py:830} INFO - Processing file /opt/airflow/dags/load_ergast_data.py for tasks to queue
[2026-06-30T21:46:20.098+0000] {logging_mixin.py:188} INFO - [2026-06-30T21:46:20.097+0000] {dagbag.py:545} INFO - Filling up the DagBag from /opt/airflow/dags/load_ergast_data.py
[2026-06-30T21:46:20.457+0000] {processor.py:840} INFO - DAG(s) 'load_ergast_data' retrieved from /opt/airflow/dags/load_ergast_data.py
[2026-06-30T21:46:20.483+0000] {logging_mixin.py:188} INFO - [2026-06-30T21:46:20.482+0000] {dag.py:3096} INFO - Sync 1 DAGs
[2026-06-30T21:46:20.678+0000] {logging_mixin.py:188} INFO - [2026-06-30T21:46:20.678+0000] {dag.py:3954} INFO - Setting next_dagrun for load_ergast_data to None, run_after=None
[2026-06-30T21:46:20.695+0000] {processor.py:183} INFO - Processing /opt/airflow/dags/load_ergast_data.py took 0.615 seconds
[2026-06-30T21:46:51.220+0000] {processor.py:161} INFO - Started process (PID=1821) to work on /opt/airflow/dags/load_ergast_data.py
[2026-06-30T21:46:51.223+0000] {processor.py:830} INFO - Processing file /opt/airflow/dags/load_ergast_data.py for tasks to queue
[2026-06-30T21:46:51.225+0000] {logging_mixin.py:188} INFO - [2026-06-30T21:46:51.225+0000] {dagbag.py:545} INFO - Filling up the DagBag from /opt/airflow/dags/load_ergast_data.py
[2026-06-30T21:46:51.502+0000] {processor.py:840} INFO - DAG(s) 'load_ergast_data' retrieved from /opt/airflow/dags/load_ergast_data.py
[2026-06-30T21:46:51.678+0000] {logging_mixin.py:188} INFO - [2026-06-30T21:46:51.678+0000] {dag.py:3096} INFO - Sync 1 DAGs
[2026-06-30T21:46:51.687+0000] {logging_mixin.py:188} INFO - [2026-06-30T21:46:51.687+0000] {dag.py:3954} INFO - Setting next_dagrun for load_ergast_data to None, run_after=None
[2026-06-30T21:46:51.706+0000] {processor.py:183} INFO - Processing /opt/airflow/dags/load_ergast_data.py took 0.492 seconds
[2026-06-30T21:47:21.984+0000] {processor.py:161} INFO - Started process (PID=1832) to work on /opt/airflow/dags/load_ergast_data.py
[2026-06-30T21:47:21.996+0000] {processor.py:830} INFO - Processing file /opt/airflow/dags/load_ergast_data.py for tasks to queue
[2026-06-30T21:47:22.001+0000] {logging_mixin.py:188} INFO - [2026-06-30T21:47:22.000+0000] {dagbag.py:545} INFO - Filling up the DagBag from /opt/airflow/dags/load_ergast_data.py
[2026-06-30T21:47:22.742+0000] {processor.py:840} INFO - DAG(s) 'load_ergast_data' retrieved from /opt/airflow/dags/load_ergast_data.py
[2026-06-30T21:47:22.800+0000] {logging_mixin.py:188} INFO - [2026-06-30T21:47:22.798+0000] {dag.py:3096} INFO - Sync 1 DAGs
[2026-06-30T21:47:22.828+0000] {logging_mixin.py:188} INFO - [2026-06-30T21:47:22.827+0000] {dag.py:3954} INFO - Setting next_dagrun for load_ergast_data to None, run_after=None
[2026-06-30T21:47:22.879+0000] {processor.py:183} INFO - Processing /opt/airflow/dags/load_ergast_data.py took 0.909 seconds
[2026-06-30T21:47:53.790+0000] {processor.py:161} INFO - Started process (PID=1843) to work on /opt/airflow/dags/load_ergast_data.py
[2026-06-30T21:47:53.792+0000] {processor.py:830} INFO - Processing file /opt/airflow/dags/load_ergast_data.py for tasks to queue
[2026-06-30T21:47:53.795+0000] {logging_mixin.py:188} INFO - [2026-06-30T21:47:53.795+0000] {dagbag.py:545} INFO - Filling up the DagBag from /opt/airflow/dags/load_ergast_data.py
[2026-06-30T21:47:54.098+0000] {processor.py:840} INFO - DAG(s) 'load_ergast_data' retrieved from /opt/airflow/dags/load_ergast_data.py
[2026-06-30T21:47:54.136+0000] {logging_mixin.py:188} INFO - [2026-06-30T21:47:54.136+0000] {dag.py:3096} INFO - Sync 1 DAGs
[2026-06-30T21:47:54.151+0000] {logging_mixin.py:188} INFO - [2026-06-30T21:47:54.150+0000] {dag.py:3954} INFO - Setting next_dagrun for load_ergast_data to None, run_after=None
[2026-06-30T21:47:54.190+0000] {processor.py:183} INFO - Processing /opt/airflow/dags/load_ergast_data.py took 0.405 seconds
[2026-06-30T21:48:24.777+0000] {processor.py:161} INFO - Started process (PID=1854) to work on /opt/airflow/dags/load_ergast_data.py
[2026-06-30T21:48:24.779+0000] {processor.py:830} INFO - Processing file /opt/airflow/dags/load_ergast_data.py for tasks to queue
[2026-06-30T21:48:24.781+0000] {logging_mixin.py:188} INFO - [2026-06-30T21:48:24.781+0000] {dagbag.py:545} INFO - Filling up the DagBag from /opt/airflow/dags/load_ergast_data.py
[2026-06-30T21:48:25.372+0000] {processor.py:840} INFO - DAG(s) 'load_ergast_data' retrieved from /opt/airflow/dags/load_ergast_data.py
[2026-06-30T21:48:25.414+0000] {logging_mixin.py:188} INFO - [2026-06-30T21:48:25.414+0000] {dag.py:3096} INFO - Sync 1 DAGs
[2026-06-30T21:48:25.429+0000] {logging_mixin.py:188} INFO - [2026-06-30T21:48:25.429+0000] {dag.py:3954} INFO - Setting next_dagrun for load_ergast_data to None, run_after=None
[2026-06-30T21:48:25.464+0000] {processor.py:183} INFO - Processing /opt/airflow/dags/load_ergast_data.py took 0.692 seconds
[2026-06-30T21:48:55.644+0000] {processor.py:161} INFO - Started process (PID=1865) to work on /opt/airflow/dags/load_ergast_data.py
[2026-06-30T21:48:55.648+0000] {processor.py:830} INFO - Processing file /opt/airflow/dags/load_ergast_data.py for tasks to queue
[2026-06-30T21:48:55.651+0000] {logging_mixin.py:188} INFO - [2026-06-30T21:48:55.650+0000] {dagbag.py:545} INFO - Filling up the DagBag from /opt/airflow/dags/load_ergast_data.py
[2026-06-30T21:48:55.969+0000] {processor.py:840} INFO - DAG(s) 'load_ergast_data' retrieved from /opt/airflow/dags/load_ergast_data.py
[2026-06-30T21:48:56.012+0000] {logging_mixin.py:188} INFO - [2026-06-30T21:48:56.011+0000] {dag.py:3096} INFO - Sync 1 DAGs
[2026-06-30T21:48:56.041+0000] {logging_mixin.py:188} INFO - [2026-06-30T21:48:56.041+0000] {dag.py:3954} INFO - Setting next_dagrun for load_ergast_data to None, run_after=None
[2026-06-30T21:48:56.413+0000] {processor.py:183} INFO - Processing /opt/airflow/dags/load_ergast_data.py took 0.775 seconds
[2026-06-30T21:49:26.584+0000] {processor.py:161} INFO - Started process (PID=1876) to work on /opt/airflow/dags/load_ergast_data.py
[2026-06-30T21:49:26.585+0000] {processor.py:830} INFO - Processing file /opt/airflow/dags/load_ergast_data.py for tasks to queue
[2026-06-30T21:49:26.587+0000] {logging_mixin.py:188} INFO - [2026-06-30T21:49:26.587+0000] {dagbag.py:545} INFO - Filling up the DagBag from /opt/airflow/dags/load_ergast_data.py
[2026-06-30T21:49:26.864+0000] {processor.py:840} INFO - DAG(s) 'load_ergast_data' retrieved from /opt/airflow/dags/load_ergast_data.py
[2026-06-30T21:49:26.890+0000] {logging_mixin.py:188} INFO - [2026-06-30T21:49:26.889+0000] {dag.py:3096} INFO - Sync 1 DAGs
[2026-06-30T21:49:27.233+0000] {logging_mixin.py:188} INFO - [2026-06-30T21:49:27.233+0000] {dag.py:3954} INFO - Setting next_dagrun for load_ergast_data to None, run_after=None
[2026-06-30T21:49:27.255+0000] {processor.py:183} INFO - Processing /opt/airflow/dags/load_ergast_data.py took 0.676 seconds
[2026-06-30T21:49:57.496+0000] {processor.py:161} INFO - Started process (PID=1887) to work on /opt/airflow/dags/load_ergast_data.py
[2026-06-30T21:49:57.497+0000] {processor.py:830} INFO - Processing file /opt/airflow/dags/load_ergast_data.py for tasks to queue
[2026-06-30T21:49:57.499+0000] {logging_mixin.py:188} INFO - [2026-06-30T21:49:57.499+0000] {dagbag.py:545} INFO - Filling up the DagBag from /opt/airflow/dags/load_ergast_data.py
[2026-06-30T21:49:57.789+0000] {processor.py:840} INFO - DAG(s) 'load_ergast_data' retrieved from /opt/airflow/dags/load_ergast_data.py
[2026-06-30T21:49:57.964+0000] {logging_mixin.py:188} INFO - [2026-06-30T21:49:57.963+0000] {dag.py:3096} INFO - Sync 1 DAGs
[2026-06-30T21:49:57.974+0000] {logging_mixin.py:188} INFO - [2026-06-30T21:49:57.974+0000] {dag.py:3954} INFO - Setting next_dagrun for load_ergast_data to None, run_after=None
[2026-06-30T21:49:57.999+0000] {processor.py:183} INFO - Processing /opt/airflow/dags/load_ergast_data.py took 0.508 seconds
[2026-06-30T21:50:28.500+0000] {processor.py:161} INFO - Started process (PID=1896) to work on /opt/airflow/dags/load_ergast_data.py
[2026-06-30T21:50:28.501+0000] {processor.py:830} INFO - Processing file /opt/airflow/dags/load_ergast_data.py for tasks to queue
[2026-06-30T21:50:28.504+0000] {logging_mixin.py:188} INFO - [2026-06-30T21:50:28.503+0000] {dagbag.py:545} INFO - Filling up the DagBag from /opt/airflow/dags/load_ergast_data.py
[2026-06-30T21:50:28.806+0000] {processor.py:840} INFO - DAG(s) 'load_ergast_data' retrieved from /opt/airflow/dags/load_ergast_data.py
[2026-06-30T21:50:28.831+0000] {logging_mixin.py:188} INFO - [2026-06-30T21:50:28.831+0000] {dag.py:3096} INFO - Sync 1 DAGs
[2026-06-30T21:50:28.844+0000] {logging_mixin.py:188} INFO - [2026-06-30T21:50:28.844+0000] {dag.py:3954} INFO - Setting next_dagrun for load_ergast_data to None, run_after=None
[2026-06-30T21:50:28.863+0000] {processor.py:183} INFO - Processing /opt/airflow/dags/load_ergast_data.py took 0.371 seconds
[2026-06-30T21:51:00.819+0000] {processor.py:161} INFO - Started process (PID=1907) to work on /opt/airflow/dags/load_ergast_data.py
[2026-06-30T21:51:00.820+0000] {processor.py:830} INFO - Processing file /opt/airflow/dags/load_ergast_data.py for tasks to queue
[2026-06-30T21:51:00.823+0000] {logging_mixin.py:188} INFO - [2026-06-30T21:51:00.823+0000] {dagbag.py:545} INFO - Filling up the DagBag from /opt/airflow/dags/load_ergast_data.py
[2026-06-30T21:51:01.365+0000] {processor.py:840} INFO - DAG(s) 'load_ergast_data' retrieved from /opt/airflow/dags/load_ergast_data.py
[2026-06-30T21:51:01.402+0000] {logging_mixin.py:188} INFO - [2026-06-30T21:51:01.402+0000] {dag.py:3096} INFO - Sync 1 DAGs
[2026-06-30T21:51:01.420+0000] {logging_mixin.py:188} INFO - [2026-06-30T21:51:01.420+0000] {dag.py:3954} INFO - Setting next_dagrun for load_ergast_data to None, run_after=None
[2026-06-30T21:51:01.449+0000] {processor.py:183} INFO - Processing /opt/airflow/dags/load_ergast_data.py took 0.642 seconds
[2026-06-30T21:51:32.259+0000] {processor.py:161} INFO - Started process (PID=1918) to work on /opt/airflow/dags/load_ergast_data.py
[2026-06-30T21:51:32.262+0000] {processor.py:830} INFO - Processing file /opt/airflow/dags/load_ergast_data.py for tasks to queue
[2026-06-30T21:51:32.273+0000] {logging_mixin.py:188} INFO - [2026-06-30T21:51:32.272+0000] {dagbag.py:545} INFO - Filling up the DagBag from /opt/airflow/dags/load_ergast_data.py
[2026-06-30T21:51:33.211+0000] {processor.py:840} INFO - DAG(s) 'load_ergast_data' retrieved from /opt/airflow/dags/load_ergast_data.py
[2026-06-30T21:51:33.269+0000] {logging_mixin.py:188} INFO - [2026-06-30T21:51:33.268+0000] {dag.py:3096} INFO - Sync 1 DAGs
[2026-06-30T21:51:33.300+0000] {logging_mixin.py:188} INFO - [2026-06-30T21:51:33.299+0000] {dag.py:3954} INFO - Setting next_dagrun for load_ergast_data to None, run_after=None
[2026-06-30T21:51:33.334+0000] {processor.py:183} INFO - Processing /opt/airflow/dags/load_ergast_data.py took 1.092 seconds
[2026-06-30T21:52:04.763+0000] {processor.py:161} INFO - Started process (PID=1929) to work on /opt/airflow/dags/load_ergast_data.py
[2026-06-30T21:52:04.774+0000] {processor.py:830} INFO - Processing file /opt/airflow/dags/load_ergast_data.py for tasks to queue
[2026-06-30T21:52:04.799+0000] {logging_mixin.py:188} INFO - [2026-06-30T21:52:04.795+0000] {dagbag.py:545} INFO - Filling up the DagBag from /opt/airflow/dags/load_ergast_data.py
[2026-06-30T21:52:06.114+0000] {processor.py:840} INFO - DAG(s) 'load_ergast_data' retrieved from /opt/airflow/dags/load_ergast_data.py
[2026-06-30T21:52:06.164+0000] {logging_mixin.py:188} INFO - [2026-06-30T21:52:06.163+0000] {dag.py:3096} INFO - Sync 1 DAGs
[2026-06-30T21:52:06.212+0000] {logging_mixin.py:188} INFO - [2026-06-30T21:52:06.212+0000] {dag.py:3954} INFO - Setting next_dagrun for load_ergast_data to None, run_after=None
[2026-06-30T21:52:08.631+0000] {processor.py:183} INFO - Processing /opt/airflow/dags/load_ergast_data.py took 3.928 seconds
[2026-06-30T21:52:38.967+0000] {processor.py:161} INFO - Started process (PID=1942) to work on /opt/airflow/dags/load_ergast_data.py
[2026-06-30T21:52:38.969+0000] {processor.py:830} INFO - Processing file /opt/airflow/dags/load_ergast_data.py for tasks to queue
[2026-06-30T21:52:38.974+0000] {logging_mixin.py:188} INFO - [2026-06-30T21:52:38.973+0000] {dagbag.py:545} INFO - Filling up the DagBag from /opt/airflow/dags/load_ergast_data.py
[2026-06-30T21:52:39.337+0000] {processor.py:840} INFO - DAG(s) 'load_ergast_data' retrieved from /opt/airflow/dags/load_ergast_data.py
[2026-06-30T21:52:39.378+0000] {logging_mixin.py:188} INFO - [2026-06-30T21:52:39.377+0000] {dag.py:3096} INFO - Sync 1 DAGs
[2026-06-30T21:52:39.836+0000] {logging_mixin.py:188} INFO - [2026-06-30T21:52:39.836+0000] {dag.py:3954} INFO - Setting next_dagrun for load_ergast_data to None, run_after=None
[2026-06-30T21:52:39.864+0000] {processor.py:183} INFO - Processing /opt/airflow/dags/load_ergast_data.py took 0.904 seconds
[2026-06-30T21:53:10.467+0000] {processor.py:161} INFO - Started process (PID=1953) to work on /opt/airflow/dags/load_ergast_data.py
[2026-06-30T21:53:10.468+0000] {processor.py:830} INFO - Processing file /opt/airflow/dags/load_ergast_data.py for tasks to queue
[2026-06-30T21:53:10.471+0000] {logging_mixin.py:188} INFO - [2026-06-30T21:53:10.470+0000] {dagbag.py:545} INFO - Filling up the DagBag from /opt/airflow/dags/load_ergast_data.py
[2026-06-30T21:53:10.778+0000] {processor.py:840} INFO - DAG(s) 'load_ergast_data' retrieved from /opt/airflow/dags/load_ergast_data.py
[2026-06-30T21:53:11.038+0000] {logging_mixin.py:188} INFO - [2026-06-30T21:53:11.037+0000] {dag.py:3096} INFO - Sync 1 DAGs
[2026-06-30T21:53:11.052+0000] {logging_mixin.py:188} INFO - [2026-06-30T21:53:11.051+0000] {dag.py:3954} INFO - Setting next_dagrun for load_ergast_data to None, run_after=None
[2026-06-30T21:53:11.078+0000] {processor.py:183} INFO - Processing /opt/airflow/dags/load_ergast_data.py took 0.621 seconds
[2026-06-30T21:53:41.322+0000] {processor.py:161} INFO - Started process (PID=1964) to work on /opt/airflow/dags/load_ergast_data.py
[2026-06-30T21:53:41.324+0000] {processor.py:830} INFO - Processing file /opt/airflow/dags/load_ergast_data.py for tasks to queue
[2026-06-30T21:53:41.326+0000] {logging_mixin.py:188} INFO - [2026-06-30T21:53:41.326+0000] {dagbag.py:545} INFO - Filling up the DagBag from /opt/airflow/dags/load_ergast_data.py
[2026-06-30T21:53:41.626+0000] {processor.py:840} INFO - DAG(s) 'load_ergast_data' retrieved from /opt/airflow/dags/load_ergast_data.py
[2026-06-30T21:53:41.661+0000] {logging_mixin.py:188} INFO - [2026-06-30T21:53:41.661+0000] {dag.py:3096} INFO - Sync 1 DAGs
[2026-06-30T21:53:41.676+0000] {logging_mixin.py:188} INFO - [2026-06-30T21:53:41.676+0000] {dag.py:3954} INFO - Setting next_dagrun for load_ergast_data to None, run_after=None
[2026-06-30T21:53:41.698+0000] {processor.py:183} INFO - Processing /opt/airflow/dags/load_ergast_data.py took 0.381 seconds
[2026-06-30T21:54:11.828+0000] {processor.py:161} INFO - Started process (PID=1975) to work on /opt/airflow/dags/load_ergast_data.py
[2026-06-30T21:54:11.830+0000] {processor.py:830} INFO - Processing file /opt/airflow/dags/load_ergast_data.py for tasks to queue
[2026-06-30T21:54:11.833+0000] {logging_mixin.py:188} INFO - [2026-06-30T21:54:11.833+0000] {dagbag.py:545} INFO - Filling up the DagBag from /opt/airflow/dags/load_ergast_data.py
[2026-06-30T21:54:12.314+0000] {processor.py:840} INFO - DAG(s) 'load_ergast_data' retrieved from /opt/airflow/dags/load_ergast_data.py
[2026-06-30T21:54:12.357+0000] {logging_mixin.py:188} INFO - [2026-06-30T21:54:12.356+0000] {dag.py:3096} INFO - Sync 1 DAGs
[2026-06-30T21:54:12.382+0000] {logging_mixin.py:188} INFO - [2026-06-30T21:54:12.382+0000] {dag.py:3954} INFO - Setting next_dagrun for load_ergast_data to None, run_after=None
[2026-06-30T21:54:12.451+0000] {processor.py:183} INFO - Processing /opt/airflow/dags/load_ergast_data.py took 0.637 seconds
[2026-06-30T21:54:42.568+0000] {processor.py:161} INFO - Started process (PID=1984) to work on /opt/airflow/dags/load_ergast_data.py
[2026-06-30T21:54:42.571+0000] {processor.py:830} INFO - Processing file /opt/airflow/dags/load_ergast_data.py for tasks to queue
[2026-06-30T21:54:42.575+0000] {logging_mixin.py:188} INFO - [2026-06-30T21:54:42.574+0000] {dagbag.py:545} INFO - Filling up the DagBag from /opt/airflow/dags/load_ergast_data.py
[2026-06-30T21:54:43.356+0000] {processor.py:840} INFO - DAG(s) 'load_ergast_data' retrieved from /opt/airflow/dags/load_ergast_data.py
[2026-06-30T21:54:43.425+0000] {logging_mixin.py:188} INFO - [2026-06-30T21:54:43.424+0000] {dag.py:3096} INFO - Sync 1 DAGs
[2026-06-30T21:54:43.453+0000] {logging_mixin.py:188} INFO - [2026-06-30T21:54:43.453+0000] {dag.py:3954} INFO - Setting next_dagrun for load_ergast_data to None, run_after=None
[2026-06-30T21:54:43.496+0000] {processor.py:183} INFO - Processing /opt/airflow/dags/load_ergast_data.py took 0.939 seconds
[2026-06-30T21:55:14.511+0000] {processor.py:161} INFO - Started process (PID=1995) to work on /opt/airflow/dags/load_ergast_data.py
[2026-06-30T21:55:14.514+0000] {processor.py:830} INFO - Processing file /opt/airflow/dags/load_ergast_data.py for tasks to queue
[2026-06-30T21:55:14.525+0000] {logging_mixin.py:188} INFO - [2026-06-30T21:55:14.521+0000] {dagbag.py:545} INFO - Filling up the DagBag from /opt/airflow/dags/load_ergast_data.py
[2026-06-30T21:55:14.966+0000] {processor.py:840} INFO - DAG(s) 'load_ergast_data' retrieved from /opt/airflow/dags/load_ergast_data.py
[2026-06-30T21:55:15.001+0000] {logging_mixin.py:188} INFO - [2026-06-30T21:55:15.000+0000] {dag.py:3096} INFO - Sync 1 DAGs
[2026-06-30T21:55:15.017+0000] {logging_mixin.py:188} INFO - [2026-06-30T21:55:15.017+0000] {dag.py:3954} INFO - Setting next_dagrun for load_ergast_data to None, run_after=None
[2026-06-30T21:55:15.637+0000] {processor.py:183} INFO - Processing /opt/airflow/dags/load_ergast_data.py took 1.138 seconds
[2026-06-30T21:55:46.700+0000] {processor.py:161} INFO - Started process (PID=2006) to work on /opt/airflow/dags/load_ergast_data.py
[2026-06-30T21:55:46.702+0000] {processor.py:830} INFO - Processing file /opt/airflow/dags/load_ergast_data.py for tasks to queue
[2026-06-30T21:55:46.707+0000] {logging_mixin.py:188} INFO - [2026-06-30T21:55:46.705+0000] {dagbag.py:545} INFO - Filling up the DagBag from /opt/airflow/dags/load_ergast_data.py
[2026-06-30T21:55:47.416+0000] {processor.py:840} INFO - DAG(s) 'load_ergast_data' retrieved from /opt/airflow/dags/load_ergast_data.py
[2026-06-30T21:55:47.457+0000] {logging_mixin.py:188} INFO - [2026-06-30T21:55:47.455+0000] {dag.py:3096} INFO - Sync 1 DAGs
[2026-06-30T21:55:47.869+0000] {logging_mixin.py:188} INFO - [2026-06-30T21:55:47.868+0000] {dag.py:3954} INFO - Setting next_dagrun for load_ergast_data to None, run_after=None
[2026-06-30T21:55:47.889+0000] {processor.py:183} INFO - Processing /opt/airflow/dags/load_ergast_data.py took 1.200 seconds
[2026-06-30T21:56:19.971+0000] {processor.py:161} INFO - Started process (PID=2015) to work on /opt/airflow/dags/load_ergast_data.py
[2026-06-30T21:56:19.981+0000] {processor.py:830} INFO - Processing file /opt/airflow/dags/load_ergast_data.py for tasks to queue
[2026-06-30T21:56:20.027+0000] {logging_mixin.py:188} INFO - [2026-06-30T21:56:20.019+0000] {dagbag.py:545} INFO - Filling up the DagBag from /opt/airflow/dags/load_ergast_data.py
[2026-06-30T21:56:22.418+0000] {processor.py:840} INFO - DAG(s) 'load_ergast_data' retrieved from /opt/airflow/dags/load_ergast_data.py
[2026-06-30T21:56:25.666+0000] {logging_mixin.py:188} INFO - [2026-06-30T21:56:25.664+0000] {dag.py:3096} INFO - Sync 1 DAGs
[2026-06-30T21:56:25.917+0000] {logging_mixin.py:188} INFO - [2026-06-30T21:56:25.916+0000] {dag.py:3954} INFO - Setting next_dagrun for load_ergast_data to None, run_after=None
[2026-06-30T21:56:25.991+0000] {processor.py:183} INFO - Processing /opt/airflow/dags/load_ergast_data.py took 6.161 seconds
[2026-06-30T21:56:56.613+0000] {processor.py:161} INFO - Started process (PID=2030) to work on /opt/airflow/dags/load_ergast_data.py
[2026-06-30T21:56:56.630+0000] {processor.py:830} INFO - Processing file /opt/airflow/dags/load_ergast_data.py for tasks to queue
[2026-06-30T21:56:56.661+0000] {logging_mixin.py:188} INFO - [2026-06-30T21:56:56.658+0000] {dagbag.py:545} INFO - Filling up the DagBag from /opt/airflow/dags/load_ergast_data.py
[2026-06-30T21:57:00.936+0000] {processor.py:840} INFO - DAG(s) 'load_ergast_data' retrieved from /opt/airflow/dags/load_ergast_data.py
[2026-06-30T21:57:01.081+0000] {logging_mixin.py:188} INFO - [2026-06-30T21:57:01.078+0000] {dag.py:3096} INFO - Sync 1 DAGs
[2026-06-30T21:57:01.162+0000] {logging_mixin.py:188} INFO - [2026-06-30T21:57:01.161+0000] {dag.py:3954} INFO - Setting next_dagrun for load_ergast_data to None, run_after=None
[2026-06-30T21:57:01.317+0000] {processor.py:183} INFO - Processing /opt/airflow/dags/load_ergast_data.py took 4.810 seconds
[2026-06-30T21:57:32.404+0000] {processor.py:161} INFO - Started process (PID=2041) to work on /opt/airflow/dags/load_ergast_data.py
[2026-06-30T21:57:32.408+0000] {processor.py:830} INFO - Processing file /opt/airflow/dags/load_ergast_data.py for tasks to queue
[2026-06-30T21:57:32.434+0000] {logging_mixin.py:188} INFO - [2026-06-30T21:57:32.432+0000] {dagbag.py:545} INFO - Filling up the DagBag from /opt/airflow/dags/load_ergast_data.py
[2026-06-30T21:57:38.620+0000] {processor.py:840} INFO - DAG(s) 'load_ergast_data' retrieved from /opt/airflow/dags/load_ergast_data.py
[2026-06-30T21:57:38.894+0000] {logging_mixin.py:188} INFO - [2026-06-30T21:57:38.889+0000] {dag.py:3096} INFO - Sync 1 DAGs
[2026-06-30T21:57:39.040+0000] {logging_mixin.py:188} INFO - [2026-06-30T21:57:39.040+0000] {dag.py:3954} INFO - Setting next_dagrun for load_ergast_data to None, run_after=None
[2026-06-30T21:57:39.164+0000] {processor.py:183} INFO - Processing /opt/airflow/dags/load_ergast_data.py took 6.851 seconds
[2026-06-30T21:58:11.443+0000] {processor.py:161} INFO - Started process (PID=2050) to work on /opt/airflow/dags/load_ergast_data.py
[2026-06-30T21:58:11.458+0000] {processor.py:830} INFO - Processing file /opt/airflow/dags/load_ergast_data.py for tasks to queue
[2026-06-30T21:58:11.511+0000] {logging_mixin.py:188} INFO - [2026-06-30T21:58:11.501+0000] {dagbag.py:545} INFO - Filling up the DagBag from /opt/airflow/dags/load_ergast_data.py
[2026-06-30T21:58:44.418+0000] {logging_mixin.py:188} INFO - [2026-06-30T21:58:44.333+0000] {timeout.py:68} ERROR - Process timed out, PID: 2050
[2026-06-30T21:59:15.611+0000] {processor.py:161} INFO - Started process (PID=2063) to work on /opt/airflow/dags/load_ergast_data.py
[2026-06-30T21:59:15.616+0000] {processor.py:830} INFO - Processing file /opt/airflow/dags/load_ergast_data.py for tasks to queue
[2026-06-30T21:59:15.627+0000] {logging_mixin.py:188} INFO - [2026-06-30T21:59:15.625+0000] {dagbag.py:545} INFO - Filling up the DagBag from /opt/airflow/dags/load_ergast_data.py
[2026-06-30T21:59:16.641+0000] {processor.py:840} INFO - DAG(s) 'load_ergast_data' retrieved from /opt/airflow/dags/load_ergast_data.py
[2026-06-30T21:59:18.758+0000] {logging_mixin.py:188} INFO - [2026-06-30T21:59:18.758+0000] {dag.py:3096} INFO - Sync 1 DAGs
[2026-06-30T21:59:18.779+0000] {logging_mixin.py:188} INFO - [2026-06-30T21:59:18.779+0000] {dag.py:3954} INFO - Setting next_dagrun for load_ergast_data to None, run_after=None
[2026-06-30T21:59:18.809+0000] {processor.py:183} INFO - Processing /opt/airflow/dags/load_ergast_data.py took 3.227 seconds
[2026-06-30T21:59:49.608+0000] {processor.py:161} INFO - Started process (PID=2074) to work on /opt/airflow/dags/load_ergast_data.py
[2026-06-30T21:59:49.623+0000] {processor.py:830} INFO - Processing file /opt/airflow/dags/load_ergast_data.py for tasks to queue
[2026-06-30T21:59:49.635+0000] {logging_mixin.py:188} INFO - [2026-06-30T21:59:49.631+0000] {dagbag.py:545} INFO - Filling up the DagBag from /opt/airflow/dags/load_ergast_data.py
[2026-06-30T21:59:51.286+0000] {processor.py:840} INFO - DAG(s) 'load_ergast_data' retrieved from /opt/airflow/dags/load_ergast_data.py
[2026-06-30T21:59:51.993+0000] {logging_mixin.py:188} INFO - [2026-06-30T21:59:51.993+0000] {dag.py:3096} INFO - Sync 1 DAGs
[2026-06-30T21:59:52.006+0000] {logging_mixin.py:188} INFO - [2026-06-30T21:59:52.006+0000] {dag.py:3954} INFO - Setting next_dagrun for load_ergast_data to None, run_after=None
[2026-06-30T21:59:52.031+0000] {processor.py:183} INFO - Processing /opt/airflow/dags/load_ergast_data.py took 2.470 seconds
