[2026-08-08T07:15:04.215+0000] {processor.py:161} INFO - Started process (PID=239) to work on /opt/airflow/dags/lap_time_analysis.py
[2026-08-08T07:15:04.252+0000] {processor.py:830} INFO - Processing file /opt/airflow/dags/lap_time_analysis.py for tasks to queue
[2026-08-08T07:15:04.292+0000] {logging_mixin.py:188} INFO - [2026-08-08T07:15:04.285+0000] {dagbag.py:545} INFO - Filling up the DagBag from /opt/airflow/dags/lap_time_analysis.py
[2026-08-08T07:15:05.905+0000] {processor.py:840} INFO - DAG(s) 'lap_time_analysis' retrieved from /opt/airflow/dags/lap_time_analysis.py
[2026-08-08T07:15:06.264+0000] {logging_mixin.py:188} INFO - [2026-08-08T07:15:06.263+0000] {dag.py:3096} INFO - Sync 1 DAGs
[2026-08-08T07:15:06.511+0000] {logging_mixin.py:188} INFO - [2026-08-08T07:15:06.510+0000] {dag.py:3954} INFO - Setting next_dagrun for lap_time_analysis to None, run_after=None
[2026-08-08T07:15:06.638+0000] {processor.py:183} INFO - Processing /opt/airflow/dags/lap_time_analysis.py took 2.520 seconds
[2026-08-08T07:15:39.230+0000] {processor.py:161} INFO - Started process (PID=259) to work on /opt/airflow/dags/lap_time_analysis.py
[2026-08-08T07:15:39.241+0000] {processor.py:830} INFO - Processing file /opt/airflow/dags/lap_time_analysis.py for tasks to queue
[2026-08-08T07:15:39.342+0000] {logging_mixin.py:188} INFO - [2026-08-08T07:15:39.314+0000] {dagbag.py:545} INFO - Filling up the DagBag from /opt/airflow/dags/lap_time_analysis.py
[2026-08-08T07:15:41.439+0000] {processor.py:840} INFO - DAG(s) 'lap_time_analysis' retrieved from /opt/airflow/dags/lap_time_analysis.py
[2026-08-08T07:15:43.483+0000] {logging_mixin.py:188} INFO - [2026-08-08T07:15:43.477+0000] {dag.py:3096} INFO - Sync 1 DAGs
[2026-08-08T07:15:43.573+0000] {logging_mixin.py:188} INFO - [2026-08-08T07:15:43.572+0000] {dag.py:3954} INFO - Setting next_dagrun for lap_time_analysis to None, run_after=None
[2026-08-08T07:15:43.721+0000] {processor.py:183} INFO - Processing /opt/airflow/dags/lap_time_analysis.py took 5.364 seconds
[2026-08-08T07:16:15.455+0000] {processor.py:161} INFO - Started process (PID=280) to work on /opt/airflow/dags/lap_time_analysis.py
[2026-08-08T07:16:15.531+0000] {processor.py:830} INFO - Processing file /opt/airflow/dags/lap_time_analysis.py for tasks to queue
[2026-08-08T07:16:16.014+0000] {logging_mixin.py:188} INFO - [2026-08-08T07:16:15.819+0000] {dagbag.py:545} INFO - Filling up the DagBag from /opt/airflow/dags/lap_time_analysis.py
[2026-08-08T07:16:22.272+0000] {processor.py:840} INFO - DAG(s) 'lap_time_analysis' retrieved from /opt/airflow/dags/lap_time_analysis.py
[2026-08-08T07:16:23.869+0000] {logging_mixin.py:188} INFO - [2026-08-08T07:16:23.869+0000] {dag.py:3096} INFO - Sync 1 DAGs
[2026-08-08T07:16:23.963+0000] {logging_mixin.py:188} INFO - [2026-08-08T07:16:23.963+0000] {dag.py:3954} INFO - Setting next_dagrun for lap_time_analysis to None, run_after=None
[2026-08-08T07:16:24.032+0000] {processor.py:183} INFO - Processing /opt/airflow/dags/lap_time_analysis.py took 8.560 seconds
[2026-08-08T07:16:54.295+0000] {processor.py:161} INFO - Started process (PID=291) to work on /opt/airflow/dags/lap_time_analysis.py
[2026-08-08T07:16:54.297+0000] {processor.py:830} INFO - Processing file /opt/airflow/dags/lap_time_analysis.py for tasks to queue
[2026-08-08T07:16:54.300+0000] {logging_mixin.py:188} INFO - [2026-08-08T07:16:54.299+0000] {dagbag.py:545} INFO - Filling up the DagBag from /opt/airflow/dags/lap_time_analysis.py
[2026-08-08T07:16:54.474+0000] {processor.py:840} INFO - DAG(s) 'lap_time_analysis' retrieved from /opt/airflow/dags/lap_time_analysis.py
[2026-08-08T07:16:54.529+0000] {logging_mixin.py:188} INFO - [2026-08-08T07:16:54.529+0000] {dag.py:3096} INFO - Sync 1 DAGs
[2026-08-08T07:16:54.554+0000] {logging_mixin.py:188} INFO - [2026-08-08T07:16:54.553+0000] {dag.py:3954} INFO - Setting next_dagrun for lap_time_analysis to None, run_after=None
[2026-08-08T07:16:54.587+0000] {processor.py:183} INFO - Processing /opt/airflow/dags/lap_time_analysis.py took 0.300 seconds
[2026-08-08T07:17:25.723+0000] {processor.py:161} INFO - Started process (PID=306) to work on /opt/airflow/dags/lap_time_analysis.py
[2026-08-08T07:17:25.743+0000] {processor.py:830} INFO - Processing file /opt/airflow/dags/lap_time_analysis.py for tasks to queue
[2026-08-08T07:17:25.776+0000] {logging_mixin.py:188} INFO - [2026-08-08T07:17:25.774+0000] {dagbag.py:545} INFO - Filling up the DagBag from /opt/airflow/dags/lap_time_analysis.py
[2026-08-08T07:17:26.449+0000] {processor.py:840} INFO - DAG(s) 'lap_time_analysis' retrieved from /opt/airflow/dags/lap_time_analysis.py
[2026-08-08T07:17:26.661+0000] {logging_mixin.py:188} INFO - [2026-08-08T07:17:26.660+0000] {dag.py:3096} INFO - Sync 1 DAGs
[2026-08-08T07:17:26.797+0000] {logging_mixin.py:188} INFO - [2026-08-08T07:17:26.796+0000] {dag.py:3954} INFO - Setting next_dagrun for lap_time_analysis to None, run_after=None
[2026-08-08T07:17:26.891+0000] {processor.py:183} INFO - Processing /opt/airflow/dags/lap_time_analysis.py took 1.254 seconds
[2026-08-08T07:17:57.660+0000] {processor.py:161} INFO - Started process (PID=317) to work on /opt/airflow/dags/lap_time_analysis.py
[2026-08-08T07:17:57.670+0000] {processor.py:830} INFO - Processing file /opt/airflow/dags/lap_time_analysis.py for tasks to queue
[2026-08-08T07:17:57.744+0000] {logging_mixin.py:188} INFO - [2026-08-08T07:17:57.743+0000] {dagbag.py:545} INFO - Filling up the DagBag from /opt/airflow/dags/lap_time_analysis.py
[2026-08-08T07:17:58.512+0000] {processor.py:840} INFO - DAG(s) 'lap_time_analysis' retrieved from /opt/airflow/dags/lap_time_analysis.py
[2026-08-08T07:17:58.586+0000] {logging_mixin.py:188} INFO - [2026-08-08T07:17:58.585+0000] {dag.py:3096} INFO - Sync 1 DAGs
[2026-08-08T07:17:58.620+0000] {logging_mixin.py:188} INFO - [2026-08-08T07:17:58.620+0000] {dag.py:3954} INFO - Setting next_dagrun for lap_time_analysis to None, run_after=None
[2026-08-08T07:17:58.666+0000] {processor.py:183} INFO - Processing /opt/airflow/dags/lap_time_analysis.py took 1.063 seconds
[2026-08-08T07:18:28.740+0000] {processor.py:161} INFO - Started process (PID=328) to work on /opt/airflow/dags/lap_time_analysis.py
[2026-08-08T07:18:28.742+0000] {processor.py:830} INFO - Processing file /opt/airflow/dags/lap_time_analysis.py for tasks to queue
[2026-08-08T07:18:28.744+0000] {logging_mixin.py:188} INFO - [2026-08-08T07:18:28.744+0000] {dagbag.py:545} INFO - Filling up the DagBag from /opt/airflow/dags/lap_time_analysis.py
[2026-08-08T07:18:28.986+0000] {processor.py:840} INFO - DAG(s) 'lap_time_analysis' retrieved from /opt/airflow/dags/lap_time_analysis.py
[2026-08-08T07:18:29.025+0000] {logging_mixin.py:188} INFO - [2026-08-08T07:18:29.025+0000] {dag.py:3096} INFO - Sync 1 DAGs
[2026-08-08T07:18:29.039+0000] {logging_mixin.py:188} INFO - [2026-08-08T07:18:29.038+0000] {dag.py:3954} INFO - Setting next_dagrun for lap_time_analysis to None, run_after=None
[2026-08-08T07:18:29.064+0000] {processor.py:183} INFO - Processing /opt/airflow/dags/lap_time_analysis.py took 0.330 seconds
[2026-08-08T07:18:59.368+0000] {processor.py:161} INFO - Started process (PID=339) to work on /opt/airflow/dags/lap_time_analysis.py
[2026-08-08T07:18:59.370+0000] {processor.py:830} INFO - Processing file /opt/airflow/dags/lap_time_analysis.py for tasks to queue
[2026-08-08T07:18:59.373+0000] {logging_mixin.py:188} INFO - [2026-08-08T07:18:59.373+0000] {dagbag.py:545} INFO - Filling up the DagBag from /opt/airflow/dags/lap_time_analysis.py
[2026-08-08T07:18:59.865+0000] {processor.py:840} INFO - DAG(s) 'lap_time_analysis' retrieved from /opt/airflow/dags/lap_time_analysis.py
[2026-08-08T07:18:59.924+0000] {logging_mixin.py:188} INFO - [2026-08-08T07:18:59.923+0000] {dag.py:3096} INFO - Sync 1 DAGs
[2026-08-08T07:18:59.944+0000] {logging_mixin.py:188} INFO - [2026-08-08T07:18:59.944+0000] {dag.py:3954} INFO - Setting next_dagrun for lap_time_analysis to None, run_after=None
[2026-08-08T07:18:59.973+0000] {processor.py:183} INFO - Processing /opt/airflow/dags/lap_time_analysis.py took 0.612 seconds
[2026-08-08T07:19:31.126+0000] {processor.py:161} INFO - Started process (PID=350) to work on /opt/airflow/dags/lap_time_analysis.py
[2026-08-08T07:19:31.151+0000] {processor.py:830} INFO - Processing file /opt/airflow/dags/lap_time_analysis.py for tasks to queue
[2026-08-08T07:19:31.231+0000] {logging_mixin.py:188} INFO - [2026-08-08T07:19:31.221+0000] {dagbag.py:545} INFO - Filling up the DagBag from /opt/airflow/dags/lap_time_analysis.py
[2026-08-08T07:19:33.890+0000] {processor.py:840} INFO - DAG(s) 'lap_time_analysis' retrieved from /opt/airflow/dags/lap_time_analysis.py
[2026-08-08T07:19:34.136+0000] {logging_mixin.py:188} INFO - [2026-08-08T07:19:34.136+0000] {dag.py:3096} INFO - Sync 1 DAGs
[2026-08-08T07:19:34.350+0000] {logging_mixin.py:188} INFO - [2026-08-08T07:19:34.350+0000] {dag.py:3954} INFO - Setting next_dagrun for lap_time_analysis to None, run_after=None
[2026-08-08T07:19:34.462+0000] {processor.py:183} INFO - Processing /opt/airflow/dags/lap_time_analysis.py took 3.475 seconds
[2026-08-08T07:20:07.446+0000] {processor.py:161} INFO - Started process (PID=364) to work on /opt/airflow/dags/lap_time_analysis.py
[2026-08-08T07:20:07.454+0000] {processor.py:830} INFO - Processing file /opt/airflow/dags/lap_time_analysis.py for tasks to queue
[2026-08-08T07:20:07.458+0000] {logging_mixin.py:188} INFO - [2026-08-08T07:20:07.457+0000] {dagbag.py:545} INFO - Filling up the DagBag from /opt/airflow/dags/lap_time_analysis.py
[2026-08-08T07:20:23.716+0000] {processor.py:840} INFO - DAG(s) 'lap_time_analysis' retrieved from /opt/airflow/dags/lap_time_analysis.py
[2026-08-08T07:20:24.140+0000] {logging_mixin.py:188} INFO - [2026-08-08T07:20:24.138+0000] {dag.py:3096} INFO - Sync 1 DAGs
[2026-08-08T07:20:24.326+0000] {logging_mixin.py:188} INFO - [2026-08-08T07:20:24.326+0000] {dag.py:3954} INFO - Setting next_dagrun for lap_time_analysis to None, run_after=None
[2026-08-08T07:20:24.494+0000] {processor.py:183} INFO - Processing /opt/airflow/dags/lap_time_analysis.py took 17.193 seconds
[2026-08-08T07:20:55.177+0000] {processor.py:161} INFO - Started process (PID=375) to work on /opt/airflow/dags/lap_time_analysis.py
[2026-08-08T07:20:55.198+0000] {processor.py:830} INFO - Processing file /opt/airflow/dags/lap_time_analysis.py for tasks to queue
[2026-08-08T07:20:55.248+0000] {logging_mixin.py:188} INFO - [2026-08-08T07:20:55.239+0000] {dagbag.py:545} INFO - Filling up the DagBag from /opt/airflow/dags/lap_time_analysis.py
[2026-08-08T07:20:56.512+0000] {processor.py:840} INFO - DAG(s) 'lap_time_analysis' retrieved from /opt/airflow/dags/lap_time_analysis.py
[2026-08-08T07:20:57.272+0000] {logging_mixin.py:188} INFO - [2026-08-08T07:20:57.271+0000] {dag.py:3096} INFO - Sync 1 DAGs
[2026-08-08T07:20:57.427+0000] {logging_mixin.py:188} INFO - [2026-08-08T07:20:57.427+0000] {dag.py:3954} INFO - Setting next_dagrun for lap_time_analysis to None, run_after=None
[2026-08-08T07:20:57.611+0000] {processor.py:183} INFO - Processing /opt/airflow/dags/lap_time_analysis.py took 2.595 seconds
[2026-08-08T07:21:28.215+0000] {processor.py:161} INFO - Started process (PID=386) to work on /opt/airflow/dags/lap_time_analysis.py
[2026-08-08T07:21:28.241+0000] {processor.py:830} INFO - Processing file /opt/airflow/dags/lap_time_analysis.py for tasks to queue
[2026-08-08T07:21:28.281+0000] {logging_mixin.py:188} INFO - [2026-08-08T07:21:28.276+0000] {dagbag.py:545} INFO - Filling up the DagBag from /opt/airflow/dags/lap_time_analysis.py
[2026-08-08T07:21:29.795+0000] {processor.py:840} INFO - DAG(s) 'lap_time_analysis' retrieved from /opt/airflow/dags/lap_time_analysis.py
[2026-08-08T07:21:30.105+0000] {logging_mixin.py:188} INFO - [2026-08-08T07:21:30.104+0000] {dag.py:3096} INFO - Sync 1 DAGs
[2026-08-08T07:21:30.315+0000] {logging_mixin.py:188} INFO - [2026-08-08T07:21:30.314+0000] {dag.py:3954} INFO - Setting next_dagrun for lap_time_analysis to None, run_after=None
[2026-08-08T07:21:30.668+0000] {processor.py:183} INFO - Processing /opt/airflow/dags/lap_time_analysis.py took 2.555 seconds
[2026-08-08T07:22:02.563+0000] {processor.py:161} INFO - Started process (PID=397) to work on /opt/airflow/dags/lap_time_analysis.py
[2026-08-08T07:22:02.636+0000] {processor.py:830} INFO - Processing file /opt/airflow/dags/lap_time_analysis.py for tasks to queue
[2026-08-08T07:22:03.103+0000] {logging_mixin.py:188} INFO - [2026-08-08T07:22:03.055+0000] {dagbag.py:545} INFO - Filling up the DagBag from /opt/airflow/dags/lap_time_analysis.py
[2026-08-08T07:22:05.291+0000] {processor.py:840} INFO - DAG(s) 'lap_time_analysis' retrieved from /opt/airflow/dags/lap_time_analysis.py
[2026-08-08T07:22:06.395+0000] {logging_mixin.py:188} INFO - [2026-08-08T07:22:06.394+0000] {dag.py:3096} INFO - Sync 1 DAGs
[2026-08-08T07:22:06.604+0000] {logging_mixin.py:188} INFO - [2026-08-08T07:22:06.603+0000] {dag.py:3954} INFO - Setting next_dagrun for lap_time_analysis to None, run_after=None
[2026-08-08T07:22:07.002+0000] {processor.py:183} INFO - Processing /opt/airflow/dags/lap_time_analysis.py took 4.667 seconds
[2026-08-08T07:22:37.387+0000] {processor.py:161} INFO - Started process (PID=408) to work on /opt/airflow/dags/lap_time_analysis.py
[2026-08-08T07:22:37.403+0000] {processor.py:830} INFO - Processing file /opt/airflow/dags/lap_time_analysis.py for tasks to queue
[2026-08-08T07:22:37.426+0000] {logging_mixin.py:188} INFO - [2026-08-08T07:22:37.424+0000] {dagbag.py:545} INFO - Filling up the DagBag from /opt/airflow/dags/lap_time_analysis.py
[2026-08-08T07:22:37.781+0000] {processor.py:840} INFO - DAG(s) 'lap_time_analysis' retrieved from /opt/airflow/dags/lap_time_analysis.py
[2026-08-08T07:22:37.823+0000] {logging_mixin.py:188} INFO - [2026-08-08T07:22:37.823+0000] {dag.py:3096} INFO - Sync 1 DAGs
[2026-08-08T07:22:37.841+0000] {logging_mixin.py:188} INFO - [2026-08-08T07:22:37.840+0000] {dag.py:3954} INFO - Setting next_dagrun for lap_time_analysis to None, run_after=None
[2026-08-08T07:22:37.864+0000] {processor.py:183} INFO - Processing /opt/airflow/dags/lap_time_analysis.py took 0.522 seconds
[2026-08-08T07:23:08.052+0000] {processor.py:161} INFO - Started process (PID=419) to work on /opt/airflow/dags/lap_time_analysis.py
[2026-08-08T07:23:08.055+0000] {processor.py:830} INFO - Processing file /opt/airflow/dags/lap_time_analysis.py for tasks to queue
[2026-08-08T07:23:08.066+0000] {logging_mixin.py:188} INFO - [2026-08-08T07:23:08.064+0000] {dagbag.py:545} INFO - Filling up the DagBag from /opt/airflow/dags/lap_time_analysis.py
[2026-08-08T07:23:08.737+0000] {processor.py:840} INFO - DAG(s) 'lap_time_analysis' retrieved from /opt/airflow/dags/lap_time_analysis.py
[2026-08-08T07:23:08.899+0000] {logging_mixin.py:188} INFO - [2026-08-08T07:23:08.899+0000] {dag.py:3096} INFO - Sync 1 DAGs
[2026-08-08T07:23:08.964+0000] {logging_mixin.py:188} INFO - [2026-08-08T07:23:08.964+0000] {dag.py:3954} INFO - Setting next_dagrun for lap_time_analysis to None, run_after=None
[2026-08-08T07:23:09.033+0000] {processor.py:183} INFO - Processing /opt/airflow/dags/lap_time_analysis.py took 0.994 seconds
[2026-08-08T07:23:39.466+0000] {processor.py:161} INFO - Started process (PID=430) to work on /opt/airflow/dags/lap_time_analysis.py
[2026-08-08T07:23:39.472+0000] {processor.py:830} INFO - Processing file /opt/airflow/dags/lap_time_analysis.py for tasks to queue
[2026-08-08T07:23:39.487+0000] {logging_mixin.py:188} INFO - [2026-08-08T07:23:39.485+0000] {dagbag.py:545} INFO - Filling up the DagBag from /opt/airflow/dags/lap_time_analysis.py
[2026-08-08T07:23:39.766+0000] {processor.py:840} INFO - DAG(s) 'lap_time_analysis' retrieved from /opt/airflow/dags/lap_time_analysis.py
[2026-08-08T07:23:39.823+0000] {logging_mixin.py:188} INFO - [2026-08-08T07:23:39.823+0000] {dag.py:3096} INFO - Sync 1 DAGs
[2026-08-08T07:23:39.854+0000] {logging_mixin.py:188} INFO - [2026-08-08T07:23:39.854+0000] {dag.py:3954} INFO - Setting next_dagrun for lap_time_analysis to None, run_after=None
[2026-08-08T07:23:39.879+0000] {processor.py:183} INFO - Processing /opt/airflow/dags/lap_time_analysis.py took 0.447 seconds
[2026-08-08T07:24:09.985+0000] {processor.py:161} INFO - Started process (PID=441) to work on /opt/airflow/dags/lap_time_analysis.py
[2026-08-08T07:24:09.987+0000] {processor.py:830} INFO - Processing file /opt/airflow/dags/lap_time_analysis.py for tasks to queue
[2026-08-08T07:24:09.989+0000] {logging_mixin.py:188} INFO - [2026-08-08T07:24:09.989+0000] {dagbag.py:545} INFO - Filling up the DagBag from /opt/airflow/dags/lap_time_analysis.py
[2026-08-08T07:24:10.143+0000] {processor.py:840} INFO - DAG(s) 'lap_time_analysis' retrieved from /opt/airflow/dags/lap_time_analysis.py
[2026-08-08T07:24:10.172+0000] {logging_mixin.py:188} INFO - [2026-08-08T07:24:10.172+0000] {dag.py:3096} INFO - Sync 1 DAGs
[2026-08-08T07:24:10.185+0000] {logging_mixin.py:188} INFO - [2026-08-08T07:24:10.185+0000] {dag.py:3954} INFO - Setting next_dagrun for lap_time_analysis to None, run_after=None
[2026-08-08T07:24:10.208+0000] {processor.py:183} INFO - Processing /opt/airflow/dags/lap_time_analysis.py took 0.229 seconds
[2026-08-08T07:24:40.654+0000] {processor.py:161} INFO - Started process (PID=452) to work on /opt/airflow/dags/lap_time_analysis.py
[2026-08-08T07:24:40.659+0000] {processor.py:830} INFO - Processing file /opt/airflow/dags/lap_time_analysis.py for tasks to queue
[2026-08-08T07:24:40.696+0000] {logging_mixin.py:188} INFO - [2026-08-08T07:24:40.692+0000] {dagbag.py:545} INFO - Filling up the DagBag from /opt/airflow/dags/lap_time_analysis.py
[2026-08-08T07:24:41.257+0000] {processor.py:840} INFO - DAG(s) 'lap_time_analysis' retrieved from /opt/airflow/dags/lap_time_analysis.py
[2026-08-08T07:24:41.335+0000] {logging_mixin.py:188} INFO - [2026-08-08T07:24:41.334+0000] {dag.py:3096} INFO - Sync 1 DAGs
[2026-08-08T07:24:41.365+0000] {logging_mixin.py:188} INFO - [2026-08-08T07:24:41.365+0000] {dag.py:3954} INFO - Setting next_dagrun for lap_time_analysis to None, run_after=None
[2026-08-08T07:24:41.403+0000] {processor.py:183} INFO - Processing /opt/airflow/dags/lap_time_analysis.py took 0.772 seconds
[2026-08-08T07:25:14.498+0000] {processor.py:161} INFO - Started process (PID=461) to work on /opt/airflow/dags/lap_time_analysis.py
[2026-08-08T07:25:14.606+0000] {processor.py:830} INFO - Processing file /opt/airflow/dags/lap_time_analysis.py for tasks to queue
[2026-08-08T07:25:14.784+0000] {logging_mixin.py:188} INFO - [2026-08-08T07:25:14.784+0000] {dagbag.py:545} INFO - Filling up the DagBag from /opt/airflow/dags/lap_time_analysis.py
[2026-08-08T07:25:18.586+0000] {processor.py:840} INFO - DAG(s) 'lap_time_analysis' retrieved from /opt/airflow/dags/lap_time_analysis.py
[2026-08-08T07:25:18.618+0000] {logging_mixin.py:188} INFO - [2026-08-08T07:25:18.618+0000] {dag.py:3096} INFO - Sync 1 DAGs
[2026-08-08T07:25:18.632+0000] {logging_mixin.py:188} INFO - [2026-08-08T07:25:18.632+0000] {dag.py:3954} INFO - Setting next_dagrun for lap_time_analysis to None, run_after=None
[2026-08-08T07:25:18.657+0000] {processor.py:183} INFO - Processing /opt/airflow/dags/lap_time_analysis.py took 4.959 seconds
[2026-08-08T07:25:49.436+0000] {processor.py:161} INFO - Started process (PID=474) to work on /opt/airflow/dags/lap_time_analysis.py
[2026-08-08T07:25:49.438+0000] {processor.py:830} INFO - Processing file /opt/airflow/dags/lap_time_analysis.py for tasks to queue
[2026-08-08T07:25:49.442+0000] {logging_mixin.py:188} INFO - [2026-08-08T07:25:49.442+0000] {dagbag.py:545} INFO - Filling up the DagBag from /opt/airflow/dags/lap_time_analysis.py
[2026-08-08T07:25:49.724+0000] {processor.py:840} INFO - DAG(s) 'lap_time_analysis' retrieved from /opt/airflow/dags/lap_time_analysis.py
[2026-08-08T07:25:49.764+0000] {logging_mixin.py:188} INFO - [2026-08-08T07:25:49.764+0000] {dag.py:3096} INFO - Sync 1 DAGs
[2026-08-08T07:25:49.777+0000] {logging_mixin.py:188} INFO - [2026-08-08T07:25:49.777+0000] {dag.py:3954} INFO - Setting next_dagrun for lap_time_analysis to None, run_after=None
[2026-08-08T07:25:49.803+0000] {processor.py:183} INFO - Processing /opt/airflow/dags/lap_time_analysis.py took 0.331 seconds
[2026-08-08T07:26:20.159+0000] {processor.py:161} INFO - Started process (PID=485) to work on /opt/airflow/dags/lap_time_analysis.py
[2026-08-08T07:26:20.161+0000] {processor.py:830} INFO - Processing file /opt/airflow/dags/lap_time_analysis.py for tasks to queue
[2026-08-08T07:26:20.167+0000] {logging_mixin.py:188} INFO - [2026-08-08T07:26:20.166+0000] {dagbag.py:545} INFO - Filling up the DagBag from /opt/airflow/dags/lap_time_analysis.py
[2026-08-08T07:26:20.305+0000] {processor.py:840} INFO - DAG(s) 'lap_time_analysis' retrieved from /opt/airflow/dags/lap_time_analysis.py
[2026-08-08T07:26:20.339+0000] {logging_mixin.py:188} INFO - [2026-08-08T07:26:20.338+0000] {dag.py:3096} INFO - Sync 1 DAGs
[2026-08-08T07:26:20.355+0000] {logging_mixin.py:188} INFO - [2026-08-08T07:26:20.355+0000] {dag.py:3954} INFO - Setting next_dagrun for lap_time_analysis to None, run_after=None
[2026-08-08T07:26:20.378+0000] {processor.py:183} INFO - Processing /opt/airflow/dags/lap_time_analysis.py took 0.229 seconds
[2026-08-08T07:26:50.631+0000] {processor.py:161} INFO - Started process (PID=494) to work on /opt/airflow/dags/lap_time_analysis.py
[2026-08-08T07:26:50.640+0000] {processor.py:830} INFO - Processing file /opt/airflow/dags/lap_time_analysis.py for tasks to queue
[2026-08-08T07:26:50.666+0000] {logging_mixin.py:188} INFO - [2026-08-08T07:26:50.663+0000] {dagbag.py:545} INFO - Filling up the DagBag from /opt/airflow/dags/lap_time_analysis.py
[2026-08-08T07:26:51.487+0000] {processor.py:840} INFO - DAG(s) 'lap_time_analysis' retrieved from /opt/airflow/dags/lap_time_analysis.py
[2026-08-08T07:26:51.627+0000] {logging_mixin.py:188} INFO - [2026-08-08T07:26:51.626+0000] {dag.py:3096} INFO - Sync 1 DAGs
[2026-08-08T07:26:51.937+0000] {logging_mixin.py:188} INFO - [2026-08-08T07:26:51.937+0000] {dag.py:3954} INFO - Setting next_dagrun for lap_time_analysis to None, run_after=None
[2026-08-08T07:26:52.055+0000] {processor.py:183} INFO - Processing /opt/airflow/dags/lap_time_analysis.py took 1.527 seconds
[2026-08-08T07:27:22.583+0000] {processor.py:161} INFO - Started process (PID=501) to work on /opt/airflow/dags/lap_time_analysis.py
[2026-08-08T07:27:22.589+0000] {processor.py:830} INFO - Processing file /opt/airflow/dags/lap_time_analysis.py for tasks to queue
[2026-08-08T07:27:22.615+0000] {logging_mixin.py:188} INFO - [2026-08-08T07:27:22.612+0000] {dagbag.py:545} INFO - Filling up the DagBag from /opt/airflow/dags/lap_time_analysis.py
[2026-08-08T07:27:23.882+0000] {processor.py:840} INFO - DAG(s) 'lap_time_analysis' retrieved from /opt/airflow/dags/lap_time_analysis.py
[2026-08-08T07:27:24.463+0000] {logging_mixin.py:188} INFO - [2026-08-08T07:27:24.462+0000] {dag.py:3096} INFO - Sync 1 DAGs
[2026-08-08T07:27:24.661+0000] {logging_mixin.py:188} INFO - [2026-08-08T07:27:24.660+0000] {dag.py:3954} INFO - Setting next_dagrun for lap_time_analysis to None, run_after=None
[2026-08-08T07:27:24.802+0000] {processor.py:183} INFO - Processing /opt/airflow/dags/lap_time_analysis.py took 2.293 seconds
[2026-08-08T07:27:55.348+0000] {processor.py:161} INFO - Started process (PID=512) to work on /opt/airflow/dags/lap_time_analysis.py
[2026-08-08T07:27:55.354+0000] {processor.py:830} INFO - Processing file /opt/airflow/dags/lap_time_analysis.py for tasks to queue
[2026-08-08T07:27:55.367+0000] {logging_mixin.py:188} INFO - [2026-08-08T07:27:55.365+0000] {dagbag.py:545} INFO - Filling up the DagBag from /opt/airflow/dags/lap_time_analysis.py
[2026-08-08T07:27:55.575+0000] {processor.py:840} INFO - DAG(s) 'lap_time_analysis' retrieved from /opt/airflow/dags/lap_time_analysis.py
[2026-08-08T07:27:55.620+0000] {logging_mixin.py:188} INFO - [2026-08-08T07:27:55.620+0000] {dag.py:3096} INFO - Sync 1 DAGs
[2026-08-08T07:27:55.642+0000] {logging_mixin.py:188} INFO - [2026-08-08T07:27:55.642+0000] {dag.py:3954} INFO - Setting next_dagrun for lap_time_analysis to None, run_after=None
[2026-08-08T07:27:55.666+0000] {processor.py:183} INFO - Processing /opt/airflow/dags/lap_time_analysis.py took 0.357 seconds
[2026-08-08T07:28:25.969+0000] {processor.py:161} INFO - Started process (PID=523) to work on /opt/airflow/dags/lap_time_analysis.py
[2026-08-08T07:28:25.971+0000] {processor.py:830} INFO - Processing file /opt/airflow/dags/lap_time_analysis.py for tasks to queue
[2026-08-08T07:28:25.974+0000] {logging_mixin.py:188} INFO - [2026-08-08T07:28:25.974+0000] {dagbag.py:545} INFO - Filling up the DagBag from /opt/airflow/dags/lap_time_analysis.py
[2026-08-08T07:28:26.093+0000] {processor.py:840} INFO - DAG(s) 'lap_time_analysis' retrieved from /opt/airflow/dags/lap_time_analysis.py
[2026-08-08T07:28:26.123+0000] {logging_mixin.py:188} INFO - [2026-08-08T07:28:26.122+0000] {dag.py:3096} INFO - Sync 1 DAGs
[2026-08-08T07:28:26.140+0000] {logging_mixin.py:188} INFO - [2026-08-08T07:28:26.140+0000] {dag.py:3954} INFO - Setting next_dagrun for lap_time_analysis to None, run_after=None
[2026-08-08T07:28:26.167+0000] {processor.py:183} INFO - Processing /opt/airflow/dags/lap_time_analysis.py took 0.204 seconds
[2026-08-08T07:28:56.492+0000] {processor.py:161} INFO - Started process (PID=534) to work on /opt/airflow/dags/lap_time_analysis.py
[2026-08-08T07:28:56.496+0000] {processor.py:830} INFO - Processing file /opt/airflow/dags/lap_time_analysis.py for tasks to queue
[2026-08-08T07:28:56.504+0000] {logging_mixin.py:188} INFO - [2026-08-08T07:28:56.503+0000] {dagbag.py:545} INFO - Filling up the DagBag from /opt/airflow/dags/lap_time_analysis.py
[2026-08-08T07:28:56.690+0000] {processor.py:840} INFO - DAG(s) 'lap_time_analysis' retrieved from /opt/airflow/dags/lap_time_analysis.py
[2026-08-08T07:28:56.730+0000] {logging_mixin.py:188} INFO - [2026-08-08T07:28:56.730+0000] {dag.py:3096} INFO - Sync 1 DAGs
[2026-08-08T07:28:56.755+0000] {logging_mixin.py:188} INFO - [2026-08-08T07:28:56.755+0000] {dag.py:3954} INFO - Setting next_dagrun for lap_time_analysis to None, run_after=None
[2026-08-08T07:28:56.787+0000] {processor.py:183} INFO - Processing /opt/airflow/dags/lap_time_analysis.py took 0.306 seconds
[2026-08-08T07:29:27.077+0000] {processor.py:161} INFO - Started process (PID=545) to work on /opt/airflow/dags/lap_time_analysis.py
[2026-08-08T07:29:27.079+0000] {processor.py:830} INFO - Processing file /opt/airflow/dags/lap_time_analysis.py for tasks to queue
[2026-08-08T07:29:27.082+0000] {logging_mixin.py:188} INFO - [2026-08-08T07:29:27.082+0000] {dagbag.py:545} INFO - Filling up the DagBag from /opt/airflow/dags/lap_time_analysis.py
[2026-08-08T07:29:27.241+0000] {processor.py:840} INFO - DAG(s) 'lap_time_analysis' retrieved from /opt/airflow/dags/lap_time_analysis.py
[2026-08-08T07:29:27.270+0000] {logging_mixin.py:188} INFO - [2026-08-08T07:29:27.270+0000] {dag.py:3096} INFO - Sync 1 DAGs
[2026-08-08T07:29:27.291+0000] {logging_mixin.py:188} INFO - [2026-08-08T07:29:27.291+0000] {dag.py:3954} INFO - Setting next_dagrun for lap_time_analysis to None, run_after=None
[2026-08-08T07:29:27.322+0000] {processor.py:183} INFO - Processing /opt/airflow/dags/lap_time_analysis.py took 0.252 seconds
[2026-08-08T07:29:57.669+0000] {processor.py:161} INFO - Started process (PID=556) to work on /opt/airflow/dags/lap_time_analysis.py
[2026-08-08T07:29:57.672+0000] {processor.py:830} INFO - Processing file /opt/airflow/dags/lap_time_analysis.py for tasks to queue
[2026-08-08T07:29:57.680+0000] {logging_mixin.py:188} INFO - [2026-08-08T07:29:57.679+0000] {dagbag.py:545} INFO - Filling up the DagBag from /opt/airflow/dags/lap_time_analysis.py
[2026-08-08T07:29:57.940+0000] {processor.py:840} INFO - DAG(s) 'lap_time_analysis' retrieved from /opt/airflow/dags/lap_time_analysis.py
[2026-08-08T07:29:57.991+0000] {logging_mixin.py:188} INFO - [2026-08-08T07:29:57.991+0000] {dag.py:3096} INFO - Sync 1 DAGs
[2026-08-08T07:29:58.017+0000] {logging_mixin.py:188} INFO - [2026-08-08T07:29:58.016+0000] {dag.py:3954} INFO - Setting next_dagrun for lap_time_analysis to None, run_after=None
[2026-08-08T07:29:58.047+0000] {processor.py:183} INFO - Processing /opt/airflow/dags/lap_time_analysis.py took 0.388 seconds
[2026-08-08T07:30:28.599+0000] {processor.py:161} INFO - Started process (PID=567) to work on /opt/airflow/dags/lap_time_analysis.py
[2026-08-08T07:30:28.602+0000] {processor.py:830} INFO - Processing file /opt/airflow/dags/lap_time_analysis.py for tasks to queue
[2026-08-08T07:30:28.633+0000] {logging_mixin.py:188} INFO - [2026-08-08T07:30:28.630+0000] {dagbag.py:545} INFO - Filling up the DagBag from /opt/airflow/dags/lap_time_analysis.py
[2026-08-08T07:30:29.488+0000] {processor.py:840} INFO - DAG(s) 'lap_time_analysis' retrieved from /opt/airflow/dags/lap_time_analysis.py
[2026-08-08T07:30:29.737+0000] {logging_mixin.py:188} INFO - [2026-08-08T07:30:29.736+0000] {dag.py:3096} INFO - Sync 1 DAGs
[2026-08-08T07:30:29.880+0000] {logging_mixin.py:188} INFO - [2026-08-08T07:30:29.879+0000] {dag.py:3954} INFO - Setting next_dagrun for lap_time_analysis to None, run_after=None
[2026-08-08T07:30:29.986+0000] {processor.py:183} INFO - Processing /opt/airflow/dags/lap_time_analysis.py took 1.423 seconds
[2026-08-08T07:31:00.231+0000] {processor.py:161} INFO - Started process (PID=578) to work on /opt/airflow/dags/lap_time_analysis.py
[2026-08-08T07:31:00.238+0000] {processor.py:830} INFO - Processing file /opt/airflow/dags/lap_time_analysis.py for tasks to queue
[2026-08-08T07:31:00.275+0000] {logging_mixin.py:188} INFO - [2026-08-08T07:31:00.270+0000] {dagbag.py:545} INFO - Filling up the DagBag from /opt/airflow/dags/lap_time_analysis.py
[2026-08-08T07:31:01.190+0000] {processor.py:840} INFO - DAG(s) 'lap_time_analysis' retrieved from /opt/airflow/dags/lap_time_analysis.py
[2026-08-08T07:31:01.398+0000] {logging_mixin.py:188} INFO - [2026-08-08T07:31:01.397+0000] {dag.py:3096} INFO - Sync 1 DAGs
[2026-08-08T07:31:01.487+0000] {logging_mixin.py:188} INFO - [2026-08-08T07:31:01.487+0000] {dag.py:3954} INFO - Setting next_dagrun for lap_time_analysis to None, run_after=None
[2026-08-08T07:31:01.571+0000] {processor.py:183} INFO - Processing /opt/airflow/dags/lap_time_analysis.py took 1.393 seconds
[2026-08-08T07:31:32.069+0000] {processor.py:161} INFO - Started process (PID=589) to work on /opt/airflow/dags/lap_time_analysis.py
[2026-08-08T07:31:32.071+0000] {processor.py:830} INFO - Processing file /opt/airflow/dags/lap_time_analysis.py for tasks to queue
[2026-08-08T07:31:32.074+0000] {logging_mixin.py:188} INFO - [2026-08-08T07:31:32.074+0000] {dagbag.py:545} INFO - Filling up the DagBag from /opt/airflow/dags/lap_time_analysis.py
[2026-08-08T07:31:32.590+0000] {processor.py:840} INFO - DAG(s) 'lap_time_analysis' retrieved from /opt/airflow/dags/lap_time_analysis.py
[2026-08-08T07:31:32.619+0000] {logging_mixin.py:188} INFO - [2026-08-08T07:31:32.618+0000] {dag.py:3096} INFO - Sync 1 DAGs
[2026-08-08T07:31:32.639+0000] {logging_mixin.py:188} INFO - [2026-08-08T07:31:32.638+0000] {dag.py:3954} INFO - Setting next_dagrun for lap_time_analysis to None, run_after=None
[2026-08-08T07:31:32.700+0000] {processor.py:183} INFO - Processing /opt/airflow/dags/lap_time_analysis.py took 0.678 seconds
[2026-08-08T07:32:03.026+0000] {processor.py:161} INFO - Started process (PID=600) to work on /opt/airflow/dags/lap_time_analysis.py
[2026-08-08T07:32:03.027+0000] {processor.py:830} INFO - Processing file /opt/airflow/dags/lap_time_analysis.py for tasks to queue
[2026-08-08T07:32:03.031+0000] {logging_mixin.py:188} INFO - [2026-08-08T07:32:03.030+0000] {dagbag.py:545} INFO - Filling up the DagBag from /opt/airflow/dags/lap_time_analysis.py
[2026-08-08T07:32:03.189+0000] {processor.py:840} INFO - DAG(s) 'lap_time_analysis' retrieved from /opt/airflow/dags/lap_time_analysis.py
[2026-08-08T07:32:03.223+0000] {logging_mixin.py:188} INFO - [2026-08-08T07:32:03.223+0000] {dag.py:3096} INFO - Sync 1 DAGs
[2026-08-08T07:32:03.244+0000] {logging_mixin.py:188} INFO - [2026-08-08T07:32:03.244+0000] {dag.py:3954} INFO - Setting next_dagrun for lap_time_analysis to None, run_after=None
[2026-08-08T07:32:03.269+0000] {processor.py:183} INFO - Processing /opt/airflow/dags/lap_time_analysis.py took 0.250 seconds
[2026-08-08T07:32:33.478+0000] {processor.py:161} INFO - Started process (PID=611) to work on /opt/airflow/dags/lap_time_analysis.py
[2026-08-08T07:32:33.480+0000] {processor.py:830} INFO - Processing file /opt/airflow/dags/lap_time_analysis.py for tasks to queue
[2026-08-08T07:32:33.484+0000] {logging_mixin.py:188} INFO - [2026-08-08T07:32:33.484+0000] {dagbag.py:545} INFO - Filling up the DagBag from /opt/airflow/dags/lap_time_analysis.py
[2026-08-08T07:32:33.643+0000] {processor.py:840} INFO - DAG(s) 'lap_time_analysis' retrieved from /opt/airflow/dags/lap_time_analysis.py
[2026-08-08T07:32:33.693+0000] {logging_mixin.py:188} INFO - [2026-08-08T07:32:33.692+0000] {dag.py:3096} INFO - Sync 1 DAGs
[2026-08-08T07:32:33.721+0000] {logging_mixin.py:188} INFO - [2026-08-08T07:32:33.721+0000] {dag.py:3954} INFO - Setting next_dagrun for lap_time_analysis to None, run_after=None
[2026-08-08T07:32:33.769+0000] {processor.py:183} INFO - Processing /opt/airflow/dags/lap_time_analysis.py took 0.300 seconds
[2026-08-08T07:33:04.024+0000] {processor.py:161} INFO - Started process (PID=622) to work on /opt/airflow/dags/lap_time_analysis.py
[2026-08-08T07:33:04.027+0000] {processor.py:830} INFO - Processing file /opt/airflow/dags/lap_time_analysis.py for tasks to queue
[2026-08-08T07:33:04.034+0000] {logging_mixin.py:188} INFO - [2026-08-08T07:33:04.033+0000] {dagbag.py:545} INFO - Filling up the DagBag from /opt/airflow/dags/lap_time_analysis.py
[2026-08-08T07:33:04.249+0000] {processor.py:840} INFO - DAG(s) 'lap_time_analysis' retrieved from /opt/airflow/dags/lap_time_analysis.py
[2026-08-08T07:33:04.290+0000] {logging_mixin.py:188} INFO - [2026-08-08T07:33:04.290+0000] {dag.py:3096} INFO - Sync 1 DAGs
[2026-08-08T07:33:04.309+0000] {logging_mixin.py:188} INFO - [2026-08-08T07:33:04.309+0000] {dag.py:3954} INFO - Setting next_dagrun for lap_time_analysis to None, run_after=None
[2026-08-08T07:33:04.333+0000] {processor.py:183} INFO - Processing /opt/airflow/dags/lap_time_analysis.py took 0.322 seconds
[2026-08-08T07:33:34.600+0000] {processor.py:161} INFO - Started process (PID=633) to work on /opt/airflow/dags/lap_time_analysis.py
[2026-08-08T07:33:34.606+0000] {processor.py:830} INFO - Processing file /opt/airflow/dags/lap_time_analysis.py for tasks to queue
[2026-08-08T07:33:34.617+0000] {logging_mixin.py:188} INFO - [2026-08-08T07:33:34.616+0000] {dagbag.py:545} INFO - Filling up the DagBag from /opt/airflow/dags/lap_time_analysis.py
[2026-08-08T07:33:34.766+0000] {processor.py:840} INFO - DAG(s) 'lap_time_analysis' retrieved from /opt/airflow/dags/lap_time_analysis.py
[2026-08-08T07:33:34.805+0000] {logging_mixin.py:188} INFO - [2026-08-08T07:33:34.805+0000] {dag.py:3096} INFO - Sync 1 DAGs
[2026-08-08T07:33:34.825+0000] {logging_mixin.py:188} INFO - [2026-08-08T07:33:34.825+0000] {dag.py:3954} INFO - Setting next_dagrun for lap_time_analysis to None, run_after=None
[2026-08-08T07:33:34.855+0000] {processor.py:183} INFO - Processing /opt/airflow/dags/lap_time_analysis.py took 0.282 seconds
[2026-08-08T07:34:05.259+0000] {processor.py:161} INFO - Started process (PID=644) to work on /opt/airflow/dags/lap_time_analysis.py
[2026-08-08T07:34:05.260+0000] {processor.py:830} INFO - Processing file /opt/airflow/dags/lap_time_analysis.py for tasks to queue
[2026-08-08T07:34:05.267+0000] {logging_mixin.py:188} INFO - [2026-08-08T07:34:05.266+0000] {dagbag.py:545} INFO - Filling up the DagBag from /opt/airflow/dags/lap_time_analysis.py
[2026-08-08T07:34:05.416+0000] {processor.py:840} INFO - DAG(s) 'lap_time_analysis' retrieved from /opt/airflow/dags/lap_time_analysis.py
[2026-08-08T07:34:05.457+0000] {logging_mixin.py:188} INFO - [2026-08-08T07:34:05.457+0000] {dag.py:3096} INFO - Sync 1 DAGs
[2026-08-08T07:34:05.474+0000] {logging_mixin.py:188} INFO - [2026-08-08T07:34:05.474+0000] {dag.py:3954} INFO - Setting next_dagrun for lap_time_analysis to None, run_after=None
[2026-08-08T07:34:05.499+0000] {processor.py:183} INFO - Processing /opt/airflow/dags/lap_time_analysis.py took 0.253 seconds
[2026-08-08T07:34:35.789+0000] {processor.py:161} INFO - Started process (PID=655) to work on /opt/airflow/dags/lap_time_analysis.py
[2026-08-08T07:34:35.791+0000] {processor.py:830} INFO - Processing file /opt/airflow/dags/lap_time_analysis.py for tasks to queue
[2026-08-08T07:34:35.794+0000] {logging_mixin.py:188} INFO - [2026-08-08T07:34:35.794+0000] {dagbag.py:545} INFO - Filling up the DagBag from /opt/airflow/dags/lap_time_analysis.py
[2026-08-08T07:34:35.903+0000] {processor.py:840} INFO - DAG(s) 'lap_time_analysis' retrieved from /opt/airflow/dags/lap_time_analysis.py
[2026-08-08T07:34:35.938+0000] {logging_mixin.py:188} INFO - [2026-08-08T07:34:35.938+0000] {dag.py:3096} INFO - Sync 1 DAGs
[2026-08-08T07:34:35.960+0000] {logging_mixin.py:188} INFO - [2026-08-08T07:34:35.960+0000] {dag.py:3954} INFO - Setting next_dagrun for lap_time_analysis to None, run_after=None
[2026-08-08T07:34:35.984+0000] {processor.py:183} INFO - Processing /opt/airflow/dags/lap_time_analysis.py took 0.209 seconds
[2026-08-08T07:35:06.919+0000] {processor.py:161} INFO - Started process (PID=666) to work on /opt/airflow/dags/lap_time_analysis.py
[2026-08-08T07:35:06.951+0000] {processor.py:830} INFO - Processing file /opt/airflow/dags/lap_time_analysis.py for tasks to queue
[2026-08-08T07:35:07.127+0000] {logging_mixin.py:188} INFO - [2026-08-08T07:35:07.126+0000] {dagbag.py:545} INFO - Filling up the DagBag from /opt/airflow/dags/lap_time_analysis.py
[2026-08-08T07:35:10.366+0000] {processor.py:840} INFO - DAG(s) 'lap_time_analysis' retrieved from /opt/airflow/dags/lap_time_analysis.py
[2026-08-08T07:35:10.636+0000] {logging_mixin.py:188} INFO - [2026-08-08T07:35:10.636+0000] {dag.py:3096} INFO - Sync 1 DAGs
[2026-08-08T07:35:10.725+0000] {logging_mixin.py:188} INFO - [2026-08-08T07:35:10.724+0000] {dag.py:3954} INFO - Setting next_dagrun for lap_time_analysis to None, run_after=None
[2026-08-08T07:35:10.945+0000] {processor.py:183} INFO - Processing /opt/airflow/dags/lap_time_analysis.py took 4.234 seconds
[2026-08-08T07:35:42.019+0000] {processor.py:161} INFO - Started process (PID=677) to work on /opt/airflow/dags/lap_time_analysis.py
[2026-08-08T07:35:42.022+0000] {processor.py:830} INFO - Processing file /opt/airflow/dags/lap_time_analysis.py for tasks to queue
[2026-08-08T07:35:42.028+0000] {logging_mixin.py:188} INFO - [2026-08-08T07:35:42.026+0000] {dagbag.py:545} INFO - Filling up the DagBag from /opt/airflow/dags/lap_time_analysis.py
[2026-08-08T07:35:43.048+0000] {processor.py:840} INFO - DAG(s) 'lap_time_analysis' retrieved from /opt/airflow/dags/lap_time_analysis.py
[2026-08-08T07:35:43.225+0000] {logging_mixin.py:188} INFO - [2026-08-08T07:35:43.224+0000] {dag.py:3096} INFO - Sync 1 DAGs
[2026-08-08T07:35:43.268+0000] {logging_mixin.py:188} INFO - [2026-08-08T07:35:43.267+0000] {dag.py:3954} INFO - Setting next_dagrun for lap_time_analysis to None, run_after=None
[2026-08-08T07:35:43.338+0000] {processor.py:183} INFO - Processing /opt/airflow/dags/lap_time_analysis.py took 1.329 seconds
[2026-08-08T07:36:14.096+0000] {processor.py:161} INFO - Started process (PID=688) to work on /opt/airflow/dags/lap_time_analysis.py
[2026-08-08T07:36:14.101+0000] {processor.py:830} INFO - Processing file /opt/airflow/dags/lap_time_analysis.py for tasks to queue
[2026-08-08T07:36:14.104+0000] {logging_mixin.py:188} INFO - [2026-08-08T07:36:14.103+0000] {dagbag.py:545} INFO - Filling up the DagBag from /opt/airflow/dags/lap_time_analysis.py
[2026-08-08T07:36:14.611+0000] {processor.py:840} INFO - DAG(s) 'lap_time_analysis' retrieved from /opt/airflow/dags/lap_time_analysis.py
[2026-08-08T07:36:14.666+0000] {logging_mixin.py:188} INFO - [2026-08-08T07:36:14.665+0000] {dag.py:3096} INFO - Sync 1 DAGs
[2026-08-08T07:36:14.684+0000] {logging_mixin.py:188} INFO - [2026-08-08T07:36:14.684+0000] {dag.py:3954} INFO - Setting next_dagrun for lap_time_analysis to None, run_after=None
[2026-08-08T07:36:14.715+0000] {processor.py:183} INFO - Processing /opt/airflow/dags/lap_time_analysis.py took 0.629 seconds
[2026-08-08T07:36:45.032+0000] {processor.py:161} INFO - Started process (PID=699) to work on /opt/airflow/dags/lap_time_analysis.py
[2026-08-08T07:36:45.033+0000] {processor.py:830} INFO - Processing file /opt/airflow/dags/lap_time_analysis.py for tasks to queue
[2026-08-08T07:36:45.036+0000] {logging_mixin.py:188} INFO - [2026-08-08T07:36:45.036+0000] {dagbag.py:545} INFO - Filling up the DagBag from /opt/airflow/dags/lap_time_analysis.py
[2026-08-08T07:36:45.264+0000] {processor.py:840} INFO - DAG(s) 'lap_time_analysis' retrieved from /opt/airflow/dags/lap_time_analysis.py
[2026-08-08T07:36:45.307+0000] {logging_mixin.py:188} INFO - [2026-08-08T07:36:45.307+0000] {dag.py:3096} INFO - Sync 1 DAGs
[2026-08-08T07:36:45.335+0000] {logging_mixin.py:188} INFO - [2026-08-08T07:36:45.333+0000] {dag.py:3954} INFO - Setting next_dagrun for lap_time_analysis to None, run_after=None
[2026-08-08T07:36:45.377+0000] {processor.py:183} INFO - Processing /opt/airflow/dags/lap_time_analysis.py took 0.352 seconds
[2026-08-08T07:37:15.973+0000] {processor.py:161} INFO - Started process (PID=710) to work on /opt/airflow/dags/lap_time_analysis.py
[2026-08-08T07:37:15.981+0000] {processor.py:830} INFO - Processing file /opt/airflow/dags/lap_time_analysis.py for tasks to queue
[2026-08-08T07:37:15.998+0000] {logging_mixin.py:188} INFO - [2026-08-08T07:37:15.996+0000] {dagbag.py:545} INFO - Filling up the DagBag from /opt/airflow/dags/lap_time_analysis.py
[2026-08-08T07:37:16.534+0000] {processor.py:840} INFO - DAG(s) 'lap_time_analysis' retrieved from /opt/airflow/dags/lap_time_analysis.py
[2026-08-08T07:37:16.571+0000] {logging_mixin.py:188} INFO - [2026-08-08T07:37:16.571+0000] {dag.py:3096} INFO - Sync 1 DAGs
[2026-08-08T07:37:16.595+0000] {logging_mixin.py:188} INFO - [2026-08-08T07:37:16.595+0000] {dag.py:3954} INFO - Setting next_dagrun for lap_time_analysis to None, run_after=None
[2026-08-08T07:37:16.623+0000] {processor.py:183} INFO - Processing /opt/airflow/dags/lap_time_analysis.py took 0.724 seconds
[2026-08-08T07:37:48.015+0000] {processor.py:161} INFO - Started process (PID=721) to work on /opt/airflow/dags/lap_time_analysis.py
[2026-08-08T07:37:48.062+0000] {processor.py:830} INFO - Processing file /opt/airflow/dags/lap_time_analysis.py for tasks to queue
[2026-08-08T07:37:48.113+0000] {logging_mixin.py:188} INFO - [2026-08-08T07:37:48.106+0000] {dagbag.py:545} INFO - Filling up the DagBag from /opt/airflow/dags/lap_time_analysis.py
[2026-08-08T07:37:49.296+0000] {processor.py:840} INFO - DAG(s) 'lap_time_analysis' retrieved from /opt/airflow/dags/lap_time_analysis.py
[2026-08-08T07:37:49.528+0000] {logging_mixin.py:188} INFO - [2026-08-08T07:37:49.527+0000] {dag.py:3096} INFO - Sync 1 DAGs
[2026-08-08T07:37:49.746+0000] {logging_mixin.py:188} INFO - [2026-08-08T07:37:49.746+0000] {dag.py:3954} INFO - Setting next_dagrun for lap_time_analysis to None, run_after=None
[2026-08-08T07:37:49.883+0000] {processor.py:183} INFO - Processing /opt/airflow/dags/lap_time_analysis.py took 2.094 seconds
[2026-08-08T07:38:20.431+0000] {processor.py:161} INFO - Started process (PID=732) to work on /opt/airflow/dags/lap_time_analysis.py
[2026-08-08T07:38:20.436+0000] {processor.py:830} INFO - Processing file /opt/airflow/dags/lap_time_analysis.py for tasks to queue
[2026-08-08T07:38:20.439+0000] {logging_mixin.py:188} INFO - [2026-08-08T07:38:20.439+0000] {dagbag.py:545} INFO - Filling up the DagBag from /opt/airflow/dags/lap_time_analysis.py
[2026-08-08T07:38:28.319+0000] {processor.py:840} INFO - DAG(s) 'lap_time_analysis' retrieved from /opt/airflow/dags/lap_time_analysis.py
[2026-08-08T07:38:28.667+0000] {logging_mixin.py:188} INFO - [2026-08-08T07:38:28.667+0000] {dag.py:3096} INFO - Sync 1 DAGs
[2026-08-08T07:38:28.795+0000] {logging_mixin.py:188} INFO - [2026-08-08T07:38:28.795+0000] {dag.py:3954} INFO - Setting next_dagrun for lap_time_analysis to None, run_after=None
[2026-08-08T07:38:28.909+0000] {processor.py:183} INFO - Processing /opt/airflow/dags/lap_time_analysis.py took 8.484 seconds
[2026-08-08T07:38:59.138+0000] {processor.py:161} INFO - Started process (PID=743) to work on /opt/airflow/dags/lap_time_analysis.py
[2026-08-08T07:38:59.141+0000] {processor.py:830} INFO - Processing file /opt/airflow/dags/lap_time_analysis.py for tasks to queue
[2026-08-08T07:38:59.151+0000] {logging_mixin.py:188} INFO - [2026-08-08T07:38:59.149+0000] {dagbag.py:545} INFO - Filling up the DagBag from /opt/airflow/dags/lap_time_analysis.py
[2026-08-08T07:38:59.809+0000] {processor.py:840} INFO - DAG(s) 'lap_time_analysis' retrieved from /opt/airflow/dags/lap_time_analysis.py
[2026-08-08T07:39:00.012+0000] {logging_mixin.py:188} INFO - [2026-08-08T07:39:00.012+0000] {dag.py:3096} INFO - Sync 1 DAGs
[2026-08-08T07:39:00.235+0000] {logging_mixin.py:188} INFO - [2026-08-08T07:39:00.234+0000] {dag.py:3954} INFO - Setting next_dagrun for lap_time_analysis to None, run_after=None
[2026-08-08T07:39:00.418+0000] {processor.py:183} INFO - Processing /opt/airflow/dags/lap_time_analysis.py took 1.310 seconds
[2026-08-08T07:39:30.679+0000] {processor.py:161} INFO - Started process (PID=754) to work on /opt/airflow/dags/lap_time_analysis.py
[2026-08-08T07:39:30.681+0000] {processor.py:830} INFO - Processing file /opt/airflow/dags/lap_time_analysis.py for tasks to queue
[2026-08-08T07:39:30.683+0000] {logging_mixin.py:188} INFO - [2026-08-08T07:39:30.683+0000] {dagbag.py:545} INFO - Filling up the DagBag from /opt/airflow/dags/lap_time_analysis.py
[2026-08-08T07:39:30.892+0000] {processor.py:840} INFO - DAG(s) 'lap_time_analysis' retrieved from /opt/airflow/dags/lap_time_analysis.py
[2026-08-08T07:39:30.963+0000] {logging_mixin.py:188} INFO - [2026-08-08T07:39:30.963+0000] {dag.py:3096} INFO - Sync 1 DAGs
[2026-08-08T07:39:30.993+0000] {logging_mixin.py:188} INFO - [2026-08-08T07:39:30.993+0000] {dag.py:3954} INFO - Setting next_dagrun for lap_time_analysis to None, run_after=None
[2026-08-08T07:39:31.038+0000] {processor.py:183} INFO - Processing /opt/airflow/dags/lap_time_analysis.py took 0.364 seconds
[2026-08-08T07:40:01.432+0000] {processor.py:161} INFO - Started process (PID=765) to work on /opt/airflow/dags/lap_time_analysis.py
[2026-08-08T07:40:01.437+0000] {processor.py:830} INFO - Processing file /opt/airflow/dags/lap_time_analysis.py for tasks to queue
[2026-08-08T07:40:01.443+0000] {logging_mixin.py:188} INFO - [2026-08-08T07:40:01.442+0000] {dagbag.py:545} INFO - Filling up the DagBag from /opt/airflow/dags/lap_time_analysis.py
[2026-08-08T07:40:01.609+0000] {processor.py:840} INFO - DAG(s) 'lap_time_analysis' retrieved from /opt/airflow/dags/lap_time_analysis.py
[2026-08-08T07:40:01.651+0000] {logging_mixin.py:188} INFO - [2026-08-08T07:40:01.651+0000] {dag.py:3096} INFO - Sync 1 DAGs
[2026-08-08T07:40:01.678+0000] {logging_mixin.py:188} INFO - [2026-08-08T07:40:01.678+0000] {dag.py:3954} INFO - Setting next_dagrun for lap_time_analysis to None, run_after=None
[2026-08-08T07:40:01.701+0000] {processor.py:183} INFO - Processing /opt/airflow/dags/lap_time_analysis.py took 0.276 seconds
[2026-08-08T07:40:32.060+0000] {processor.py:161} INFO - Started process (PID=776) to work on /opt/airflow/dags/lap_time_analysis.py
[2026-08-08T07:40:32.062+0000] {processor.py:830} INFO - Processing file /opt/airflow/dags/lap_time_analysis.py for tasks to queue
[2026-08-08T07:40:32.067+0000] {logging_mixin.py:188} INFO - [2026-08-08T07:40:32.066+0000] {dagbag.py:545} INFO - Filling up the DagBag from /opt/airflow/dags/lap_time_analysis.py
[2026-08-08T07:40:32.263+0000] {processor.py:840} INFO - DAG(s) 'lap_time_analysis' retrieved from /opt/airflow/dags/lap_time_analysis.py
[2026-08-08T07:40:32.304+0000] {logging_mixin.py:188} INFO - [2026-08-08T07:40:32.304+0000] {dag.py:3096} INFO - Sync 1 DAGs
[2026-08-08T07:40:32.324+0000] {logging_mixin.py:188} INFO - [2026-08-08T07:40:32.323+0000] {dag.py:3954} INFO - Setting next_dagrun for lap_time_analysis to None, run_after=None
[2026-08-08T07:40:32.346+0000] {processor.py:183} INFO - Processing /opt/airflow/dags/lap_time_analysis.py took 0.328 seconds
[2026-08-08T07:41:02.753+0000] {processor.py:161} INFO - Started process (PID=787) to work on /opt/airflow/dags/lap_time_analysis.py
[2026-08-08T07:41:02.756+0000] {processor.py:830} INFO - Processing file /opt/airflow/dags/lap_time_analysis.py for tasks to queue
[2026-08-08T07:41:02.765+0000] {logging_mixin.py:188} INFO - [2026-08-08T07:41:02.764+0000] {dagbag.py:545} INFO - Filling up the DagBag from /opt/airflow/dags/lap_time_analysis.py
[2026-08-08T07:41:03.339+0000] {processor.py:840} INFO - DAG(s) 'lap_time_analysis' retrieved from /opt/airflow/dags/lap_time_analysis.py
[2026-08-08T07:41:03.669+0000] {logging_mixin.py:188} INFO - [2026-08-08T07:41:03.668+0000] {dag.py:3096} INFO - Sync 1 DAGs
[2026-08-08T07:41:03.792+0000] {logging_mixin.py:188} INFO - [2026-08-08T07:41:03.791+0000] {dag.py:3954} INFO - Setting next_dagrun for lap_time_analysis to None, run_after=None
[2026-08-08T07:41:03.848+0000] {processor.py:183} INFO - Processing /opt/airflow/dags/lap_time_analysis.py took 1.154 seconds
[2026-08-08T07:41:34.207+0000] {processor.py:161} INFO - Started process (PID=798) to work on /opt/airflow/dags/lap_time_analysis.py
[2026-08-08T07:41:34.210+0000] {processor.py:830} INFO - Processing file /opt/airflow/dags/lap_time_analysis.py for tasks to queue
[2026-08-08T07:41:34.212+0000] {logging_mixin.py:188} INFO - [2026-08-08T07:41:34.212+0000] {dagbag.py:545} INFO - Filling up the DagBag from /opt/airflow/dags/lap_time_analysis.py
[2026-08-08T07:41:34.530+0000] {processor.py:840} INFO - DAG(s) 'lap_time_analysis' retrieved from /opt/airflow/dags/lap_time_analysis.py
[2026-08-08T07:41:34.619+0000] {logging_mixin.py:188} INFO - [2026-08-08T07:41:34.619+0000] {dag.py:3096} INFO - Sync 1 DAGs
[2026-08-08T07:41:34.643+0000] {logging_mixin.py:188} INFO - [2026-08-08T07:41:34.642+0000] {dag.py:3954} INFO - Setting next_dagrun for lap_time_analysis to None, run_after=None
[2026-08-08T07:41:34.675+0000] {processor.py:183} INFO - Processing /opt/airflow/dags/lap_time_analysis.py took 0.476 seconds
[2026-08-08T07:42:05.124+0000] {processor.py:161} INFO - Started process (PID=809) to work on /opt/airflow/dags/lap_time_analysis.py
[2026-08-08T07:42:05.133+0000] {processor.py:830} INFO - Processing file /opt/airflow/dags/lap_time_analysis.py for tasks to queue
[2026-08-08T07:42:05.145+0000] {logging_mixin.py:188} INFO - [2026-08-08T07:42:05.144+0000] {dagbag.py:545} INFO - Filling up the DagBag from /opt/airflow/dags/lap_time_analysis.py
[2026-08-08T07:42:05.280+0000] {processor.py:840} INFO - DAG(s) 'lap_time_analysis' retrieved from /opt/airflow/dags/lap_time_analysis.py
[2026-08-08T07:42:05.354+0000] {logging_mixin.py:188} INFO - [2026-08-08T07:42:05.354+0000] {dag.py:3096} INFO - Sync 1 DAGs
[2026-08-08T07:42:05.382+0000] {logging_mixin.py:188} INFO - [2026-08-08T07:42:05.382+0000] {dag.py:3954} INFO - Setting next_dagrun for lap_time_analysis to None, run_after=None
[2026-08-08T07:42:05.409+0000] {processor.py:183} INFO - Processing /opt/airflow/dags/lap_time_analysis.py took 0.381 seconds
[2026-08-08T07:42:36.319+0000] {processor.py:161} INFO - Started process (PID=820) to work on /opt/airflow/dags/lap_time_analysis.py
[2026-08-08T07:42:36.321+0000] {processor.py:830} INFO - Processing file /opt/airflow/dags/lap_time_analysis.py for tasks to queue
[2026-08-08T07:42:36.325+0000] {logging_mixin.py:188} INFO - [2026-08-08T07:42:36.325+0000] {dagbag.py:545} INFO - Filling up the DagBag from /opt/airflow/dags/lap_time_analysis.py
[2026-08-08T07:42:36.450+0000] {processor.py:840} INFO - DAG(s) 'lap_time_analysis' retrieved from /opt/airflow/dags/lap_time_analysis.py
[2026-08-08T07:42:36.488+0000] {logging_mixin.py:188} INFO - [2026-08-08T07:42:36.488+0000] {dag.py:3096} INFO - Sync 1 DAGs
[2026-08-08T07:42:36.509+0000] {logging_mixin.py:188} INFO - [2026-08-08T07:42:36.508+0000] {dag.py:3954} INFO - Setting next_dagrun for lap_time_analysis to None, run_after=None
[2026-08-08T07:42:36.542+0000] {processor.py:183} INFO - Processing /opt/airflow/dags/lap_time_analysis.py took 0.231 seconds
[2026-08-08T07:43:07.523+0000] {processor.py:161} INFO - Started process (PID=831) to work on /opt/airflow/dags/lap_time_analysis.py
[2026-08-08T07:43:07.665+0000] {processor.py:830} INFO - Processing file /opt/airflow/dags/lap_time_analysis.py for tasks to queue
[2026-08-08T07:43:07.680+0000] {logging_mixin.py:188} INFO - [2026-08-08T07:43:07.679+0000] {dagbag.py:545} INFO - Filling up the DagBag from /opt/airflow/dags/lap_time_analysis.py
[2026-08-08T07:43:08.034+0000] {processor.py:840} INFO - DAG(s) 'lap_time_analysis' retrieved from /opt/airflow/dags/lap_time_analysis.py
[2026-08-08T07:43:08.066+0000] {logging_mixin.py:188} INFO - [2026-08-08T07:43:08.065+0000] {dag.py:3096} INFO - Sync 1 DAGs
[2026-08-08T07:43:08.079+0000] {logging_mixin.py:188} INFO - [2026-08-08T07:43:08.078+0000] {dag.py:3954} INFO - Setting next_dagrun for lap_time_analysis to None, run_after=None
[2026-08-08T07:43:08.111+0000] {processor.py:183} INFO - Processing /opt/airflow/dags/lap_time_analysis.py took 0.623 seconds
[2026-08-08T07:43:38.878+0000] {processor.py:161} INFO - Started process (PID=842) to work on /opt/airflow/dags/lap_time_analysis.py
[2026-08-08T07:43:38.892+0000] {processor.py:830} INFO - Processing file /opt/airflow/dags/lap_time_analysis.py for tasks to queue
[2026-08-08T07:43:38.915+0000] {logging_mixin.py:188} INFO - [2026-08-08T07:43:38.913+0000] {dagbag.py:545} INFO - Filling up the DagBag from /opt/airflow/dags/lap_time_analysis.py
[2026-08-08T07:43:39.301+0000] {processor.py:840} INFO - DAG(s) 'lap_time_analysis' retrieved from /opt/airflow/dags/lap_time_analysis.py
[2026-08-08T07:43:39.373+0000] {logging_mixin.py:188} INFO - [2026-08-08T07:43:39.373+0000] {dag.py:3096} INFO - Sync 1 DAGs
[2026-08-08T07:43:39.418+0000] {logging_mixin.py:188} INFO - [2026-08-08T07:43:39.418+0000] {dag.py:3954} INFO - Setting next_dagrun for lap_time_analysis to None, run_after=None
[2026-08-08T07:43:39.476+0000] {processor.py:183} INFO - Processing /opt/airflow/dags/lap_time_analysis.py took 0.628 seconds
[2026-08-08T07:44:09.786+0000] {processor.py:161} INFO - Started process (PID=853) to work on /opt/airflow/dags/lap_time_analysis.py
[2026-08-08T07:44:09.787+0000] {processor.py:830} INFO - Processing file /opt/airflow/dags/lap_time_analysis.py for tasks to queue
[2026-08-08T07:44:09.790+0000] {logging_mixin.py:188} INFO - [2026-08-08T07:44:09.789+0000] {dagbag.py:545} INFO - Filling up the DagBag from /opt/airflow/dags/lap_time_analysis.py
[2026-08-08T07:44:09.893+0000] {processor.py:840} INFO - DAG(s) 'lap_time_analysis' retrieved from /opt/airflow/dags/lap_time_analysis.py
[2026-08-08T07:44:09.920+0000] {logging_mixin.py:188} INFO - [2026-08-08T07:44:09.920+0000] {dag.py:3096} INFO - Sync 1 DAGs
[2026-08-08T07:44:09.934+0000] {logging_mixin.py:188} INFO - [2026-08-08T07:44:09.934+0000] {dag.py:3954} INFO - Setting next_dagrun for lap_time_analysis to None, run_after=None
[2026-08-08T07:44:09.958+0000] {processor.py:183} INFO - Processing /opt/airflow/dags/lap_time_analysis.py took 0.179 seconds
[2026-08-08T07:44:40.254+0000] {processor.py:161} INFO - Started process (PID=864) to work on /opt/airflow/dags/lap_time_analysis.py
[2026-08-08T07:44:40.255+0000] {processor.py:830} INFO - Processing file /opt/airflow/dags/lap_time_analysis.py for tasks to queue
[2026-08-08T07:44:40.259+0000] {logging_mixin.py:188} INFO - [2026-08-08T07:44:40.258+0000] {dagbag.py:545} INFO - Filling up the DagBag from /opt/airflow/dags/lap_time_analysis.py
[2026-08-08T07:44:40.448+0000] {processor.py:840} INFO - DAG(s) 'lap_time_analysis' retrieved from /opt/airflow/dags/lap_time_analysis.py
[2026-08-08T07:44:40.489+0000] {logging_mixin.py:188} INFO - [2026-08-08T07:44:40.489+0000] {dag.py:3096} INFO - Sync 1 DAGs
[2026-08-08T07:44:40.504+0000] {logging_mixin.py:188} INFO - [2026-08-08T07:44:40.504+0000] {dag.py:3954} INFO - Setting next_dagrun for lap_time_analysis to None, run_after=None
[2026-08-08T07:44:40.528+0000] {processor.py:183} INFO - Processing /opt/airflow/dags/lap_time_analysis.py took 0.281 seconds
[2026-08-08T07:45:11.337+0000] {processor.py:161} INFO - Started process (PID=873) to work on /opt/airflow/dags/lap_time_analysis.py
[2026-08-08T07:45:11.341+0000] {processor.py:830} INFO - Processing file /opt/airflow/dags/lap_time_analysis.py for tasks to queue
[2026-08-08T07:45:11.345+0000] {logging_mixin.py:188} INFO - [2026-08-08T07:45:11.344+0000] {dagbag.py:545} INFO - Filling up the DagBag from /opt/airflow/dags/lap_time_analysis.py
[2026-08-08T07:45:11.764+0000] {processor.py:840} INFO - DAG(s) 'lap_time_analysis' retrieved from /opt/airflow/dags/lap_time_analysis.py
[2026-08-08T07:45:11.834+0000] {logging_mixin.py:188} INFO - [2026-08-08T07:45:11.834+0000] {dag.py:3096} INFO - Sync 1 DAGs
[2026-08-08T07:45:11.856+0000] {logging_mixin.py:188} INFO - [2026-08-08T07:45:11.856+0000] {dag.py:3954} INFO - Setting next_dagrun for lap_time_analysis to None, run_after=None
[2026-08-08T07:45:11.909+0000] {processor.py:183} INFO - Processing /opt/airflow/dags/lap_time_analysis.py took 0.585 seconds
[2026-08-08T07:45:42.256+0000] {processor.py:161} INFO - Started process (PID=880) to work on /opt/airflow/dags/lap_time_analysis.py
[2026-08-08T07:45:42.258+0000] {processor.py:830} INFO - Processing file /opt/airflow/dags/lap_time_analysis.py for tasks to queue
[2026-08-08T07:45:42.261+0000] {logging_mixin.py:188} INFO - [2026-08-08T07:45:42.261+0000] {dagbag.py:545} INFO - Filling up the DagBag from /opt/airflow/dags/lap_time_analysis.py
[2026-08-08T07:45:42.622+0000] {processor.py:840} INFO - DAG(s) 'lap_time_analysis' retrieved from /opt/airflow/dags/lap_time_analysis.py
[2026-08-08T07:45:42.708+0000] {logging_mixin.py:188} INFO - [2026-08-08T07:45:42.707+0000] {dag.py:3096} INFO - Sync 1 DAGs
[2026-08-08T07:45:42.743+0000] {logging_mixin.py:188} INFO - [2026-08-08T07:45:42.743+0000] {dag.py:3954} INFO - Setting next_dagrun for lap_time_analysis to None, run_after=None
[2026-08-08T07:45:42.770+0000] {processor.py:183} INFO - Processing /opt/airflow/dags/lap_time_analysis.py took 0.521 seconds
[2026-08-08T07:46:13.014+0000] {processor.py:161} INFO - Started process (PID=891) to work on /opt/airflow/dags/lap_time_analysis.py
[2026-08-08T07:46:13.019+0000] {processor.py:830} INFO - Processing file /opt/airflow/dags/lap_time_analysis.py for tasks to queue
[2026-08-08T07:46:13.042+0000] {logging_mixin.py:188} INFO - [2026-08-08T07:46:13.040+0000] {dagbag.py:545} INFO - Filling up the DagBag from /opt/airflow/dags/lap_time_analysis.py
[2026-08-08T07:46:13.780+0000] {processor.py:840} INFO - DAG(s) 'lap_time_analysis' retrieved from /opt/airflow/dags/lap_time_analysis.py
[2026-08-08T07:46:14.030+0000] {logging_mixin.py:188} INFO - [2026-08-08T07:46:14.030+0000] {dag.py:3096} INFO - Sync 1 DAGs
[2026-08-08T07:46:14.121+0000] {logging_mixin.py:188} INFO - [2026-08-08T07:46:14.121+0000] {dag.py:3954} INFO - Setting next_dagrun for lap_time_analysis to None, run_after=None
[2026-08-08T07:46:14.192+0000] {processor.py:183} INFO - Processing /opt/airflow/dags/lap_time_analysis.py took 1.228 seconds
[2026-08-08T07:46:44.515+0000] {processor.py:161} INFO - Started process (PID=902) to work on /opt/airflow/dags/lap_time_analysis.py
[2026-08-08T07:46:44.517+0000] {processor.py:830} INFO - Processing file /opt/airflow/dags/lap_time_analysis.py for tasks to queue
[2026-08-08T07:46:44.520+0000] {logging_mixin.py:188} INFO - [2026-08-08T07:46:44.520+0000] {dagbag.py:545} INFO - Filling up the DagBag from /opt/airflow/dags/lap_time_analysis.py
[2026-08-08T07:46:44.768+0000] {processor.py:840} INFO - DAG(s) 'lap_time_analysis' retrieved from /opt/airflow/dags/lap_time_analysis.py
[2026-08-08T07:46:44.856+0000] {logging_mixin.py:188} INFO - [2026-08-08T07:46:44.855+0000] {dag.py:3096} INFO - Sync 1 DAGs
[2026-08-08T07:46:44.879+0000] {logging_mixin.py:188} INFO - [2026-08-08T07:46:44.879+0000] {dag.py:3954} INFO - Setting next_dagrun for lap_time_analysis to None, run_after=None
[2026-08-08T07:46:44.914+0000] {processor.py:183} INFO - Processing /opt/airflow/dags/lap_time_analysis.py took 0.405 seconds
[2026-08-08T07:47:15.827+0000] {processor.py:161} INFO - Started process (PID=913) to work on /opt/airflow/dags/lap_time_analysis.py
[2026-08-08T07:47:15.829+0000] {processor.py:830} INFO - Processing file /opt/airflow/dags/lap_time_analysis.py for tasks to queue
[2026-08-08T07:47:15.834+0000] {logging_mixin.py:188} INFO - [2026-08-08T07:47:15.833+0000] {dagbag.py:545} INFO - Filling up the DagBag from /opt/airflow/dags/lap_time_analysis.py
[2026-08-08T07:47:16.095+0000] {processor.py:840} INFO - DAG(s) 'lap_time_analysis' retrieved from /opt/airflow/dags/lap_time_analysis.py
[2026-08-08T07:47:16.171+0000] {logging_mixin.py:188} INFO - [2026-08-08T07:47:16.171+0000] {dag.py:3096} INFO - Sync 1 DAGs
[2026-08-08T07:47:16.187+0000] {logging_mixin.py:188} INFO - [2026-08-08T07:47:16.187+0000] {dag.py:3954} INFO - Setting next_dagrun for lap_time_analysis to None, run_after=None
[2026-08-08T07:47:16.216+0000] {processor.py:183} INFO - Processing /opt/airflow/dags/lap_time_analysis.py took 0.401 seconds
[2026-08-08T07:47:46.912+0000] {processor.py:161} INFO - Started process (PID=924) to work on /opt/airflow/dags/lap_time_analysis.py
[2026-08-08T07:47:46.920+0000] {processor.py:830} INFO - Processing file /opt/airflow/dags/lap_time_analysis.py for tasks to queue
[2026-08-08T07:47:46.966+0000] {logging_mixin.py:188} INFO - [2026-08-08T07:47:46.964+0000] {dagbag.py:545} INFO - Filling up the DagBag from /opt/airflow/dags/lap_time_analysis.py
[2026-08-08T07:47:48.087+0000] {processor.py:840} INFO - DAG(s) 'lap_time_analysis' retrieved from /opt/airflow/dags/lap_time_analysis.py
[2026-08-08T07:47:48.189+0000] {logging_mixin.py:188} INFO - [2026-08-08T07:47:48.189+0000] {dag.py:3096} INFO - Sync 1 DAGs
[2026-08-08T07:47:48.239+0000] {logging_mixin.py:188} INFO - [2026-08-08T07:47:48.239+0000] {dag.py:3954} INFO - Setting next_dagrun for lap_time_analysis to None, run_after=None
[2026-08-08T07:47:48.289+0000] {processor.py:183} INFO - Processing /opt/airflow/dags/lap_time_analysis.py took 1.421 seconds
[2026-08-08T07:48:18.948+0000] {processor.py:161} INFO - Started process (PID=935) to work on /opt/airflow/dags/lap_time_analysis.py
[2026-08-08T07:48:18.974+0000] {processor.py:830} INFO - Processing file /opt/airflow/dags/lap_time_analysis.py for tasks to queue
[2026-08-08T07:48:19.090+0000] {logging_mixin.py:188} INFO - [2026-08-08T07:48:19.076+0000] {dagbag.py:545} INFO - Filling up the DagBag from /opt/airflow/dags/lap_time_analysis.py
[2026-08-08T07:48:20.850+0000] {processor.py:840} INFO - DAG(s) 'lap_time_analysis' retrieved from /opt/airflow/dags/lap_time_analysis.py
[2026-08-08T07:48:21.249+0000] {logging_mixin.py:188} INFO - [2026-08-08T07:48:21.248+0000] {dag.py:3096} INFO - Sync 1 DAGs
[2026-08-08T07:48:21.437+0000] {logging_mixin.py:188} INFO - [2026-08-08T07:48:21.436+0000] {dag.py:3954} INFO - Setting next_dagrun for lap_time_analysis to None, run_after=None
[2026-08-08T07:48:21.608+0000] {processor.py:183} INFO - Processing /opt/airflow/dags/lap_time_analysis.py took 2.810 seconds
[2026-08-08T07:48:54.457+0000] {processor.py:161} INFO - Started process (PID=946) to work on /opt/airflow/dags/lap_time_analysis.py
[2026-08-08T07:48:54.472+0000] {processor.py:830} INFO - Processing file /opt/airflow/dags/lap_time_analysis.py for tasks to queue
[2026-08-08T07:48:54.493+0000] {logging_mixin.py:188} INFO - [2026-08-08T07:48:54.489+0000] {dagbag.py:545} INFO - Filling up the DagBag from /opt/airflow/dags/lap_time_analysis.py
[2026-08-08T07:48:55.151+0000] {processor.py:840} INFO - DAG(s) 'lap_time_analysis' retrieved from /opt/airflow/dags/lap_time_analysis.py
[2026-08-08T07:48:55.246+0000] {logging_mixin.py:188} INFO - [2026-08-08T07:48:55.245+0000] {dag.py:3096} INFO - Sync 1 DAGs
[2026-08-08T07:48:55.293+0000] {logging_mixin.py:188} INFO - [2026-08-08T07:48:55.293+0000] {dag.py:3954} INFO - Setting next_dagrun for lap_time_analysis to None, run_after=None
[2026-08-08T07:48:55.340+0000] {processor.py:183} INFO - Processing /opt/airflow/dags/lap_time_analysis.py took 1.063 seconds
[2026-08-08T07:49:25.516+0000] {processor.py:161} INFO - Started process (PID=957) to work on /opt/airflow/dags/lap_time_analysis.py
[2026-08-08T07:49:25.527+0000] {processor.py:830} INFO - Processing file /opt/airflow/dags/lap_time_analysis.py for tasks to queue
[2026-08-08T07:49:25.544+0000] {logging_mixin.py:188} INFO - [2026-08-08T07:49:25.543+0000] {dagbag.py:545} INFO - Filling up the DagBag from /opt/airflow/dags/lap_time_analysis.py
[2026-08-08T07:49:26.118+0000] {processor.py:840} INFO - DAG(s) 'lap_time_analysis' retrieved from /opt/airflow/dags/lap_time_analysis.py
[2026-08-08T07:49:26.200+0000] {logging_mixin.py:188} INFO - [2026-08-08T07:49:26.200+0000] {dag.py:3096} INFO - Sync 1 DAGs
[2026-08-08T07:49:26.279+0000] {logging_mixin.py:188} INFO - [2026-08-08T07:49:26.278+0000] {dag.py:3954} INFO - Setting next_dagrun for lap_time_analysis to None, run_after=None
[2026-08-08T07:49:26.375+0000] {processor.py:183} INFO - Processing /opt/airflow/dags/lap_time_analysis.py took 0.885 seconds
[2026-08-08T07:49:57.494+0000] {processor.py:161} INFO - Started process (PID=968) to work on /opt/airflow/dags/lap_time_analysis.py
[2026-08-08T07:49:57.558+0000] {processor.py:830} INFO - Processing file /opt/airflow/dags/lap_time_analysis.py for tasks to queue
[2026-08-08T07:49:57.564+0000] {logging_mixin.py:188} INFO - [2026-08-08T07:49:57.563+0000] {dagbag.py:545} INFO - Filling up the DagBag from /opt/airflow/dags/lap_time_analysis.py
[2026-08-08T07:49:58.271+0000] {processor.py:840} INFO - DAG(s) 'lap_time_analysis' retrieved from /opt/airflow/dags/lap_time_analysis.py
[2026-08-08T07:49:58.430+0000] {logging_mixin.py:188} INFO - [2026-08-08T07:49:58.430+0000] {dag.py:3096} INFO - Sync 1 DAGs
[2026-08-08T07:49:58.549+0000] {logging_mixin.py:188} INFO - [2026-08-08T07:49:58.548+0000] {dag.py:3954} INFO - Setting next_dagrun for lap_time_analysis to None, run_after=None
[2026-08-08T07:49:58.669+0000] {processor.py:183} INFO - Processing /opt/airflow/dags/lap_time_analysis.py took 1.207 seconds
[2026-08-08T07:50:28.766+0000] {processor.py:161} INFO - Started process (PID=979) to work on /opt/airflow/dags/lap_time_analysis.py
[2026-08-08T07:50:28.768+0000] {processor.py:830} INFO - Processing file /opt/airflow/dags/lap_time_analysis.py for tasks to queue
[2026-08-08T07:50:28.772+0000] {logging_mixin.py:188} INFO - [2026-08-08T07:50:28.771+0000] {dagbag.py:545} INFO - Filling up the DagBag from /opt/airflow/dags/lap_time_analysis.py
[2026-08-08T07:50:28.916+0000] {processor.py:840} INFO - DAG(s) 'lap_time_analysis' retrieved from /opt/airflow/dags/lap_time_analysis.py
[2026-08-08T07:50:28.948+0000] {logging_mixin.py:188} INFO - [2026-08-08T07:50:28.948+0000] {dag.py:3096} INFO - Sync 1 DAGs
[2026-08-08T07:50:28.974+0000] {logging_mixin.py:188} INFO - [2026-08-08T07:50:28.973+0000] {dag.py:3954} INFO - Setting next_dagrun for lap_time_analysis to None, run_after=None
[2026-08-08T07:50:29.015+0000] {processor.py:183} INFO - Processing /opt/airflow/dags/lap_time_analysis.py took 0.262 seconds
[2026-08-08T07:50:59.378+0000] {processor.py:161} INFO - Started process (PID=990) to work on /opt/airflow/dags/lap_time_analysis.py
[2026-08-08T07:50:59.388+0000] {processor.py:830} INFO - Processing file /opt/airflow/dags/lap_time_analysis.py for tasks to queue
[2026-08-08T07:50:59.436+0000] {logging_mixin.py:188} INFO - [2026-08-08T07:50:59.430+0000] {dagbag.py:545} INFO - Filling up the DagBag from /opt/airflow/dags/lap_time_analysis.py
[2026-08-08T07:51:01.403+0000] {processor.py:840} INFO - DAG(s) 'lap_time_analysis' retrieved from /opt/airflow/dags/lap_time_analysis.py
[2026-08-08T07:51:01.517+0000] {logging_mixin.py:188} INFO - [2026-08-08T07:51:01.517+0000] {dag.py:3096} INFO - Sync 1 DAGs
[2026-08-08T07:51:01.553+0000] {logging_mixin.py:188} INFO - [2026-08-08T07:51:01.550+0000] {dag.py:3954} INFO - Setting next_dagrun for lap_time_analysis to None, run_after=None
[2026-08-08T07:51:01.613+0000] {processor.py:183} INFO - Processing /opt/airflow/dags/lap_time_analysis.py took 2.302 seconds
[2026-08-08T07:51:39.365+0000] {processor.py:161} INFO - Started process (PID=996) to work on /opt/airflow/dags/lap_time_analysis.py
[2026-08-08T07:51:39.606+0000] {processor.py:830} INFO - Processing file /opt/airflow/dags/lap_time_analysis.py for tasks to queue
[2026-08-08T07:51:41.908+0000] {logging_mixin.py:188} INFO - [2026-08-08T07:51:41.573+0000] {dagbag.py:545} INFO - Filling up the DagBag from /opt/airflow/dags/lap_time_analysis.py
[2026-08-08T07:51:50.863+0000] {processor.py:840} INFO - DAG(s) 'lap_time_analysis' retrieved from /opt/airflow/dags/lap_time_analysis.py
[2026-08-08T07:51:51.429+0000] {logging_mixin.py:188} INFO - [2026-08-08T07:51:51.428+0000] {dag.py:3096} INFO - Sync 1 DAGs
[2026-08-08T07:51:51.595+0000] {logging_mixin.py:188} INFO - [2026-08-08T07:51:51.594+0000] {dag.py:3954} INFO - Setting next_dagrun for lap_time_analysis to None, run_after=None
[2026-08-08T07:51:51.708+0000] {processor.py:183} INFO - Processing /opt/airflow/dags/lap_time_analysis.py took 12.841 seconds
[2026-08-08T07:52:22.228+0000] {processor.py:161} INFO - Started process (PID=1006) to work on /opt/airflow/dags/lap_time_analysis.py
[2026-08-08T07:52:22.230+0000] {processor.py:830} INFO - Processing file /opt/airflow/dags/lap_time_analysis.py for tasks to queue
[2026-08-08T07:52:22.234+0000] {logging_mixin.py:188} INFO - [2026-08-08T07:52:22.233+0000] {dagbag.py:545} INFO - Filling up the DagBag from /opt/airflow/dags/lap_time_analysis.py
[2026-08-08T07:52:22.380+0000] {processor.py:840} INFO - DAG(s) 'lap_time_analysis' retrieved from /opt/airflow/dags/lap_time_analysis.py
[2026-08-08T07:52:22.414+0000] {logging_mixin.py:188} INFO - [2026-08-08T07:52:22.414+0000] {dag.py:3096} INFO - Sync 1 DAGs
[2026-08-08T07:52:22.474+0000] {logging_mixin.py:188} INFO - [2026-08-08T07:52:22.473+0000] {dag.py:3954} INFO - Setting next_dagrun for lap_time_analysis to None, run_after=None
[2026-08-08T07:52:22.521+0000] {processor.py:183} INFO - Processing /opt/airflow/dags/lap_time_analysis.py took 0.299 seconds
[2026-08-08T07:52:53.058+0000] {processor.py:161} INFO - Started process (PID=1017) to work on /opt/airflow/dags/lap_time_analysis.py
[2026-08-08T07:52:53.077+0000] {processor.py:830} INFO - Processing file /opt/airflow/dags/lap_time_analysis.py for tasks to queue
[2026-08-08T07:52:53.122+0000] {logging_mixin.py:188} INFO - [2026-08-08T07:52:53.117+0000] {dagbag.py:545} INFO - Filling up the DagBag from /opt/airflow/dags/lap_time_analysis.py
[2026-08-08T07:52:53.751+0000] {processor.py:840} INFO - DAG(s) 'lap_time_analysis' retrieved from /opt/airflow/dags/lap_time_analysis.py
[2026-08-08T07:52:53.879+0000] {logging_mixin.py:188} INFO - [2026-08-08T07:52:53.879+0000] {dag.py:3096} INFO - Sync 1 DAGs
[2026-08-08T07:52:53.932+0000] {logging_mixin.py:188} INFO - [2026-08-08T07:52:53.932+0000] {dag.py:3954} INFO - Setting next_dagrun for lap_time_analysis to None, run_after=None
[2026-08-08T07:52:53.976+0000] {processor.py:183} INFO - Processing /opt/airflow/dags/lap_time_analysis.py took 1.039 seconds
[2026-08-08T07:53:24.457+0000] {processor.py:161} INFO - Started process (PID=1028) to work on /opt/airflow/dags/lap_time_analysis.py
[2026-08-08T07:53:24.461+0000] {processor.py:830} INFO - Processing file /opt/airflow/dags/lap_time_analysis.py for tasks to queue
[2026-08-08T07:53:24.484+0000] {logging_mixin.py:188} INFO - [2026-08-08T07:53:24.480+0000] {dagbag.py:545} INFO - Filling up the DagBag from /opt/airflow/dags/lap_time_analysis.py
[2026-08-08T07:53:25.185+0000] {processor.py:840} INFO - DAG(s) 'lap_time_analysis' retrieved from /opt/airflow/dags/lap_time_analysis.py
[2026-08-08T07:53:25.345+0000] {logging_mixin.py:188} INFO - [2026-08-08T07:53:25.344+0000] {dag.py:3096} INFO - Sync 1 DAGs
[2026-08-08T07:53:25.408+0000] {logging_mixin.py:188} INFO - [2026-08-08T07:53:25.408+0000] {dag.py:3954} INFO - Setting next_dagrun for lap_time_analysis to None, run_after=None
[2026-08-08T07:53:25.469+0000] {processor.py:183} INFO - Processing /opt/airflow/dags/lap_time_analysis.py took 1.079 seconds
[2026-08-08T07:53:55.872+0000] {processor.py:161} INFO - Started process (PID=1039) to work on /opt/airflow/dags/lap_time_analysis.py
[2026-08-08T07:53:55.874+0000] {processor.py:830} INFO - Processing file /opt/airflow/dags/lap_time_analysis.py for tasks to queue
[2026-08-08T07:53:55.890+0000] {logging_mixin.py:188} INFO - [2026-08-08T07:53:55.888+0000] {dagbag.py:545} INFO - Filling up the DagBag from /opt/airflow/dags/lap_time_analysis.py
[2026-08-08T07:53:56.411+0000] {processor.py:840} INFO - DAG(s) 'lap_time_analysis' retrieved from /opt/airflow/dags/lap_time_analysis.py
[2026-08-08T07:53:56.478+0000] {logging_mixin.py:188} INFO - [2026-08-08T07:53:56.478+0000] {dag.py:3096} INFO - Sync 1 DAGs
[2026-08-08T07:53:56.553+0000] {logging_mixin.py:188} INFO - [2026-08-08T07:53:56.553+0000] {dag.py:3954} INFO - Setting next_dagrun for lap_time_analysis to None, run_after=None
[2026-08-08T07:53:56.615+0000] {processor.py:183} INFO - Processing /opt/airflow/dags/lap_time_analysis.py took 0.685 seconds
[2026-08-08T07:54:27.376+0000] {processor.py:161} INFO - Started process (PID=1050) to work on /opt/airflow/dags/lap_time_analysis.py
[2026-08-08T07:54:27.379+0000] {processor.py:830} INFO - Processing file /opt/airflow/dags/lap_time_analysis.py for tasks to queue
[2026-08-08T07:54:27.384+0000] {logging_mixin.py:188} INFO - [2026-08-08T07:54:27.384+0000] {dagbag.py:545} INFO - Filling up the DagBag from /opt/airflow/dags/lap_time_analysis.py
[2026-08-08T07:54:27.494+0000] {processor.py:840} INFO - DAG(s) 'lap_time_analysis' retrieved from /opt/airflow/dags/lap_time_analysis.py
[2026-08-08T07:54:27.566+0000] {logging_mixin.py:188} INFO - [2026-08-08T07:54:27.566+0000] {dag.py:3096} INFO - Sync 1 DAGs
[2026-08-08T07:54:27.592+0000] {logging_mixin.py:188} INFO - [2026-08-08T07:54:27.592+0000] {dag.py:3954} INFO - Setting next_dagrun for lap_time_analysis to None, run_after=None
[2026-08-08T07:54:27.626+0000] {processor.py:183} INFO - Processing /opt/airflow/dags/lap_time_analysis.py took 0.256 seconds
[2026-08-08T07:54:58.426+0000] {processor.py:161} INFO - Started process (PID=1061) to work on /opt/airflow/dags/lap_time_analysis.py
[2026-08-08T07:54:58.463+0000] {processor.py:830} INFO - Processing file /opt/airflow/dags/lap_time_analysis.py for tasks to queue
[2026-08-08T07:54:58.514+0000] {logging_mixin.py:188} INFO - [2026-08-08T07:54:58.511+0000] {dagbag.py:545} INFO - Filling up the DagBag from /opt/airflow/dags/lap_time_analysis.py
[2026-08-08T07:54:59.210+0000] {processor.py:840} INFO - DAG(s) 'lap_time_analysis' retrieved from /opt/airflow/dags/lap_time_analysis.py
[2026-08-08T07:54:59.516+0000] {logging_mixin.py:188} INFO - [2026-08-08T07:54:59.515+0000] {dag.py:3096} INFO - Sync 1 DAGs
[2026-08-08T07:54:59.608+0000] {logging_mixin.py:188} INFO - [2026-08-08T07:54:59.608+0000] {dag.py:3954} INFO - Setting next_dagrun for lap_time_analysis to None, run_after=None
[2026-08-08T07:54:59.672+0000] {processor.py:183} INFO - Processing /opt/airflow/dags/lap_time_analysis.py took 1.503 seconds
[2026-08-08T07:55:30.347+0000] {processor.py:161} INFO - Started process (PID=1072) to work on /opt/airflow/dags/lap_time_analysis.py
[2026-08-08T07:55:30.361+0000] {processor.py:830} INFO - Processing file /opt/airflow/dags/lap_time_analysis.py for tasks to queue
[2026-08-08T07:55:30.397+0000] {logging_mixin.py:188} INFO - [2026-08-08T07:55:30.392+0000] {dagbag.py:545} INFO - Filling up the DagBag from /opt/airflow/dags/lap_time_analysis.py
[2026-08-08T07:55:31.743+0000] {processor.py:840} INFO - DAG(s) 'lap_time_analysis' retrieved from /opt/airflow/dags/lap_time_analysis.py
[2026-08-08T07:55:32.065+0000] {logging_mixin.py:188} INFO - [2026-08-08T07:55:32.065+0000] {dag.py:3096} INFO - Sync 1 DAGs
[2026-08-08T07:55:32.196+0000] {logging_mixin.py:188} INFO - [2026-08-08T07:55:32.196+0000] {dag.py:3954} INFO - Setting next_dagrun for lap_time_analysis to None, run_after=None
[2026-08-08T07:55:32.362+0000] {processor.py:183} INFO - Processing /opt/airflow/dags/lap_time_analysis.py took 2.121 seconds
[2026-08-08T07:56:02.646+0000] {processor.py:161} INFO - Started process (PID=1083) to work on /opt/airflow/dags/lap_time_analysis.py
[2026-08-08T07:56:02.652+0000] {processor.py:830} INFO - Processing file /opt/airflow/dags/lap_time_analysis.py for tasks to queue
[2026-08-08T07:56:02.677+0000] {logging_mixin.py:188} INFO - [2026-08-08T07:56:02.676+0000] {dagbag.py:545} INFO - Filling up the DagBag from /opt/airflow/dags/lap_time_analysis.py
[2026-08-08T07:56:03.348+0000] {processor.py:840} INFO - DAG(s) 'lap_time_analysis' retrieved from /opt/airflow/dags/lap_time_analysis.py
[2026-08-08T07:56:03.461+0000] {logging_mixin.py:188} INFO - [2026-08-08T07:56:03.460+0000] {dag.py:3096} INFO - Sync 1 DAGs
[2026-08-08T07:56:03.491+0000] {logging_mixin.py:188} INFO - [2026-08-08T07:56:03.491+0000] {dag.py:3954} INFO - Setting next_dagrun for lap_time_analysis to None, run_after=None
[2026-08-08T07:56:03.526+0000] {processor.py:183} INFO - Processing /opt/airflow/dags/lap_time_analysis.py took 0.925 seconds
[2026-08-08T07:56:33.925+0000] {processor.py:161} INFO - Started process (PID=1094) to work on /opt/airflow/dags/lap_time_analysis.py
[2026-08-08T07:56:33.927+0000] {processor.py:830} INFO - Processing file /opt/airflow/dags/lap_time_analysis.py for tasks to queue
[2026-08-08T07:56:33.930+0000] {logging_mixin.py:188} INFO - [2026-08-08T07:56:33.929+0000] {dagbag.py:545} INFO - Filling up the DagBag from /opt/airflow/dags/lap_time_analysis.py
[2026-08-08T07:56:34.055+0000] {processor.py:840} INFO - DAG(s) 'lap_time_analysis' retrieved from /opt/airflow/dags/lap_time_analysis.py
[2026-08-08T07:56:34.092+0000] {logging_mixin.py:188} INFO - [2026-08-08T07:56:34.091+0000] {dag.py:3096} INFO - Sync 1 DAGs
[2026-08-08T07:56:34.105+0000] {logging_mixin.py:188} INFO - [2026-08-08T07:56:34.104+0000] {dag.py:3954} INFO - Setting next_dagrun for lap_time_analysis to None, run_after=None
[2026-08-08T07:56:34.136+0000] {processor.py:183} INFO - Processing /opt/airflow/dags/lap_time_analysis.py took 0.242 seconds
[2026-08-08T07:57:04.549+0000] {processor.py:161} INFO - Started process (PID=1105) to work on /opt/airflow/dags/lap_time_analysis.py
[2026-08-08T07:57:04.552+0000] {processor.py:830} INFO - Processing file /opt/airflow/dags/lap_time_analysis.py for tasks to queue
[2026-08-08T07:57:04.556+0000] {logging_mixin.py:188} INFO - [2026-08-08T07:57:04.556+0000] {dagbag.py:545} INFO - Filling up the DagBag from /opt/airflow/dags/lap_time_analysis.py
[2026-08-08T07:57:04.766+0000] {processor.py:840} INFO - DAG(s) 'lap_time_analysis' retrieved from /opt/airflow/dags/lap_time_analysis.py
[2026-08-08T07:57:04.873+0000] {logging_mixin.py:188} INFO - [2026-08-08T07:57:04.872+0000] {dag.py:3096} INFO - Sync 1 DAGs
[2026-08-08T07:57:04.970+0000] {logging_mixin.py:188} INFO - [2026-08-08T07:57:04.970+0000] {dag.py:3954} INFO - Setting next_dagrun for lap_time_analysis to None, run_after=None
[2026-08-08T07:57:05.053+0000] {processor.py:183} INFO - Processing /opt/airflow/dags/lap_time_analysis.py took 0.511 seconds
[2026-08-08T07:57:35.126+0000] {processor.py:161} INFO - Started process (PID=1116) to work on /opt/airflow/dags/lap_time_analysis.py
[2026-08-08T07:57:35.129+0000] {processor.py:830} INFO - Processing file /opt/airflow/dags/lap_time_analysis.py for tasks to queue
[2026-08-08T07:57:35.140+0000] {logging_mixin.py:188} INFO - [2026-08-08T07:57:35.139+0000] {dagbag.py:545} INFO - Filling up the DagBag from /opt/airflow/dags/lap_time_analysis.py
[2026-08-08T07:57:35.511+0000] {processor.py:840} INFO - DAG(s) 'lap_time_analysis' retrieved from /opt/airflow/dags/lap_time_analysis.py
[2026-08-08T07:57:35.686+0000] {logging_mixin.py:188} INFO - [2026-08-08T07:57:35.685+0000] {dag.py:3096} INFO - Sync 1 DAGs
[2026-08-08T07:57:35.757+0000] {logging_mixin.py:188} INFO - [2026-08-08T07:57:35.757+0000] {dag.py:3954} INFO - Setting next_dagrun for lap_time_analysis to None, run_after=None
[2026-08-08T07:57:35.789+0000] {processor.py:183} INFO - Processing /opt/airflow/dags/lap_time_analysis.py took 0.670 seconds
[2026-08-08T07:58:06.085+0000] {processor.py:161} INFO - Started process (PID=1127) to work on /opt/airflow/dags/lap_time_analysis.py
[2026-08-08T07:58:06.107+0000] {processor.py:830} INFO - Processing file /opt/airflow/dags/lap_time_analysis.py for tasks to queue
[2026-08-08T07:58:06.115+0000] {logging_mixin.py:188} INFO - [2026-08-08T07:58:06.114+0000] {dagbag.py:545} INFO - Filling up the DagBag from /opt/airflow/dags/lap_time_analysis.py
[2026-08-08T07:58:09.140+0000] {processor.py:840} INFO - DAG(s) 'lap_time_analysis' retrieved from /opt/airflow/dags/lap_time_analysis.py
[2026-08-08T07:58:09.498+0000] {logging_mixin.py:188} INFO - [2026-08-08T07:58:09.498+0000] {dag.py:3096} INFO - Sync 1 DAGs
[2026-08-08T07:58:09.526+0000] {logging_mixin.py:188} INFO - [2026-08-08T07:58:09.525+0000] {dag.py:3954} INFO - Setting next_dagrun for lap_time_analysis to None, run_after=None
[2026-08-08T07:58:09.658+0000] {processor.py:183} INFO - Processing /opt/airflow/dags/lap_time_analysis.py took 3.583 seconds
[2026-08-08T07:58:41.022+0000] {processor.py:161} INFO - Started process (PID=1136) to work on /opt/airflow/dags/lap_time_analysis.py
[2026-08-08T07:58:41.054+0000] {processor.py:830} INFO - Processing file /opt/airflow/dags/lap_time_analysis.py for tasks to queue
[2026-08-08T07:58:41.111+0000] {logging_mixin.py:188} INFO - [2026-08-08T07:58:41.104+0000] {dagbag.py:545} INFO - Filling up the DagBag from /opt/airflow/dags/lap_time_analysis.py
[2026-08-08T07:58:43.696+0000] {processor.py:840} INFO - DAG(s) 'lap_time_analysis' retrieved from /opt/airflow/dags/lap_time_analysis.py
[2026-08-08T07:58:44.434+0000] {logging_mixin.py:188} INFO - [2026-08-08T07:58:44.433+0000] {dag.py:3096} INFO - Sync 1 DAGs
[2026-08-08T07:58:44.885+0000] {logging_mixin.py:188} INFO - [2026-08-08T07:58:44.885+0000] {dag.py:3954} INFO - Setting next_dagrun for lap_time_analysis to None, run_after=None
[2026-08-08T07:58:45.358+0000] {processor.py:183} INFO - Processing /opt/airflow/dags/lap_time_analysis.py took 4.466 seconds
[2026-08-08T07:59:16.900+0000] {processor.py:161} INFO - Started process (PID=1143) to work on /opt/airflow/dags/lap_time_analysis.py
[2026-08-08T07:59:16.938+0000] {processor.py:830} INFO - Processing file /opt/airflow/dags/lap_time_analysis.py for tasks to queue
[2026-08-08T07:59:17.077+0000] {logging_mixin.py:188} INFO - [2026-08-08T07:59:17.075+0000] {dagbag.py:545} INFO - Filling up the DagBag from /opt/airflow/dags/lap_time_analysis.py
[2026-08-08T07:59:18.399+0000] {processor.py:840} INFO - DAG(s) 'lap_time_analysis' retrieved from /opt/airflow/dags/lap_time_analysis.py
[2026-08-08T07:59:18.505+0000] {logging_mixin.py:188} INFO - [2026-08-08T07:59:18.504+0000] {dag.py:3096} INFO - Sync 1 DAGs
[2026-08-08T07:59:18.559+0000] {logging_mixin.py:188} INFO - [2026-08-08T07:59:18.558+0000] {dag.py:3954} INFO - Setting next_dagrun for lap_time_analysis to None, run_after=None
[2026-08-08T07:59:18.595+0000] {processor.py:183} INFO - Processing /opt/airflow/dags/lap_time_analysis.py took 1.889 seconds
[2026-08-08T07:59:50.031+0000] {processor.py:161} INFO - Started process (PID=1154) to work on /opt/airflow/dags/lap_time_analysis.py
[2026-08-08T07:59:50.057+0000] {processor.py:830} INFO - Processing file /opt/airflow/dags/lap_time_analysis.py for tasks to queue
[2026-08-08T07:59:50.268+0000] {logging_mixin.py:188} INFO - [2026-08-08T07:59:50.206+0000] {dagbag.py:545} INFO - Filling up the DagBag from /opt/airflow/dags/lap_time_analysis.py
[2026-08-08T07:59:53.759+0000] {processor.py:840} INFO - DAG(s) 'lap_time_analysis' retrieved from /opt/airflow/dags/lap_time_analysis.py
[2026-08-08T07:59:54.303+0000] {logging_mixin.py:188} INFO - [2026-08-08T07:59:54.303+0000] {dag.py:3096} INFO - Sync 1 DAGs
[2026-08-08T07:59:54.560+0000] {logging_mixin.py:188} INFO - [2026-08-08T07:59:54.560+0000] {dag.py:3954} INFO - Setting next_dagrun for lap_time_analysis to None, run_after=None
[2026-08-08T07:59:54.726+0000] {processor.py:183} INFO - Processing /opt/airflow/dags/lap_time_analysis.py took 4.960 seconds
[2026-08-08T08:00:25.325+0000] {processor.py:161} INFO - Started process (PID=1165) to work on /opt/airflow/dags/lap_time_analysis.py
[2026-08-08T08:00:25.331+0000] {processor.py:830} INFO - Processing file /opt/airflow/dags/lap_time_analysis.py for tasks to queue
[2026-08-08T08:00:25.382+0000] {logging_mixin.py:188} INFO - [2026-08-08T08:00:25.375+0000] {dagbag.py:545} INFO - Filling up the DagBag from /opt/airflow/dags/lap_time_analysis.py
[2026-08-08T08:00:26.737+0000] {processor.py:840} INFO - DAG(s) 'lap_time_analysis' retrieved from /opt/airflow/dags/lap_time_analysis.py
[2026-08-08T08:00:27.077+0000] {logging_mixin.py:188} INFO - [2026-08-08T08:00:27.077+0000] {dag.py:3096} INFO - Sync 1 DAGs
[2026-08-08T08:00:27.201+0000] {logging_mixin.py:188} INFO - [2026-08-08T08:00:27.201+0000] {dag.py:3954} INFO - Setting next_dagrun for lap_time_analysis to None, run_after=None
[2026-08-08T08:00:27.299+0000] {processor.py:183} INFO - Processing /opt/airflow/dags/lap_time_analysis.py took 2.153 seconds
[2026-08-08T08:00:57.645+0000] {processor.py:161} INFO - Started process (PID=1176) to work on /opt/airflow/dags/lap_time_analysis.py
[2026-08-08T08:00:57.648+0000] {processor.py:830} INFO - Processing file /opt/airflow/dags/lap_time_analysis.py for tasks to queue
[2026-08-08T08:00:57.667+0000] {logging_mixin.py:188} INFO - [2026-08-08T08:00:57.667+0000] {dagbag.py:545} INFO - Filling up the DagBag from /opt/airflow/dags/lap_time_analysis.py
[2026-08-08T08:00:58.491+0000] {processor.py:840} INFO - DAG(s) 'lap_time_analysis' retrieved from /opt/airflow/dags/lap_time_analysis.py
[2026-08-08T08:00:58.588+0000] {logging_mixin.py:188} INFO - [2026-08-08T08:00:58.588+0000] {dag.py:3096} INFO - Sync 1 DAGs
[2026-08-08T08:00:58.673+0000] {logging_mixin.py:188} INFO - [2026-08-08T08:00:58.672+0000] {dag.py:3954} INFO - Setting next_dagrun for lap_time_analysis to None, run_after=None
[2026-08-08T08:00:58.712+0000] {processor.py:183} INFO - Processing /opt/airflow/dags/lap_time_analysis.py took 1.080 seconds
[2026-08-08T08:01:29.306+0000] {processor.py:161} INFO - Started process (PID=1187) to work on /opt/airflow/dags/lap_time_analysis.py
[2026-08-08T08:01:29.313+0000] {processor.py:830} INFO - Processing file /opt/airflow/dags/lap_time_analysis.py for tasks to queue
[2026-08-08T08:01:29.338+0000] {logging_mixin.py:188} INFO - [2026-08-08T08:01:29.335+0000] {dagbag.py:545} INFO - Filling up the DagBag from /opt/airflow/dags/lap_time_analysis.py
[2026-08-08T08:01:29.856+0000] {processor.py:840} INFO - DAG(s) 'lap_time_analysis' retrieved from /opt/airflow/dags/lap_time_analysis.py
[2026-08-08T08:01:29.919+0000] {logging_mixin.py:188} INFO - [2026-08-08T08:01:29.919+0000] {dag.py:3096} INFO - Sync 1 DAGs
[2026-08-08T08:01:29.975+0000] {logging_mixin.py:188} INFO - [2026-08-08T08:01:29.973+0000] {dag.py:3954} INFO - Setting next_dagrun for lap_time_analysis to None, run_after=None
[2026-08-08T08:01:30.069+0000] {processor.py:183} INFO - Processing /opt/airflow/dags/lap_time_analysis.py took 0.811 seconds
[2026-08-08T08:02:02.692+0000] {processor.py:161} INFO - Started process (PID=1198) to work on /opt/airflow/dags/lap_time_analysis.py
[2026-08-08T08:02:02.701+0000] {processor.py:830} INFO - Processing file /opt/airflow/dags/lap_time_analysis.py for tasks to queue
[2026-08-08T08:02:02.760+0000] {logging_mixin.py:188} INFO - [2026-08-08T08:02:02.748+0000] {dagbag.py:545} INFO - Filling up the DagBag from /opt/airflow/dags/lap_time_analysis.py
[2026-08-08T08:02:06.207+0000] {processor.py:840} INFO - DAG(s) 'lap_time_analysis' retrieved from /opt/airflow/dags/lap_time_analysis.py
[2026-08-08T08:02:06.518+0000] {logging_mixin.py:188} INFO - [2026-08-08T08:02:06.517+0000] {dag.py:3096} INFO - Sync 1 DAGs
[2026-08-08T08:02:06.680+0000] {logging_mixin.py:188} INFO - [2026-08-08T08:02:06.679+0000] {dag.py:3954} INFO - Setting next_dagrun for lap_time_analysis to None, run_after=None
[2026-08-08T08:02:06.820+0000] {processor.py:183} INFO - Processing /opt/airflow/dags/lap_time_analysis.py took 4.308 seconds
[2026-08-08T08:02:38.597+0000] {processor.py:161} INFO - Started process (PID=1209) to work on /opt/airflow/dags/lap_time_analysis.py
[2026-08-08T08:02:38.657+0000] {processor.py:830} INFO - Processing file /opt/airflow/dags/lap_time_analysis.py for tasks to queue
[2026-08-08T08:02:38.803+0000] {logging_mixin.py:188} INFO - [2026-08-08T08:02:38.781+0000] {dagbag.py:545} INFO - Filling up the DagBag from /opt/airflow/dags/lap_time_analysis.py
[2026-08-08T08:02:43.416+0000] {processor.py:840} INFO - DAG(s) 'lap_time_analysis' retrieved from /opt/airflow/dags/lap_time_analysis.py
[2026-08-08T08:02:47.956+0000] {logging_mixin.py:188} INFO - [2026-08-08T08:02:47.954+0000] {dag.py:3096} INFO - Sync 1 DAGs
[2026-08-08T08:02:48.642+0000] {logging_mixin.py:188} INFO - [2026-08-08T08:02:48.641+0000] {dag.py:3954} INFO - Setting next_dagrun for lap_time_analysis to None, run_after=None
[2026-08-08T08:02:49.047+0000] {processor.py:183} INFO - Processing /opt/airflow/dags/lap_time_analysis.py took 10.692 seconds
[2026-08-08T08:03:19.915+0000] {processor.py:161} INFO - Started process (PID=1220) to work on /opt/airflow/dags/lap_time_analysis.py
[2026-08-08T08:03:19.922+0000] {processor.py:830} INFO - Processing file /opt/airflow/dags/lap_time_analysis.py for tasks to queue
[2026-08-08T08:03:19.963+0000] {logging_mixin.py:188} INFO - [2026-08-08T08:03:19.957+0000] {dagbag.py:545} INFO - Filling up the DagBag from /opt/airflow/dags/lap_time_analysis.py
[2026-08-08T08:03:20.868+0000] {processor.py:840} INFO - DAG(s) 'lap_time_analysis' retrieved from /opt/airflow/dags/lap_time_analysis.py
[2026-08-08T08:03:21.326+0000] {logging_mixin.py:188} INFO - [2026-08-08T08:03:21.325+0000] {dag.py:3096} INFO - Sync 1 DAGs
[2026-08-08T08:03:21.522+0000] {logging_mixin.py:188} INFO - [2026-08-08T08:03:21.521+0000] {dag.py:3954} INFO - Setting next_dagrun for lap_time_analysis to None, run_after=None
[2026-08-08T08:03:21.655+0000] {processor.py:183} INFO - Processing /opt/airflow/dags/lap_time_analysis.py took 1.839 seconds
[2026-08-08T08:03:52.133+0000] {processor.py:161} INFO - Started process (PID=1231) to work on /opt/airflow/dags/lap_time_analysis.py
[2026-08-08T08:03:52.137+0000] {processor.py:830} INFO - Processing file /opt/airflow/dags/lap_time_analysis.py for tasks to queue
[2026-08-08T08:03:52.143+0000] {logging_mixin.py:188} INFO - [2026-08-08T08:03:52.142+0000] {dagbag.py:545} INFO - Filling up the DagBag from /opt/airflow/dags/lap_time_analysis.py
[2026-08-08T08:03:52.399+0000] {processor.py:840} INFO - DAG(s) 'lap_time_analysis' retrieved from /opt/airflow/dags/lap_time_analysis.py
[2026-08-08T08:03:52.507+0000] {logging_mixin.py:188} INFO - [2026-08-08T08:03:52.507+0000] {dag.py:3096} INFO - Sync 1 DAGs
[2026-08-08T08:03:52.527+0000] {logging_mixin.py:188} INFO - [2026-08-08T08:03:52.526+0000] {dag.py:3954} INFO - Setting next_dagrun for lap_time_analysis to None, run_after=None
[2026-08-08T08:03:52.553+0000] {processor.py:183} INFO - Processing /opt/airflow/dags/lap_time_analysis.py took 0.437 seconds
[2026-08-08T08:04:22.947+0000] {processor.py:161} INFO - Started process (PID=1240) to work on /opt/airflow/dags/lap_time_analysis.py
[2026-08-08T08:04:22.952+0000] {processor.py:830} INFO - Processing file /opt/airflow/dags/lap_time_analysis.py for tasks to queue
[2026-08-08T08:04:22.959+0000] {logging_mixin.py:188} INFO - [2026-08-08T08:04:22.958+0000] {dagbag.py:545} INFO - Filling up the DagBag from /opt/airflow/dags/lap_time_analysis.py
[2026-08-08T08:04:23.344+0000] {processor.py:840} INFO - DAG(s) 'lap_time_analysis' retrieved from /opt/airflow/dags/lap_time_analysis.py
[2026-08-08T08:04:23.382+0000] {logging_mixin.py:188} INFO - [2026-08-08T08:04:23.382+0000] {dag.py:3096} INFO - Sync 1 DAGs
[2026-08-08T08:04:23.399+0000] {logging_mixin.py:188} INFO - [2026-08-08T08:04:23.399+0000] {dag.py:3954} INFO - Setting next_dagrun for lap_time_analysis to None, run_after=None
[2026-08-08T08:04:23.431+0000] {processor.py:183} INFO - Processing /opt/airflow/dags/lap_time_analysis.py took 0.501 seconds
[2026-08-08T08:04:54.427+0000] {processor.py:161} INFO - Started process (PID=1247) to work on /opt/airflow/dags/lap_time_analysis.py
[2026-08-08T08:04:54.432+0000] {processor.py:830} INFO - Processing file /opt/airflow/dags/lap_time_analysis.py for tasks to queue
[2026-08-08T08:04:54.472+0000] {logging_mixin.py:188} INFO - [2026-08-08T08:04:54.467+0000] {dagbag.py:545} INFO - Filling up the DagBag from /opt/airflow/dags/lap_time_analysis.py
[2026-08-08T08:04:56.453+0000] {processor.py:840} INFO - DAG(s) 'lap_time_analysis' retrieved from /opt/airflow/dags/lap_time_analysis.py
[2026-08-08T08:04:56.871+0000] {logging_mixin.py:188} INFO - [2026-08-08T08:04:56.870+0000] {dag.py:3096} INFO - Sync 1 DAGs
[2026-08-08T08:04:57.042+0000] {logging_mixin.py:188} INFO - [2026-08-08T08:04:57.041+0000] {dag.py:3954} INFO - Setting next_dagrun for lap_time_analysis to None, run_after=None
[2026-08-08T08:04:59.771+0000] {processor.py:183} INFO - Processing /opt/airflow/dags/lap_time_analysis.py took 5.470 seconds
[2026-08-08T08:05:30.642+0000] {processor.py:161} INFO - Started process (PID=1258) to work on /opt/airflow/dags/lap_time_analysis.py
[2026-08-08T08:05:30.657+0000] {processor.py:830} INFO - Processing file /opt/airflow/dags/lap_time_analysis.py for tasks to queue
[2026-08-08T08:05:30.706+0000] {logging_mixin.py:188} INFO - [2026-08-08T08:05:30.702+0000] {dagbag.py:545} INFO - Filling up the DagBag from /opt/airflow/dags/lap_time_analysis.py
[2026-08-08T08:05:31.445+0000] {processor.py:840} INFO - DAG(s) 'lap_time_analysis' retrieved from /opt/airflow/dags/lap_time_analysis.py
[2026-08-08T08:05:31.677+0000] {logging_mixin.py:188} INFO - [2026-08-08T08:05:31.676+0000] {dag.py:3096} INFO - Sync 1 DAGs
[2026-08-08T08:05:31.731+0000] {logging_mixin.py:188} INFO - [2026-08-08T08:05:31.730+0000] {dag.py:3954} INFO - Setting next_dagrun for lap_time_analysis to None, run_after=None
[2026-08-08T08:05:31.775+0000] {processor.py:183} INFO - Processing /opt/airflow/dags/lap_time_analysis.py took 1.245 seconds
[2026-08-08T08:06:01.851+0000] {processor.py:161} INFO - Started process (PID=1269) to work on /opt/airflow/dags/lap_time_analysis.py
[2026-08-08T08:06:01.853+0000] {processor.py:830} INFO - Processing file /opt/airflow/dags/lap_time_analysis.py for tasks to queue
[2026-08-08T08:06:01.856+0000] {logging_mixin.py:188} INFO - [2026-08-08T08:06:01.855+0000] {dagbag.py:545} INFO - Filling up the DagBag from /opt/airflow/dags/lap_time_analysis.py
[2026-08-08T08:06:02.125+0000] {processor.py:840} INFO - DAG(s) 'lap_time_analysis' retrieved from /opt/airflow/dags/lap_time_analysis.py
[2026-08-08T08:06:02.166+0000] {logging_mixin.py:188} INFO - [2026-08-08T08:06:02.166+0000] {dag.py:3096} INFO - Sync 1 DAGs
[2026-08-08T08:06:02.221+0000] {logging_mixin.py:188} INFO - [2026-08-08T08:06:02.221+0000] {dag.py:3954} INFO - Setting next_dagrun for lap_time_analysis to None, run_after=None
[2026-08-08T08:06:02.277+0000] {processor.py:183} INFO - Processing /opt/airflow/dags/lap_time_analysis.py took 0.433 seconds
[2026-08-08T08:06:32.845+0000] {processor.py:161} INFO - Started process (PID=1280) to work on /opt/airflow/dags/lap_time_analysis.py
[2026-08-08T08:06:32.850+0000] {processor.py:830} INFO - Processing file /opt/airflow/dags/lap_time_analysis.py for tasks to queue
[2026-08-08T08:06:32.861+0000] {logging_mixin.py:188} INFO - [2026-08-08T08:06:32.859+0000] {dagbag.py:545} INFO - Filling up the DagBag from /opt/airflow/dags/lap_time_analysis.py
[2026-08-08T08:06:33.302+0000] {processor.py:840} INFO - DAG(s) 'lap_time_analysis' retrieved from /opt/airflow/dags/lap_time_analysis.py
[2026-08-08T08:06:33.341+0000] {logging_mixin.py:188} INFO - [2026-08-08T08:06:33.340+0000] {dag.py:3096} INFO - Sync 1 DAGs
[2026-08-08T08:06:33.355+0000] {logging_mixin.py:188} INFO - [2026-08-08T08:06:33.355+0000] {dag.py:3954} INFO - Setting next_dagrun for lap_time_analysis to None, run_after=None
[2026-08-08T08:06:33.383+0000] {processor.py:183} INFO - Processing /opt/airflow/dags/lap_time_analysis.py took 0.574 seconds
[2026-08-08T08:07:03.654+0000] {processor.py:161} INFO - Started process (PID=1291) to work on /opt/airflow/dags/lap_time_analysis.py
[2026-08-08T08:07:03.667+0000] {processor.py:830} INFO - Processing file /opt/airflow/dags/lap_time_analysis.py for tasks to queue
[2026-08-08T08:07:03.674+0000] {logging_mixin.py:188} INFO - [2026-08-08T08:07:03.674+0000] {dagbag.py:545} INFO - Filling up the DagBag from /opt/airflow/dags/lap_time_analysis.py
[2026-08-08T08:07:03.953+0000] {processor.py:840} INFO - DAG(s) 'lap_time_analysis' retrieved from /opt/airflow/dags/lap_time_analysis.py
[2026-08-08T08:07:04.059+0000] {logging_mixin.py:188} INFO - [2026-08-08T08:07:04.059+0000] {dag.py:3096} INFO - Sync 1 DAGs
[2026-08-08T08:07:04.109+0000] {logging_mixin.py:188} INFO - [2026-08-08T08:07:04.109+0000] {dag.py:3954} INFO - Setting next_dagrun for lap_time_analysis to None, run_after=None
[2026-08-08T08:07:04.163+0000] {processor.py:183} INFO - Processing /opt/airflow/dags/lap_time_analysis.py took 0.519 seconds
[2026-08-08T08:07:34.502+0000] {processor.py:161} INFO - Started process (PID=1302) to work on /opt/airflow/dags/lap_time_analysis.py
[2026-08-08T08:07:34.504+0000] {processor.py:830} INFO - Processing file /opt/airflow/dags/lap_time_analysis.py for tasks to queue
[2026-08-08T08:07:34.507+0000] {logging_mixin.py:188} INFO - [2026-08-08T08:07:34.507+0000] {dagbag.py:545} INFO - Filling up the DagBag from /opt/airflow/dags/lap_time_analysis.py
[2026-08-08T08:07:34.883+0000] {processor.py:840} INFO - DAG(s) 'lap_time_analysis' retrieved from /opt/airflow/dags/lap_time_analysis.py
[2026-08-08T08:07:34.927+0000] {logging_mixin.py:188} INFO - [2026-08-08T08:07:34.927+0000] {dag.py:3096} INFO - Sync 1 DAGs
[2026-08-08T08:07:34.948+0000] {logging_mixin.py:188} INFO - [2026-08-08T08:07:34.948+0000] {dag.py:3954} INFO - Setting next_dagrun for lap_time_analysis to None, run_after=None
[2026-08-08T08:07:34.970+0000] {processor.py:183} INFO - Processing /opt/airflow/dags/lap_time_analysis.py took 0.475 seconds
[2026-08-08T08:08:05.313+0000] {processor.py:161} INFO - Started process (PID=1313) to work on /opt/airflow/dags/lap_time_analysis.py
[2026-08-08T08:08:05.316+0000] {processor.py:830} INFO - Processing file /opt/airflow/dags/lap_time_analysis.py for tasks to queue
[2026-08-08T08:08:05.321+0000] {logging_mixin.py:188} INFO - [2026-08-08T08:08:05.321+0000] {dagbag.py:545} INFO - Filling up the DagBag from /opt/airflow/dags/lap_time_analysis.py
[2026-08-08T08:08:05.708+0000] {processor.py:840} INFO - DAG(s) 'lap_time_analysis' retrieved from /opt/airflow/dags/lap_time_analysis.py
[2026-08-08T08:08:05.750+0000] {logging_mixin.py:188} INFO - [2026-08-08T08:08:05.749+0000] {dag.py:3096} INFO - Sync 1 DAGs
[2026-08-08T08:08:05.789+0000] {logging_mixin.py:188} INFO - [2026-08-08T08:08:05.789+0000] {dag.py:3954} INFO - Setting next_dagrun for lap_time_analysis to None, run_after=None
[2026-08-08T08:08:05.829+0000] {processor.py:183} INFO - Processing /opt/airflow/dags/lap_time_analysis.py took 0.528 seconds
[2026-08-08T08:08:36.087+0000] {processor.py:161} INFO - Started process (PID=1324) to work on /opt/airflow/dags/lap_time_analysis.py
[2026-08-08T08:08:36.090+0000] {processor.py:830} INFO - Processing file /opt/airflow/dags/lap_time_analysis.py for tasks to queue
[2026-08-08T08:08:36.094+0000] {logging_mixin.py:188} INFO - [2026-08-08T08:08:36.093+0000] {dagbag.py:545} INFO - Filling up the DagBag from /opt/airflow/dags/lap_time_analysis.py
[2026-08-08T08:08:36.294+0000] {processor.py:840} INFO - DAG(s) 'lap_time_analysis' retrieved from /opt/airflow/dags/lap_time_analysis.py
[2026-08-08T08:08:36.352+0000] {logging_mixin.py:188} INFO - [2026-08-08T08:08:36.352+0000] {dag.py:3096} INFO - Sync 1 DAGs
[2026-08-08T08:08:36.377+0000] {logging_mixin.py:188} INFO - [2026-08-08T08:08:36.376+0000] {dag.py:3954} INFO - Setting next_dagrun for lap_time_analysis to None, run_after=None
[2026-08-08T08:08:36.420+0000] {processor.py:183} INFO - Processing /opt/airflow/dags/lap_time_analysis.py took 0.342 seconds
[2026-08-08T08:09:06.510+0000] {processor.py:161} INFO - Started process (PID=1335) to work on /opt/airflow/dags/lap_time_analysis.py
[2026-08-08T08:09:06.512+0000] {processor.py:830} INFO - Processing file /opt/airflow/dags/lap_time_analysis.py for tasks to queue
[2026-08-08T08:09:06.518+0000] {logging_mixin.py:188} INFO - [2026-08-08T08:09:06.517+0000] {dagbag.py:545} INFO - Filling up the DagBag from /opt/airflow/dags/lap_time_analysis.py
[2026-08-08T08:09:06.831+0000] {processor.py:840} INFO - DAG(s) 'lap_time_analysis' retrieved from /opt/airflow/dags/lap_time_analysis.py
[2026-08-08T08:09:06.924+0000] {logging_mixin.py:188} INFO - [2026-08-08T08:09:06.924+0000] {dag.py:3096} INFO - Sync 1 DAGs
[2026-08-08T08:09:07.010+0000] {logging_mixin.py:188} INFO - [2026-08-08T08:09:07.010+0000] {dag.py:3954} INFO - Setting next_dagrun for lap_time_analysis to None, run_after=None
[2026-08-08T08:09:07.048+0000] {processor.py:183} INFO - Processing /opt/airflow/dags/lap_time_analysis.py took 0.572 seconds
[2026-08-08T08:09:37.408+0000] {processor.py:161} INFO - Started process (PID=1346) to work on /opt/airflow/dags/lap_time_analysis.py
[2026-08-08T08:09:37.410+0000] {processor.py:830} INFO - Processing file /opt/airflow/dags/lap_time_analysis.py for tasks to queue
[2026-08-08T08:09:37.412+0000] {logging_mixin.py:188} INFO - [2026-08-08T08:09:37.412+0000] {dagbag.py:545} INFO - Filling up the DagBag from /opt/airflow/dags/lap_time_analysis.py
[2026-08-08T08:09:37.553+0000] {processor.py:840} INFO - DAG(s) 'lap_time_analysis' retrieved from /opt/airflow/dags/lap_time_analysis.py
[2026-08-08T08:09:37.590+0000] {logging_mixin.py:188} INFO - [2026-08-08T08:09:37.590+0000] {dag.py:3096} INFO - Sync 1 DAGs
[2026-08-08T08:09:37.605+0000] {logging_mixin.py:188} INFO - [2026-08-08T08:09:37.605+0000] {dag.py:3954} INFO - Setting next_dagrun for lap_time_analysis to None, run_after=None
[2026-08-08T08:09:37.633+0000] {processor.py:183} INFO - Processing /opt/airflow/dags/lap_time_analysis.py took 0.231 seconds
[2026-08-08T08:10:08.709+0000] {processor.py:161} INFO - Started process (PID=1357) to work on /opt/airflow/dags/lap_time_analysis.py
[2026-08-08T08:10:08.728+0000] {processor.py:830} INFO - Processing file /opt/airflow/dags/lap_time_analysis.py for tasks to queue
[2026-08-08T08:10:08.738+0000] {logging_mixin.py:188} INFO - [2026-08-08T08:10:08.736+0000] {dagbag.py:545} INFO - Filling up the DagBag from /opt/airflow/dags/lap_time_analysis.py
[2026-08-08T08:10:09.171+0000] {processor.py:840} INFO - DAG(s) 'lap_time_analysis' retrieved from /opt/airflow/dags/lap_time_analysis.py
[2026-08-08T08:10:09.212+0000] {logging_mixin.py:188} INFO - [2026-08-08T08:10:09.212+0000] {dag.py:3096} INFO - Sync 1 DAGs
[2026-08-08T08:10:09.231+0000] {logging_mixin.py:188} INFO - [2026-08-08T08:10:09.230+0000] {dag.py:3954} INFO - Setting next_dagrun for lap_time_analysis to None, run_after=None
[2026-08-08T08:10:09.256+0000] {processor.py:183} INFO - Processing /opt/airflow/dags/lap_time_analysis.py took 0.717 seconds
[2026-08-08T08:10:39.604+0000] {processor.py:161} INFO - Started process (PID=1368) to work on /opt/airflow/dags/lap_time_analysis.py
[2026-08-08T08:10:39.606+0000] {processor.py:830} INFO - Processing file /opt/airflow/dags/lap_time_analysis.py for tasks to queue
[2026-08-08T08:10:39.608+0000] {logging_mixin.py:188} INFO - [2026-08-08T08:10:39.608+0000] {dagbag.py:545} INFO - Filling up the DagBag from /opt/airflow/dags/lap_time_analysis.py
[2026-08-08T08:10:39.850+0000] {processor.py:840} INFO - DAG(s) 'lap_time_analysis' retrieved from /opt/airflow/dags/lap_time_analysis.py
[2026-08-08T08:10:39.876+0000] {logging_mixin.py:188} INFO - [2026-08-08T08:10:39.876+0000] {dag.py:3096} INFO - Sync 1 DAGs
[2026-08-08T08:10:39.889+0000] {logging_mixin.py:188} INFO - [2026-08-08T08:10:39.889+0000] {dag.py:3954} INFO - Setting next_dagrun for lap_time_analysis to None, run_after=None
[2026-08-08T08:10:39.911+0000] {processor.py:183} INFO - Processing /opt/airflow/dags/lap_time_analysis.py took 0.322 seconds
[2026-08-08T08:11:10.354+0000] {processor.py:161} INFO - Started process (PID=1377) to work on /opt/airflow/dags/lap_time_analysis.py
[2026-08-08T08:11:10.358+0000] {processor.py:830} INFO - Processing file /opt/airflow/dags/lap_time_analysis.py for tasks to queue
[2026-08-08T08:11:10.368+0000] {logging_mixin.py:188} INFO - [2026-08-08T08:11:10.365+0000] {dagbag.py:545} INFO - Filling up the DagBag from /opt/airflow/dags/lap_time_analysis.py
[2026-08-08T08:11:11.111+0000] {processor.py:840} INFO - DAG(s) 'lap_time_analysis' retrieved from /opt/airflow/dags/lap_time_analysis.py
[2026-08-08T08:11:11.328+0000] {logging_mixin.py:188} INFO - [2026-08-08T08:11:11.327+0000] {dag.py:3096} INFO - Sync 1 DAGs
[2026-08-08T08:11:11.463+0000] {logging_mixin.py:188} INFO - [2026-08-08T08:11:11.463+0000] {dag.py:3954} INFO - Setting next_dagrun for lap_time_analysis to None, run_after=None
[2026-08-08T08:11:11.575+0000] {processor.py:183} INFO - Processing /opt/airflow/dags/lap_time_analysis.py took 1.239 seconds
[2026-08-08T08:11:42.419+0000] {processor.py:161} INFO - Started process (PID=1384) to work on /opt/airflow/dags/lap_time_analysis.py
[2026-08-08T08:11:42.423+0000] {processor.py:830} INFO - Processing file /opt/airflow/dags/lap_time_analysis.py for tasks to queue
[2026-08-08T08:11:42.444+0000] {logging_mixin.py:188} INFO - [2026-08-08T08:11:42.441+0000] {dagbag.py:545} INFO - Filling up the DagBag from /opt/airflow/dags/lap_time_analysis.py
[2026-08-08T08:11:42.943+0000] {processor.py:840} INFO - DAG(s) 'lap_time_analysis' retrieved from /opt/airflow/dags/lap_time_analysis.py
[2026-08-08T08:11:43.020+0000] {logging_mixin.py:188} INFO - [2026-08-08T08:11:43.020+0000] {dag.py:3096} INFO - Sync 1 DAGs
[2026-08-08T08:11:43.049+0000] {logging_mixin.py:188} INFO - [2026-08-08T08:11:43.049+0000] {dag.py:3954} INFO - Setting next_dagrun for lap_time_analysis to None, run_after=None
[2026-08-08T08:11:43.088+0000] {processor.py:183} INFO - Processing /opt/airflow/dags/lap_time_analysis.py took 0.711 seconds
[2026-08-08T08:12:13.686+0000] {processor.py:161} INFO - Started process (PID=1395) to work on /opt/airflow/dags/lap_time_analysis.py
[2026-08-08T08:12:13.694+0000] {processor.py:830} INFO - Processing file /opt/airflow/dags/lap_time_analysis.py for tasks to queue
[2026-08-08T08:12:13.712+0000] {logging_mixin.py:188} INFO - [2026-08-08T08:12:13.710+0000] {dagbag.py:545} INFO - Filling up the DagBag from /opt/airflow/dags/lap_time_analysis.py
[2026-08-08T08:12:14.026+0000] {processor.py:840} INFO - DAG(s) 'lap_time_analysis' retrieved from /opt/airflow/dags/lap_time_analysis.py
[2026-08-08T08:12:14.051+0000] {logging_mixin.py:188} INFO - [2026-08-08T08:12:14.050+0000] {dag.py:3096} INFO - Sync 1 DAGs
[2026-08-08T08:12:14.063+0000] {logging_mixin.py:188} INFO - [2026-08-08T08:12:14.062+0000] {dag.py:3954} INFO - Setting next_dagrun for lap_time_analysis to None, run_after=None
[2026-08-08T08:12:14.086+0000] {processor.py:183} INFO - Processing /opt/airflow/dags/lap_time_analysis.py took 0.412 seconds
[2026-08-08T08:12:44.431+0000] {processor.py:161} INFO - Started process (PID=1406) to work on /opt/airflow/dags/lap_time_analysis.py
[2026-08-08T08:12:44.432+0000] {processor.py:830} INFO - Processing file /opt/airflow/dags/lap_time_analysis.py for tasks to queue
[2026-08-08T08:12:44.434+0000] {logging_mixin.py:188} INFO - [2026-08-08T08:12:44.434+0000] {dagbag.py:545} INFO - Filling up the DagBag from /opt/airflow/dags/lap_time_analysis.py
[2026-08-08T08:12:44.548+0000] {processor.py:840} INFO - DAG(s) 'lap_time_analysis' retrieved from /opt/airflow/dags/lap_time_analysis.py
[2026-08-08T08:12:44.580+0000] {logging_mixin.py:188} INFO - [2026-08-08T08:12:44.580+0000] {dag.py:3096} INFO - Sync 1 DAGs
[2026-08-08T08:12:44.596+0000] {logging_mixin.py:188} INFO - [2026-08-08T08:12:44.595+0000] {dag.py:3954} INFO - Setting next_dagrun for lap_time_analysis to None, run_after=None
[2026-08-08T08:12:44.617+0000] {processor.py:183} INFO - Processing /opt/airflow/dags/lap_time_analysis.py took 0.193 seconds
[2026-08-08T08:13:15.299+0000] {processor.py:161} INFO - Started process (PID=1417) to work on /opt/airflow/dags/lap_time_analysis.py
[2026-08-08T08:13:15.314+0000] {processor.py:830} INFO - Processing file /opt/airflow/dags/lap_time_analysis.py for tasks to queue
[2026-08-08T08:13:15.370+0000] {logging_mixin.py:188} INFO - [2026-08-08T08:13:15.363+0000] {dagbag.py:545} INFO - Filling up the DagBag from /opt/airflow/dags/lap_time_analysis.py
[2026-08-08T08:13:16.826+0000] {processor.py:840} INFO - DAG(s) 'lap_time_analysis' retrieved from /opt/airflow/dags/lap_time_analysis.py
[2026-08-08T08:13:17.313+0000] {logging_mixin.py:188} INFO - [2026-08-08T08:13:17.312+0000] {dag.py:3096} INFO - Sync 1 DAGs
[2026-08-08T08:13:17.508+0000] {logging_mixin.py:188} INFO - [2026-08-08T08:13:17.508+0000] {dag.py:3954} INFO - Setting next_dagrun for lap_time_analysis to None, run_after=None
[2026-08-08T08:13:17.644+0000] {processor.py:183} INFO - Processing /opt/airflow/dags/lap_time_analysis.py took 2.449 seconds
[2026-08-08T08:13:48.047+0000] {processor.py:161} INFO - Started process (PID=1428) to work on /opt/airflow/dags/lap_time_analysis.py
[2026-08-08T08:13:48.049+0000] {processor.py:830} INFO - Processing file /opt/airflow/dags/lap_time_analysis.py for tasks to queue
[2026-08-08T08:13:48.052+0000] {logging_mixin.py:188} INFO - [2026-08-08T08:13:48.051+0000] {dagbag.py:545} INFO - Filling up the DagBag from /opt/airflow/dags/lap_time_analysis.py
[2026-08-08T08:13:48.192+0000] {processor.py:840} INFO - DAG(s) 'lap_time_analysis' retrieved from /opt/airflow/dags/lap_time_analysis.py
[2026-08-08T08:13:48.296+0000] {logging_mixin.py:188} INFO - [2026-08-08T08:13:48.296+0000] {dag.py:3096} INFO - Sync 1 DAGs
[2026-08-08T08:13:48.332+0000] {logging_mixin.py:188} INFO - [2026-08-08T08:13:48.332+0000] {dag.py:3954} INFO - Setting next_dagrun for lap_time_analysis to None, run_after=None
[2026-08-08T08:13:48.367+0000] {processor.py:183} INFO - Processing /opt/airflow/dags/lap_time_analysis.py took 0.330 seconds
[2026-08-08T08:14:18.671+0000] {processor.py:161} INFO - Started process (PID=1439) to work on /opt/airflow/dags/lap_time_analysis.py
[2026-08-08T08:14:18.675+0000] {processor.py:830} INFO - Processing file /opt/airflow/dags/lap_time_analysis.py for tasks to queue
[2026-08-08T08:14:18.684+0000] {logging_mixin.py:188} INFO - [2026-08-08T08:14:18.682+0000] {dagbag.py:545} INFO - Filling up the DagBag from /opt/airflow/dags/lap_time_analysis.py
[2026-08-08T08:14:18.898+0000] {processor.py:840} INFO - DAG(s) 'lap_time_analysis' retrieved from /opt/airflow/dags/lap_time_analysis.py
[2026-08-08T08:14:18.946+0000] {logging_mixin.py:188} INFO - [2026-08-08T08:14:18.946+0000] {dag.py:3096} INFO - Sync 1 DAGs
[2026-08-08T08:14:18.973+0000] {logging_mixin.py:188} INFO - [2026-08-08T08:14:18.973+0000] {dag.py:3954} INFO - Setting next_dagrun for lap_time_analysis to None, run_after=None
[2026-08-08T08:14:19.007+0000] {processor.py:183} INFO - Processing /opt/airflow/dags/lap_time_analysis.py took 0.356 seconds
[2026-08-08T08:14:49.398+0000] {processor.py:161} INFO - Started process (PID=1450) to work on /opt/airflow/dags/lap_time_analysis.py
[2026-08-08T08:14:49.402+0000] {processor.py:830} INFO - Processing file /opt/airflow/dags/lap_time_analysis.py for tasks to queue
[2026-08-08T08:14:49.411+0000] {logging_mixin.py:188} INFO - [2026-08-08T08:14:49.410+0000] {dagbag.py:545} INFO - Filling up the DagBag from /opt/airflow/dags/lap_time_analysis.py
[2026-08-08T08:14:49.676+0000] {processor.py:840} INFO - DAG(s) 'lap_time_analysis' retrieved from /opt/airflow/dags/lap_time_analysis.py
[2026-08-08T08:14:49.755+0000] {logging_mixin.py:188} INFO - [2026-08-08T08:14:49.755+0000] {dag.py:3096} INFO - Sync 1 DAGs
[2026-08-08T08:14:49.787+0000] {logging_mixin.py:188} INFO - [2026-08-08T08:14:49.787+0000] {dag.py:3954} INFO - Setting next_dagrun for lap_time_analysis to None, run_after=None
[2026-08-08T08:14:49.824+0000] {processor.py:183} INFO - Processing /opt/airflow/dags/lap_time_analysis.py took 0.456 seconds
[2026-08-08T08:15:20.541+0000] {processor.py:161} INFO - Started process (PID=1461) to work on /opt/airflow/dags/lap_time_analysis.py
[2026-08-08T08:15:20.545+0000] {processor.py:830} INFO - Processing file /opt/airflow/dags/lap_time_analysis.py for tasks to queue
[2026-08-08T08:15:20.565+0000] {logging_mixin.py:188} INFO - [2026-08-08T08:15:20.562+0000] {dagbag.py:545} INFO - Filling up the DagBag from /opt/airflow/dags/lap_time_analysis.py
[2026-08-08T08:15:20.999+0000] {processor.py:840} INFO - DAG(s) 'lap_time_analysis' retrieved from /opt/airflow/dags/lap_time_analysis.py
[2026-08-08T08:15:21.089+0000] {logging_mixin.py:188} INFO - [2026-08-08T08:15:21.089+0000] {dag.py:3096} INFO - Sync 1 DAGs
[2026-08-08T08:15:21.117+0000] {logging_mixin.py:188} INFO - [2026-08-08T08:15:21.117+0000] {dag.py:3954} INFO - Setting next_dagrun for lap_time_analysis to None, run_after=None
[2026-08-08T08:15:21.150+0000] {processor.py:183} INFO - Processing /opt/airflow/dags/lap_time_analysis.py took 0.657 seconds
[2026-08-08T08:15:51.462+0000] {processor.py:161} INFO - Started process (PID=1472) to work on /opt/airflow/dags/lap_time_analysis.py
[2026-08-08T08:15:51.468+0000] {processor.py:830} INFO - Processing file /opt/airflow/dags/lap_time_analysis.py for tasks to queue
[2026-08-08T08:15:51.480+0000] {logging_mixin.py:188} INFO - [2026-08-08T08:15:51.479+0000] {dagbag.py:545} INFO - Filling up the DagBag from /opt/airflow/dags/lap_time_analysis.py
[2026-08-08T08:15:51.685+0000] {processor.py:840} INFO - DAG(s) 'lap_time_analysis' retrieved from /opt/airflow/dags/lap_time_analysis.py
[2026-08-08T08:15:51.750+0000] {logging_mixin.py:188} INFO - [2026-08-08T08:15:51.749+0000] {dag.py:3096} INFO - Sync 1 DAGs
[2026-08-08T08:15:51.776+0000] {logging_mixin.py:188} INFO - [2026-08-08T08:15:51.775+0000] {dag.py:3954} INFO - Setting next_dagrun for lap_time_analysis to None, run_after=None
[2026-08-08T08:15:51.817+0000] {processor.py:183} INFO - Processing /opt/airflow/dags/lap_time_analysis.py took 0.383 seconds
[2026-08-08T08:16:22.153+0000] {processor.py:161} INFO - Started process (PID=1483) to work on /opt/airflow/dags/lap_time_analysis.py
[2026-08-08T08:16:22.156+0000] {processor.py:830} INFO - Processing file /opt/airflow/dags/lap_time_analysis.py for tasks to queue
[2026-08-08T08:16:22.159+0000] {logging_mixin.py:188} INFO - [2026-08-08T08:16:22.158+0000] {dagbag.py:545} INFO - Filling up the DagBag from /opt/airflow/dags/lap_time_analysis.py
[2026-08-08T08:16:22.359+0000] {processor.py:840} INFO - DAG(s) 'lap_time_analysis' retrieved from /opt/airflow/dags/lap_time_analysis.py
[2026-08-08T08:16:22.464+0000] {logging_mixin.py:188} INFO - [2026-08-08T08:16:22.464+0000] {dag.py:3096} INFO - Sync 1 DAGs
[2026-08-08T08:16:22.514+0000] {logging_mixin.py:188} INFO - [2026-08-08T08:16:22.514+0000] {dag.py:3954} INFO - Setting next_dagrun for lap_time_analysis to None, run_after=None
[2026-08-08T08:16:22.549+0000] {processor.py:183} INFO - Processing /opt/airflow/dags/lap_time_analysis.py took 0.406 seconds
[2026-08-08T08:16:52.928+0000] {processor.py:161} INFO - Started process (PID=1494) to work on /opt/airflow/dags/lap_time_analysis.py
[2026-08-08T08:16:52.930+0000] {processor.py:830} INFO - Processing file /opt/airflow/dags/lap_time_analysis.py for tasks to queue
[2026-08-08T08:16:52.933+0000] {logging_mixin.py:188} INFO - [2026-08-08T08:16:52.933+0000] {dagbag.py:545} INFO - Filling up the DagBag from /opt/airflow/dags/lap_time_analysis.py
[2026-08-08T08:16:53.038+0000] {processor.py:840} INFO - DAG(s) 'lap_time_analysis' retrieved from /opt/airflow/dags/lap_time_analysis.py
[2026-08-08T08:16:53.101+0000] {logging_mixin.py:188} INFO - [2026-08-08T08:16:53.101+0000] {dag.py:3096} INFO - Sync 1 DAGs
[2026-08-08T08:16:53.113+0000] {logging_mixin.py:188} INFO - [2026-08-08T08:16:53.113+0000] {dag.py:3954} INFO - Setting next_dagrun for lap_time_analysis to None, run_after=None
[2026-08-08T08:16:53.137+0000] {processor.py:183} INFO - Processing /opt/airflow/dags/lap_time_analysis.py took 0.216 seconds
[2026-08-08T08:17:23.374+0000] {processor.py:161} INFO - Started process (PID=1505) to work on /opt/airflow/dags/lap_time_analysis.py
[2026-08-08T08:17:23.376+0000] {processor.py:830} INFO - Processing file /opt/airflow/dags/lap_time_analysis.py for tasks to queue
[2026-08-08T08:17:23.379+0000] {logging_mixin.py:188} INFO - [2026-08-08T08:17:23.378+0000] {dagbag.py:545} INFO - Filling up the DagBag from /opt/airflow/dags/lap_time_analysis.py
[2026-08-08T08:17:23.479+0000] {processor.py:840} INFO - DAG(s) 'lap_time_analysis' retrieved from /opt/airflow/dags/lap_time_analysis.py
[2026-08-08T08:17:23.505+0000] {logging_mixin.py:188} INFO - [2026-08-08T08:17:23.505+0000] {dag.py:3096} INFO - Sync 1 DAGs
[2026-08-08T08:17:23.518+0000] {logging_mixin.py:188} INFO - [2026-08-08T08:17:23.517+0000] {dag.py:3954} INFO - Setting next_dagrun for lap_time_analysis to None, run_after=None
[2026-08-08T08:17:23.543+0000] {processor.py:183} INFO - Processing /opt/airflow/dags/lap_time_analysis.py took 0.176 seconds
[2026-08-08T08:17:53.889+0000] {processor.py:161} INFO - Started process (PID=1516) to work on /opt/airflow/dags/lap_time_analysis.py
[2026-08-08T08:17:53.890+0000] {processor.py:830} INFO - Processing file /opt/airflow/dags/lap_time_analysis.py for tasks to queue
[2026-08-08T08:17:53.894+0000] {logging_mixin.py:188} INFO - [2026-08-08T08:17:53.893+0000] {dagbag.py:545} INFO - Filling up the DagBag from /opt/airflow/dags/lap_time_analysis.py
[2026-08-08T08:17:54.026+0000] {processor.py:840} INFO - DAG(s) 'lap_time_analysis' retrieved from /opt/airflow/dags/lap_time_analysis.py
[2026-08-08T08:17:54.054+0000] {logging_mixin.py:188} INFO - [2026-08-08T08:17:54.054+0000] {dag.py:3096} INFO - Sync 1 DAGs
[2026-08-08T08:17:54.068+0000] {logging_mixin.py:188} INFO - [2026-08-08T08:17:54.068+0000] {dag.py:3954} INFO - Setting next_dagrun for lap_time_analysis to None, run_after=None
[2026-08-08T08:17:54.095+0000] {processor.py:183} INFO - Processing /opt/airflow/dags/lap_time_analysis.py took 0.213 seconds
[2026-08-08T08:18:24.571+0000] {processor.py:161} INFO - Started process (PID=1527) to work on /opt/airflow/dags/lap_time_analysis.py
[2026-08-08T08:18:24.573+0000] {processor.py:830} INFO - Processing file /opt/airflow/dags/lap_time_analysis.py for tasks to queue
[2026-08-08T08:18:24.576+0000] {logging_mixin.py:188} INFO - [2026-08-08T08:18:24.576+0000] {dagbag.py:545} INFO - Filling up the DagBag from /opt/airflow/dags/lap_time_analysis.py
[2026-08-08T08:18:24.677+0000] {processor.py:840} INFO - DAG(s) 'lap_time_analysis' retrieved from /opt/airflow/dags/lap_time_analysis.py
[2026-08-08T08:18:24.704+0000] {logging_mixin.py:188} INFO - [2026-08-08T08:18:24.704+0000] {dag.py:3096} INFO - Sync 1 DAGs
[2026-08-08T08:18:24.717+0000] {logging_mixin.py:188} INFO - [2026-08-08T08:18:24.717+0000] {dag.py:3954} INFO - Setting next_dagrun for lap_time_analysis to None, run_after=None
[2026-08-08T08:18:24.752+0000] {processor.py:183} INFO - Processing /opt/airflow/dags/lap_time_analysis.py took 0.187 seconds
[2026-08-08T08:18:55.171+0000] {processor.py:161} INFO - Started process (PID=1538) to work on /opt/airflow/dags/lap_time_analysis.py
[2026-08-08T08:18:55.175+0000] {processor.py:830} INFO - Processing file /opt/airflow/dags/lap_time_analysis.py for tasks to queue
[2026-08-08T08:18:55.188+0000] {logging_mixin.py:188} INFO - [2026-08-08T08:18:55.187+0000] {dagbag.py:545} INFO - Filling up the DagBag from /opt/airflow/dags/lap_time_analysis.py
[2026-08-08T08:18:55.567+0000] {processor.py:840} INFO - DAG(s) 'lap_time_analysis' retrieved from /opt/airflow/dags/lap_time_analysis.py
[2026-08-08T08:18:55.644+0000] {logging_mixin.py:188} INFO - [2026-08-08T08:18:55.644+0000] {dag.py:3096} INFO - Sync 1 DAGs
[2026-08-08T08:18:55.677+0000] {logging_mixin.py:188} INFO - [2026-08-08T08:18:55.676+0000] {dag.py:3954} INFO - Setting next_dagrun for lap_time_analysis to None, run_after=None
[2026-08-08T08:18:55.702+0000] {processor.py:183} INFO - Processing /opt/airflow/dags/lap_time_analysis.py took 0.544 seconds
[2026-08-08T08:19:26.959+0000] {processor.py:161} INFO - Started process (PID=1546) to work on /opt/airflow/dags/lap_time_analysis.py
[2026-08-08T08:19:26.976+0000] {processor.py:830} INFO - Processing file /opt/airflow/dags/lap_time_analysis.py for tasks to queue
[2026-08-08T08:19:27.000+0000] {logging_mixin.py:188} INFO - [2026-08-08T08:19:26.996+0000] {dagbag.py:545} INFO - Filling up the DagBag from /opt/airflow/dags/lap_time_analysis.py
[2026-08-08T08:19:29.364+0000] {processor.py:840} INFO - DAG(s) 'lap_time_analysis' retrieved from /opt/airflow/dags/lap_time_analysis.py
[2026-08-08T08:19:29.720+0000] {logging_mixin.py:188} INFO - [2026-08-08T08:19:29.720+0000] {dag.py:3096} INFO - Sync 1 DAGs
[2026-08-08T08:19:29.869+0000] {logging_mixin.py:188} INFO - [2026-08-08T08:19:29.869+0000] {dag.py:3954} INFO - Setting next_dagrun for lap_time_analysis to None, run_after=None
[2026-08-08T08:19:29.972+0000] {processor.py:183} INFO - Processing /opt/airflow/dags/lap_time_analysis.py took 3.376 seconds
[2026-08-08T08:20:00.193+0000] {processor.py:161} INFO - Started process (PID=1554) to work on /opt/airflow/dags/lap_time_analysis.py
[2026-08-08T08:20:00.194+0000] {processor.py:830} INFO - Processing file /opt/airflow/dags/lap_time_analysis.py for tasks to queue
[2026-08-08T08:20:00.197+0000] {logging_mixin.py:188} INFO - [2026-08-08T08:20:00.197+0000] {dagbag.py:545} INFO - Filling up the DagBag from /opt/airflow/dags/lap_time_analysis.py
[2026-08-08T08:20:00.392+0000] {processor.py:840} INFO - DAG(s) 'lap_time_analysis' retrieved from /opt/airflow/dags/lap_time_analysis.py
[2026-08-08T08:20:00.643+0000] {logging_mixin.py:188} INFO - [2026-08-08T08:20:00.642+0000] {dag.py:3096} INFO - Sync 1 DAGs
[2026-08-08T08:20:00.772+0000] {logging_mixin.py:188} INFO - [2026-08-08T08:20:00.772+0000] {dag.py:3954} INFO - Setting next_dagrun for lap_time_analysis to None, run_after=None
[2026-08-08T08:20:00.888+0000] {processor.py:183} INFO - Processing /opt/airflow/dags/lap_time_analysis.py took 0.701 seconds
[2026-08-08T08:20:31.273+0000] {processor.py:161} INFO - Started process (PID=1565) to work on /opt/airflow/dags/lap_time_analysis.py
[2026-08-08T08:20:31.276+0000] {processor.py:830} INFO - Processing file /opt/airflow/dags/lap_time_analysis.py for tasks to queue
[2026-08-08T08:20:31.283+0000] {logging_mixin.py:188} INFO - [2026-08-08T08:20:31.282+0000] {dagbag.py:545} INFO - Filling up the DagBag from /opt/airflow/dags/lap_time_analysis.py
[2026-08-08T08:20:31.479+0000] {processor.py:840} INFO - DAG(s) 'lap_time_analysis' retrieved from /opt/airflow/dags/lap_time_analysis.py
[2026-08-08T08:20:31.700+0000] {logging_mixin.py:188} INFO - [2026-08-08T08:20:31.698+0000] {dag.py:3096} INFO - Sync 1 DAGs
[2026-08-08T08:20:31.818+0000] {logging_mixin.py:188} INFO - [2026-08-08T08:20:31.818+0000] {dag.py:3954} INFO - Setting next_dagrun for lap_time_analysis to None, run_after=None
[2026-08-08T08:20:31.855+0000] {processor.py:183} INFO - Processing /opt/airflow/dags/lap_time_analysis.py took 0.591 seconds
[2026-08-08T08:21:02.285+0000] {processor.py:161} INFO - Started process (PID=1576) to work on /opt/airflow/dags/lap_time_analysis.py
[2026-08-08T08:21:02.301+0000] {processor.py:830} INFO - Processing file /opt/airflow/dags/lap_time_analysis.py for tasks to queue
[2026-08-08T08:21:02.336+0000] {logging_mixin.py:188} INFO - [2026-08-08T08:21:02.333+0000] {dagbag.py:545} INFO - Filling up the DagBag from /opt/airflow/dags/lap_time_analysis.py
[2026-08-08T08:21:02.727+0000] {processor.py:840} INFO - DAG(s) 'lap_time_analysis' retrieved from /opt/airflow/dags/lap_time_analysis.py
[2026-08-08T08:21:02.760+0000] {logging_mixin.py:188} INFO - [2026-08-08T08:21:02.760+0000] {dag.py:3096} INFO - Sync 1 DAGs
[2026-08-08T08:21:02.775+0000] {logging_mixin.py:188} INFO - [2026-08-08T08:21:02.775+0000] {dag.py:3954} INFO - Setting next_dagrun for lap_time_analysis to None, run_after=None
[2026-08-08T08:21:02.802+0000] {processor.py:183} INFO - Processing /opt/airflow/dags/lap_time_analysis.py took 0.636 seconds
[2026-08-08T08:21:33.185+0000] {processor.py:161} INFO - Started process (PID=1587) to work on /opt/airflow/dags/lap_time_analysis.py
[2026-08-08T08:21:33.187+0000] {processor.py:830} INFO - Processing file /opt/airflow/dags/lap_time_analysis.py for tasks to queue
[2026-08-08T08:21:33.191+0000] {logging_mixin.py:188} INFO - [2026-08-08T08:21:33.191+0000] {dagbag.py:545} INFO - Filling up the DagBag from /opt/airflow/dags/lap_time_analysis.py
[2026-08-08T08:21:33.323+0000] {processor.py:840} INFO - DAG(s) 'lap_time_analysis' retrieved from /opt/airflow/dags/lap_time_analysis.py
[2026-08-08T08:21:33.356+0000] {logging_mixin.py:188} INFO - [2026-08-08T08:21:33.356+0000] {dag.py:3096} INFO - Sync 1 DAGs
[2026-08-08T08:21:33.374+0000] {logging_mixin.py:188} INFO - [2026-08-08T08:21:33.373+0000] {dag.py:3954} INFO - Setting next_dagrun for lap_time_analysis to None, run_after=None
[2026-08-08T08:21:33.405+0000] {processor.py:183} INFO - Processing /opt/airflow/dags/lap_time_analysis.py took 0.231 seconds
[2026-08-08T08:22:03.535+0000] {processor.py:161} INFO - Started process (PID=1598) to work on /opt/airflow/dags/lap_time_analysis.py
[2026-08-08T08:22:03.538+0000] {processor.py:830} INFO - Processing file /opt/airflow/dags/lap_time_analysis.py for tasks to queue
[2026-08-08T08:22:03.555+0000] {logging_mixin.py:188} INFO - [2026-08-08T08:22:03.550+0000] {dagbag.py:545} INFO - Filling up the DagBag from /opt/airflow/dags/lap_time_analysis.py
[2026-08-08T08:22:03.917+0000] {processor.py:840} INFO - DAG(s) 'lap_time_analysis' retrieved from /opt/airflow/dags/lap_time_analysis.py
[2026-08-08T08:22:03.953+0000] {logging_mixin.py:188} INFO - [2026-08-08T08:22:03.953+0000] {dag.py:3096} INFO - Sync 1 DAGs
[2026-08-08T08:22:03.977+0000] {logging_mixin.py:188} INFO - [2026-08-08T08:22:03.977+0000] {dag.py:3954} INFO - Setting next_dagrun for lap_time_analysis to None, run_after=None
[2026-08-08T08:22:03.999+0000] {processor.py:183} INFO - Processing /opt/airflow/dags/lap_time_analysis.py took 0.473 seconds
[2026-08-08T08:22:34.452+0000] {processor.py:161} INFO - Started process (PID=1609) to work on /opt/airflow/dags/lap_time_analysis.py
[2026-08-08T08:22:34.456+0000] {processor.py:830} INFO - Processing file /opt/airflow/dags/lap_time_analysis.py for tasks to queue
[2026-08-08T08:22:34.462+0000] {logging_mixin.py:188} INFO - [2026-08-08T08:22:34.462+0000] {dagbag.py:545} INFO - Filling up the DagBag from /opt/airflow/dags/lap_time_analysis.py
[2026-08-08T08:22:34.618+0000] {processor.py:840} INFO - DAG(s) 'lap_time_analysis' retrieved from /opt/airflow/dags/lap_time_analysis.py
[2026-08-08T08:22:34.652+0000] {logging_mixin.py:188} INFO - [2026-08-08T08:22:34.652+0000] {dag.py:3096} INFO - Sync 1 DAGs
[2026-08-08T08:22:34.672+0000] {logging_mixin.py:188} INFO - [2026-08-08T08:22:34.672+0000] {dag.py:3954} INFO - Setting next_dagrun for lap_time_analysis to None, run_after=None
[2026-08-08T08:22:34.700+0000] {processor.py:183} INFO - Processing /opt/airflow/dags/lap_time_analysis.py took 0.270 seconds
[2026-08-08T08:23:04.842+0000] {processor.py:161} INFO - Started process (PID=1620) to work on /opt/airflow/dags/lap_time_analysis.py
[2026-08-08T08:23:04.845+0000] {processor.py:830} INFO - Processing file /opt/airflow/dags/lap_time_analysis.py for tasks to queue
[2026-08-08T08:23:04.852+0000] {logging_mixin.py:188} INFO - [2026-08-08T08:23:04.852+0000] {dagbag.py:545} INFO - Filling up the DagBag from /opt/airflow/dags/lap_time_analysis.py
[2026-08-08T08:23:05.087+0000] {processor.py:840} INFO - DAG(s) 'lap_time_analysis' retrieved from /opt/airflow/dags/lap_time_analysis.py
[2026-08-08T08:23:05.201+0000] {logging_mixin.py:188} INFO - [2026-08-08T08:23:05.201+0000] {dag.py:3096} INFO - Sync 1 DAGs
[2026-08-08T08:23:05.221+0000] {logging_mixin.py:188} INFO - [2026-08-08T08:23:05.221+0000] {dag.py:3954} INFO - Setting next_dagrun for lap_time_analysis to None, run_after=None
[2026-08-08T08:23:05.250+0000] {processor.py:183} INFO - Processing /opt/airflow/dags/lap_time_analysis.py took 0.352 seconds
[2026-08-08T08:23:35.621+0000] {processor.py:161} INFO - Started process (PID=1631) to work on /opt/airflow/dags/lap_time_analysis.py
[2026-08-08T08:23:35.623+0000] {processor.py:830} INFO - Processing file /opt/airflow/dags/lap_time_analysis.py for tasks to queue
[2026-08-08T08:23:35.626+0000] {logging_mixin.py:188} INFO - [2026-08-08T08:23:35.626+0000] {dagbag.py:545} INFO - Filling up the DagBag from /opt/airflow/dags/lap_time_analysis.py
[2026-08-08T08:23:35.727+0000] {processor.py:840} INFO - DAG(s) 'lap_time_analysis' retrieved from /opt/airflow/dags/lap_time_analysis.py
[2026-08-08T08:23:35.757+0000] {logging_mixin.py:188} INFO - [2026-08-08T08:23:35.756+0000] {dag.py:3096} INFO - Sync 1 DAGs
[2026-08-08T08:23:35.770+0000] {logging_mixin.py:188} INFO - [2026-08-08T08:23:35.769+0000] {dag.py:3954} INFO - Setting next_dagrun for lap_time_analysis to None, run_after=None
[2026-08-08T08:23:35.790+0000] {processor.py:183} INFO - Processing /opt/airflow/dags/lap_time_analysis.py took 0.176 seconds
[2026-08-08T08:24:06.455+0000] {processor.py:161} INFO - Started process (PID=1642) to work on /opt/airflow/dags/lap_time_analysis.py
[2026-08-08T08:24:06.467+0000] {processor.py:830} INFO - Processing file /opt/airflow/dags/lap_time_analysis.py for tasks to queue
[2026-08-08T08:24:06.504+0000] {logging_mixin.py:188} INFO - [2026-08-08T08:24:06.500+0000] {dagbag.py:545} INFO - Filling up the DagBag from /opt/airflow/dags/lap_time_analysis.py
[2026-08-08T08:24:07.319+0000] {processor.py:840} INFO - DAG(s) 'lap_time_analysis' retrieved from /opt/airflow/dags/lap_time_analysis.py
[2026-08-08T08:24:07.394+0000] {logging_mixin.py:188} INFO - [2026-08-08T08:24:07.393+0000] {dag.py:3096} INFO - Sync 1 DAGs
[2026-08-08T08:24:07.422+0000] {logging_mixin.py:188} INFO - [2026-08-08T08:24:07.422+0000] {dag.py:3954} INFO - Setting next_dagrun for lap_time_analysis to None, run_after=None
[2026-08-08T08:24:07.454+0000] {processor.py:183} INFO - Processing /opt/airflow/dags/lap_time_analysis.py took 1.059 seconds
[2026-08-08T08:24:37.966+0000] {processor.py:161} INFO - Started process (PID=1653) to work on /opt/airflow/dags/lap_time_analysis.py
[2026-08-08T08:24:37.968+0000] {processor.py:830} INFO - Processing file /opt/airflow/dags/lap_time_analysis.py for tasks to queue
[2026-08-08T08:24:37.971+0000] {logging_mixin.py:188} INFO - [2026-08-08T08:24:37.970+0000] {dagbag.py:545} INFO - Filling up the DagBag from /opt/airflow/dags/lap_time_analysis.py
[2026-08-08T08:24:38.171+0000] {processor.py:840} INFO - DAG(s) 'lap_time_analysis' retrieved from /opt/airflow/dags/lap_time_analysis.py
[2026-08-08T08:24:38.198+0000] {logging_mixin.py:188} INFO - [2026-08-08T08:24:38.198+0000] {dag.py:3096} INFO - Sync 1 DAGs
[2026-08-08T08:24:38.211+0000] {logging_mixin.py:188} INFO - [2026-08-08T08:24:38.211+0000] {dag.py:3954} INFO - Setting next_dagrun for lap_time_analysis to None, run_after=None
[2026-08-08T08:24:38.234+0000] {processor.py:183} INFO - Processing /opt/airflow/dags/lap_time_analysis.py took 0.273 seconds
[2026-08-08T08:25:08.685+0000] {processor.py:161} INFO - Started process (PID=1664) to work on /opt/airflow/dags/lap_time_analysis.py
[2026-08-08T08:25:08.687+0000] {processor.py:830} INFO - Processing file /opt/airflow/dags/lap_time_analysis.py for tasks to queue
[2026-08-08T08:25:08.690+0000] {logging_mixin.py:188} INFO - [2026-08-08T08:25:08.690+0000] {dagbag.py:545} INFO - Filling up the DagBag from /opt/airflow/dags/lap_time_analysis.py
[2026-08-08T08:25:09.237+0000] {processor.py:840} INFO - DAG(s) 'lap_time_analysis' retrieved from /opt/airflow/dags/lap_time_analysis.py
[2026-08-08T08:25:09.493+0000] {logging_mixin.py:188} INFO - [2026-08-08T08:25:09.492+0000] {dag.py:3096} INFO - Sync 1 DAGs
[2026-08-08T08:25:09.679+0000] {logging_mixin.py:188} INFO - [2026-08-08T08:25:09.679+0000] {dag.py:3954} INFO - Setting next_dagrun for lap_time_analysis to None, run_after=None
[2026-08-08T08:25:09.722+0000] {processor.py:183} INFO - Processing /opt/airflow/dags/lap_time_analysis.py took 1.051 seconds
[2026-08-08T08:25:40.128+0000] {processor.py:161} INFO - Started process (PID=1675) to work on /opt/airflow/dags/lap_time_analysis.py
[2026-08-08T08:25:40.129+0000] {processor.py:830} INFO - Processing file /opt/airflow/dags/lap_time_analysis.py for tasks to queue
[2026-08-08T08:25:40.133+0000] {logging_mixin.py:188} INFO - [2026-08-08T08:25:40.133+0000] {dagbag.py:545} INFO - Filling up the DagBag from /opt/airflow/dags/lap_time_analysis.py
[2026-08-08T08:25:40.394+0000] {processor.py:840} INFO - DAG(s) 'lap_time_analysis' retrieved from /opt/airflow/dags/lap_time_analysis.py
[2026-08-08T08:25:40.424+0000] {logging_mixin.py:188} INFO - [2026-08-08T08:25:40.424+0000] {dag.py:3096} INFO - Sync 1 DAGs
[2026-08-08T08:25:40.438+0000] {logging_mixin.py:188} INFO - [2026-08-08T08:25:40.437+0000] {dag.py:3954} INFO - Setting next_dagrun for lap_time_analysis to None, run_after=None
[2026-08-08T08:25:40.458+0000] {processor.py:183} INFO - Processing /opt/airflow/dags/lap_time_analysis.py took 0.336 seconds
[2026-08-08T08:26:11.369+0000] {processor.py:161} INFO - Started process (PID=1683) to work on /opt/airflow/dags/lap_time_analysis.py
[2026-08-08T08:26:11.401+0000] {processor.py:830} INFO - Processing file /opt/airflow/dags/lap_time_analysis.py for tasks to queue
[2026-08-08T08:26:11.458+0000] {logging_mixin.py:188} INFO - [2026-08-08T08:26:11.450+0000] {dagbag.py:545} INFO - Filling up the DagBag from /opt/airflow/dags/lap_time_analysis.py
[2026-08-08T08:26:13.942+0000] {processor.py:840} INFO - DAG(s) 'lap_time_analysis' retrieved from /opt/airflow/dags/lap_time_analysis.py
[2026-08-08T08:26:14.375+0000] {logging_mixin.py:188} INFO - [2026-08-08T08:26:14.374+0000] {dag.py:3096} INFO - Sync 1 DAGs
[2026-08-08T08:26:14.704+0000] {logging_mixin.py:188} INFO - [2026-08-08T08:26:14.703+0000] {dag.py:3954} INFO - Setting next_dagrun for lap_time_analysis to None, run_after=None
[2026-08-08T08:26:14.999+0000] {processor.py:183} INFO - Processing /opt/airflow/dags/lap_time_analysis.py took 3.773 seconds
[2026-08-08T08:26:45.933+0000] {processor.py:161} INFO - Started process (PID=1691) to work on /opt/airflow/dags/lap_time_analysis.py
[2026-08-08T08:26:45.937+0000] {processor.py:830} INFO - Processing file /opt/airflow/dags/lap_time_analysis.py for tasks to queue
[2026-08-08T08:26:45.971+0000] {logging_mixin.py:188} INFO - [2026-08-08T08:26:45.966+0000] {dagbag.py:545} INFO - Filling up the DagBag from /opt/airflow/dags/lap_time_analysis.py
[2026-08-08T08:26:46.796+0000] {processor.py:840} INFO - DAG(s) 'lap_time_analysis' retrieved from /opt/airflow/dags/lap_time_analysis.py
[2026-08-08T08:26:46.977+0000] {logging_mixin.py:188} INFO - [2026-08-08T08:26:46.977+0000] {dag.py:3096} INFO - Sync 1 DAGs
[2026-08-08T08:26:47.108+0000] {logging_mixin.py:188} INFO - [2026-08-08T08:26:47.107+0000] {dag.py:3954} INFO - Setting next_dagrun for lap_time_analysis to None, run_after=None
[2026-08-08T08:26:47.195+0000] {processor.py:183} INFO - Processing /opt/airflow/dags/lap_time_analysis.py took 1.334 seconds
[2026-08-08T08:27:17.621+0000] {processor.py:161} INFO - Started process (PID=1702) to work on /opt/airflow/dags/lap_time_analysis.py
[2026-08-08T08:27:17.629+0000] {processor.py:830} INFO - Processing file /opt/airflow/dags/lap_time_analysis.py for tasks to queue
[2026-08-08T08:27:17.680+0000] {logging_mixin.py:188} INFO - [2026-08-08T08:27:17.673+0000] {dagbag.py:545} INFO - Filling up the DagBag from /opt/airflow/dags/lap_time_analysis.py
[2026-08-08T08:27:19.951+0000] {processor.py:840} INFO - DAG(s) 'lap_time_analysis' retrieved from /opt/airflow/dags/lap_time_analysis.py
[2026-08-08T08:27:20.152+0000] {logging_mixin.py:188} INFO - [2026-08-08T08:27:20.152+0000] {dag.py:3096} INFO - Sync 1 DAGs
[2026-08-08T08:27:20.363+0000] {logging_mixin.py:188} INFO - [2026-08-08T08:27:20.362+0000] {dag.py:3954} INFO - Setting next_dagrun for lap_time_analysis to None, run_after=None
[2026-08-08T08:27:20.922+0000] {processor.py:183} INFO - Processing /opt/airflow/dags/lap_time_analysis.py took 3.419 seconds
[2026-08-08T08:27:51.374+0000] {processor.py:161} INFO - Started process (PID=1713) to work on /opt/airflow/dags/lap_time_analysis.py
[2026-08-08T08:27:51.375+0000] {processor.py:830} INFO - Processing file /opt/airflow/dags/lap_time_analysis.py for tasks to queue
[2026-08-08T08:27:51.379+0000] {logging_mixin.py:188} INFO - [2026-08-08T08:27:51.378+0000] {dagbag.py:545} INFO - Filling up the DagBag from /opt/airflow/dags/lap_time_analysis.py
[2026-08-08T08:27:51.734+0000] {processor.py:840} INFO - DAG(s) 'lap_time_analysis' retrieved from /opt/airflow/dags/lap_time_analysis.py
[2026-08-08T08:27:51.766+0000] {logging_mixin.py:188} INFO - [2026-08-08T08:27:51.766+0000] {dag.py:3096} INFO - Sync 1 DAGs
[2026-08-08T08:27:51.799+0000] {logging_mixin.py:188} INFO - [2026-08-08T08:27:51.798+0000] {dag.py:3954} INFO - Setting next_dagrun for lap_time_analysis to None, run_after=None
[2026-08-08T08:27:51.828+0000] {processor.py:183} INFO - Processing /opt/airflow/dags/lap_time_analysis.py took 0.460 seconds
[2026-08-08T08:28:22.303+0000] {processor.py:161} INFO - Started process (PID=1724) to work on /opt/airflow/dags/lap_time_analysis.py
[2026-08-08T08:28:22.324+0000] {processor.py:830} INFO - Processing file /opt/airflow/dags/lap_time_analysis.py for tasks to queue
[2026-08-08T08:28:22.363+0000] {logging_mixin.py:188} INFO - [2026-08-08T08:28:22.359+0000] {dagbag.py:545} INFO - Filling up the DagBag from /opt/airflow/dags/lap_time_analysis.py
[2026-08-08T08:28:23.125+0000] {processor.py:840} INFO - DAG(s) 'lap_time_analysis' retrieved from /opt/airflow/dags/lap_time_analysis.py
[2026-08-08T08:28:23.266+0000] {logging_mixin.py:188} INFO - [2026-08-08T08:28:23.265+0000] {dag.py:3096} INFO - Sync 1 DAGs
[2026-08-08T08:28:23.340+0000] {logging_mixin.py:188} INFO - [2026-08-08T08:28:23.340+0000] {dag.py:3954} INFO - Setting next_dagrun for lap_time_analysis to None, run_after=None
[2026-08-08T08:28:23.375+0000] {processor.py:183} INFO - Processing /opt/airflow/dags/lap_time_analysis.py took 1.180 seconds
[2026-08-08T08:28:53.771+0000] {processor.py:161} INFO - Started process (PID=1735) to work on /opt/airflow/dags/lap_time_analysis.py
[2026-08-08T08:28:53.776+0000] {processor.py:830} INFO - Processing file /opt/airflow/dags/lap_time_analysis.py for tasks to queue
[2026-08-08T08:28:53.784+0000] {logging_mixin.py:188} INFO - [2026-08-08T08:28:53.783+0000] {dagbag.py:545} INFO - Filling up the DagBag from /opt/airflow/dags/lap_time_analysis.py
[2026-08-08T08:28:53.933+0000] {processor.py:840} INFO - DAG(s) 'lap_time_analysis' retrieved from /opt/airflow/dags/lap_time_analysis.py
[2026-08-08T08:28:53.962+0000] {logging_mixin.py:188} INFO - [2026-08-08T08:28:53.962+0000] {dag.py:3096} INFO - Sync 1 DAGs
[2026-08-08T08:28:53.975+0000] {logging_mixin.py:188} INFO - [2026-08-08T08:28:53.975+0000] {dag.py:3954} INFO - Setting next_dagrun for lap_time_analysis to None, run_after=None
[2026-08-08T08:28:53.999+0000] {processor.py:183} INFO - Processing /opt/airflow/dags/lap_time_analysis.py took 0.241 seconds
[2026-08-08T08:29:24.099+0000] {processor.py:161} INFO - Started process (PID=1746) to work on /opt/airflow/dags/lap_time_analysis.py
[2026-08-08T08:29:24.101+0000] {processor.py:830} INFO - Processing file /opt/airflow/dags/lap_time_analysis.py for tasks to queue
[2026-08-08T08:29:24.104+0000] {logging_mixin.py:188} INFO - [2026-08-08T08:29:24.104+0000] {dagbag.py:545} INFO - Filling up the DagBag from /opt/airflow/dags/lap_time_analysis.py
[2026-08-08T08:29:24.380+0000] {processor.py:840} INFO - DAG(s) 'lap_time_analysis' retrieved from /opt/airflow/dags/lap_time_analysis.py
[2026-08-08T08:29:24.409+0000] {logging_mixin.py:188} INFO - [2026-08-08T08:29:24.409+0000] {dag.py:3096} INFO - Sync 1 DAGs
[2026-08-08T08:29:24.427+0000] {logging_mixin.py:188} INFO - [2026-08-08T08:29:24.427+0000] {dag.py:3954} INFO - Setting next_dagrun for lap_time_analysis to None, run_after=None
[2026-08-08T08:29:24.451+0000] {processor.py:183} INFO - Processing /opt/airflow/dags/lap_time_analysis.py took 0.366 seconds
[2026-08-08T08:29:54.541+0000] {processor.py:161} INFO - Started process (PID=1757) to work on /opt/airflow/dags/lap_time_analysis.py
[2026-08-08T08:29:54.543+0000] {processor.py:830} INFO - Processing file /opt/airflow/dags/lap_time_analysis.py for tasks to queue
[2026-08-08T08:29:54.546+0000] {logging_mixin.py:188} INFO - [2026-08-08T08:29:54.545+0000] {dagbag.py:545} INFO - Filling up the DagBag from /opt/airflow/dags/lap_time_analysis.py
[2026-08-08T08:29:54.827+0000] {processor.py:840} INFO - DAG(s) 'lap_time_analysis' retrieved from /opt/airflow/dags/lap_time_analysis.py
[2026-08-08T08:29:54.875+0000] {logging_mixin.py:188} INFO - [2026-08-08T08:29:54.874+0000] {dag.py:3096} INFO - Sync 1 DAGs
[2026-08-08T08:29:54.897+0000] {logging_mixin.py:188} INFO - [2026-08-08T08:29:54.897+0000] {dag.py:3954} INFO - Setting next_dagrun for lap_time_analysis to None, run_after=None
[2026-08-08T08:29:54.929+0000] {processor.py:183} INFO - Processing /opt/airflow/dags/lap_time_analysis.py took 0.395 seconds
[2026-08-08T08:30:25.272+0000] {processor.py:161} INFO - Started process (PID=1768) to work on /opt/airflow/dags/lap_time_analysis.py
[2026-08-08T08:30:25.273+0000] {processor.py:830} INFO - Processing file /opt/airflow/dags/lap_time_analysis.py for tasks to queue
[2026-08-08T08:30:25.276+0000] {logging_mixin.py:188} INFO - [2026-08-08T08:30:25.276+0000] {dagbag.py:545} INFO - Filling up the DagBag from /opt/airflow/dags/lap_time_analysis.py
[2026-08-08T08:30:25.391+0000] {processor.py:840} INFO - DAG(s) 'lap_time_analysis' retrieved from /opt/airflow/dags/lap_time_analysis.py
[2026-08-08T08:30:25.420+0000] {logging_mixin.py:188} INFO - [2026-08-08T08:30:25.419+0000] {dag.py:3096} INFO - Sync 1 DAGs
[2026-08-08T08:30:25.434+0000] {logging_mixin.py:188} INFO - [2026-08-08T08:30:25.433+0000] {dag.py:3954} INFO - Setting next_dagrun for lap_time_analysis to None, run_after=None
[2026-08-08T08:30:25.454+0000] {processor.py:183} INFO - Processing /opt/airflow/dags/lap_time_analysis.py took 0.190 seconds
[2026-08-08T08:30:55.851+0000] {processor.py:161} INFO - Started process (PID=1779) to work on /opt/airflow/dags/lap_time_analysis.py
[2026-08-08T08:30:55.853+0000] {processor.py:830} INFO - Processing file /opt/airflow/dags/lap_time_analysis.py for tasks to queue
[2026-08-08T08:30:55.856+0000] {logging_mixin.py:188} INFO - [2026-08-08T08:30:55.855+0000] {dagbag.py:545} INFO - Filling up the DagBag from /opt/airflow/dags/lap_time_analysis.py
[2026-08-08T08:30:56.339+0000] {processor.py:840} INFO - DAG(s) 'lap_time_analysis' retrieved from /opt/airflow/dags/lap_time_analysis.py
[2026-08-08T08:30:56.569+0000] {logging_mixin.py:188} INFO - [2026-08-08T08:30:56.568+0000] {dag.py:3096} INFO - Sync 1 DAGs
[2026-08-08T08:30:56.643+0000] {logging_mixin.py:188} INFO - [2026-08-08T08:30:56.643+0000] {dag.py:3954} INFO - Setting next_dagrun for lap_time_analysis to None, run_after=None
[2026-08-08T08:30:56.710+0000] {processor.py:183} INFO - Processing /opt/airflow/dags/lap_time_analysis.py took 0.866 seconds
[2026-08-08T08:31:32.353+0000] {processor.py:161} INFO - Started process (PID=1786) to work on /opt/airflow/dags/lap_time_analysis.py
[2026-08-08T08:31:32.363+0000] {processor.py:830} INFO - Processing file /opt/airflow/dags/lap_time_analysis.py for tasks to queue
[2026-08-08T08:31:32.427+0000] {logging_mixin.py:188} INFO - [2026-08-08T08:31:32.418+0000] {dagbag.py:545} INFO - Filling up the DagBag from /opt/airflow/dags/lap_time_analysis.py
[2026-08-08T08:31:33.945+0000] {processor.py:840} INFO - DAG(s) 'lap_time_analysis' retrieved from /opt/airflow/dags/lap_time_analysis.py
[2026-08-08T08:31:34.301+0000] {logging_mixin.py:188} INFO - [2026-08-08T08:31:34.301+0000] {dag.py:3096} INFO - Sync 1 DAGs
[2026-08-08T08:31:34.481+0000] {logging_mixin.py:188} INFO - [2026-08-08T08:31:34.481+0000] {dag.py:3954} INFO - Setting next_dagrun for lap_time_analysis to None, run_after=None
[2026-08-08T08:31:34.684+0000] {processor.py:183} INFO - Processing /opt/airflow/dags/lap_time_analysis.py took 4.691 seconds
[2026-08-08T08:32:05.123+0000] {processor.py:161} INFO - Started process (PID=1795) to work on /opt/airflow/dags/lap_time_analysis.py
[2026-08-08T08:32:05.124+0000] {processor.py:830} INFO - Processing file /opt/airflow/dags/lap_time_analysis.py for tasks to queue
[2026-08-08T08:32:05.129+0000] {logging_mixin.py:188} INFO - [2026-08-08T08:32:05.128+0000] {dagbag.py:545} INFO - Filling up the DagBag from /opt/airflow/dags/lap_time_analysis.py
[2026-08-08T08:32:05.358+0000] {processor.py:840} INFO - DAG(s) 'lap_time_analysis' retrieved from /opt/airflow/dags/lap_time_analysis.py
[2026-08-08T08:32:05.429+0000] {logging_mixin.py:188} INFO - [2026-08-08T08:32:05.429+0000] {dag.py:3096} INFO - Sync 1 DAGs
[2026-08-08T08:32:05.451+0000] {logging_mixin.py:188} INFO - [2026-08-08T08:32:05.451+0000] {dag.py:3954} INFO - Setting next_dagrun for lap_time_analysis to None, run_after=None
[2026-08-08T08:32:05.477+0000] {processor.py:183} INFO - Processing /opt/airflow/dags/lap_time_analysis.py took 0.366 seconds
[2026-08-08T08:32:35.692+0000] {processor.py:161} INFO - Started process (PID=1806) to work on /opt/airflow/dags/lap_time_analysis.py
[2026-08-08T08:32:35.693+0000] {processor.py:830} INFO - Processing file /opt/airflow/dags/lap_time_analysis.py for tasks to queue
[2026-08-08T08:32:35.697+0000] {logging_mixin.py:188} INFO - [2026-08-08T08:32:35.697+0000] {dagbag.py:545} INFO - Filling up the DagBag from /opt/airflow/dags/lap_time_analysis.py
[2026-08-08T08:32:35.819+0000] {processor.py:840} INFO - DAG(s) 'lap_time_analysis' retrieved from /opt/airflow/dags/lap_time_analysis.py
[2026-08-08T08:32:35.924+0000] {logging_mixin.py:188} INFO - [2026-08-08T08:32:35.924+0000] {dag.py:3096} INFO - Sync 1 DAGs
[2026-08-08T08:32:35.948+0000] {logging_mixin.py:188} INFO - [2026-08-08T08:32:35.948+0000] {dag.py:3954} INFO - Setting next_dagrun for lap_time_analysis to None, run_after=None
[2026-08-08T08:32:35.974+0000] {processor.py:183} INFO - Processing /opt/airflow/dags/lap_time_analysis.py took 0.289 seconds
[2026-08-08T08:33:06.149+0000] {processor.py:161} INFO - Started process (PID=1817) to work on /opt/airflow/dags/lap_time_analysis.py
[2026-08-08T08:33:06.156+0000] {processor.py:830} INFO - Processing file /opt/airflow/dags/lap_time_analysis.py for tasks to queue
[2026-08-08T08:33:06.172+0000] {logging_mixin.py:188} INFO - [2026-08-08T08:33:06.171+0000] {dagbag.py:545} INFO - Filling up the DagBag from /opt/airflow/dags/lap_time_analysis.py
[2026-08-08T08:33:06.812+0000] {processor.py:840} INFO - DAG(s) 'lap_time_analysis' retrieved from /opt/airflow/dags/lap_time_analysis.py
[2026-08-08T08:33:06.960+0000] {logging_mixin.py:188} INFO - [2026-08-08T08:33:06.960+0000] {dag.py:3096} INFO - Sync 1 DAGs
[2026-08-08T08:33:07.032+0000] {logging_mixin.py:188} INFO - [2026-08-08T08:33:07.032+0000] {dag.py:3954} INFO - Setting next_dagrun for lap_time_analysis to None, run_after=None
[2026-08-08T08:33:07.106+0000] {processor.py:183} INFO - Processing /opt/airflow/dags/lap_time_analysis.py took 1.028 seconds
[2026-08-08T08:33:37.618+0000] {processor.py:161} INFO - Started process (PID=1828) to work on /opt/airflow/dags/lap_time_analysis.py
[2026-08-08T08:33:37.623+0000] {processor.py:830} INFO - Processing file /opt/airflow/dags/lap_time_analysis.py for tasks to queue
[2026-08-08T08:33:37.636+0000] {logging_mixin.py:188} INFO - [2026-08-08T08:33:37.634+0000] {dagbag.py:545} INFO - Filling up the DagBag from /opt/airflow/dags/lap_time_analysis.py
[2026-08-08T08:33:38.091+0000] {processor.py:840} INFO - DAG(s) 'lap_time_analysis' retrieved from /opt/airflow/dags/lap_time_analysis.py
[2026-08-08T08:33:38.232+0000] {logging_mixin.py:188} INFO - [2026-08-08T08:33:38.232+0000] {dag.py:3096} INFO - Sync 1 DAGs
[2026-08-08T08:33:38.258+0000] {logging_mixin.py:188} INFO - [2026-08-08T08:33:38.257+0000] {dag.py:3954} INFO - Setting next_dagrun for lap_time_analysis to None, run_after=None
[2026-08-08T08:33:38.285+0000] {processor.py:183} INFO - Processing /opt/airflow/dags/lap_time_analysis.py took 0.698 seconds
[2026-08-08T08:34:08.562+0000] {processor.py:161} INFO - Started process (PID=1839) to work on /opt/airflow/dags/lap_time_analysis.py
[2026-08-08T08:34:08.564+0000] {processor.py:830} INFO - Processing file /opt/airflow/dags/lap_time_analysis.py for tasks to queue
[2026-08-08T08:34:08.568+0000] {logging_mixin.py:188} INFO - [2026-08-08T08:34:08.567+0000] {dagbag.py:545} INFO - Filling up the DagBag from /opt/airflow/dags/lap_time_analysis.py
[2026-08-08T08:34:08.700+0000] {processor.py:840} INFO - DAG(s) 'lap_time_analysis' retrieved from /opt/airflow/dags/lap_time_analysis.py
[2026-08-08T08:34:08.773+0000] {logging_mixin.py:188} INFO - [2026-08-08T08:34:08.772+0000] {dag.py:3096} INFO - Sync 1 DAGs
[2026-08-08T08:34:08.791+0000] {logging_mixin.py:188} INFO - [2026-08-08T08:34:08.791+0000] {dag.py:3954} INFO - Setting next_dagrun for lap_time_analysis to None, run_after=None
[2026-08-08T08:34:08.817+0000] {processor.py:183} INFO - Processing /opt/airflow/dags/lap_time_analysis.py took 0.262 seconds
[2026-08-08T08:34:39.439+0000] {processor.py:161} INFO - Started process (PID=1850) to work on /opt/airflow/dags/lap_time_analysis.py
[2026-08-08T08:34:39.449+0000] {processor.py:830} INFO - Processing file /opt/airflow/dags/lap_time_analysis.py for tasks to queue
[2026-08-08T08:34:39.466+0000] {logging_mixin.py:188} INFO - [2026-08-08T08:34:39.464+0000] {dagbag.py:545} INFO - Filling up the DagBag from /opt/airflow/dags/lap_time_analysis.py
[2026-08-08T08:34:39.948+0000] {processor.py:840} INFO - DAG(s) 'lap_time_analysis' retrieved from /opt/airflow/dags/lap_time_analysis.py
[2026-08-08T08:34:40.021+0000] {logging_mixin.py:188} INFO - [2026-08-08T08:34:40.020+0000] {dag.py:3096} INFO - Sync 1 DAGs
[2026-08-08T08:34:40.046+0000] {logging_mixin.py:188} INFO - [2026-08-08T08:34:40.046+0000] {dag.py:3954} INFO - Setting next_dagrun for lap_time_analysis to None, run_after=None
[2026-08-08T08:34:40.118+0000] {processor.py:183} INFO - Processing /opt/airflow/dags/lap_time_analysis.py took 0.707 seconds
[2026-08-08T08:35:11.007+0000] {processor.py:161} INFO - Started process (PID=1861) to work on /opt/airflow/dags/lap_time_analysis.py
[2026-08-08T08:35:11.016+0000] {processor.py:830} INFO - Processing file /opt/airflow/dags/lap_time_analysis.py for tasks to queue
[2026-08-08T08:35:11.081+0000] {logging_mixin.py:188} INFO - [2026-08-08T08:35:11.069+0000] {dagbag.py:545} INFO - Filling up the DagBag from /opt/airflow/dags/lap_time_analysis.py
[2026-08-08T08:35:15.771+0000] {processor.py:840} INFO - DAG(s) 'lap_time_analysis' retrieved from /opt/airflow/dags/lap_time_analysis.py
[2026-08-08T08:35:16.032+0000] {logging_mixin.py:188} INFO - [2026-08-08T08:35:16.031+0000] {dag.py:3096} INFO - Sync 1 DAGs
[2026-08-08T08:35:16.175+0000] {logging_mixin.py:188} INFO - [2026-08-08T08:35:16.174+0000] {dag.py:3954} INFO - Setting next_dagrun for lap_time_analysis to None, run_after=None
[2026-08-08T08:35:16.252+0000] {processor.py:183} INFO - Processing /opt/airflow/dags/lap_time_analysis.py took 5.501 seconds
[2026-08-08T08:35:47.924+0000] {processor.py:161} INFO - Started process (PID=1870) to work on /opt/airflow/dags/lap_time_analysis.py
[2026-08-08T08:35:47.937+0000] {processor.py:830} INFO - Processing file /opt/airflow/dags/lap_time_analysis.py for tasks to queue
[2026-08-08T08:35:47.948+0000] {logging_mixin.py:188} INFO - [2026-08-08T08:35:47.946+0000] {dagbag.py:545} INFO - Filling up the DagBag from /opt/airflow/dags/lap_time_analysis.py
[2026-08-08T08:35:49.218+0000] {processor.py:840} INFO - DAG(s) 'lap_time_analysis' retrieved from /opt/airflow/dags/lap_time_analysis.py
[2026-08-08T08:35:49.512+0000] {logging_mixin.py:188} INFO - [2026-08-08T08:35:49.510+0000] {dag.py:3096} INFO - Sync 1 DAGs
[2026-08-08T08:35:49.847+0000] {logging_mixin.py:188} INFO - [2026-08-08T08:35:49.847+0000] {dag.py:3954} INFO - Setting next_dagrun for lap_time_analysis to None, run_after=None
[2026-08-08T08:35:50.050+0000] {processor.py:183} INFO - Processing /opt/airflow/dags/lap_time_analysis.py took 2.242 seconds
[2026-08-08T08:36:20.868+0000] {processor.py:161} INFO - Started process (PID=1877) to work on /opt/airflow/dags/lap_time_analysis.py
[2026-08-08T08:36:20.876+0000] {processor.py:830} INFO - Processing file /opt/airflow/dags/lap_time_analysis.py for tasks to queue
[2026-08-08T08:36:20.922+0000] {logging_mixin.py:188} INFO - [2026-08-08T08:36:20.916+0000] {dagbag.py:545} INFO - Filling up the DagBag from /opt/airflow/dags/lap_time_analysis.py
[2026-08-08T08:36:22.002+0000] {processor.py:840} INFO - DAG(s) 'lap_time_analysis' retrieved from /opt/airflow/dags/lap_time_analysis.py
[2026-08-08T08:36:22.404+0000] {logging_mixin.py:188} INFO - [2026-08-08T08:36:22.403+0000] {dag.py:3096} INFO - Sync 1 DAGs
[2026-08-08T08:36:22.606+0000] {logging_mixin.py:188} INFO - [2026-08-08T08:36:22.605+0000] {dag.py:3954} INFO - Setting next_dagrun for lap_time_analysis to None, run_after=None
[2026-08-08T08:36:22.696+0000] {processor.py:183} INFO - Processing /opt/airflow/dags/lap_time_analysis.py took 1.932 seconds
[2026-08-08T08:36:53.411+0000] {processor.py:161} INFO - Started process (PID=1888) to work on /opt/airflow/dags/lap_time_analysis.py
[2026-08-08T08:36:53.415+0000] {processor.py:830} INFO - Processing file /opt/airflow/dags/lap_time_analysis.py for tasks to queue
[2026-08-08T08:36:53.440+0000] {logging_mixin.py:188} INFO - [2026-08-08T08:36:53.435+0000] {dagbag.py:545} INFO - Filling up the DagBag from /opt/airflow/dags/lap_time_analysis.py
[2026-08-08T08:36:54.227+0000] {processor.py:840} INFO - DAG(s) 'lap_time_analysis' retrieved from /opt/airflow/dags/lap_time_analysis.py
[2026-08-08T08:36:54.443+0000] {logging_mixin.py:188} INFO - [2026-08-08T08:36:54.443+0000] {dag.py:3096} INFO - Sync 1 DAGs
[2026-08-08T08:36:54.578+0000] {logging_mixin.py:188} INFO - [2026-08-08T08:36:54.578+0000] {dag.py:3954} INFO - Setting next_dagrun for lap_time_analysis to None, run_after=None
[2026-08-08T08:36:54.646+0000] {processor.py:183} INFO - Processing /opt/airflow/dags/lap_time_analysis.py took 1.259 seconds
[2026-08-08T08:37:24.796+0000] {processor.py:161} INFO - Started process (PID=1899) to work on /opt/airflow/dags/lap_time_analysis.py
[2026-08-08T08:37:24.799+0000] {processor.py:830} INFO - Processing file /opt/airflow/dags/lap_time_analysis.py for tasks to queue
[2026-08-08T08:37:24.802+0000] {logging_mixin.py:188} INFO - [2026-08-08T08:37:24.802+0000] {dagbag.py:545} INFO - Filling up the DagBag from /opt/airflow/dags/lap_time_analysis.py
[2026-08-08T08:37:25.231+0000] {processor.py:840} INFO - DAG(s) 'lap_time_analysis' retrieved from /opt/airflow/dags/lap_time_analysis.py
[2026-08-08T08:37:25.269+0000] {logging_mixin.py:188} INFO - [2026-08-08T08:37:25.269+0000] {dag.py:3096} INFO - Sync 1 DAGs
[2026-08-08T08:37:25.289+0000] {logging_mixin.py:188} INFO - [2026-08-08T08:37:25.289+0000] {dag.py:3954} INFO - Setting next_dagrun for lap_time_analysis to None, run_after=None
[2026-08-08T08:37:25.329+0000] {processor.py:183} INFO - Processing /opt/airflow/dags/lap_time_analysis.py took 0.545 seconds
[2026-08-08T08:37:55.743+0000] {processor.py:161} INFO - Started process (PID=1910) to work on /opt/airflow/dags/lap_time_analysis.py
[2026-08-08T08:37:55.745+0000] {processor.py:830} INFO - Processing file /opt/airflow/dags/lap_time_analysis.py for tasks to queue
[2026-08-08T08:37:55.756+0000] {logging_mixin.py:188} INFO - [2026-08-08T08:37:55.754+0000] {dagbag.py:545} INFO - Filling up the DagBag from /opt/airflow/dags/lap_time_analysis.py
[2026-08-08T08:37:56.029+0000] {processor.py:840} INFO - DAG(s) 'lap_time_analysis' retrieved from /opt/airflow/dags/lap_time_analysis.py
[2026-08-08T08:37:56.086+0000] {logging_mixin.py:188} INFO - [2026-08-08T08:37:56.085+0000] {dag.py:3096} INFO - Sync 1 DAGs
[2026-08-08T08:37:56.113+0000] {logging_mixin.py:188} INFO - [2026-08-08T08:37:56.112+0000] {dag.py:3954} INFO - Setting next_dagrun for lap_time_analysis to None, run_after=None
[2026-08-08T08:37:56.199+0000] {processor.py:183} INFO - Processing /opt/airflow/dags/lap_time_analysis.py took 0.464 seconds
[2026-08-08T08:38:26.552+0000] {processor.py:161} INFO - Started process (PID=1921) to work on /opt/airflow/dags/lap_time_analysis.py
[2026-08-08T08:38:26.557+0000] {processor.py:830} INFO - Processing file /opt/airflow/dags/lap_time_analysis.py for tasks to queue
[2026-08-08T08:38:26.567+0000] {logging_mixin.py:188} INFO - [2026-08-08T08:38:26.566+0000] {dagbag.py:545} INFO - Filling up the DagBag from /opt/airflow/dags/lap_time_analysis.py
[2026-08-08T08:38:26.913+0000] {processor.py:840} INFO - DAG(s) 'lap_time_analysis' retrieved from /opt/airflow/dags/lap_time_analysis.py
[2026-08-08T08:38:26.977+0000] {logging_mixin.py:188} INFO - [2026-08-08T08:38:26.976+0000] {dag.py:3096} INFO - Sync 1 DAGs
[2026-08-08T08:38:26.996+0000] {logging_mixin.py:188} INFO - [2026-08-08T08:38:26.995+0000] {dag.py:3954} INFO - Setting next_dagrun for lap_time_analysis to None, run_after=None
[2026-08-08T08:38:27.027+0000] {processor.py:183} INFO - Processing /opt/airflow/dags/lap_time_analysis.py took 0.514 seconds
[2026-08-08T08:38:58.104+0000] {processor.py:161} INFO - Started process (PID=1932) to work on /opt/airflow/dags/lap_time_analysis.py
[2026-08-08T08:38:58.109+0000] {processor.py:830} INFO - Processing file /opt/airflow/dags/lap_time_analysis.py for tasks to queue
[2026-08-08T08:38:58.158+0000] {logging_mixin.py:188} INFO - [2026-08-08T08:38:58.157+0000] {dagbag.py:545} INFO - Filling up the DagBag from /opt/airflow/dags/lap_time_analysis.py
[2026-08-08T08:38:59.248+0000] {processor.py:840} INFO - DAG(s) 'lap_time_analysis' retrieved from /opt/airflow/dags/lap_time_analysis.py
[2026-08-08T08:38:59.496+0000] {logging_mixin.py:188} INFO - [2026-08-08T08:38:59.496+0000] {dag.py:3096} INFO - Sync 1 DAGs
[2026-08-08T08:38:59.624+0000] {logging_mixin.py:188} INFO - [2026-08-08T08:38:59.623+0000] {dag.py:3954} INFO - Setting next_dagrun for lap_time_analysis to None, run_after=None
[2026-08-08T08:38:59.734+0000] {processor.py:183} INFO - Processing /opt/airflow/dags/lap_time_analysis.py took 1.647 seconds
[2026-08-08T08:39:30.219+0000] {processor.py:161} INFO - Started process (PID=1943) to work on /opt/airflow/dags/lap_time_analysis.py
[2026-08-08T08:39:30.225+0000] {processor.py:830} INFO - Processing file /opt/airflow/dags/lap_time_analysis.py for tasks to queue
[2026-08-08T08:39:30.250+0000] {logging_mixin.py:188} INFO - [2026-08-08T08:39:30.247+0000] {dagbag.py:545} INFO - Filling up the DagBag from /opt/airflow/dags/lap_time_analysis.py
[2026-08-08T08:39:30.691+0000] {processor.py:840} INFO - DAG(s) 'lap_time_analysis' retrieved from /opt/airflow/dags/lap_time_analysis.py
[2026-08-08T08:39:30.731+0000] {logging_mixin.py:188} INFO - [2026-08-08T08:39:30.731+0000] {dag.py:3096} INFO - Sync 1 DAGs
[2026-08-08T08:39:30.750+0000] {logging_mixin.py:188} INFO - [2026-08-08T08:39:30.750+0000] {dag.py:3954} INFO - Setting next_dagrun for lap_time_analysis to None, run_after=None
[2026-08-08T08:39:30.780+0000] {processor.py:183} INFO - Processing /opt/airflow/dags/lap_time_analysis.py took 0.607 seconds
[2026-08-08T08:40:00.969+0000] {processor.py:161} INFO - Started process (PID=1954) to work on /opt/airflow/dags/lap_time_analysis.py
[2026-08-08T08:40:00.972+0000] {processor.py:830} INFO - Processing file /opt/airflow/dags/lap_time_analysis.py for tasks to queue
[2026-08-08T08:40:00.977+0000] {logging_mixin.py:188} INFO - [2026-08-08T08:40:00.976+0000] {dagbag.py:545} INFO - Filling up the DagBag from /opt/airflow/dags/lap_time_analysis.py
[2026-08-08T08:40:01.543+0000] {processor.py:840} INFO - DAG(s) 'lap_time_analysis' retrieved from /opt/airflow/dags/lap_time_analysis.py
[2026-08-08T08:40:01.665+0000] {logging_mixin.py:188} INFO - [2026-08-08T08:40:01.664+0000] {dag.py:3096} INFO - Sync 1 DAGs
[2026-08-08T08:40:01.735+0000] {logging_mixin.py:188} INFO - [2026-08-08T08:40:01.735+0000] {dag.py:3954} INFO - Setting next_dagrun for lap_time_analysis to None, run_after=None
[2026-08-08T08:40:01.781+0000] {processor.py:183} INFO - Processing /opt/airflow/dags/lap_time_analysis.py took 0.832 seconds
[2026-08-08T08:40:32.315+0000] {processor.py:161} INFO - Started process (PID=1965) to work on /opt/airflow/dags/lap_time_analysis.py
[2026-08-08T08:40:32.317+0000] {processor.py:830} INFO - Processing file /opt/airflow/dags/lap_time_analysis.py for tasks to queue
[2026-08-08T08:40:32.321+0000] {logging_mixin.py:188} INFO - [2026-08-08T08:40:32.320+0000] {dagbag.py:545} INFO - Filling up the DagBag from /opt/airflow/dags/lap_time_analysis.py
[2026-08-08T08:40:32.470+0000] {processor.py:840} INFO - DAG(s) 'lap_time_analysis' retrieved from /opt/airflow/dags/lap_time_analysis.py
[2026-08-08T08:40:32.510+0000] {logging_mixin.py:188} INFO - [2026-08-08T08:40:32.510+0000] {dag.py:3096} INFO - Sync 1 DAGs
[2026-08-08T08:40:32.540+0000] {logging_mixin.py:188} INFO - [2026-08-08T08:40:32.539+0000] {dag.py:3954} INFO - Setting next_dagrun for lap_time_analysis to None, run_after=None
[2026-08-08T08:40:32.579+0000] {processor.py:183} INFO - Processing /opt/airflow/dags/lap_time_analysis.py took 0.273 seconds
[2026-08-08T08:41:02.793+0000] {processor.py:161} INFO - Started process (PID=1976) to work on /opt/airflow/dags/lap_time_analysis.py
[2026-08-08T08:41:02.797+0000] {processor.py:830} INFO - Processing file /opt/airflow/dags/lap_time_analysis.py for tasks to queue
[2026-08-08T08:41:02.803+0000] {logging_mixin.py:188} INFO - [2026-08-08T08:41:02.802+0000] {dagbag.py:545} INFO - Filling up the DagBag from /opt/airflow/dags/lap_time_analysis.py
[2026-08-08T08:41:03.517+0000] {processor.py:840} INFO - DAG(s) 'lap_time_analysis' retrieved from /opt/airflow/dags/lap_time_analysis.py
[2026-08-08T08:41:03.754+0000] {logging_mixin.py:188} INFO - [2026-08-08T08:41:03.753+0000] {dag.py:3096} INFO - Sync 1 DAGs
[2026-08-08T08:41:03.905+0000] {logging_mixin.py:188} INFO - [2026-08-08T08:41:03.905+0000] {dag.py:3954} INFO - Setting next_dagrun for lap_time_analysis to None, run_after=None
[2026-08-08T08:41:03.994+0000] {processor.py:183} INFO - Processing /opt/airflow/dags/lap_time_analysis.py took 1.212 seconds
[2026-08-08T08:41:34.469+0000] {processor.py:161} INFO - Started process (PID=1985) to work on /opt/airflow/dags/lap_time_analysis.py
[2026-08-08T08:41:34.472+0000] {processor.py:830} INFO - Processing file /opt/airflow/dags/lap_time_analysis.py for tasks to queue
[2026-08-08T08:41:34.504+0000] {logging_mixin.py:188} INFO - [2026-08-08T08:41:34.501+0000] {dagbag.py:545} INFO - Filling up the DagBag from /opt/airflow/dags/lap_time_analysis.py
[2026-08-08T08:41:35.598+0000] {processor.py:840} INFO - DAG(s) 'lap_time_analysis' retrieved from /opt/airflow/dags/lap_time_analysis.py
[2026-08-08T08:41:35.960+0000] {logging_mixin.py:188} INFO - [2026-08-08T08:41:35.960+0000] {dag.py:3096} INFO - Sync 1 DAGs
[2026-08-08T08:41:36.162+0000] {logging_mixin.py:188} INFO - [2026-08-08T08:41:36.161+0000] {dag.py:3954} INFO - Setting next_dagrun for lap_time_analysis to None, run_after=None
[2026-08-08T08:41:36.349+0000] {processor.py:183} INFO - Processing /opt/airflow/dags/lap_time_analysis.py took 1.892 seconds
[2026-08-08T08:42:07.237+0000] {processor.py:161} INFO - Started process (PID=1992) to work on /opt/airflow/dags/lap_time_analysis.py
[2026-08-08T08:42:07.245+0000] {processor.py:830} INFO - Processing file /opt/airflow/dags/lap_time_analysis.py for tasks to queue
[2026-08-08T08:42:07.290+0000] {logging_mixin.py:188} INFO - [2026-08-08T08:42:07.286+0000] {dagbag.py:545} INFO - Filling up the DagBag from /opt/airflow/dags/lap_time_analysis.py
[2026-08-08T08:42:07.977+0000] {processor.py:840} INFO - DAG(s) 'lap_time_analysis' retrieved from /opt/airflow/dags/lap_time_analysis.py
[2026-08-08T08:42:08.192+0000] {logging_mixin.py:188} INFO - [2026-08-08T08:42:08.192+0000] {dag.py:3096} INFO - Sync 1 DAGs
[2026-08-08T08:42:08.272+0000] {logging_mixin.py:188} INFO - [2026-08-08T08:42:08.272+0000] {dag.py:3954} INFO - Setting next_dagrun for lap_time_analysis to None, run_after=None
[2026-08-08T08:42:08.386+0000] {processor.py:183} INFO - Processing /opt/airflow/dags/lap_time_analysis.py took 1.342 seconds
[2026-08-08T08:42:39.190+0000] {processor.py:161} INFO - Started process (PID=2003) to work on /opt/airflow/dags/lap_time_analysis.py
[2026-08-08T08:42:39.199+0000] {processor.py:830} INFO - Processing file /opt/airflow/dags/lap_time_analysis.py for tasks to queue
[2026-08-08T08:42:39.258+0000] {logging_mixin.py:188} INFO - [2026-08-08T08:42:39.252+0000] {dagbag.py:545} INFO - Filling up the DagBag from /opt/airflow/dags/lap_time_analysis.py
[2026-08-08T08:42:40.424+0000] {processor.py:840} INFO - DAG(s) 'lap_time_analysis' retrieved from /opt/airflow/dags/lap_time_analysis.py
[2026-08-08T08:42:40.624+0000] {logging_mixin.py:188} INFO - [2026-08-08T08:42:40.624+0000] {dag.py:3096} INFO - Sync 1 DAGs
[2026-08-08T08:42:40.735+0000] {logging_mixin.py:188} INFO - [2026-08-08T08:42:40.735+0000] {dag.py:3954} INFO - Setting next_dagrun for lap_time_analysis to None, run_after=None
[2026-08-08T08:42:40.819+0000] {processor.py:183} INFO - Processing /opt/airflow/dags/lap_time_analysis.py took 1.630 seconds
[2026-08-08T08:43:13.257+0000] {processor.py:161} INFO - Started process (PID=2014) to work on /opt/airflow/dags/lap_time_analysis.py
[2026-08-08T08:43:13.260+0000] {processor.py:830} INFO - Processing file /opt/airflow/dags/lap_time_analysis.py for tasks to queue
[2026-08-08T08:43:13.302+0000] {logging_mixin.py:188} INFO - [2026-08-08T08:43:13.295+0000] {dagbag.py:545} INFO - Filling up the DagBag from /opt/airflow/dags/lap_time_analysis.py
[2026-08-08T08:43:19.923+0000] {processor.py:840} INFO - DAG(s) 'lap_time_analysis' retrieved from /opt/airflow/dags/lap_time_analysis.py
[2026-08-08T08:43:20.053+0000] {logging_mixin.py:188} INFO - [2026-08-08T08:43:20.053+0000] {dag.py:3096} INFO - Sync 1 DAGs
[2026-08-08T08:43:20.118+0000] {logging_mixin.py:188} INFO - [2026-08-08T08:43:20.118+0000] {dag.py:3954} INFO - Setting next_dagrun for lap_time_analysis to None, run_after=None
[2026-08-08T08:43:20.173+0000] {processor.py:183} INFO - Processing /opt/airflow/dags/lap_time_analysis.py took 7.018 seconds
[2026-08-08T08:43:50.895+0000] {processor.py:161} INFO - Started process (PID=2025) to work on /opt/airflow/dags/lap_time_analysis.py
[2026-08-08T08:43:50.899+0000] {processor.py:830} INFO - Processing file /opt/airflow/dags/lap_time_analysis.py for tasks to queue
[2026-08-08T08:43:50.922+0000] {logging_mixin.py:188} INFO - [2026-08-08T08:43:50.920+0000] {dagbag.py:545} INFO - Filling up the DagBag from /opt/airflow/dags/lap_time_analysis.py
[2026-08-08T08:43:51.211+0000] {processor.py:840} INFO - DAG(s) 'lap_time_analysis' retrieved from /opt/airflow/dags/lap_time_analysis.py
[2026-08-08T08:43:51.245+0000] {logging_mixin.py:188} INFO - [2026-08-08T08:43:51.245+0000] {dag.py:3096} INFO - Sync 1 DAGs
[2026-08-08T08:43:51.260+0000] {logging_mixin.py:188} INFO - [2026-08-08T08:43:51.259+0000] {dag.py:3954} INFO - Setting next_dagrun for lap_time_analysis to None, run_after=None
[2026-08-08T08:43:51.296+0000] {processor.py:183} INFO - Processing /opt/airflow/dags/lap_time_analysis.py took 0.446 seconds
[2026-08-08T08:44:21.898+0000] {processor.py:161} INFO - Started process (PID=2036) to work on /opt/airflow/dags/lap_time_analysis.py
[2026-08-08T08:44:21.910+0000] {processor.py:830} INFO - Processing file /opt/airflow/dags/lap_time_analysis.py for tasks to queue
[2026-08-08T08:44:21.949+0000] {logging_mixin.py:188} INFO - [2026-08-08T08:44:21.944+0000] {dagbag.py:545} INFO - Filling up the DagBag from /opt/airflow/dags/lap_time_analysis.py
[2026-08-08T08:44:22.766+0000] {processor.py:840} INFO - DAG(s) 'lap_time_analysis' retrieved from /opt/airflow/dags/lap_time_analysis.py
[2026-08-08T08:44:22.948+0000] {logging_mixin.py:188} INFO - [2026-08-08T08:44:22.948+0000] {dag.py:3096} INFO - Sync 1 DAGs
[2026-08-08T08:44:23.039+0000] {logging_mixin.py:188} INFO - [2026-08-08T08:44:23.039+0000] {dag.py:3954} INFO - Setting next_dagrun for lap_time_analysis to None, run_after=None
[2026-08-08T08:44:23.088+0000] {processor.py:183} INFO - Processing /opt/airflow/dags/lap_time_analysis.py took 1.268 seconds
[2026-08-08T08:44:54.209+0000] {processor.py:161} INFO - Started process (PID=2047) to work on /opt/airflow/dags/lap_time_analysis.py
[2026-08-08T08:44:54.217+0000] {processor.py:830} INFO - Processing file /opt/airflow/dags/lap_time_analysis.py for tasks to queue
[2026-08-08T08:44:54.249+0000] {logging_mixin.py:188} INFO - [2026-08-08T08:44:54.245+0000] {dagbag.py:545} INFO - Filling up the DagBag from /opt/airflow/dags/lap_time_analysis.py
[2026-08-08T08:44:54.782+0000] {processor.py:840} INFO - DAG(s) 'lap_time_analysis' retrieved from /opt/airflow/dags/lap_time_analysis.py
[2026-08-08T08:44:54.842+0000] {logging_mixin.py:188} INFO - [2026-08-08T08:44:54.841+0000] {dag.py:3096} INFO - Sync 1 DAGs
[2026-08-08T08:44:54.873+0000] {logging_mixin.py:188} INFO - [2026-08-08T08:44:54.873+0000] {dag.py:3954} INFO - Setting next_dagrun for lap_time_analysis to None, run_after=None
[2026-08-08T08:44:54.904+0000] {processor.py:183} INFO - Processing /opt/airflow/dags/lap_time_analysis.py took 1.311 seconds
[2026-08-08T08:45:25.295+0000] {processor.py:161} INFO - Started process (PID=2058) to work on /opt/airflow/dags/lap_time_analysis.py
[2026-08-08T08:45:25.298+0000] {processor.py:830} INFO - Processing file /opt/airflow/dags/lap_time_analysis.py for tasks to queue
[2026-08-08T08:45:25.302+0000] {logging_mixin.py:188} INFO - [2026-08-08T08:45:25.301+0000] {dagbag.py:545} INFO - Filling up the DagBag from /opt/airflow/dags/lap_time_analysis.py
[2026-08-08T08:45:25.472+0000] {processor.py:840} INFO - DAG(s) 'lap_time_analysis' retrieved from /opt/airflow/dags/lap_time_analysis.py
[2026-08-08T08:45:25.505+0000] {logging_mixin.py:188} INFO - [2026-08-08T08:45:25.505+0000] {dag.py:3096} INFO - Sync 1 DAGs
[2026-08-08T08:45:25.521+0000] {logging_mixin.py:188} INFO - [2026-08-08T08:45:25.520+0000] {dag.py:3954} INFO - Setting next_dagrun for lap_time_analysis to None, run_after=None
[2026-08-08T08:45:25.558+0000] {processor.py:183} INFO - Processing /opt/airflow/dags/lap_time_analysis.py took 0.284 seconds
[2026-08-08T08:45:55.914+0000] {processor.py:161} INFO - Started process (PID=2069) to work on /opt/airflow/dags/lap_time_analysis.py
[2026-08-08T08:45:55.916+0000] {processor.py:830} INFO - Processing file /opt/airflow/dags/lap_time_analysis.py for tasks to queue
[2026-08-08T08:45:55.918+0000] {logging_mixin.py:188} INFO - [2026-08-08T08:45:55.918+0000] {dagbag.py:545} INFO - Filling up the DagBag from /opt/airflow/dags/lap_time_analysis.py
[2026-08-08T08:45:56.014+0000] {processor.py:840} INFO - DAG(s) 'lap_time_analysis' retrieved from /opt/airflow/dags/lap_time_analysis.py
[2026-08-08T08:45:56.040+0000] {logging_mixin.py:188} INFO - [2026-08-08T08:45:56.040+0000] {dag.py:3096} INFO - Sync 1 DAGs
[2026-08-08T08:45:56.053+0000] {logging_mixin.py:188} INFO - [2026-08-08T08:45:56.053+0000] {dag.py:3954} INFO - Setting next_dagrun for lap_time_analysis to None, run_after=None
[2026-08-08T08:45:56.075+0000] {processor.py:183} INFO - Processing /opt/airflow/dags/lap_time_analysis.py took 0.167 seconds
[2026-08-08T08:46:26.321+0000] {processor.py:161} INFO - Started process (PID=2080) to work on /opt/airflow/dags/lap_time_analysis.py
[2026-08-08T08:46:26.333+0000] {processor.py:830} INFO - Processing file /opt/airflow/dags/lap_time_analysis.py for tasks to queue
[2026-08-08T08:46:26.356+0000] {logging_mixin.py:188} INFO - [2026-08-08T08:46:26.354+0000] {dagbag.py:545} INFO - Filling up the DagBag from /opt/airflow/dags/lap_time_analysis.py
[2026-08-08T08:46:26.597+0000] {processor.py:840} INFO - DAG(s) 'lap_time_analysis' retrieved from /opt/airflow/dags/lap_time_analysis.py
[2026-08-08T08:46:26.630+0000] {logging_mixin.py:188} INFO - [2026-08-08T08:46:26.630+0000] {dag.py:3096} INFO - Sync 1 DAGs
[2026-08-08T08:46:26.652+0000] {logging_mixin.py:188} INFO - [2026-08-08T08:46:26.652+0000] {dag.py:3954} INFO - Setting next_dagrun for lap_time_analysis to None, run_after=None
[2026-08-08T08:46:26.685+0000] {processor.py:183} INFO - Processing /opt/airflow/dags/lap_time_analysis.py took 0.384 seconds
[2026-08-08T08:46:57.016+0000] {processor.py:161} INFO - Started process (PID=2089) to work on /opt/airflow/dags/lap_time_analysis.py
[2026-08-08T08:46:57.017+0000] {processor.py:830} INFO - Processing file /opt/airflow/dags/lap_time_analysis.py for tasks to queue
[2026-08-08T08:46:57.026+0000] {logging_mixin.py:188} INFO - [2026-08-08T08:46:57.026+0000] {dagbag.py:545} INFO - Filling up the DagBag from /opt/airflow/dags/lap_time_analysis.py
[2026-08-08T08:46:57.261+0000] {processor.py:840} INFO - DAG(s) 'lap_time_analysis' retrieved from /opt/airflow/dags/lap_time_analysis.py
[2026-08-08T08:46:57.297+0000] {logging_mixin.py:188} INFO - [2026-08-08T08:46:57.297+0000] {dag.py:3096} INFO - Sync 1 DAGs
[2026-08-08T08:46:57.325+0000] {logging_mixin.py:188} INFO - [2026-08-08T08:46:57.324+0000] {dag.py:3954} INFO - Setting next_dagrun for lap_time_analysis to None, run_after=None
[2026-08-08T08:46:57.355+0000] {processor.py:183} INFO - Processing /opt/airflow/dags/lap_time_analysis.py took 0.346 seconds
[2026-08-08T08:47:27.792+0000] {processor.py:161} INFO - Started process (PID=2096) to work on /opt/airflow/dags/lap_time_analysis.py
[2026-08-08T08:47:27.795+0000] {processor.py:830} INFO - Processing file /opt/airflow/dags/lap_time_analysis.py for tasks to queue
[2026-08-08T08:47:27.812+0000] {logging_mixin.py:188} INFO - [2026-08-08T08:47:27.811+0000] {dagbag.py:545} INFO - Filling up the DagBag from /opt/airflow/dags/lap_time_analysis.py
[2026-08-08T08:47:28.062+0000] {processor.py:840} INFO - DAG(s) 'lap_time_analysis' retrieved from /opt/airflow/dags/lap_time_analysis.py
[2026-08-08T08:47:28.120+0000] {logging_mixin.py:188} INFO - [2026-08-08T08:47:28.119+0000] {dag.py:3096} INFO - Sync 1 DAGs
[2026-08-08T08:47:28.144+0000] {logging_mixin.py:188} INFO - [2026-08-08T08:47:28.144+0000] {dag.py:3954} INFO - Setting next_dagrun for lap_time_analysis to None, run_after=None
[2026-08-08T08:47:28.179+0000] {processor.py:183} INFO - Processing /opt/airflow/dags/lap_time_analysis.py took 0.409 seconds
[2026-08-08T08:47:58.519+0000] {processor.py:161} INFO - Started process (PID=2107) to work on /opt/airflow/dags/lap_time_analysis.py
[2026-08-08T08:47:58.529+0000] {processor.py:830} INFO - Processing file /opt/airflow/dags/lap_time_analysis.py for tasks to queue
[2026-08-08T08:47:58.549+0000] {logging_mixin.py:188} INFO - [2026-08-08T08:47:58.545+0000] {dagbag.py:545} INFO - Filling up the DagBag from /opt/airflow/dags/lap_time_analysis.py
[2026-08-08T08:48:00.286+0000] {processor.py:840} INFO - DAG(s) 'lap_time_analysis' retrieved from /opt/airflow/dags/lap_time_analysis.py
[2026-08-08T08:48:01.065+0000] {logging_mixin.py:188} INFO - [2026-08-08T08:48:01.064+0000] {dag.py:3096} INFO - Sync 1 DAGs
[2026-08-08T08:48:01.502+0000] {logging_mixin.py:188} INFO - [2026-08-08T08:48:01.500+0000] {dag.py:3954} INFO - Setting next_dagrun for lap_time_analysis to None, run_after=None
[2026-08-08T08:48:01.811+0000] {processor.py:183} INFO - Processing /opt/airflow/dags/lap_time_analysis.py took 3.355 seconds
[2026-08-08T08:48:32.431+0000] {processor.py:161} INFO - Started process (PID=2118) to work on /opt/airflow/dags/lap_time_analysis.py
[2026-08-08T08:48:32.438+0000] {processor.py:830} INFO - Processing file /opt/airflow/dags/lap_time_analysis.py for tasks to queue
[2026-08-08T08:48:32.468+0000] {logging_mixin.py:188} INFO - [2026-08-08T08:48:32.465+0000] {dagbag.py:545} INFO - Filling up the DagBag from /opt/airflow/dags/lap_time_analysis.py
[2026-08-08T08:48:32.847+0000] {processor.py:840} INFO - DAG(s) 'lap_time_analysis' retrieved from /opt/airflow/dags/lap_time_analysis.py
[2026-08-08T08:48:32.910+0000] {logging_mixin.py:188} INFO - [2026-08-08T08:48:32.910+0000] {dag.py:3096} INFO - Sync 1 DAGs
[2026-08-08T08:48:32.936+0000] {logging_mixin.py:188} INFO - [2026-08-08T08:48:32.935+0000] {dag.py:3954} INFO - Setting next_dagrun for lap_time_analysis to None, run_after=None
[2026-08-08T08:48:32.967+0000] {processor.py:183} INFO - Processing /opt/airflow/dags/lap_time_analysis.py took 0.589 seconds
[2026-08-08T08:49:03.751+0000] {processor.py:161} INFO - Started process (PID=2129) to work on /opt/airflow/dags/lap_time_analysis.py
[2026-08-08T08:49:03.752+0000] {processor.py:830} INFO - Processing file /opt/airflow/dags/lap_time_analysis.py for tasks to queue
[2026-08-08T08:49:03.756+0000] {logging_mixin.py:188} INFO - [2026-08-08T08:49:03.755+0000] {dagbag.py:545} INFO - Filling up the DagBag from /opt/airflow/dags/lap_time_analysis.py
[2026-08-08T08:49:04.094+0000] {processor.py:840} INFO - DAG(s) 'lap_time_analysis' retrieved from /opt/airflow/dags/lap_time_analysis.py
[2026-08-08T08:49:04.130+0000] {logging_mixin.py:188} INFO - [2026-08-08T08:49:04.129+0000] {dag.py:3096} INFO - Sync 1 DAGs
[2026-08-08T08:49:04.152+0000] {logging_mixin.py:188} INFO - [2026-08-08T08:49:04.152+0000] {dag.py:3954} INFO - Setting next_dagrun for lap_time_analysis to None, run_after=None
[2026-08-08T08:49:04.177+0000] {processor.py:183} INFO - Processing /opt/airflow/dags/lap_time_analysis.py took 0.434 seconds
[2026-08-08T08:49:34.571+0000] {processor.py:161} INFO - Started process (PID=2140) to work on /opt/airflow/dags/lap_time_analysis.py
[2026-08-08T08:49:34.572+0000] {processor.py:830} INFO - Processing file /opt/airflow/dags/lap_time_analysis.py for tasks to queue
[2026-08-08T08:49:34.575+0000] {logging_mixin.py:188} INFO - [2026-08-08T08:49:34.575+0000] {dagbag.py:545} INFO - Filling up the DagBag from /opt/airflow/dags/lap_time_analysis.py
[2026-08-08T08:49:34.684+0000] {processor.py:840} INFO - DAG(s) 'lap_time_analysis' retrieved from /opt/airflow/dags/lap_time_analysis.py
[2026-08-08T08:49:34.719+0000] {logging_mixin.py:188} INFO - [2026-08-08T08:49:34.718+0000] {dag.py:3096} INFO - Sync 1 DAGs
[2026-08-08T08:49:34.760+0000] {logging_mixin.py:188} INFO - [2026-08-08T08:49:34.760+0000] {dag.py:3954} INFO - Setting next_dagrun for lap_time_analysis to None, run_after=None
[2026-08-08T08:49:34.794+0000] {processor.py:183} INFO - Processing /opt/airflow/dags/lap_time_analysis.py took 0.229 seconds
[2026-08-08T08:50:05.152+0000] {processor.py:161} INFO - Started process (PID=2151) to work on /opt/airflow/dags/lap_time_analysis.py
[2026-08-08T08:50:05.154+0000] {processor.py:830} INFO - Processing file /opt/airflow/dags/lap_time_analysis.py for tasks to queue
[2026-08-08T08:50:05.163+0000] {logging_mixin.py:188} INFO - [2026-08-08T08:50:05.162+0000] {dagbag.py:545} INFO - Filling up the DagBag from /opt/airflow/dags/lap_time_analysis.py
[2026-08-08T08:50:05.447+0000] {processor.py:840} INFO - DAG(s) 'lap_time_analysis' retrieved from /opt/airflow/dags/lap_time_analysis.py
[2026-08-08T08:50:05.489+0000] {logging_mixin.py:188} INFO - [2026-08-08T08:50:05.489+0000] {dag.py:3096} INFO - Sync 1 DAGs
[2026-08-08T08:50:05.509+0000] {logging_mixin.py:188} INFO - [2026-08-08T08:50:05.508+0000] {dag.py:3954} INFO - Setting next_dagrun for lap_time_analysis to None, run_after=None
[2026-08-08T08:50:05.539+0000] {processor.py:183} INFO - Processing /opt/airflow/dags/lap_time_analysis.py took 0.397 seconds
[2026-08-08T08:50:36.183+0000] {processor.py:161} INFO - Started process (PID=2162) to work on /opt/airflow/dags/lap_time_analysis.py
[2026-08-08T08:50:36.198+0000] {processor.py:830} INFO - Processing file /opt/airflow/dags/lap_time_analysis.py for tasks to queue
[2026-08-08T08:50:36.241+0000] {logging_mixin.py:188} INFO - [2026-08-08T08:50:36.237+0000] {dagbag.py:545} INFO - Filling up the DagBag from /opt/airflow/dags/lap_time_analysis.py
[2026-08-08T08:50:37.598+0000] {processor.py:840} INFO - DAG(s) 'lap_time_analysis' retrieved from /opt/airflow/dags/lap_time_analysis.py
[2026-08-08T08:50:37.948+0000] {logging_mixin.py:188} INFO - [2026-08-08T08:50:37.947+0000] {dag.py:3096} INFO - Sync 1 DAGs
[2026-08-08T08:50:38.082+0000] {logging_mixin.py:188} INFO - [2026-08-08T08:50:38.082+0000] {dag.py:3954} INFO - Setting next_dagrun for lap_time_analysis to None, run_after=None
[2026-08-08T08:50:38.175+0000] {processor.py:183} INFO - Processing /opt/airflow/dags/lap_time_analysis.py took 2.079 seconds
[2026-08-08T08:51:08.599+0000] {processor.py:161} INFO - Started process (PID=2173) to work on /opt/airflow/dags/lap_time_analysis.py
[2026-08-08T08:51:08.600+0000] {processor.py:830} INFO - Processing file /opt/airflow/dags/lap_time_analysis.py for tasks to queue
[2026-08-08T08:51:08.603+0000] {logging_mixin.py:188} INFO - [2026-08-08T08:51:08.602+0000] {dagbag.py:545} INFO - Filling up the DagBag from /opt/airflow/dags/lap_time_analysis.py
[2026-08-08T08:51:08.741+0000] {processor.py:840} INFO - DAG(s) 'lap_time_analysis' retrieved from /opt/airflow/dags/lap_time_analysis.py
[2026-08-08T08:51:08.770+0000] {logging_mixin.py:188} INFO - [2026-08-08T08:51:08.770+0000] {dag.py:3096} INFO - Sync 1 DAGs
[2026-08-08T08:51:08.783+0000] {logging_mixin.py:188} INFO - [2026-08-08T08:51:08.783+0000] {dag.py:3954} INFO - Setting next_dagrun for lap_time_analysis to None, run_after=None
[2026-08-08T08:51:08.811+0000] {processor.py:183} INFO - Processing /opt/airflow/dags/lap_time_analysis.py took 0.219 seconds
[2026-08-08T08:51:39.218+0000] {processor.py:161} INFO - Started process (PID=2184) to work on /opt/airflow/dags/lap_time_analysis.py
[2026-08-08T08:51:39.234+0000] {processor.py:830} INFO - Processing file /opt/airflow/dags/lap_time_analysis.py for tasks to queue
[2026-08-08T08:51:39.260+0000] {logging_mixin.py:188} INFO - [2026-08-08T08:51:39.256+0000] {dagbag.py:545} INFO - Filling up the DagBag from /opt/airflow/dags/lap_time_analysis.py
[2026-08-08T08:51:40.908+0000] {processor.py:840} INFO - DAG(s) 'lap_time_analysis' retrieved from /opt/airflow/dags/lap_time_analysis.py
[2026-08-08T08:51:40.956+0000] {logging_mixin.py:188} INFO - [2026-08-08T08:51:40.955+0000] {dag.py:3096} INFO - Sync 1 DAGs
[2026-08-08T08:51:40.983+0000] {logging_mixin.py:188} INFO - [2026-08-08T08:51:40.983+0000] {dag.py:3954} INFO - Setting next_dagrun for lap_time_analysis to None, run_after=None
[2026-08-08T08:51:41.034+0000] {processor.py:183} INFO - Processing /opt/airflow/dags/lap_time_analysis.py took 1.831 seconds
[2026-08-08T15:16:14.354+0000] {processor.py:161} INFO - Started process (PID=2189) to work on /opt/airflow/dags/lap_time_analysis.py
[2026-08-08T15:16:14.406+0000] {processor.py:830} INFO - Processing file /opt/airflow/dags/lap_time_analysis.py for tasks to queue
[2026-08-08T15:16:14.744+0000] {logging_mixin.py:188} INFO - [2026-08-08T15:16:14.726+0000] {dagbag.py:545} INFO - Filling up the DagBag from /opt/airflow/dags/lap_time_analysis.py
[2026-08-08T15:16:20.207+0000] {processor.py:840} INFO - DAG(s) 'lap_time_analysis' retrieved from /opt/airflow/dags/lap_time_analysis.py
[2026-08-08T15:16:20.834+0000] {logging_mixin.py:188} INFO - [2026-08-08T15:16:20.834+0000] {dag.py:3096} INFO - Sync 1 DAGs
[2026-08-08T15:16:21.146+0000] {logging_mixin.py:188} INFO - [2026-08-08T15:16:21.146+0000] {dag.py:3954} INFO - Setting next_dagrun for lap_time_analysis to None, run_after=None
[2026-08-08T15:16:22.885+0000] {processor.py:183} INFO - Processing /opt/airflow/dags/lap_time_analysis.py took 9.772 seconds
[2026-08-08T15:16:54.571+0000] {processor.py:161} INFO - Started process (PID=2200) to work on /opt/airflow/dags/lap_time_analysis.py
[2026-08-08T15:16:54.647+0000] {processor.py:830} INFO - Processing file /opt/airflow/dags/lap_time_analysis.py for tasks to queue
[2026-08-08T15:16:54.702+0000] {logging_mixin.py:188} INFO - [2026-08-08T15:16:54.696+0000] {dagbag.py:545} INFO - Filling up the DagBag from /opt/airflow/dags/lap_time_analysis.py
[2026-08-08T15:17:04.887+0000] {processor.py:840} INFO - DAG(s) 'lap_time_analysis' retrieved from /opt/airflow/dags/lap_time_analysis.py
[2026-08-08T15:17:05.174+0000] {logging_mixin.py:188} INFO - [2026-08-08T15:17:05.173+0000] {dag.py:3096} INFO - Sync 1 DAGs
[2026-08-08T15:17:05.596+0000] {logging_mixin.py:188} INFO - [2026-08-08T15:17:05.595+0000] {dag.py:3954} INFO - Setting next_dagrun for lap_time_analysis to None, run_after=None
[2026-08-08T15:17:05.672+0000] {processor.py:183} INFO - Processing /opt/airflow/dags/lap_time_analysis.py took 11.318 seconds
[2026-08-08T15:17:36.535+0000] {processor.py:161} INFO - Started process (PID=2211) to work on /opt/airflow/dags/lap_time_analysis.py
[2026-08-08T15:17:36.545+0000] {processor.py:830} INFO - Processing file /opt/airflow/dags/lap_time_analysis.py for tasks to queue
[2026-08-08T15:17:36.593+0000] {logging_mixin.py:188} INFO - [2026-08-08T15:17:36.589+0000] {dagbag.py:545} INFO - Filling up the DagBag from /opt/airflow/dags/lap_time_analysis.py
[2026-08-08T15:17:38.017+0000] {processor.py:840} INFO - DAG(s) 'lap_time_analysis' retrieved from /opt/airflow/dags/lap_time_analysis.py
[2026-08-08T15:17:38.534+0000] {logging_mixin.py:188} INFO - [2026-08-08T15:17:38.533+0000] {dag.py:3096} INFO - Sync 1 DAGs
[2026-08-08T15:17:38.783+0000] {logging_mixin.py:188} INFO - [2026-08-08T15:17:38.783+0000] {dag.py:3954} INFO - Setting next_dagrun for lap_time_analysis to None, run_after=None
[2026-08-08T15:17:38.899+0000] {processor.py:183} INFO - Processing /opt/airflow/dags/lap_time_analysis.py took 2.431 seconds
[2026-08-08T15:18:10.776+0000] {processor.py:161} INFO - Started process (PID=2220) to work on /opt/airflow/dags/lap_time_analysis.py
[2026-08-08T15:18:10.799+0000] {processor.py:830} INFO - Processing file /opt/airflow/dags/lap_time_analysis.py for tasks to queue
[2026-08-08T15:18:10.937+0000] {logging_mixin.py:188} INFO - [2026-08-08T15:18:10.936+0000] {dagbag.py:545} INFO - Filling up the DagBag from /opt/airflow/dags/lap_time_analysis.py
[2026-08-08T15:18:12.414+0000] {processor.py:840} INFO - DAG(s) 'lap_time_analysis' retrieved from /opt/airflow/dags/lap_time_analysis.py
[2026-08-08T15:18:12.988+0000] {logging_mixin.py:188} INFO - [2026-08-08T15:18:12.987+0000] {dag.py:3096} INFO - Sync 1 DAGs
[2026-08-08T15:18:13.265+0000] {logging_mixin.py:188} INFO - [2026-08-08T15:18:13.265+0000] {dag.py:3954} INFO - Setting next_dagrun for lap_time_analysis to None, run_after=None
[2026-08-08T15:18:13.662+0000] {processor.py:183} INFO - Processing /opt/airflow/dags/lap_time_analysis.py took 3.561 seconds
[2026-08-08T15:18:44.043+0000] {processor.py:161} INFO - Started process (PID=2227) to work on /opt/airflow/dags/lap_time_analysis.py
[2026-08-08T15:18:44.053+0000] {processor.py:830} INFO - Processing file /opt/airflow/dags/lap_time_analysis.py for tasks to queue
[2026-08-08T15:18:44.058+0000] {logging_mixin.py:188} INFO - [2026-08-08T15:18:44.057+0000] {dagbag.py:545} INFO - Filling up the DagBag from /opt/airflow/dags/lap_time_analysis.py
[2026-08-08T15:18:44.751+0000] {processor.py:840} INFO - DAG(s) 'lap_time_analysis' retrieved from /opt/airflow/dags/lap_time_analysis.py
[2026-08-08T15:18:45.166+0000] {logging_mixin.py:188} INFO - [2026-08-08T15:18:45.166+0000] {dag.py:3096} INFO - Sync 1 DAGs
[2026-08-08T15:18:45.270+0000] {logging_mixin.py:188} INFO - [2026-08-08T15:18:45.269+0000] {dag.py:3954} INFO - Setting next_dagrun for lap_time_analysis to None, run_after=None
[2026-08-08T15:18:45.326+0000] {processor.py:183} INFO - Processing /opt/airflow/dags/lap_time_analysis.py took 1.302 seconds
[2026-08-08T17:51:16.111+0000] {processor.py:161} INFO - Started process (PID=2237) to work on /opt/airflow/dags/lap_time_analysis.py
[2026-08-08T17:51:16.143+0000] {processor.py:830} INFO - Processing file /opt/airflow/dags/lap_time_analysis.py for tasks to queue
[2026-08-08T17:51:16.527+0000] {logging_mixin.py:188} INFO - [2026-08-08T17:51:16.496+0000] {dagbag.py:545} INFO - Filling up the DagBag from /opt/airflow/dags/lap_time_analysis.py
[2026-08-08T17:51:23.853+0000] {processor.py:840} INFO - DAG(s) 'lap_time_analysis' retrieved from /opt/airflow/dags/lap_time_analysis.py
[2026-08-08T17:51:24.960+0000] {logging_mixin.py:188} INFO - [2026-08-08T17:51:24.951+0000] {dag.py:3096} INFO - Sync 1 DAGs
[2026-08-08T17:51:25.819+0000] {logging_mixin.py:188} INFO - [2026-08-08T17:51:25.818+0000] {dag.py:3954} INFO - Setting next_dagrun for lap_time_analysis to None, run_after=None
[2026-08-08T17:51:29.437+0000] {processor.py:183} INFO - Processing /opt/airflow/dags/lap_time_analysis.py took 14.101 seconds
[2026-08-08T17:52:02.875+0000] {processor.py:161} INFO - Started process (PID=2246) to work on /opt/airflow/dags/lap_time_analysis.py
[2026-08-08T17:52:02.897+0000] {processor.py:830} INFO - Processing file /opt/airflow/dags/lap_time_analysis.py for tasks to queue
[2026-08-08T17:52:04.292+0000] {logging_mixin.py:188} INFO - [2026-08-08T17:52:04.192+0000] {dagbag.py:545} INFO - Filling up the DagBag from /opt/airflow/dags/lap_time_analysis.py
[2026-08-08T17:52:20.256+0000] {processor.py:840} INFO - DAG(s) 'lap_time_analysis' retrieved from /opt/airflow/dags/lap_time_analysis.py
[2026-08-08T17:52:21.000+0000] {logging_mixin.py:188} INFO - [2026-08-08T17:52:20.999+0000] {dag.py:3096} INFO - Sync 1 DAGs
[2026-08-08T17:52:21.468+0000] {logging_mixin.py:188} INFO - [2026-08-08T17:52:21.467+0000] {dag.py:3954} INFO - Setting next_dagrun for lap_time_analysis to None, run_after=None
[2026-08-08T17:52:21.726+0000] {processor.py:183} INFO - Processing /opt/airflow/dags/lap_time_analysis.py took 18.844 seconds
[2026-08-08T17:52:52.826+0000] {processor.py:161} INFO - Started process (PID=2253) to work on /opt/airflow/dags/lap_time_analysis.py
[2026-08-08T17:52:52.835+0000] {processor.py:830} INFO - Processing file /opt/airflow/dags/lap_time_analysis.py for tasks to queue
[2026-08-08T17:52:52.854+0000] {logging_mixin.py:188} INFO - [2026-08-08T17:52:52.846+0000] {dagbag.py:545} INFO - Filling up the DagBag from /opt/airflow/dags/lap_time_analysis.py
[2026-08-08T17:52:53.801+0000] {processor.py:840} INFO - DAG(s) 'lap_time_analysis' retrieved from /opt/airflow/dags/lap_time_analysis.py
[2026-08-08T17:52:53.994+0000] {logging_mixin.py:188} INFO - [2026-08-08T17:52:53.994+0000] {dag.py:3096} INFO - Sync 1 DAGs
[2026-08-08T17:52:54.073+0000] {logging_mixin.py:188} INFO - [2026-08-08T17:52:54.072+0000] {dag.py:3954} INFO - Setting next_dagrun for lap_time_analysis to None, run_after=None
[2026-08-08T17:52:54.150+0000] {processor.py:183} INFO - Processing /opt/airflow/dags/lap_time_analysis.py took 1.450 seconds
[2026-08-08T17:53:24.726+0000] {processor.py:161} INFO - Started process (PID=2264) to work on /opt/airflow/dags/lap_time_analysis.py
[2026-08-08T17:53:24.747+0000] {processor.py:830} INFO - Processing file /opt/airflow/dags/lap_time_analysis.py for tasks to queue
[2026-08-08T17:53:24.771+0000] {logging_mixin.py:188} INFO - [2026-08-08T17:53:24.760+0000] {dagbag.py:545} INFO - Filling up the DagBag from /opt/airflow/dags/lap_time_analysis.py
[2026-08-08T17:53:25.823+0000] {processor.py:840} INFO - DAG(s) 'lap_time_analysis' retrieved from /opt/airflow/dags/lap_time_analysis.py
[2026-08-08T17:53:25.928+0000] {logging_mixin.py:188} INFO - [2026-08-08T17:53:25.928+0000] {dag.py:3096} INFO - Sync 1 DAGs
[2026-08-08T17:53:25.984+0000] {logging_mixin.py:188} INFO - [2026-08-08T17:53:25.983+0000] {dag.py:3954} INFO - Setting next_dagrun for lap_time_analysis to None, run_after=None
[2026-08-08T17:53:26.035+0000] {processor.py:183} INFO - Processing /opt/airflow/dags/lap_time_analysis.py took 1.423 seconds
[2026-08-08T17:53:56.810+0000] {processor.py:161} INFO - Started process (PID=2275) to work on /opt/airflow/dags/lap_time_analysis.py
[2026-08-08T17:53:56.815+0000] {processor.py:830} INFO - Processing file /opt/airflow/dags/lap_time_analysis.py for tasks to queue
[2026-08-08T17:53:56.820+0000] {logging_mixin.py:188} INFO - [2026-08-08T17:53:56.818+0000] {dagbag.py:545} INFO - Filling up the DagBag from /opt/airflow/dags/lap_time_analysis.py
[2026-08-08T17:53:57.055+0000] {processor.py:840} INFO - DAG(s) 'lap_time_analysis' retrieved from /opt/airflow/dags/lap_time_analysis.py
[2026-08-08T17:53:57.098+0000] {logging_mixin.py:188} INFO - [2026-08-08T17:53:57.098+0000] {dag.py:3096} INFO - Sync 1 DAGs
[2026-08-08T17:53:57.121+0000] {logging_mixin.py:188} INFO - [2026-08-08T17:53:57.120+0000] {dag.py:3954} INFO - Setting next_dagrun for lap_time_analysis to None, run_after=None
[2026-08-08T17:53:57.153+0000] {processor.py:183} INFO - Processing /opt/airflow/dags/lap_time_analysis.py took 0.368 seconds
[2026-08-08T17:54:27.438+0000] {processor.py:161} INFO - Started process (PID=2286) to work on /opt/airflow/dags/lap_time_analysis.py
[2026-08-08T17:54:27.441+0000] {processor.py:830} INFO - Processing file /opt/airflow/dags/lap_time_analysis.py for tasks to queue
[2026-08-08T17:54:27.443+0000] {logging_mixin.py:188} INFO - [2026-08-08T17:54:27.443+0000] {dagbag.py:545} INFO - Filling up the DagBag from /opt/airflow/dags/lap_time_analysis.py
[2026-08-08T17:54:27.927+0000] {processor.py:840} INFO - DAG(s) 'lap_time_analysis' retrieved from /opt/airflow/dags/lap_time_analysis.py
[2026-08-08T17:54:27.977+0000] {logging_mixin.py:188} INFO - [2026-08-08T17:54:27.976+0000] {dag.py:3096} INFO - Sync 1 DAGs
[2026-08-08T17:54:28.014+0000] {logging_mixin.py:188} INFO - [2026-08-08T17:54:28.013+0000] {dag.py:3954} INFO - Setting next_dagrun for lap_time_analysis to None, run_after=None
[2026-08-08T17:54:28.093+0000] {processor.py:183} INFO - Processing /opt/airflow/dags/lap_time_analysis.py took 0.663 seconds
[2026-08-08T17:54:58.219+0000] {processor.py:161} INFO - Started process (PID=2297) to work on /opt/airflow/dags/lap_time_analysis.py
[2026-08-08T17:54:58.226+0000] {processor.py:830} INFO - Processing file /opt/airflow/dags/lap_time_analysis.py for tasks to queue
[2026-08-08T17:54:58.242+0000] {logging_mixin.py:188} INFO - [2026-08-08T17:54:58.240+0000] {dagbag.py:545} INFO - Filling up the DagBag from /opt/airflow/dags/lap_time_analysis.py
[2026-08-08T17:54:58.675+0000] {processor.py:840} INFO - DAG(s) 'lap_time_analysis' retrieved from /opt/airflow/dags/lap_time_analysis.py
[2026-08-08T17:54:58.721+0000] {logging_mixin.py:188} INFO - [2026-08-08T17:54:58.721+0000] {dag.py:3096} INFO - Sync 1 DAGs
[2026-08-08T17:54:58.754+0000] {logging_mixin.py:188} INFO - [2026-08-08T17:54:58.754+0000] {dag.py:3954} INFO - Setting next_dagrun for lap_time_analysis to None, run_after=None
[2026-08-08T17:54:58.815+0000] {processor.py:183} INFO - Processing /opt/airflow/dags/lap_time_analysis.py took 0.609 seconds
[2026-08-08T17:55:29.253+0000] {processor.py:161} INFO - Started process (PID=2308) to work on /opt/airflow/dags/lap_time_analysis.py
[2026-08-08T17:55:29.284+0000] {processor.py:830} INFO - Processing file /opt/airflow/dags/lap_time_analysis.py for tasks to queue
[2026-08-08T17:55:29.289+0000] {logging_mixin.py:188} INFO - [2026-08-08T17:55:29.288+0000] {dagbag.py:545} INFO - Filling up the DagBag from /opt/airflow/dags/lap_time_analysis.py
[2026-08-08T17:55:29.538+0000] {processor.py:840} INFO - DAG(s) 'lap_time_analysis' retrieved from /opt/airflow/dags/lap_time_analysis.py
[2026-08-08T17:55:29.591+0000] {logging_mixin.py:188} INFO - [2026-08-08T17:55:29.591+0000] {dag.py:3096} INFO - Sync 1 DAGs
[2026-08-08T17:55:29.610+0000] {logging_mixin.py:188} INFO - [2026-08-08T17:55:29.610+0000] {dag.py:3954} INFO - Setting next_dagrun for lap_time_analysis to None, run_after=None
[2026-08-08T17:55:29.639+0000] {processor.py:183} INFO - Processing /opt/airflow/dags/lap_time_analysis.py took 0.411 seconds
[2026-08-08T17:56:00.076+0000] {processor.py:161} INFO - Started process (PID=2319) to work on /opt/airflow/dags/lap_time_analysis.py
[2026-08-08T17:56:00.079+0000] {processor.py:830} INFO - Processing file /opt/airflow/dags/lap_time_analysis.py for tasks to queue
[2026-08-08T17:56:00.081+0000] {logging_mixin.py:188} INFO - [2026-08-08T17:56:00.081+0000] {dagbag.py:545} INFO - Filling up the DagBag from /opt/airflow/dags/lap_time_analysis.py
[2026-08-08T17:56:00.412+0000] {processor.py:840} INFO - DAG(s) 'lap_time_analysis' retrieved from /opt/airflow/dags/lap_time_analysis.py
[2026-08-08T17:56:00.528+0000] {logging_mixin.py:188} INFO - [2026-08-08T17:56:00.527+0000] {dag.py:3096} INFO - Sync 1 DAGs
[2026-08-08T17:56:00.580+0000] {logging_mixin.py:188} INFO - [2026-08-08T17:56:00.580+0000] {dag.py:3954} INFO - Setting next_dagrun for lap_time_analysis to None, run_after=None
[2026-08-08T17:56:00.630+0000] {processor.py:183} INFO - Processing /opt/airflow/dags/lap_time_analysis.py took 0.563 seconds
[2026-08-08T20:12:16.011+0000] {processor.py:161} INFO - Started process (PID=2324) to work on /opt/airflow/dags/lap_time_analysis.py
[2026-08-08T20:12:16.060+0000] {processor.py:830} INFO - Processing file /opt/airflow/dags/lap_time_analysis.py for tasks to queue
[2026-08-08T20:12:16.225+0000] {logging_mixin.py:188} INFO - [2026-08-08T20:12:16.124+0000] {dagbag.py:545} INFO - Filling up the DagBag from /opt/airflow/dags/lap_time_analysis.py
[2026-08-08T20:12:26.855+0000] {processor.py:840} INFO - DAG(s) 'lap_time_analysis' retrieved from /opt/airflow/dags/lap_time_analysis.py
[2026-08-08T20:12:28.450+0000] {logging_mixin.py:188} INFO - [2026-08-08T20:12:28.441+0000] {dag.py:3096} INFO - Sync 1 DAGs
[2026-08-08T20:12:30.258+0000] {logging_mixin.py:188} INFO - [2026-08-08T20:12:30.257+0000] {dag.py:3954} INFO - Setting next_dagrun for lap_time_analysis to None, run_after=None
[2026-08-08T20:12:31.538+0000] {processor.py:183} INFO - Processing /opt/airflow/dags/lap_time_analysis.py took 16.149 seconds
[2026-08-08T20:13:04.103+0000] {processor.py:161} INFO - Started process (PID=2335) to work on /opt/airflow/dags/lap_time_analysis.py
[2026-08-08T20:13:04.124+0000] {processor.py:830} INFO - Processing file /opt/airflow/dags/lap_time_analysis.py for tasks to queue
[2026-08-08T20:13:04.144+0000] {logging_mixin.py:188} INFO - [2026-08-08T20:13:04.136+0000] {dagbag.py:545} INFO - Filling up the DagBag from /opt/airflow/dags/lap_time_analysis.py
[2026-08-08T20:13:08.089+0000] {processor.py:840} INFO - DAG(s) 'lap_time_analysis' retrieved from /opt/airflow/dags/lap_time_analysis.py
[2026-08-08T20:13:08.800+0000] {logging_mixin.py:188} INFO - [2026-08-08T20:13:08.799+0000] {dag.py:3096} INFO - Sync 1 DAGs
[2026-08-08T20:13:09.058+0000] {logging_mixin.py:188} INFO - [2026-08-08T20:13:09.057+0000] {dag.py:3954} INFO - Setting next_dagrun for lap_time_analysis to None, run_after=None
[2026-08-08T20:13:09.302+0000] {processor.py:183} INFO - Processing /opt/airflow/dags/lap_time_analysis.py took 5.440 seconds
[2026-08-08T20:13:40.041+0000] {processor.py:161} INFO - Started process (PID=2346) to work on /opt/airflow/dags/lap_time_analysis.py
[2026-08-08T20:13:40.054+0000] {processor.py:830} INFO - Processing file /opt/airflow/dags/lap_time_analysis.py for tasks to queue
[2026-08-08T20:13:40.068+0000] {logging_mixin.py:188} INFO - [2026-08-08T20:13:40.063+0000] {dagbag.py:545} INFO - Filling up the DagBag from /opt/airflow/dags/lap_time_analysis.py
[2026-08-08T20:13:41.199+0000] {processor.py:840} INFO - DAG(s) 'lap_time_analysis' retrieved from /opt/airflow/dags/lap_time_analysis.py
[2026-08-08T20:13:41.348+0000] {logging_mixin.py:188} INFO - [2026-08-08T20:13:41.347+0000] {dag.py:3096} INFO - Sync 1 DAGs
[2026-08-08T20:13:41.407+0000] {logging_mixin.py:188} INFO - [2026-08-08T20:13:41.407+0000] {dag.py:3954} INFO - Setting next_dagrun for lap_time_analysis to None, run_after=None
[2026-08-08T20:13:41.453+0000] {processor.py:183} INFO - Processing /opt/airflow/dags/lap_time_analysis.py took 1.200 seconds
[2026-08-08T20:14:13.653+0000] {processor.py:161} INFO - Started process (PID=2355) to work on /opt/airflow/dags/lap_time_analysis.py
[2026-08-08T20:14:13.767+0000] {processor.py:830} INFO - Processing file /opt/airflow/dags/lap_time_analysis.py for tasks to queue
[2026-08-08T20:14:13.820+0000] {logging_mixin.py:188} INFO - [2026-08-08T20:14:13.800+0000] {dagbag.py:545} INFO - Filling up the DagBag from /opt/airflow/dags/lap_time_analysis.py
[2026-08-08T20:14:21.353+0000] {processor.py:840} INFO - DAG(s) 'lap_time_analysis' retrieved from /opt/airflow/dags/lap_time_analysis.py
[2026-08-08T20:14:22.258+0000] {logging_mixin.py:188} INFO - [2026-08-08T20:14:22.258+0000] {dag.py:3096} INFO - Sync 1 DAGs
[2026-08-08T20:14:22.307+0000] {logging_mixin.py:188} INFO - [2026-08-08T20:14:22.307+0000] {dag.py:3954} INFO - Setting next_dagrun for lap_time_analysis to None, run_after=None
[2026-08-08T20:14:22.397+0000] {processor.py:183} INFO - Processing /opt/airflow/dags/lap_time_analysis.py took 9.779 seconds
[2026-08-08T20:14:53.369+0000] {processor.py:161} INFO - Started process (PID=2362) to work on /opt/airflow/dags/lap_time_analysis.py
[2026-08-08T20:14:53.373+0000] {processor.py:830} INFO - Processing file /opt/airflow/dags/lap_time_analysis.py for tasks to queue
[2026-08-08T20:14:53.380+0000] {logging_mixin.py:188} INFO - [2026-08-08T20:14:53.377+0000] {dagbag.py:545} INFO - Filling up the DagBag from /opt/airflow/dags/lap_time_analysis.py
[2026-08-08T20:14:53.710+0000] {processor.py:840} INFO - DAG(s) 'lap_time_analysis' retrieved from /opt/airflow/dags/lap_time_analysis.py
[2026-08-08T20:14:53.772+0000] {logging_mixin.py:188} INFO - [2026-08-08T20:14:53.771+0000] {dag.py:3096} INFO - Sync 1 DAGs
[2026-08-08T20:14:53.799+0000] {logging_mixin.py:188} INFO - [2026-08-08T20:14:53.798+0000] {dag.py:3954} INFO - Setting next_dagrun for lap_time_analysis to None, run_after=None
[2026-08-08T20:14:53.831+0000] {processor.py:183} INFO - Processing /opt/airflow/dags/lap_time_analysis.py took 0.518 seconds
[2026-08-08T20:15:23.919+0000] {processor.py:161} INFO - Started process (PID=2373) to work on /opt/airflow/dags/lap_time_analysis.py
[2026-08-08T20:15:23.925+0000] {processor.py:830} INFO - Processing file /opt/airflow/dags/lap_time_analysis.py for tasks to queue
[2026-08-08T20:15:23.928+0000] {logging_mixin.py:188} INFO - [2026-08-08T20:15:23.928+0000] {dagbag.py:545} INFO - Filling up the DagBag from /opt/airflow/dags/lap_time_analysis.py
[2026-08-08T20:15:24.088+0000] {processor.py:840} INFO - DAG(s) 'lap_time_analysis' retrieved from /opt/airflow/dags/lap_time_analysis.py
[2026-08-08T20:15:24.131+0000] {logging_mixin.py:188} INFO - [2026-08-08T20:15:24.131+0000] {dag.py:3096} INFO - Sync 1 DAGs
[2026-08-08T20:15:24.149+0000] {logging_mixin.py:188} INFO - [2026-08-08T20:15:24.149+0000] {dag.py:3954} INFO - Setting next_dagrun for lap_time_analysis to None, run_after=None
[2026-08-08T20:15:24.180+0000] {processor.py:183} INFO - Processing /opt/airflow/dags/lap_time_analysis.py took 0.274 seconds
[2026-08-08T20:15:54.492+0000] {processor.py:161} INFO - Started process (PID=2384) to work on /opt/airflow/dags/lap_time_analysis.py
[2026-08-08T20:15:54.497+0000] {processor.py:830} INFO - Processing file /opt/airflow/dags/lap_time_analysis.py for tasks to queue
[2026-08-08T20:15:54.502+0000] {logging_mixin.py:188} INFO - [2026-08-08T20:15:54.500+0000] {dagbag.py:545} INFO - Filling up the DagBag from /opt/airflow/dags/lap_time_analysis.py
[2026-08-08T20:15:54.775+0000] {processor.py:840} INFO - DAG(s) 'lap_time_analysis' retrieved from /opt/airflow/dags/lap_time_analysis.py
[2026-08-08T20:15:54.840+0000] {logging_mixin.py:188} INFO - [2026-08-08T20:15:54.839+0000] {dag.py:3096} INFO - Sync 1 DAGs
[2026-08-08T20:15:54.970+0000] {logging_mixin.py:188} INFO - [2026-08-08T20:15:54.969+0000] {dag.py:3954} INFO - Setting next_dagrun for lap_time_analysis to None, run_after=None
[2026-08-08T20:15:55.033+0000] {processor.py:183} INFO - Processing /opt/airflow/dags/lap_time_analysis.py took 0.560 seconds
[2026-08-08T20:16:25.311+0000] {processor.py:161} INFO - Started process (PID=2395) to work on /opt/airflow/dags/lap_time_analysis.py
[2026-08-08T20:16:25.314+0000] {processor.py:830} INFO - Processing file /opt/airflow/dags/lap_time_analysis.py for tasks to queue
[2026-08-08T20:16:25.320+0000] {logging_mixin.py:188} INFO - [2026-08-08T20:16:25.317+0000] {dagbag.py:545} INFO - Filling up the DagBag from /opt/airflow/dags/lap_time_analysis.py
[2026-08-08T20:16:25.813+0000] {processor.py:840} INFO - DAG(s) 'lap_time_analysis' retrieved from /opt/airflow/dags/lap_time_analysis.py
[2026-08-08T20:16:25.894+0000] {logging_mixin.py:188} INFO - [2026-08-08T20:16:25.893+0000] {dag.py:3096} INFO - Sync 1 DAGs
[2026-08-08T20:16:25.926+0000] {logging_mixin.py:188} INFO - [2026-08-08T20:16:25.925+0000] {dag.py:3954} INFO - Setting next_dagrun for lap_time_analysis to None, run_after=None
[2026-08-08T20:16:25.973+0000] {processor.py:183} INFO - Processing /opt/airflow/dags/lap_time_analysis.py took 0.698 seconds
[2026-08-08T20:17:11.240+0000] {processor.py:161} INFO - Started process (PID=2406) to work on /opt/airflow/dags/lap_time_analysis.py
[2026-08-08T20:17:11.255+0000] {processor.py:830} INFO - Processing file /opt/airflow/dags/lap_time_analysis.py for tasks to queue
[2026-08-08T20:17:11.283+0000] {logging_mixin.py:188} INFO - [2026-08-08T20:17:11.271+0000] {dagbag.py:545} INFO - Filling up the DagBag from /opt/airflow/dags/lap_time_analysis.py
[2026-08-08T20:17:12.678+0000] {processor.py:840} INFO - DAG(s) 'lap_time_analysis' retrieved from /opt/airflow/dags/lap_time_analysis.py
[2026-08-08T20:17:13.121+0000] {logging_mixin.py:188} INFO - [2026-08-08T20:17:13.121+0000] {dag.py:3096} INFO - Sync 1 DAGs
[2026-08-08T20:17:13.245+0000] {logging_mixin.py:188} INFO - [2026-08-08T20:17:13.244+0000] {dag.py:3954} INFO - Setting next_dagrun for lap_time_analysis to None, run_after=None
[2026-08-08T20:17:13.404+0000] {processor.py:183} INFO - Processing /opt/airflow/dags/lap_time_analysis.py took 2.195 seconds
[2026-08-08T20:17:44.010+0000] {processor.py:161} INFO - Started process (PID=2417) to work on /opt/airflow/dags/lap_time_analysis.py
[2026-08-08T20:17:44.027+0000] {processor.py:830} INFO - Processing file /opt/airflow/dags/lap_time_analysis.py for tasks to queue
[2026-08-08T20:17:44.065+0000] {logging_mixin.py:188} INFO - [2026-08-08T20:17:44.032+0000] {dagbag.py:545} INFO - Filling up the DagBag from /opt/airflow/dags/lap_time_analysis.py
[2026-08-08T20:17:44.773+0000] {processor.py:840} INFO - DAG(s) 'lap_time_analysis' retrieved from /opt/airflow/dags/lap_time_analysis.py
[2026-08-08T20:17:45.050+0000] {logging_mixin.py:188} INFO - [2026-08-08T20:17:45.049+0000] {dag.py:3096} INFO - Sync 1 DAGs
[2026-08-08T20:17:45.240+0000] {logging_mixin.py:188} INFO - [2026-08-08T20:17:45.239+0000] {dag.py:3954} INFO - Setting next_dagrun for lap_time_analysis to None, run_after=None
[2026-08-08T20:17:45.385+0000] {processor.py:183} INFO - Processing /opt/airflow/dags/lap_time_analysis.py took 1.425 seconds
[2026-08-08T20:18:16.592+0000] {processor.py:161} INFO - Started process (PID=2428) to work on /opt/airflow/dags/lap_time_analysis.py
[2026-08-08T20:18:16.601+0000] {processor.py:830} INFO - Processing file /opt/airflow/dags/lap_time_analysis.py for tasks to queue
[2026-08-08T20:18:16.619+0000] {logging_mixin.py:188} INFO - [2026-08-08T20:18:16.609+0000] {dagbag.py:545} INFO - Filling up the DagBag from /opt/airflow/dags/lap_time_analysis.py
[2026-08-08T20:18:17.976+0000] {processor.py:840} INFO - DAG(s) 'lap_time_analysis' retrieved from /opt/airflow/dags/lap_time_analysis.py
[2026-08-08T20:18:18.157+0000] {logging_mixin.py:188} INFO - [2026-08-08T20:18:18.156+0000] {dag.py:3096} INFO - Sync 1 DAGs
[2026-08-08T20:18:18.238+0000] {logging_mixin.py:188} INFO - [2026-08-08T20:18:18.237+0000] {dag.py:3954} INFO - Setting next_dagrun for lap_time_analysis to None, run_after=None
[2026-08-08T20:18:18.348+0000] {processor.py:183} INFO - Processing /opt/airflow/dags/lap_time_analysis.py took 1.882 seconds
[2026-08-08T20:18:48.926+0000] {processor.py:161} INFO - Started process (PID=2439) to work on /opt/airflow/dags/lap_time_analysis.py
[2026-08-08T20:18:48.936+0000] {processor.py:830} INFO - Processing file /opt/airflow/dags/lap_time_analysis.py for tasks to queue
[2026-08-08T20:18:48.945+0000] {logging_mixin.py:188} INFO - [2026-08-08T20:18:48.942+0000] {dagbag.py:545} INFO - Filling up the DagBag from /opt/airflow/dags/lap_time_analysis.py
[2026-08-08T20:18:49.603+0000] {processor.py:840} INFO - DAG(s) 'lap_time_analysis' retrieved from /opt/airflow/dags/lap_time_analysis.py
[2026-08-08T20:18:49.657+0000] {logging_mixin.py:188} INFO - [2026-08-08T20:18:49.656+0000] {dag.py:3096} INFO - Sync 1 DAGs
[2026-08-08T20:18:49.684+0000] {logging_mixin.py:188} INFO - [2026-08-08T20:18:49.683+0000] {dag.py:3954} INFO - Setting next_dagrun for lap_time_analysis to None, run_after=None
[2026-08-08T20:18:49.719+0000] {processor.py:183} INFO - Processing /opt/airflow/dags/lap_time_analysis.py took 0.868 seconds
[2026-08-08T20:19:20.349+0000] {processor.py:161} INFO - Started process (PID=2450) to work on /opt/airflow/dags/lap_time_analysis.py
[2026-08-08T20:19:20.351+0000] {processor.py:830} INFO - Processing file /opt/airflow/dags/lap_time_analysis.py for tasks to queue
[2026-08-08T20:19:20.354+0000] {logging_mixin.py:188} INFO - [2026-08-08T20:19:20.353+0000] {dagbag.py:545} INFO - Filling up the DagBag from /opt/airflow/dags/lap_time_analysis.py
[2026-08-08T20:19:20.511+0000] {processor.py:840} INFO - DAG(s) 'lap_time_analysis' retrieved from /opt/airflow/dags/lap_time_analysis.py
[2026-08-08T20:19:20.563+0000] {logging_mixin.py:188} INFO - [2026-08-08T20:19:20.562+0000] {dag.py:3096} INFO - Sync 1 DAGs
[2026-08-08T20:19:20.593+0000] {logging_mixin.py:188} INFO - [2026-08-08T20:19:20.593+0000] {dag.py:3954} INFO - Setting next_dagrun for lap_time_analysis to None, run_after=None
[2026-08-08T20:19:20.630+0000] {processor.py:183} INFO - Processing /opt/airflow/dags/lap_time_analysis.py took 0.299 seconds
