[2026-08-08T07:15:04.425+0000] {processor.py:161} INFO - Started process (PID=242) to work on /opt/airflow/dags/load_ergast_data.py
[2026-08-08T07:15:04.439+0000] {processor.py:830} INFO - Processing file /opt/airflow/dags/load_ergast_data.py for tasks to queue
[2026-08-08T07:15:04.454+0000] {logging_mixin.py:188} INFO - [2026-08-08T07:15:04.453+0000] {dagbag.py:545} INFO - Filling up the DagBag from /opt/airflow/dags/load_ergast_data.py
[2026-08-08T07:15:10.350+0000] {processor.py:840} INFO - DAG(s) 'load_ergast_data' retrieved from /opt/airflow/dags/load_ergast_data.py
[2026-08-08T07:15:10.563+0000] {logging_mixin.py:188} INFO - [2026-08-08T07:15:10.561+0000] {dag.py:3096} INFO - Sync 1 DAGs
[2026-08-08T07:15:10.676+0000] {logging_mixin.py:188} INFO - [2026-08-08T07:15:10.675+0000] {dag.py:3954} INFO - Setting next_dagrun for load_ergast_data to None, run_after=None
[2026-08-08T07:15:10.907+0000] {processor.py:183} INFO - Processing /opt/airflow/dags/load_ergast_data.py took 6.664 seconds
[2026-08-08T07:15:41.368+0000] {processor.py:161} INFO - Started process (PID=263) to work on /opt/airflow/dags/load_ergast_data.py
[2026-08-08T07:15:41.379+0000] {processor.py:830} INFO - Processing file /opt/airflow/dags/load_ergast_data.py for tasks to queue
[2026-08-08T07:15:41.394+0000] {logging_mixin.py:188} INFO - [2026-08-08T07:15:41.392+0000] {dagbag.py:545} INFO - Filling up the DagBag from /opt/airflow/dags/load_ergast_data.py
[2026-08-08T07:15:47.737+0000] {processor.py:840} INFO - DAG(s) 'load_ergast_data' retrieved from /opt/airflow/dags/load_ergast_data.py
[2026-08-08T07:15:54.172+0000] {logging_mixin.py:188} INFO - [2026-08-08T07:15:54.168+0000] {dag.py:3096} INFO - Sync 1 DAGs
[2026-08-08T07:15:54.210+0000] {logging_mixin.py:188} INFO - [2026-08-08T07:15:54.210+0000] {dag.py:3954} INFO - Setting next_dagrun for load_ergast_data to None, run_after=None
[2026-08-08T07:15:54.304+0000] {processor.py:183} INFO - Processing /opt/airflow/dags/load_ergast_data.py took 13.116 seconds
[2026-08-08T07:16:25.525+0000] {processor.py:161} INFO - Started process (PID=285) to work on /opt/airflow/dags/load_ergast_data.py
[2026-08-08T07:16:25.551+0000] {processor.py:830} INFO - Processing file /opt/airflow/dags/load_ergast_data.py for tasks to queue
[2026-08-08T07:16:25.557+0000] {logging_mixin.py:188} INFO - [2026-08-08T07:16:25.556+0000] {dagbag.py:545} INFO - Filling up the DagBag from /opt/airflow/dags/load_ergast_data.py
[2026-08-08T07:16:31.505+0000] {processor.py:840} INFO - DAG(s) 'load_ergast_data' retrieved from /opt/airflow/dags/load_ergast_data.py
[2026-08-08T07:16:31.851+0000] {logging_mixin.py:188} INFO - [2026-08-08T07:16:31.849+0000] {dag.py:3096} INFO - Sync 1 DAGs
[2026-08-08T07:16:31.946+0000] {logging_mixin.py:188} INFO - [2026-08-08T07:16:31.946+0000] {dag.py:3954} INFO - Setting next_dagrun for load_ergast_data to None, run_after=None
[2026-08-08T07:16:32.026+0000] {processor.py:183} INFO - Processing /opt/airflow/dags/load_ergast_data.py took 6.535 seconds
[2026-08-08T07:17:02.366+0000] {processor.py:161} INFO - Started process (PID=296) to work on /opt/airflow/dags/load_ergast_data.py
[2026-08-08T07:17:02.369+0000] {processor.py:830} INFO - Processing file /opt/airflow/dags/load_ergast_data.py for tasks to queue
[2026-08-08T07:17:02.372+0000] {logging_mixin.py:188} INFO - [2026-08-08T07:17:02.372+0000] {dagbag.py:545} INFO - Filling up the DagBag from /opt/airflow/dags/load_ergast_data.py
[2026-08-08T07:17:03.249+0000] {processor.py:840} INFO - DAG(s) 'load_ergast_data' retrieved from /opt/airflow/dags/load_ergast_data.py
[2026-08-08T07:17:03.291+0000] {logging_mixin.py:188} INFO - [2026-08-08T07:17:03.291+0000] {dag.py:3096} INFO - Sync 1 DAGs
[2026-08-08T07:17:03.342+0000] {logging_mixin.py:188} INFO - [2026-08-08T07:17:03.342+0000] {dag.py:3954} INFO - Setting next_dagrun for load_ergast_data to None, run_after=None
[2026-08-08T07:17:03.368+0000] {processor.py:183} INFO - Processing /opt/airflow/dags/load_ergast_data.py took 1.012 seconds
[2026-08-08T07:17:33.782+0000] {processor.py:161} INFO - Started process (PID=311) to work on /opt/airflow/dags/load_ergast_data.py
[2026-08-08T07:17:33.787+0000] {processor.py:830} INFO - Processing file /opt/airflow/dags/load_ergast_data.py for tasks to queue
[2026-08-08T07:17:33.797+0000] {logging_mixin.py:188} INFO - [2026-08-08T07:17:33.796+0000] {dagbag.py:545} INFO - Filling up the DagBag from /opt/airflow/dags/load_ergast_data.py
[2026-08-08T07:17:35.053+0000] {processor.py:840} INFO - DAG(s) 'load_ergast_data' retrieved from /opt/airflow/dags/load_ergast_data.py
[2026-08-08T07:17:35.191+0000] {logging_mixin.py:188} INFO - [2026-08-08T07:17:35.187+0000] {dag.py:3096} INFO - Sync 1 DAGs
[2026-08-08T07:17:35.250+0000] {logging_mixin.py:188} INFO - [2026-08-08T07:17:35.249+0000] {dag.py:3954} INFO - Setting next_dagrun for load_ergast_data to None, run_after=None
[2026-08-08T07:17:36.436+0000] {processor.py:183} INFO - Processing /opt/airflow/dags/load_ergast_data.py took 2.676 seconds
[2026-08-08T07:18:06.608+0000] {processor.py:161} INFO - Started process (PID=322) to work on /opt/airflow/dags/load_ergast_data.py
[2026-08-08T07:18:06.613+0000] {processor.py:830} INFO - Processing file /opt/airflow/dags/load_ergast_data.py for tasks to queue
[2026-08-08T07:18:06.633+0000] {logging_mixin.py:188} INFO - [2026-08-08T07:18:06.632+0000] {dagbag.py:545} INFO - Filling up the DagBag from /opt/airflow/dags/load_ergast_data.py
[2026-08-08T07:18:11.527+0000] {processor.py:840} INFO - DAG(s) 'load_ergast_data' retrieved from /opt/airflow/dags/load_ergast_data.py
[2026-08-08T07:18:11.568+0000] {logging_mixin.py:188} INFO - [2026-08-08T07:18:11.566+0000] {dag.py:3096} INFO - Sync 1 DAGs
[2026-08-08T07:18:11.616+0000] {logging_mixin.py:188} INFO - [2026-08-08T07:18:11.616+0000] {dag.py:3954} INFO - Setting next_dagrun for load_ergast_data to None, run_after=None
[2026-08-08T07:18:11.664+0000] {processor.py:183} INFO - Processing /opt/airflow/dags/load_ergast_data.py took 5.100 seconds
[2026-08-08T07:18:41.958+0000] {processor.py:161} INFO - Started process (PID=333) to work on /opt/airflow/dags/load_ergast_data.py
[2026-08-08T07:18:41.960+0000] {processor.py:830} INFO - Processing file /opt/airflow/dags/load_ergast_data.py for tasks to queue
[2026-08-08T07:18:41.962+0000] {logging_mixin.py:188} INFO - [2026-08-08T07:18:41.962+0000] {dagbag.py:545} INFO - Filling up the DagBag from /opt/airflow/dags/load_ergast_data.py
[2026-08-08T07:18:42.489+0000] {processor.py:840} INFO - DAG(s) 'load_ergast_data' retrieved from /opt/airflow/dags/load_ergast_data.py
[2026-08-08T07:18:42.535+0000] {logging_mixin.py:188} INFO - [2026-08-08T07:18:42.534+0000] {dag.py:3096} INFO - Sync 1 DAGs
[2026-08-08T07:18:42.562+0000] {logging_mixin.py:188} INFO - [2026-08-08T07:18:42.562+0000] {dag.py:3954} INFO - Setting next_dagrun for load_ergast_data to None, run_after=None
[2026-08-08T07:18:42.590+0000] {processor.py:183} INFO - Processing /opt/airflow/dags/load_ergast_data.py took 0.637 seconds
[2026-08-08T07:19:12.937+0000] {processor.py:161} INFO - Started process (PID=344) to work on /opt/airflow/dags/load_ergast_data.py
[2026-08-08T07:19:12.947+0000] {processor.py:830} INFO - Processing file /opt/airflow/dags/load_ergast_data.py for tasks to queue
[2026-08-08T07:19:12.959+0000] {logging_mixin.py:188} INFO - [2026-08-08T07:19:12.959+0000] {dagbag.py:545} INFO - Filling up the DagBag from /opt/airflow/dags/load_ergast_data.py
[2026-08-08T07:19:13.940+0000] {processor.py:840} INFO - DAG(s) 'load_ergast_data' retrieved from /opt/airflow/dags/load_ergast_data.py
[2026-08-08T07:19:14.005+0000] {logging_mixin.py:188} INFO - [2026-08-08T07:19:14.004+0000] {dag.py:3096} INFO - Sync 1 DAGs
[2026-08-08T07:19:14.043+0000] {logging_mixin.py:188} INFO - [2026-08-08T07:19:14.043+0000] {dag.py:3954} INFO - Setting next_dagrun for load_ergast_data to None, run_after=None
[2026-08-08T07:19:14.108+0000] {processor.py:183} INFO - Processing /opt/airflow/dags/load_ergast_data.py took 1.205 seconds
[2026-08-08T07:19:45.125+0000] {processor.py:161} INFO - Started process (PID=357) to work on /opt/airflow/dags/load_ergast_data.py
[2026-08-08T07:19:45.134+0000] {processor.py:830} INFO - Processing file /opt/airflow/dags/load_ergast_data.py for tasks to queue
[2026-08-08T07:19:45.164+0000] {logging_mixin.py:188} INFO - [2026-08-08T07:19:45.162+0000] {dagbag.py:545} INFO - Filling up the DagBag from /opt/airflow/dags/load_ergast_data.py
[2026-08-08T07:19:46.713+0000] {processor.py:840} INFO - DAG(s) 'load_ergast_data' retrieved from /opt/airflow/dags/load_ergast_data.py
[2026-08-08T07:19:47.133+0000] {logging_mixin.py:188} INFO - [2026-08-08T07:19:47.128+0000] {dag.py:3096} INFO - Sync 1 DAGs
[2026-08-08T07:19:47.444+0000] {logging_mixin.py:188} INFO - [2026-08-08T07:19:47.443+0000] {dag.py:3954} INFO - Setting next_dagrun for load_ergast_data to None, run_after=None
[2026-08-08T07:19:47.750+0000] {processor.py:183} INFO - Processing /opt/airflow/dags/load_ergast_data.py took 2.764 seconds
[2026-08-08T07:20:23.373+0000] {processor.py:161} INFO - Started process (PID=367) to work on /opt/airflow/dags/load_ergast_data.py
[2026-08-08T07:20:23.436+0000] {processor.py:830} INFO - Processing file /opt/airflow/dags/load_ergast_data.py for tasks to queue
[2026-08-08T07:20:23.548+0000] {logging_mixin.py:188} INFO - [2026-08-08T07:20:23.529+0000] {dagbag.py:545} INFO - Filling up the DagBag from /opt/airflow/dags/load_ergast_data.py
[2026-08-08T07:20:26.010+0000] {processor.py:840} INFO - DAG(s) 'load_ergast_data' retrieved from /opt/airflow/dags/load_ergast_data.py
[2026-08-08T07:20:26.238+0000] {logging_mixin.py:188} INFO - [2026-08-08T07:20:26.237+0000] {dag.py:3096} INFO - Sync 1 DAGs
[2026-08-08T07:20:26.304+0000] {logging_mixin.py:188} INFO - [2026-08-08T07:20:26.303+0000] {dag.py:3954} INFO - Setting next_dagrun for load_ergast_data to None, run_after=None
[2026-08-08T07:20:26.424+0000] {processor.py:183} INFO - Processing /opt/airflow/dags/load_ergast_data.py took 3.575 seconds
[2026-08-08T07:20:57.442+0000] {processor.py:161} INFO - Started process (PID=378) to work on /opt/airflow/dags/load_ergast_data.py
[2026-08-08T07:20:57.485+0000] {processor.py:830} INFO - Processing file /opt/airflow/dags/load_ergast_data.py for tasks to queue
[2026-08-08T07:20:57.559+0000] {logging_mixin.py:188} INFO - [2026-08-08T07:20:57.549+0000] {dagbag.py:545} INFO - Filling up the DagBag from /opt/airflow/dags/load_ergast_data.py
[2026-08-08T07:20:59.922+0000] {processor.py:840} INFO - DAG(s) 'load_ergast_data' retrieved from /opt/airflow/dags/load_ergast_data.py
[2026-08-08T07:21:00.174+0000] {logging_mixin.py:188} INFO - [2026-08-08T07:21:00.170+0000] {dag.py:3096} INFO - Sync 1 DAGs
[2026-08-08T07:21:00.344+0000] {logging_mixin.py:188} INFO - [2026-08-08T07:21:00.343+0000] {dag.py:3954} INFO - Setting next_dagrun for load_ergast_data to None, run_after=None
[2026-08-08T07:21:08.323+0000] {processor.py:183} INFO - Processing /opt/airflow/dags/load_ergast_data.py took 11.097 seconds
[2026-08-08T07:21:38.949+0000] {processor.py:161} INFO - Started process (PID=391) to work on /opt/airflow/dags/load_ergast_data.py
[2026-08-08T07:21:38.953+0000] {processor.py:830} INFO - Processing file /opt/airflow/dags/load_ergast_data.py for tasks to queue
[2026-08-08T07:21:38.966+0000] {logging_mixin.py:188} INFO - [2026-08-08T07:21:38.964+0000] {dagbag.py:545} INFO - Filling up the DagBag from /opt/airflow/dags/load_ergast_data.py
[2026-08-08T07:21:42.188+0000] {processor.py:840} INFO - DAG(s) 'load_ergast_data' retrieved from /opt/airflow/dags/load_ergast_data.py
[2026-08-08T07:21:42.469+0000] {logging_mixin.py:188} INFO - [2026-08-08T07:21:42.464+0000] {dag.py:3096} INFO - Sync 1 DAGs
[2026-08-08T07:21:42.630+0000] {logging_mixin.py:188} INFO - [2026-08-08T07:21:42.630+0000] {dag.py:3954} INFO - Setting next_dagrun for load_ergast_data to None, run_after=None
[2026-08-08T07:21:42.796+0000] {processor.py:183} INFO - Processing /opt/airflow/dags/load_ergast_data.py took 3.881 seconds
[2026-08-08T07:22:13.628+0000] {processor.py:161} INFO - Started process (PID=402) to work on /opt/airflow/dags/load_ergast_data.py
[2026-08-08T07:22:13.634+0000] {processor.py:830} INFO - Processing file /opt/airflow/dags/load_ergast_data.py for tasks to queue
[2026-08-08T07:22:13.659+0000] {logging_mixin.py:188} INFO - [2026-08-08T07:22:13.657+0000] {dagbag.py:545} INFO - Filling up the DagBag from /opt/airflow/dags/load_ergast_data.py
[2026-08-08T07:22:17.739+0000] {processor.py:840} INFO - DAG(s) 'load_ergast_data' retrieved from /opt/airflow/dags/load_ergast_data.py
[2026-08-08T07:22:17.849+0000] {logging_mixin.py:188} INFO - [2026-08-08T07:22:17.846+0000] {dag.py:3096} INFO - Sync 1 DAGs
[2026-08-08T07:22:17.948+0000] {logging_mixin.py:188} INFO - [2026-08-08T07:22:17.947+0000] {dag.py:3954} INFO - Setting next_dagrun for load_ergast_data to None, run_after=None
[2026-08-08T07:22:18.063+0000] {processor.py:183} INFO - Processing /opt/airflow/dags/load_ergast_data.py took 4.499 seconds
[2026-08-08T07:22:48.933+0000] {processor.py:161} INFO - Started process (PID=413) to work on /opt/airflow/dags/load_ergast_data.py
[2026-08-08T07:22:48.935+0000] {processor.py:830} INFO - Processing file /opt/airflow/dags/load_ergast_data.py for tasks to queue
[2026-08-08T07:22:48.938+0000] {logging_mixin.py:188} INFO - [2026-08-08T07:22:48.937+0000] {dagbag.py:545} INFO - Filling up the DagBag from /opt/airflow/dags/load_ergast_data.py
[2026-08-08T07:22:49.597+0000] {processor.py:840} INFO - DAG(s) 'load_ergast_data' retrieved from /opt/airflow/dags/load_ergast_data.py
[2026-08-08T07:22:49.657+0000] {logging_mixin.py:188} INFO - [2026-08-08T07:22:49.656+0000] {dag.py:3096} INFO - Sync 1 DAGs
[2026-08-08T07:22:49.696+0000] {logging_mixin.py:188} INFO - [2026-08-08T07:22:49.696+0000] {dag.py:3954} INFO - Setting next_dagrun for load_ergast_data to None, run_after=None
[2026-08-08T07:22:49.740+0000] {processor.py:183} INFO - Processing /opt/airflow/dags/load_ergast_data.py took 0.787 seconds
[2026-08-08T07:23:20.201+0000] {processor.py:161} INFO - Started process (PID=424) to work on /opt/airflow/dags/load_ergast_data.py
[2026-08-08T07:23:20.204+0000] {processor.py:830} INFO - Processing file /opt/airflow/dags/load_ergast_data.py for tasks to queue
[2026-08-08T07:23:20.207+0000] {logging_mixin.py:188} INFO - [2026-08-08T07:23:20.206+0000] {dagbag.py:545} INFO - Filling up the DagBag from /opt/airflow/dags/load_ergast_data.py
[2026-08-08T07:23:22.133+0000] {processor.py:840} INFO - DAG(s) 'load_ergast_data' retrieved from /opt/airflow/dags/load_ergast_data.py
[2026-08-08T07:23:22.171+0000] {logging_mixin.py:188} INFO - [2026-08-08T07:23:22.171+0000] {dag.py:3096} INFO - Sync 1 DAGs
[2026-08-08T07:23:22.191+0000] {logging_mixin.py:188} INFO - [2026-08-08T07:23:22.190+0000] {dag.py:3954} INFO - Setting next_dagrun for load_ergast_data to None, run_after=None
[2026-08-08T07:23:22.228+0000] {processor.py:183} INFO - Processing /opt/airflow/dags/load_ergast_data.py took 2.032 seconds
[2026-08-08T07:23:52.798+0000] {processor.py:161} INFO - Started process (PID=435) to work on /opt/airflow/dags/load_ergast_data.py
[2026-08-08T07:23:52.813+0000] {processor.py:830} INFO - Processing file /opt/airflow/dags/load_ergast_data.py for tasks to queue
[2026-08-08T07:23:52.818+0000] {logging_mixin.py:188} INFO - [2026-08-08T07:23:52.817+0000] {dagbag.py:545} INFO - Filling up the DagBag from /opt/airflow/dags/load_ergast_data.py
[2026-08-08T07:23:54.281+0000] {processor.py:840} INFO - DAG(s) 'load_ergast_data' retrieved from /opt/airflow/dags/load_ergast_data.py
[2026-08-08T07:23:54.339+0000] {logging_mixin.py:188} INFO - [2026-08-08T07:23:54.338+0000] {dag.py:3096} INFO - Sync 1 DAGs
[2026-08-08T07:23:54.403+0000] {logging_mixin.py:188} INFO - [2026-08-08T07:23:54.402+0000] {dag.py:3954} INFO - Setting next_dagrun for load_ergast_data to None, run_after=None
[2026-08-08T07:23:59.860+0000] {processor.py:183} INFO - Processing /opt/airflow/dags/load_ergast_data.py took 7.072 seconds
[2026-08-08T07:24:30.307+0000] {processor.py:161} INFO - Started process (PID=446) to work on /opt/airflow/dags/load_ergast_data.py
[2026-08-08T07:24:30.317+0000] {processor.py:830} INFO - Processing file /opt/airflow/dags/load_ergast_data.py for tasks to queue
[2026-08-08T07:24:30.335+0000] {logging_mixin.py:188} INFO - [2026-08-08T07:24:30.329+0000] {dagbag.py:545} INFO - Filling up the DagBag from /opt/airflow/dags/load_ergast_data.py
[2026-08-08T07:24:31.808+0000] {processor.py:840} INFO - DAG(s) 'load_ergast_data' retrieved from /opt/airflow/dags/load_ergast_data.py
[2026-08-08T07:24:32.001+0000] {logging_mixin.py:188} INFO - [2026-08-08T07:24:31.995+0000] {dag.py:3096} INFO - Sync 1 DAGs
[2026-08-08T07:24:32.088+0000] {logging_mixin.py:188} INFO - [2026-08-08T07:24:32.087+0000] {dag.py:3954} INFO - Setting next_dagrun for load_ergast_data to None, run_after=None
[2026-08-08T07:24:32.385+0000] {processor.py:183} INFO - Processing /opt/airflow/dags/load_ergast_data.py took 2.140 seconds
[2026-08-08T07:25:05.291+0000] {processor.py:161} INFO - Started process (PID=457) to work on /opt/airflow/dags/load_ergast_data.py
[2026-08-08T07:25:05.328+0000] {processor.py:830} INFO - Processing file /opt/airflow/dags/load_ergast_data.py for tasks to queue
[2026-08-08T07:25:05.436+0000] {logging_mixin.py:188} INFO - [2026-08-08T07:25:05.368+0000] {dagbag.py:545} INFO - Filling up the DagBag from /opt/airflow/dags/load_ergast_data.py
[2026-08-08T07:25:11.321+0000] {processor.py:840} INFO - DAG(s) 'load_ergast_data' retrieved from /opt/airflow/dags/load_ergast_data.py
[2026-08-08T07:25:11.465+0000] {logging_mixin.py:188} INFO - [2026-08-08T07:25:11.464+0000] {dag.py:3096} INFO - Sync 1 DAGs
[2026-08-08T07:25:11.535+0000] {logging_mixin.py:188} INFO - [2026-08-08T07:25:11.535+0000] {dag.py:3954} INFO - Setting next_dagrun for load_ergast_data to None, run_after=None
[2026-08-08T07:25:14.456+0000] {processor.py:183} INFO - Processing /opt/airflow/dags/load_ergast_data.py took 10.184 seconds
[2026-08-08T07:25:45.007+0000] {processor.py:161} INFO - Started process (PID=468) to work on /opt/airflow/dags/load_ergast_data.py
[2026-08-08T07:25:45.009+0000] {processor.py:830} INFO - Processing file /opt/airflow/dags/load_ergast_data.py for tasks to queue
[2026-08-08T07:25:45.012+0000] {logging_mixin.py:188} INFO - [2026-08-08T07:25:45.011+0000] {dagbag.py:545} INFO - Filling up the DagBag from /opt/airflow/dags/load_ergast_data.py
[2026-08-08T07:25:45.500+0000] {processor.py:840} INFO - DAG(s) 'load_ergast_data' retrieved from /opt/airflow/dags/load_ergast_data.py
[2026-08-08T07:25:45.533+0000] {logging_mixin.py:188} INFO - [2026-08-08T07:25:45.533+0000] {dag.py:3096} INFO - Sync 1 DAGs
[2026-08-08T07:25:45.552+0000] {logging_mixin.py:188} INFO - [2026-08-08T07:25:45.552+0000] {dag.py:3954} INFO - Setting next_dagrun for load_ergast_data to None, run_after=None
[2026-08-08T07:25:45.594+0000] {processor.py:183} INFO - Processing /opt/airflow/dags/load_ergast_data.py took 0.594 seconds
[2026-08-08T07:26:16.033+0000] {processor.py:161} INFO - Started process (PID=479) to work on /opt/airflow/dags/load_ergast_data.py
[2026-08-08T07:26:16.037+0000] {processor.py:830} INFO - Processing file /opt/airflow/dags/load_ergast_data.py for tasks to queue
[2026-08-08T07:26:16.041+0000] {logging_mixin.py:188} INFO - [2026-08-08T07:26:16.041+0000] {dagbag.py:545} INFO - Filling up the DagBag from /opt/airflow/dags/load_ergast_data.py
[2026-08-08T07:26:16.613+0000] {processor.py:840} INFO - DAG(s) 'load_ergast_data' retrieved from /opt/airflow/dags/load_ergast_data.py
[2026-08-08T07:26:16.662+0000] {logging_mixin.py:188} INFO - [2026-08-08T07:26:16.661+0000] {dag.py:3096} INFO - Sync 1 DAGs
[2026-08-08T07:26:16.694+0000] {logging_mixin.py:188} INFO - [2026-08-08T07:26:16.694+0000] {dag.py:3954} INFO - Setting next_dagrun for load_ergast_data to None, run_after=None
[2026-08-08T07:26:16.726+0000] {processor.py:183} INFO - Processing /opt/airflow/dags/load_ergast_data.py took 0.707 seconds
[2026-08-08T07:26:47.513+0000] {processor.py:161} INFO - Started process (PID=490) to work on /opt/airflow/dags/load_ergast_data.py
[2026-08-08T07:26:47.519+0000] {processor.py:830} INFO - Processing file /opt/airflow/dags/load_ergast_data.py for tasks to queue
[2026-08-08T07:26:47.556+0000] {logging_mixin.py:188} INFO - [2026-08-08T07:26:47.553+0000] {dagbag.py:545} INFO - Filling up the DagBag from /opt/airflow/dags/load_ergast_data.py
[2026-08-08T07:26:49.487+0000] {processor.py:840} INFO - DAG(s) 'load_ergast_data' retrieved from /opt/airflow/dags/load_ergast_data.py
[2026-08-08T07:26:49.823+0000] {logging_mixin.py:188} INFO - [2026-08-08T07:26:49.821+0000] {dag.py:3096} INFO - Sync 1 DAGs
[2026-08-08T07:26:49.949+0000] {logging_mixin.py:188} INFO - [2026-08-08T07:26:49.948+0000] {dag.py:3954} INFO - Setting next_dagrun for load_ergast_data to None, run_after=None
[2026-08-08T07:26:52.942+0000] {processor.py:183} INFO - Processing /opt/airflow/dags/load_ergast_data.py took 5.487 seconds
[2026-08-08T07:27:23.204+0000] {processor.py:161} INFO - Started process (PID=504) to work on /opt/airflow/dags/load_ergast_data.py
[2026-08-08T07:27:23.209+0000] {processor.py:830} INFO - Processing file /opt/airflow/dags/load_ergast_data.py for tasks to queue
[2026-08-08T07:27:23.228+0000] {logging_mixin.py:188} INFO - [2026-08-08T07:27:23.219+0000] {dagbag.py:545} INFO - Filling up the DagBag from /opt/airflow/dags/load_ergast_data.py
[2026-08-08T07:27:25.516+0000] {processor.py:840} INFO - DAG(s) 'load_ergast_data' retrieved from /opt/airflow/dags/load_ergast_data.py
[2026-08-08T07:27:25.560+0000] {logging_mixin.py:188} INFO - [2026-08-08T07:27:25.559+0000] {dag.py:3096} INFO - Sync 1 DAGs
[2026-08-08T07:27:26.315+0000] {logging_mixin.py:188} INFO - [2026-08-08T07:27:26.315+0000] {dag.py:3954} INFO - Setting next_dagrun for load_ergast_data to None, run_after=None
[2026-08-08T07:27:26.337+0000] {processor.py:183} INFO - Processing /opt/airflow/dags/load_ergast_data.py took 3.160 seconds
[2026-08-08T07:27:56.722+0000] {processor.py:161} INFO - Started process (PID=517) to work on /opt/airflow/dags/load_ergast_data.py
[2026-08-08T07:27:56.724+0000] {processor.py:830} INFO - Processing file /opt/airflow/dags/load_ergast_data.py for tasks to queue
[2026-08-08T07:27:56.727+0000] {logging_mixin.py:188} INFO - [2026-08-08T07:27:56.727+0000] {dagbag.py:545} INFO - Filling up the DagBag from /opt/airflow/dags/load_ergast_data.py
[2026-08-08T07:27:57.219+0000] {processor.py:840} INFO - DAG(s) 'load_ergast_data' retrieved from /opt/airflow/dags/load_ergast_data.py
[2026-08-08T07:27:57.254+0000] {logging_mixin.py:188} INFO - [2026-08-08T07:27:57.253+0000] {dag.py:3096} INFO - Sync 1 DAGs
[2026-08-08T07:27:57.271+0000] {logging_mixin.py:188} INFO - [2026-08-08T07:27:57.271+0000] {dag.py:3954} INFO - Setting next_dagrun for load_ergast_data to None, run_after=None
[2026-08-08T07:27:57.294+0000] {processor.py:183} INFO - Processing /opt/airflow/dags/load_ergast_data.py took 0.577 seconds
[2026-08-08T07:28:28.012+0000] {processor.py:161} INFO - Started process (PID=528) to work on /opt/airflow/dags/load_ergast_data.py
[2026-08-08T07:28:28.013+0000] {processor.py:830} INFO - Processing file /opt/airflow/dags/load_ergast_data.py for tasks to queue
[2026-08-08T07:28:28.019+0000] {logging_mixin.py:188} INFO - [2026-08-08T07:28:28.018+0000] {dagbag.py:545} INFO - Filling up the DagBag from /opt/airflow/dags/load_ergast_data.py
[2026-08-08T07:28:28.419+0000] {processor.py:840} INFO - DAG(s) 'load_ergast_data' retrieved from /opt/airflow/dags/load_ergast_data.py
[2026-08-08T07:28:28.455+0000] {logging_mixin.py:188} INFO - [2026-08-08T07:28:28.454+0000] {dag.py:3096} INFO - Sync 1 DAGs
[2026-08-08T07:28:28.476+0000] {logging_mixin.py:188} INFO - [2026-08-08T07:28:28.476+0000] {dag.py:3954} INFO - Setting next_dagrun for load_ergast_data to None, run_after=None
[2026-08-08T07:28:28.500+0000] {processor.py:183} INFO - Processing /opt/airflow/dags/load_ergast_data.py took 0.511 seconds
[2026-08-08T07:28:58.826+0000] {processor.py:161} INFO - Started process (PID=539) to work on /opt/airflow/dags/load_ergast_data.py
[2026-08-08T07:28:58.829+0000] {processor.py:830} INFO - Processing file /opt/airflow/dags/load_ergast_data.py for tasks to queue
[2026-08-08T07:28:58.835+0000] {logging_mixin.py:188} INFO - [2026-08-08T07:28:58.834+0000] {dagbag.py:545} INFO - Filling up the DagBag from /opt/airflow/dags/load_ergast_data.py
[2026-08-08T07:28:59.392+0000] {processor.py:840} INFO - DAG(s) 'load_ergast_data' retrieved from /opt/airflow/dags/load_ergast_data.py
[2026-08-08T07:28:59.430+0000] {logging_mixin.py:188} INFO - [2026-08-08T07:28:59.429+0000] {dag.py:3096} INFO - Sync 1 DAGs
[2026-08-08T07:28:59.449+0000] {logging_mixin.py:188} INFO - [2026-08-08T07:28:59.448+0000] {dag.py:3954} INFO - Setting next_dagrun for load_ergast_data to None, run_after=None
[2026-08-08T07:28:59.483+0000] {processor.py:183} INFO - Processing /opt/airflow/dags/load_ergast_data.py took 0.667 seconds
[2026-08-08T07:29:30.127+0000] {processor.py:161} INFO - Started process (PID=550) to work on /opt/airflow/dags/load_ergast_data.py
[2026-08-08T07:29:30.129+0000] {processor.py:830} INFO - Processing file /opt/airflow/dags/load_ergast_data.py for tasks to queue
[2026-08-08T07:29:30.132+0000] {logging_mixin.py:188} INFO - [2026-08-08T07:29:30.131+0000] {dagbag.py:545} INFO - Filling up the DagBag from /opt/airflow/dags/load_ergast_data.py
[2026-08-08T07:29:30.420+0000] {processor.py:840} INFO - DAG(s) 'load_ergast_data' retrieved from /opt/airflow/dags/load_ergast_data.py
[2026-08-08T07:29:30.458+0000] {logging_mixin.py:188} INFO - [2026-08-08T07:29:30.457+0000] {dag.py:3096} INFO - Sync 1 DAGs
[2026-08-08T07:29:30.484+0000] {logging_mixin.py:188} INFO - [2026-08-08T07:29:30.484+0000] {dag.py:3954} INFO - Setting next_dagrun for load_ergast_data to None, run_after=None
[2026-08-08T07:29:30.533+0000] {processor.py:183} INFO - Processing /opt/airflow/dags/load_ergast_data.py took 0.414 seconds
[2026-08-08T07:30:00.838+0000] {processor.py:161} INFO - Started process (PID=561) to work on /opt/airflow/dags/load_ergast_data.py
[2026-08-08T07:30:00.843+0000] {processor.py:830} INFO - Processing file /opt/airflow/dags/load_ergast_data.py for tasks to queue
[2026-08-08T07:30:00.847+0000] {logging_mixin.py:188} INFO - [2026-08-08T07:30:00.846+0000] {dagbag.py:545} INFO - Filling up the DagBag from /opt/airflow/dags/load_ergast_data.py
[2026-08-08T07:30:01.493+0000] {processor.py:840} INFO - DAG(s) 'load_ergast_data' retrieved from /opt/airflow/dags/load_ergast_data.py
[2026-08-08T07:30:01.516+0000] {logging_mixin.py:188} INFO - [2026-08-08T07:30:01.516+0000] {dag.py:3096} INFO - Sync 1 DAGs
[2026-08-08T07:30:01.528+0000] {logging_mixin.py:188} INFO - [2026-08-08T07:30:01.528+0000] {dag.py:3954} INFO - Setting next_dagrun for load_ergast_data to None, run_after=None
[2026-08-08T07:30:01.554+0000] {processor.py:183} INFO - Processing /opt/airflow/dags/load_ergast_data.py took 0.723 seconds
[2026-08-08T07:30:31.876+0000] {processor.py:161} INFO - Started process (PID=572) to work on /opt/airflow/dags/load_ergast_data.py
[2026-08-08T07:30:31.879+0000] {processor.py:830} INFO - Processing file /opt/airflow/dags/load_ergast_data.py for tasks to queue
[2026-08-08T07:30:31.885+0000] {logging_mixin.py:188} INFO - [2026-08-08T07:30:31.885+0000] {dagbag.py:545} INFO - Filling up the DagBag from /opt/airflow/dags/load_ergast_data.py
[2026-08-08T07:30:32.899+0000] {processor.py:840} INFO - DAG(s) 'load_ergast_data' retrieved from /opt/airflow/dags/load_ergast_data.py
[2026-08-08T07:30:32.960+0000] {logging_mixin.py:188} INFO - [2026-08-08T07:30:32.960+0000] {dag.py:3096} INFO - Sync 1 DAGs
[2026-08-08T07:30:33.002+0000] {logging_mixin.py:188} INFO - [2026-08-08T07:30:33.002+0000] {dag.py:3954} INFO - Setting next_dagrun for load_ergast_data to None, run_after=None
[2026-08-08T07:30:34.949+0000] {processor.py:183} INFO - Processing /opt/airflow/dags/load_ergast_data.py took 3.081 seconds
[2026-08-08T07:31:05.287+0000] {processor.py:161} INFO - Started process (PID=583) to work on /opt/airflow/dags/load_ergast_data.py
[2026-08-08T07:31:05.301+0000] {processor.py:830} INFO - Processing file /opt/airflow/dags/load_ergast_data.py for tasks to queue
[2026-08-08T07:31:05.310+0000] {logging_mixin.py:188} INFO - [2026-08-08T07:31:05.309+0000] {dagbag.py:545} INFO - Filling up the DagBag from /opt/airflow/dags/load_ergast_data.py
[2026-08-08T07:31:06.791+0000] {processor.py:840} INFO - DAG(s) 'load_ergast_data' retrieved from /opt/airflow/dags/load_ergast_data.py
[2026-08-08T07:31:06.860+0000] {logging_mixin.py:188} INFO - [2026-08-08T07:31:06.859+0000] {dag.py:3096} INFO - Sync 1 DAGs
[2026-08-08T07:31:06.891+0000] {logging_mixin.py:188} INFO - [2026-08-08T07:31:06.891+0000] {dag.py:3954} INFO - Setting next_dagrun for load_ergast_data to None, run_after=None
[2026-08-08T07:31:06.923+0000] {processor.py:183} INFO - Processing /opt/airflow/dags/load_ergast_data.py took 1.652 seconds
[2026-08-08T07:31:37.520+0000] {processor.py:161} INFO - Started process (PID=594) to work on /opt/airflow/dags/load_ergast_data.py
[2026-08-08T07:31:37.522+0000] {processor.py:830} INFO - Processing file /opt/airflow/dags/load_ergast_data.py for tasks to queue
[2026-08-08T07:31:37.525+0000] {logging_mixin.py:188} INFO - [2026-08-08T07:31:37.525+0000] {dagbag.py:545} INFO - Filling up the DagBag from /opt/airflow/dags/load_ergast_data.py
[2026-08-08T07:31:38.003+0000] {processor.py:840} INFO - DAG(s) 'load_ergast_data' retrieved from /opt/airflow/dags/load_ergast_data.py
[2026-08-08T07:31:38.064+0000] {logging_mixin.py:188} INFO - [2026-08-08T07:31:38.063+0000] {dag.py:3096} INFO - Sync 1 DAGs
[2026-08-08T07:31:38.084+0000] {logging_mixin.py:188} INFO - [2026-08-08T07:31:38.084+0000] {dag.py:3954} INFO - Setting next_dagrun for load_ergast_data to None, run_after=None
[2026-08-08T07:31:38.108+0000] {processor.py:183} INFO - Processing /opt/airflow/dags/load_ergast_data.py took 0.600 seconds
[2026-08-08T07:32:08.454+0000] {processor.py:161} INFO - Started process (PID=605) to work on /opt/airflow/dags/load_ergast_data.py
[2026-08-08T07:32:08.457+0000] {processor.py:830} INFO - Processing file /opt/airflow/dags/load_ergast_data.py for tasks to queue
[2026-08-08T07:32:08.461+0000] {logging_mixin.py:188} INFO - [2026-08-08T07:32:08.460+0000] {dagbag.py:545} INFO - Filling up the DagBag from /opt/airflow/dags/load_ergast_data.py
[2026-08-08T07:32:10.442+0000] {processor.py:840} INFO - DAG(s) 'load_ergast_data' retrieved from /opt/airflow/dags/load_ergast_data.py
[2026-08-08T07:32:10.626+0000] {logging_mixin.py:188} INFO - [2026-08-08T07:32:10.624+0000] {dag.py:3096} INFO - Sync 1 DAGs
[2026-08-08T07:32:10.697+0000] {logging_mixin.py:188} INFO - [2026-08-08T07:32:10.697+0000] {dag.py:3954} INFO - Setting next_dagrun for load_ergast_data to None, run_after=None
[2026-08-08T07:32:10.876+0000] {processor.py:183} INFO - Processing /opt/airflow/dags/load_ergast_data.py took 2.436 seconds
[2026-08-08T07:32:41.810+0000] {processor.py:161} INFO - Started process (PID=616) to work on /opt/airflow/dags/load_ergast_data.py
[2026-08-08T07:32:41.821+0000] {processor.py:830} INFO - Processing file /opt/airflow/dags/load_ergast_data.py for tasks to queue
[2026-08-08T07:32:41.832+0000] {logging_mixin.py:188} INFO - [2026-08-08T07:32:41.831+0000] {dagbag.py:545} INFO - Filling up the DagBag from /opt/airflow/dags/load_ergast_data.py
[2026-08-08T07:32:43.804+0000] {processor.py:840} INFO - DAG(s) 'load_ergast_data' retrieved from /opt/airflow/dags/load_ergast_data.py
[2026-08-08T07:32:44.476+0000] {logging_mixin.py:188} INFO - [2026-08-08T07:32:44.471+0000] {dag.py:3096} INFO - Sync 1 DAGs
[2026-08-08T07:32:44.664+0000] {logging_mixin.py:188} INFO - [2026-08-08T07:32:44.663+0000] {dag.py:3954} INFO - Setting next_dagrun for load_ergast_data to None, run_after=None
[2026-08-08T07:32:44.857+0000] {processor.py:183} INFO - Processing /opt/airflow/dags/load_ergast_data.py took 3.075 seconds
[2026-08-08T07:33:15.255+0000] {processor.py:161} INFO - Started process (PID=627) to work on /opt/airflow/dags/load_ergast_data.py
[2026-08-08T07:33:15.257+0000] {processor.py:830} INFO - Processing file /opt/airflow/dags/load_ergast_data.py for tasks to queue
[2026-08-08T07:33:15.261+0000] {logging_mixin.py:188} INFO - [2026-08-08T07:33:15.261+0000] {dagbag.py:545} INFO - Filling up the DagBag from /opt/airflow/dags/load_ergast_data.py
[2026-08-08T07:33:16.134+0000] {processor.py:840} INFO - DAG(s) 'load_ergast_data' retrieved from /opt/airflow/dags/load_ergast_data.py
[2026-08-08T07:33:16.365+0000] {logging_mixin.py:188} INFO - [2026-08-08T07:33:16.364+0000] {dag.py:3096} INFO - Sync 1 DAGs
[2026-08-08T07:33:16.438+0000] {logging_mixin.py:188} INFO - [2026-08-08T07:33:16.438+0000] {dag.py:3954} INFO - Setting next_dagrun for load_ergast_data to None, run_after=None
[2026-08-08T07:33:18.827+0000] {processor.py:183} INFO - Processing /opt/airflow/dags/load_ergast_data.py took 3.580 seconds
[2026-08-08T07:33:49.006+0000] {processor.py:161} INFO - Started process (PID=638) to work on /opt/airflow/dags/load_ergast_data.py
[2026-08-08T07:33:49.010+0000] {processor.py:830} INFO - Processing file /opt/airflow/dags/load_ergast_data.py for tasks to queue
[2026-08-08T07:33:49.014+0000] {logging_mixin.py:188} INFO - [2026-08-08T07:33:49.014+0000] {dagbag.py:545} INFO - Filling up the DagBag from /opt/airflow/dags/load_ergast_data.py
[2026-08-08T07:33:49.464+0000] {processor.py:840} INFO - DAG(s) 'load_ergast_data' retrieved from /opt/airflow/dags/load_ergast_data.py
[2026-08-08T07:33:49.513+0000] {logging_mixin.py:188} INFO - [2026-08-08T07:33:49.513+0000] {dag.py:3096} INFO - Sync 1 DAGs
[2026-08-08T07:33:50.212+0000] {logging_mixin.py:188} INFO - [2026-08-08T07:33:50.212+0000] {dag.py:3954} INFO - Setting next_dagrun for load_ergast_data to None, run_after=None
[2026-08-08T07:33:50.241+0000] {processor.py:183} INFO - Processing /opt/airflow/dags/load_ergast_data.py took 1.256 seconds
[2026-08-08T07:34:20.660+0000] {processor.py:161} INFO - Started process (PID=649) to work on /opt/airflow/dags/load_ergast_data.py
[2026-08-08T07:34:20.662+0000] {processor.py:830} INFO - Processing file /opt/airflow/dags/load_ergast_data.py for tasks to queue
[2026-08-08T07:34:20.665+0000] {logging_mixin.py:188} INFO - [2026-08-08T07:34:20.665+0000] {dagbag.py:545} INFO - Filling up the DagBag from /opt/airflow/dags/load_ergast_data.py
[2026-08-08T07:34:21.078+0000] {processor.py:840} INFO - DAG(s) 'load_ergast_data' retrieved from /opt/airflow/dags/load_ergast_data.py
[2026-08-08T07:34:21.121+0000] {logging_mixin.py:188} INFO - [2026-08-08T07:34:21.120+0000] {dag.py:3096} INFO - Sync 1 DAGs
[2026-08-08T07:34:21.145+0000] {logging_mixin.py:188} INFO - [2026-08-08T07:34:21.144+0000] {dag.py:3954} INFO - Setting next_dagrun for load_ergast_data to None, run_after=None
[2026-08-08T07:34:21.186+0000] {processor.py:183} INFO - Processing /opt/airflow/dags/load_ergast_data.py took 0.532 seconds
[2026-08-08T07:34:51.959+0000] {processor.py:161} INFO - Started process (PID=660) to work on /opt/airflow/dags/load_ergast_data.py
[2026-08-08T07:34:51.961+0000] {processor.py:830} INFO - Processing file /opt/airflow/dags/load_ergast_data.py for tasks to queue
[2026-08-08T07:34:51.965+0000] {logging_mixin.py:188} INFO - [2026-08-08T07:34:51.964+0000] {dagbag.py:545} INFO - Filling up the DagBag from /opt/airflow/dags/load_ergast_data.py
[2026-08-08T07:34:52.387+0000] {processor.py:840} INFO - DAG(s) 'load_ergast_data' retrieved from /opt/airflow/dags/load_ergast_data.py
[2026-08-08T07:34:52.424+0000] {logging_mixin.py:188} INFO - [2026-08-08T07:34:52.423+0000] {dag.py:3096} INFO - Sync 1 DAGs
[2026-08-08T07:34:52.449+0000] {logging_mixin.py:188} INFO - [2026-08-08T07:34:52.449+0000] {dag.py:3954} INFO - Setting next_dagrun for load_ergast_data to None, run_after=None
[2026-08-08T07:34:52.493+0000] {processor.py:183} INFO - Processing /opt/airflow/dags/load_ergast_data.py took 0.541 seconds
[2026-08-08T07:35:23.049+0000] {processor.py:161} INFO - Started process (PID=671) to work on /opt/airflow/dags/load_ergast_data.py
[2026-08-08T07:35:23.056+0000] {processor.py:830} INFO - Processing file /opt/airflow/dags/load_ergast_data.py for tasks to queue
[2026-08-08T07:35:23.089+0000] {logging_mixin.py:188} INFO - [2026-08-08T07:35:23.077+0000] {dagbag.py:545} INFO - Filling up the DagBag from /opt/airflow/dags/load_ergast_data.py
[2026-08-08T07:35:25.081+0000] {processor.py:840} INFO - DAG(s) 'load_ergast_data' retrieved from /opt/airflow/dags/load_ergast_data.py
[2026-08-08T07:35:25.313+0000] {logging_mixin.py:188} INFO - [2026-08-08T07:35:25.312+0000] {dag.py:3096} INFO - Sync 1 DAGs
[2026-08-08T07:35:25.398+0000] {logging_mixin.py:188} INFO - [2026-08-08T07:35:25.398+0000] {dag.py:3954} INFO - Setting next_dagrun for load_ergast_data to None, run_after=None
[2026-08-08T07:35:25.474+0000] {processor.py:183} INFO - Processing /opt/airflow/dags/load_ergast_data.py took 2.486 seconds
[2026-08-08T07:35:55.848+0000] {processor.py:161} INFO - Started process (PID=682) to work on /opt/airflow/dags/load_ergast_data.py
[2026-08-08T07:35:55.863+0000] {processor.py:830} INFO - Processing file /opt/airflow/dags/load_ergast_data.py for tasks to queue
[2026-08-08T07:35:55.867+0000] {logging_mixin.py:188} INFO - [2026-08-08T07:35:55.866+0000] {dagbag.py:545} INFO - Filling up the DagBag from /opt/airflow/dags/load_ergast_data.py
[2026-08-08T07:35:56.808+0000] {processor.py:840} INFO - DAG(s) 'load_ergast_data' retrieved from /opt/airflow/dags/load_ergast_data.py
[2026-08-08T07:35:56.986+0000] {logging_mixin.py:188} INFO - [2026-08-08T07:35:56.985+0000] {dag.py:3096} INFO - Sync 1 DAGs
[2026-08-08T07:35:57.084+0000] {logging_mixin.py:188} INFO - [2026-08-08T07:35:57.084+0000] {dag.py:3954} INFO - Setting next_dagrun for load_ergast_data to None, run_after=None
[2026-08-08T07:35:57.151+0000] {processor.py:183} INFO - Processing /opt/airflow/dags/load_ergast_data.py took 1.309 seconds
[2026-08-08T07:36:27.506+0000] {processor.py:161} INFO - Started process (PID=693) to work on /opt/airflow/dags/load_ergast_data.py
[2026-08-08T07:36:27.507+0000] {processor.py:830} INFO - Processing file /opt/airflow/dags/load_ergast_data.py for tasks to queue
[2026-08-08T07:36:27.510+0000] {logging_mixin.py:188} INFO - [2026-08-08T07:36:27.510+0000] {dagbag.py:545} INFO - Filling up the DagBag from /opt/airflow/dags/load_ergast_data.py
[2026-08-08T07:36:28.163+0000] {processor.py:840} INFO - DAG(s) 'load_ergast_data' retrieved from /opt/airflow/dags/load_ergast_data.py
[2026-08-08T07:36:28.246+0000] {logging_mixin.py:188} INFO - [2026-08-08T07:36:28.245+0000] {dag.py:3096} INFO - Sync 1 DAGs
[2026-08-08T07:36:28.270+0000] {logging_mixin.py:188} INFO - [2026-08-08T07:36:28.269+0000] {dag.py:3954} INFO - Setting next_dagrun for load_ergast_data to None, run_after=None
[2026-08-08T07:36:30.118+0000] {processor.py:183} INFO - Processing /opt/airflow/dags/load_ergast_data.py took 2.641 seconds
[2026-08-08T07:37:00.509+0000] {processor.py:161} INFO - Started process (PID=704) to work on /opt/airflow/dags/load_ergast_data.py
[2026-08-08T07:37:00.511+0000] {processor.py:830} INFO - Processing file /opt/airflow/dags/load_ergast_data.py for tasks to queue
[2026-08-08T07:37:00.515+0000] {logging_mixin.py:188} INFO - [2026-08-08T07:37:00.514+0000] {dagbag.py:545} INFO - Filling up the DagBag from /opt/airflow/dags/load_ergast_data.py
[2026-08-08T07:37:02.530+0000] {processor.py:840} INFO - DAG(s) 'load_ergast_data' retrieved from /opt/airflow/dags/load_ergast_data.py
[2026-08-08T07:37:02.701+0000] {logging_mixin.py:188} INFO - [2026-08-08T07:37:02.698+0000] {dag.py:3096} INFO - Sync 1 DAGs
[2026-08-08T07:37:02.747+0000] {logging_mixin.py:188} INFO - [2026-08-08T07:37:02.746+0000] {dag.py:3954} INFO - Setting next_dagrun for load_ergast_data to None, run_after=None
[2026-08-08T07:37:02.799+0000] {processor.py:183} INFO - Processing /opt/airflow/dags/load_ergast_data.py took 2.311 seconds
[2026-08-08T07:37:33.308+0000] {processor.py:161} INFO - Started process (PID=715) to work on /opt/airflow/dags/load_ergast_data.py
[2026-08-08T07:37:33.321+0000] {processor.py:830} INFO - Processing file /opt/airflow/dags/load_ergast_data.py for tasks to queue
[2026-08-08T07:37:33.346+0000] {logging_mixin.py:188} INFO - [2026-08-08T07:37:33.346+0000] {dagbag.py:545} INFO - Filling up the DagBag from /opt/airflow/dags/load_ergast_data.py
[2026-08-08T07:37:34.932+0000] {processor.py:840} INFO - DAG(s) 'load_ergast_data' retrieved from /opt/airflow/dags/load_ergast_data.py
[2026-08-08T07:37:34.995+0000] {logging_mixin.py:188} INFO - [2026-08-08T07:37:34.994+0000] {dag.py:3096} INFO - Sync 1 DAGs
[2026-08-08T07:37:35.028+0000] {logging_mixin.py:188} INFO - [2026-08-08T07:37:35.027+0000] {dag.py:3954} INFO - Setting next_dagrun for load_ergast_data to None, run_after=None
[2026-08-08T07:37:35.063+0000] {processor.py:183} INFO - Processing /opt/airflow/dags/load_ergast_data.py took 1.825 seconds
[2026-08-08T07:38:06.922+0000] {processor.py:161} INFO - Started process (PID=726) to work on /opt/airflow/dags/load_ergast_data.py
[2026-08-08T07:38:06.942+0000] {processor.py:830} INFO - Processing file /opt/airflow/dags/load_ergast_data.py for tasks to queue
[2026-08-08T07:38:06.949+0000] {logging_mixin.py:188} INFO - [2026-08-08T07:38:06.948+0000] {dagbag.py:545} INFO - Filling up the DagBag from /opt/airflow/dags/load_ergast_data.py
[2026-08-08T07:38:11.035+0000] {processor.py:840} INFO - DAG(s) 'load_ergast_data' retrieved from /opt/airflow/dags/load_ergast_data.py
[2026-08-08T07:38:11.097+0000] {logging_mixin.py:188} INFO - [2026-08-08T07:38:11.096+0000] {dag.py:3096} INFO - Sync 1 DAGs
[2026-08-08T07:38:11.126+0000] {logging_mixin.py:188} INFO - [2026-08-08T07:38:11.126+0000] {dag.py:3954} INFO - Setting next_dagrun for load_ergast_data to None, run_after=None
[2026-08-08T07:38:11.162+0000] {processor.py:183} INFO - Processing /opt/airflow/dags/load_ergast_data.py took 4.250 seconds
[2026-08-08T07:38:41.803+0000] {processor.py:161} INFO - Started process (PID=737) to work on /opt/airflow/dags/load_ergast_data.py
[2026-08-08T07:38:41.808+0000] {processor.py:830} INFO - Processing file /opt/airflow/dags/load_ergast_data.py for tasks to queue
[2026-08-08T07:38:41.815+0000] {logging_mixin.py:188} INFO - [2026-08-08T07:38:41.814+0000] {dagbag.py:545} INFO - Filling up the DagBag from /opt/airflow/dags/load_ergast_data.py
[2026-08-08T07:38:45.026+0000] {processor.py:840} INFO - DAG(s) 'load_ergast_data' retrieved from /opt/airflow/dags/load_ergast_data.py
[2026-08-08T07:38:45.465+0000] {logging_mixin.py:188} INFO - [2026-08-08T07:38:45.464+0000] {dag.py:3096} INFO - Sync 1 DAGs
[2026-08-08T07:38:45.696+0000] {logging_mixin.py:188} INFO - [2026-08-08T07:38:45.695+0000] {dag.py:3954} INFO - Setting next_dagrun for load_ergast_data to None, run_after=None
[2026-08-08T07:38:45.911+0000] {processor.py:183} INFO - Processing /opt/airflow/dags/load_ergast_data.py took 4.124 seconds
[2026-08-08T07:39:16.321+0000] {processor.py:161} INFO - Started process (PID=748) to work on /opt/airflow/dags/load_ergast_data.py
[2026-08-08T07:39:16.323+0000] {processor.py:830} INFO - Processing file /opt/airflow/dags/load_ergast_data.py for tasks to queue
[2026-08-08T07:39:16.326+0000] {logging_mixin.py:188} INFO - [2026-08-08T07:39:16.326+0000] {dagbag.py:545} INFO - Filling up the DagBag from /opt/airflow/dags/load_ergast_data.py
[2026-08-08T07:39:17.395+0000] {processor.py:840} INFO - DAG(s) 'load_ergast_data' retrieved from /opt/airflow/dags/load_ergast_data.py
[2026-08-08T07:39:17.464+0000] {logging_mixin.py:188} INFO - [2026-08-08T07:39:17.464+0000] {dag.py:3096} INFO - Sync 1 DAGs
[2026-08-08T07:39:17.498+0000] {logging_mixin.py:188} INFO - [2026-08-08T07:39:17.498+0000] {dag.py:3954} INFO - Setting next_dagrun for load_ergast_data to None, run_after=None
[2026-08-08T07:39:17.522+0000] {processor.py:183} INFO - Processing /opt/airflow/dags/load_ergast_data.py took 1.207 seconds
[2026-08-08T07:39:47.819+0000] {processor.py:161} INFO - Started process (PID=759) to work on /opt/airflow/dags/load_ergast_data.py
[2026-08-08T07:39:47.821+0000] {processor.py:830} INFO - Processing file /opt/airflow/dags/load_ergast_data.py for tasks to queue
[2026-08-08T07:39:47.823+0000] {logging_mixin.py:188} INFO - [2026-08-08T07:39:47.823+0000] {dagbag.py:545} INFO - Filling up the DagBag from /opt/airflow/dags/load_ergast_data.py
[2026-08-08T07:39:48.306+0000] {processor.py:840} INFO - DAG(s) 'load_ergast_data' retrieved from /opt/airflow/dags/load_ergast_data.py
[2026-08-08T07:39:48.341+0000] {logging_mixin.py:188} INFO - [2026-08-08T07:39:48.341+0000] {dag.py:3096} INFO - Sync 1 DAGs
[2026-08-08T07:39:48.361+0000] {logging_mixin.py:188} INFO - [2026-08-08T07:39:48.360+0000] {dag.py:3954} INFO - Setting next_dagrun for load_ergast_data to None, run_after=None
[2026-08-08T07:39:50.199+0000] {processor.py:183} INFO - Processing /opt/airflow/dags/load_ergast_data.py took 2.387 seconds
[2026-08-08T07:40:20.672+0000] {processor.py:161} INFO - Started process (PID=770) to work on /opt/airflow/dags/load_ergast_data.py
[2026-08-08T07:40:20.674+0000] {processor.py:830} INFO - Processing file /opt/airflow/dags/load_ergast_data.py for tasks to queue
[2026-08-08T07:40:20.677+0000] {logging_mixin.py:188} INFO - [2026-08-08T07:40:20.677+0000] {dagbag.py:545} INFO - Filling up the DagBag from /opt/airflow/dags/load_ergast_data.py
[2026-08-08T07:40:20.996+0000] {processor.py:840} INFO - DAG(s) 'load_ergast_data' retrieved from /opt/airflow/dags/load_ergast_data.py
[2026-08-08T07:40:21.035+0000] {logging_mixin.py:188} INFO - [2026-08-08T07:40:21.034+0000] {dag.py:3096} INFO - Sync 1 DAGs
[2026-08-08T07:40:21.052+0000] {logging_mixin.py:188} INFO - [2026-08-08T07:40:21.051+0000] {dag.py:3954} INFO - Setting next_dagrun for load_ergast_data to None, run_after=None
[2026-08-08T07:40:21.079+0000] {processor.py:183} INFO - Processing /opt/airflow/dags/load_ergast_data.py took 0.414 seconds
[2026-08-08T07:40:51.460+0000] {processor.py:161} INFO - Started process (PID=781) to work on /opt/airflow/dags/load_ergast_data.py
[2026-08-08T07:40:51.476+0000] {processor.py:830} INFO - Processing file /opt/airflow/dags/load_ergast_data.py for tasks to queue
[2026-08-08T07:40:51.496+0000] {logging_mixin.py:188} INFO - [2026-08-08T07:40:51.496+0000] {dagbag.py:545} INFO - Filling up the DagBag from /opt/airflow/dags/load_ergast_data.py
[2026-08-08T07:40:54.170+0000] {processor.py:840} INFO - DAG(s) 'load_ergast_data' retrieved from /opt/airflow/dags/load_ergast_data.py
[2026-08-08T07:40:54.509+0000] {logging_mixin.py:188} INFO - [2026-08-08T07:40:54.507+0000] {dag.py:3096} INFO - Sync 1 DAGs
[2026-08-08T07:40:54.579+0000] {logging_mixin.py:188} INFO - [2026-08-08T07:40:54.579+0000] {dag.py:3954} INFO - Setting next_dagrun for load_ergast_data to None, run_after=None
[2026-08-08T07:40:54.620+0000] {processor.py:183} INFO - Processing /opt/airflow/dags/load_ergast_data.py took 3.201 seconds
[2026-08-08T07:41:24.985+0000] {processor.py:161} INFO - Started process (PID=792) to work on /opt/airflow/dags/load_ergast_data.py
[2026-08-08T07:41:24.986+0000] {processor.py:830} INFO - Processing file /opt/airflow/dags/load_ergast_data.py for tasks to queue
[2026-08-08T07:41:24.989+0000] {logging_mixin.py:188} INFO - [2026-08-08T07:41:24.989+0000] {dagbag.py:545} INFO - Filling up the DagBag from /opt/airflow/dags/load_ergast_data.py
[2026-08-08T07:41:25.609+0000] {processor.py:840} INFO - DAG(s) 'load_ergast_data' retrieved from /opt/airflow/dags/load_ergast_data.py
[2026-08-08T07:41:25.668+0000] {logging_mixin.py:188} INFO - [2026-08-08T07:41:25.667+0000] {dag.py:3096} INFO - Sync 1 DAGs
[2026-08-08T07:41:25.693+0000] {logging_mixin.py:188} INFO - [2026-08-08T07:41:25.693+0000] {dag.py:3954} INFO - Setting next_dagrun for load_ergast_data to None, run_after=None
[2026-08-08T07:41:25.717+0000] {processor.py:183} INFO - Processing /opt/airflow/dags/load_ergast_data.py took 0.739 seconds
[2026-08-08T07:41:56.132+0000] {processor.py:161} INFO - Started process (PID=803) to work on /opt/airflow/dags/load_ergast_data.py
[2026-08-08T07:41:56.135+0000] {processor.py:830} INFO - Processing file /opt/airflow/dags/load_ergast_data.py for tasks to queue
[2026-08-08T07:41:56.153+0000] {logging_mixin.py:188} INFO - [2026-08-08T07:41:56.147+0000] {dagbag.py:545} INFO - Filling up the DagBag from /opt/airflow/dags/load_ergast_data.py
[2026-08-08T07:41:57.510+0000] {processor.py:840} INFO - DAG(s) 'load_ergast_data' retrieved from /opt/airflow/dags/load_ergast_data.py
[2026-08-08T07:41:57.744+0000] {logging_mixin.py:188} INFO - [2026-08-08T07:41:57.743+0000] {dag.py:3096} INFO - Sync 1 DAGs
[2026-08-08T07:41:57.852+0000] {logging_mixin.py:188} INFO - [2026-08-08T07:41:57.852+0000] {dag.py:3954} INFO - Setting next_dagrun for load_ergast_data to None, run_after=None
[2026-08-08T07:41:57.915+0000] {processor.py:183} INFO - Processing /opt/airflow/dags/load_ergast_data.py took 1.797 seconds
[2026-08-08T07:42:28.246+0000] {processor.py:161} INFO - Started process (PID=814) to work on /opt/airflow/dags/load_ergast_data.py
[2026-08-08T07:42:28.256+0000] {processor.py:830} INFO - Processing file /opt/airflow/dags/load_ergast_data.py for tasks to queue
[2026-08-08T07:42:28.267+0000] {logging_mixin.py:188} INFO - [2026-08-08T07:42:28.267+0000] {dagbag.py:545} INFO - Filling up the DagBag from /opt/airflow/dags/load_ergast_data.py
[2026-08-08T07:42:28.850+0000] {processor.py:840} INFO - DAG(s) 'load_ergast_data' retrieved from /opt/airflow/dags/load_ergast_data.py
[2026-08-08T07:42:28.938+0000] {logging_mixin.py:188} INFO - [2026-08-08T07:42:28.937+0000] {dag.py:3096} INFO - Sync 1 DAGs
[2026-08-08T07:42:28.960+0000] {logging_mixin.py:188} INFO - [2026-08-08T07:42:28.960+0000] {dag.py:3954} INFO - Setting next_dagrun for load_ergast_data to None, run_after=None
[2026-08-08T07:42:31.283+0000] {processor.py:183} INFO - Processing /opt/airflow/dags/load_ergast_data.py took 3.054 seconds
[2026-08-08T07:43:01.718+0000] {processor.py:161} INFO - Started process (PID=825) to work on /opt/airflow/dags/load_ergast_data.py
[2026-08-08T07:43:01.721+0000] {processor.py:830} INFO - Processing file /opt/airflow/dags/load_ergast_data.py for tasks to queue
[2026-08-08T07:43:01.726+0000] {logging_mixin.py:188} INFO - [2026-08-08T07:43:01.725+0000] {dagbag.py:545} INFO - Filling up the DagBag from /opt/airflow/dags/load_ergast_data.py
[2026-08-08T07:43:03.140+0000] {processor.py:840} INFO - DAG(s) 'load_ergast_data' retrieved from /opt/airflow/dags/load_ergast_data.py
[2026-08-08T07:43:03.186+0000] {logging_mixin.py:188} INFO - [2026-08-08T07:43:03.186+0000] {dag.py:3096} INFO - Sync 1 DAGs
[2026-08-08T07:43:04.751+0000] {logging_mixin.py:188} INFO - [2026-08-08T07:43:04.751+0000] {dag.py:3954} INFO - Setting next_dagrun for load_ergast_data to None, run_after=None
[2026-08-08T07:43:04.817+0000] {processor.py:183} INFO - Processing /opt/airflow/dags/load_ergast_data.py took 3.120 seconds
[2026-08-08T07:43:35.417+0000] {processor.py:161} INFO - Started process (PID=836) to work on /opt/airflow/dags/load_ergast_data.py
[2026-08-08T07:43:35.419+0000] {processor.py:830} INFO - Processing file /opt/airflow/dags/load_ergast_data.py for tasks to queue
[2026-08-08T07:43:35.421+0000] {logging_mixin.py:188} INFO - [2026-08-08T07:43:35.421+0000] {dagbag.py:545} INFO - Filling up the DagBag from /opt/airflow/dags/load_ergast_data.py
[2026-08-08T07:43:35.785+0000] {processor.py:840} INFO - DAG(s) 'load_ergast_data' retrieved from /opt/airflow/dags/load_ergast_data.py
[2026-08-08T07:43:35.818+0000] {logging_mixin.py:188} INFO - [2026-08-08T07:43:35.818+0000] {dag.py:3096} INFO - Sync 1 DAGs
[2026-08-08T07:43:35.837+0000] {logging_mixin.py:188} INFO - [2026-08-08T07:43:35.837+0000] {dag.py:3954} INFO - Setting next_dagrun for load_ergast_data to None, run_after=None
[2026-08-08T07:43:35.858+0000] {processor.py:183} INFO - Processing /opt/airflow/dags/load_ergast_data.py took 0.447 seconds
[2026-08-08T07:44:06.187+0000] {processor.py:161} INFO - Started process (PID=847) to work on /opt/airflow/dags/load_ergast_data.py
[2026-08-08T07:44:06.188+0000] {processor.py:830} INFO - Processing file /opt/airflow/dags/load_ergast_data.py for tasks to queue
[2026-08-08T07:44:06.191+0000] {logging_mixin.py:188} INFO - [2026-08-08T07:44:06.190+0000] {dagbag.py:545} INFO - Filling up the DagBag from /opt/airflow/dags/load_ergast_data.py
[2026-08-08T07:44:06.667+0000] {processor.py:840} INFO - DAG(s) 'load_ergast_data' retrieved from /opt/airflow/dags/load_ergast_data.py
[2026-08-08T07:44:06.699+0000] {logging_mixin.py:188} INFO - [2026-08-08T07:44:06.698+0000] {dag.py:3096} INFO - Sync 1 DAGs
[2026-08-08T07:44:06.717+0000] {logging_mixin.py:188} INFO - [2026-08-08T07:44:06.717+0000] {dag.py:3954} INFO - Setting next_dagrun for load_ergast_data to None, run_after=None
[2026-08-08T07:44:06.748+0000] {processor.py:183} INFO - Processing /opt/airflow/dags/load_ergast_data.py took 0.568 seconds
[2026-08-08T07:44:37.091+0000] {processor.py:161} INFO - Started process (PID=858) to work on /opt/airflow/dags/load_ergast_data.py
[2026-08-08T07:44:37.093+0000] {processor.py:830} INFO - Processing file /opt/airflow/dags/load_ergast_data.py for tasks to queue
[2026-08-08T07:44:37.097+0000] {logging_mixin.py:188} INFO - [2026-08-08T07:44:37.096+0000] {dagbag.py:545} INFO - Filling up the DagBag from /opt/airflow/dags/load_ergast_data.py
[2026-08-08T07:44:37.599+0000] {processor.py:840} INFO - DAG(s) 'load_ergast_data' retrieved from /opt/airflow/dags/load_ergast_data.py
[2026-08-08T07:44:37.652+0000] {logging_mixin.py:188} INFO - [2026-08-08T07:44:37.651+0000] {dag.py:3096} INFO - Sync 1 DAGs
[2026-08-08T07:44:37.680+0000] {logging_mixin.py:188} INFO - [2026-08-08T07:44:37.680+0000] {dag.py:3954} INFO - Setting next_dagrun for load_ergast_data to None, run_after=None
[2026-08-08T07:44:37.710+0000] {processor.py:183} INFO - Processing /opt/airflow/dags/load_ergast_data.py took 0.627 seconds
[2026-08-08T07:45:08.765+0000] {processor.py:161} INFO - Started process (PID=869) to work on /opt/airflow/dags/load_ergast_data.py
[2026-08-08T07:45:08.776+0000] {processor.py:830} INFO - Processing file /opt/airflow/dags/load_ergast_data.py for tasks to queue
[2026-08-08T07:45:08.840+0000] {logging_mixin.py:188} INFO - [2026-08-08T07:45:08.834+0000] {dagbag.py:545} INFO - Filling up the DagBag from /opt/airflow/dags/load_ergast_data.py
[2026-08-08T07:45:11.487+0000] {processor.py:840} INFO - DAG(s) 'load_ergast_data' retrieved from /opt/airflow/dags/load_ergast_data.py
[2026-08-08T07:45:11.697+0000] {logging_mixin.py:188} INFO - [2026-08-08T07:45:11.696+0000] {dag.py:3096} INFO - Sync 1 DAGs
[2026-08-08T07:45:11.785+0000] {logging_mixin.py:188} INFO - [2026-08-08T07:45:11.785+0000] {dag.py:3954} INFO - Setting next_dagrun for load_ergast_data to None, run_after=None
[2026-08-08T07:45:11.871+0000] {processor.py:183} INFO - Processing /opt/airflow/dags/load_ergast_data.py took 3.193 seconds
[2026-08-08T07:45:42.296+0000] {processor.py:161} INFO - Started process (PID=883) to work on /opt/airflow/dags/load_ergast_data.py
[2026-08-08T07:45:42.300+0000] {processor.py:830} INFO - Processing file /opt/airflow/dags/load_ergast_data.py for tasks to queue
[2026-08-08T07:45:42.310+0000] {logging_mixin.py:188} INFO - [2026-08-08T07:45:42.309+0000] {dagbag.py:545} INFO - Filling up the DagBag from /opt/airflow/dags/load_ergast_data.py
[2026-08-08T07:45:42.952+0000] {processor.py:840} INFO - DAG(s) 'load_ergast_data' retrieved from /opt/airflow/dags/load_ergast_data.py
[2026-08-08T07:45:42.976+0000] {logging_mixin.py:188} INFO - [2026-08-08T07:45:42.976+0000] {dag.py:3096} INFO - Sync 1 DAGs
[2026-08-08T07:45:42.990+0000] {logging_mixin.py:188} INFO - [2026-08-08T07:45:42.989+0000] {dag.py:3954} INFO - Setting next_dagrun for load_ergast_data to None, run_after=None
[2026-08-08T07:45:43.647+0000] {processor.py:183} INFO - Processing /opt/airflow/dags/load_ergast_data.py took 1.373 seconds
[2026-08-08T07:46:13.963+0000] {processor.py:161} INFO - Started process (PID=894) to work on /opt/airflow/dags/load_ergast_data.py
[2026-08-08T07:46:13.967+0000] {processor.py:830} INFO - Processing file /opt/airflow/dags/load_ergast_data.py for tasks to queue
[2026-08-08T07:46:13.973+0000] {logging_mixin.py:188} INFO - [2026-08-08T07:46:13.971+0000] {dagbag.py:545} INFO - Filling up the DagBag from /opt/airflow/dags/load_ergast_data.py
[2026-08-08T07:46:15.460+0000] {processor.py:840} INFO - DAG(s) 'load_ergast_data' retrieved from /opt/airflow/dags/load_ergast_data.py
[2026-08-08T07:46:15.500+0000] {logging_mixin.py:188} INFO - [2026-08-08T07:46:15.498+0000] {dag.py:3096} INFO - Sync 1 DAGs
[2026-08-08T07:46:17.889+0000] {logging_mixin.py:188} INFO - [2026-08-08T07:46:17.889+0000] {dag.py:3954} INFO - Setting next_dagrun for load_ergast_data to None, run_after=None
[2026-08-08T07:46:17.921+0000] {processor.py:183} INFO - Processing /opt/airflow/dags/load_ergast_data.py took 3.969 seconds
[2026-08-08T07:46:48.018+0000] {processor.py:161} INFO - Started process (PID=907) to work on /opt/airflow/dags/load_ergast_data.py
[2026-08-08T07:46:48.030+0000] {processor.py:830} INFO - Processing file /opt/airflow/dags/load_ergast_data.py for tasks to queue
[2026-08-08T07:46:48.046+0000] {logging_mixin.py:188} INFO - [2026-08-08T07:46:48.044+0000] {dagbag.py:545} INFO - Filling up the DagBag from /opt/airflow/dags/load_ergast_data.py
[2026-08-08T07:46:48.522+0000] {processor.py:840} INFO - DAG(s) 'load_ergast_data' retrieved from /opt/airflow/dags/load_ergast_data.py
[2026-08-08T07:46:48.567+0000] {logging_mixin.py:188} INFO - [2026-08-08T07:46:48.567+0000] {dag.py:3096} INFO - Sync 1 DAGs
[2026-08-08T07:46:48.590+0000] {logging_mixin.py:188} INFO - [2026-08-08T07:46:48.590+0000] {dag.py:3954} INFO - Setting next_dagrun for load_ergast_data to None, run_after=None
[2026-08-08T07:46:48.617+0000] {processor.py:183} INFO - Processing /opt/airflow/dags/load_ergast_data.py took 0.623 seconds
[2026-08-08T07:47:18.956+0000] {processor.py:161} INFO - Started process (PID=918) to work on /opt/airflow/dags/load_ergast_data.py
[2026-08-08T07:47:18.958+0000] {processor.py:830} INFO - Processing file /opt/airflow/dags/load_ergast_data.py for tasks to queue
[2026-08-08T07:47:18.960+0000] {logging_mixin.py:188} INFO - [2026-08-08T07:47:18.960+0000] {dagbag.py:545} INFO - Filling up the DagBag from /opt/airflow/dags/load_ergast_data.py
[2026-08-08T07:47:19.278+0000] {processor.py:840} INFO - DAG(s) 'load_ergast_data' retrieved from /opt/airflow/dags/load_ergast_data.py
[2026-08-08T07:47:19.330+0000] {logging_mixin.py:188} INFO - [2026-08-08T07:47:19.329+0000] {dag.py:3096} INFO - Sync 1 DAGs
[2026-08-08T07:47:19.353+0000] {logging_mixin.py:188} INFO - [2026-08-08T07:47:19.353+0000] {dag.py:3954} INFO - Setting next_dagrun for load_ergast_data to None, run_after=None
[2026-08-08T07:47:19.389+0000] {processor.py:183} INFO - Processing /opt/airflow/dags/load_ergast_data.py took 0.446 seconds
[2026-08-08T07:47:51.258+0000] {processor.py:161} INFO - Started process (PID=929) to work on /opt/airflow/dags/load_ergast_data.py
[2026-08-08T07:47:51.294+0000] {processor.py:830} INFO - Processing file /opt/airflow/dags/load_ergast_data.py for tasks to queue
[2026-08-08T07:47:51.301+0000] {logging_mixin.py:188} INFO - [2026-08-08T07:47:51.300+0000] {dagbag.py:545} INFO - Filling up the DagBag from /opt/airflow/dags/load_ergast_data.py
[2026-08-08T07:47:52.685+0000] {processor.py:840} INFO - DAG(s) 'load_ergast_data' retrieved from /opt/airflow/dags/load_ergast_data.py
[2026-08-08T07:47:52.804+0000] {logging_mixin.py:188} INFO - [2026-08-08T07:47:52.803+0000] {dag.py:3096} INFO - Sync 1 DAGs
[2026-08-08T07:47:52.833+0000] {logging_mixin.py:188} INFO - [2026-08-08T07:47:52.832+0000] {dag.py:3954} INFO - Setting next_dagrun for load_ergast_data to None, run_after=None
[2026-08-08T07:47:52.861+0000] {processor.py:183} INFO - Processing /opt/airflow/dags/load_ergast_data.py took 2.429 seconds
[2026-08-08T07:48:23.383+0000] {processor.py:161} INFO - Started process (PID=940) to work on /opt/airflow/dags/load_ergast_data.py
[2026-08-08T07:48:23.386+0000] {processor.py:830} INFO - Processing file /opt/airflow/dags/load_ergast_data.py for tasks to queue
[2026-08-08T07:48:23.391+0000] {logging_mixin.py:188} INFO - [2026-08-08T07:48:23.390+0000] {dagbag.py:545} INFO - Filling up the DagBag from /opt/airflow/dags/load_ergast_data.py
[2026-08-08T07:48:26.999+0000] {processor.py:840} INFO - DAG(s) 'load_ergast_data' retrieved from /opt/airflow/dags/load_ergast_data.py
[2026-08-08T07:48:27.119+0000] {logging_mixin.py:188} INFO - [2026-08-08T07:48:27.118+0000] {dag.py:3096} INFO - Sync 1 DAGs
[2026-08-08T07:48:27.188+0000] {logging_mixin.py:188} INFO - [2026-08-08T07:48:27.187+0000] {dag.py:3954} INFO - Setting next_dagrun for load_ergast_data to None, run_after=None
[2026-08-08T07:48:27.260+0000] {processor.py:183} INFO - Processing /opt/airflow/dags/load_ergast_data.py took 3.886 seconds
[2026-08-08T07:48:57.505+0000] {processor.py:161} INFO - Started process (PID=951) to work on /opt/airflow/dags/load_ergast_data.py
[2026-08-08T07:48:57.523+0000] {processor.py:830} INFO - Processing file /opt/airflow/dags/load_ergast_data.py for tasks to queue
[2026-08-08T07:48:57.540+0000] {logging_mixin.py:188} INFO - [2026-08-08T07:48:57.538+0000] {dagbag.py:545} INFO - Filling up the DagBag from /opt/airflow/dags/load_ergast_data.py
[2026-08-08T07:49:03.956+0000] {processor.py:840} INFO - DAG(s) 'load_ergast_data' retrieved from /opt/airflow/dags/load_ergast_data.py
[2026-08-08T07:49:04.451+0000] {logging_mixin.py:188} INFO - [2026-08-08T07:49:04.448+0000] {dag.py:3096} INFO - Sync 1 DAGs
[2026-08-08T07:49:04.651+0000] {logging_mixin.py:188} INFO - [2026-08-08T07:49:04.651+0000] {dag.py:3954} INFO - Setting next_dagrun for load_ergast_data to None, run_after=None
[2026-08-08T07:49:08.207+0000] {processor.py:183} INFO - Processing /opt/airflow/dags/load_ergast_data.py took 10.762 seconds
[2026-08-08T07:49:38.909+0000] {processor.py:161} INFO - Started process (PID=962) to work on /opt/airflow/dags/load_ergast_data.py
[2026-08-08T07:49:38.911+0000] {processor.py:830} INFO - Processing file /opt/airflow/dags/load_ergast_data.py for tasks to queue
[2026-08-08T07:49:38.913+0000] {logging_mixin.py:188} INFO - [2026-08-08T07:49:38.913+0000] {dagbag.py:545} INFO - Filling up the DagBag from /opt/airflow/dags/load_ergast_data.py
[2026-08-08T07:49:42.171+0000] {processor.py:840} INFO - DAG(s) 'load_ergast_data' retrieved from /opt/airflow/dags/load_ergast_data.py
[2026-08-08T07:49:43.430+0000] {logging_mixin.py:188} INFO - [2026-08-08T07:49:43.427+0000] {dag.py:3096} INFO - Sync 1 DAGs
[2026-08-08T07:49:43.609+0000] {logging_mixin.py:188} INFO - [2026-08-08T07:49:43.609+0000] {dag.py:3954} INFO - Setting next_dagrun for load_ergast_data to None, run_after=None
[2026-08-08T07:49:43.763+0000] {processor.py:183} INFO - Processing /opt/airflow/dags/load_ergast_data.py took 4.860 seconds
[2026-08-08T07:50:14.248+0000] {processor.py:161} INFO - Started process (PID=973) to work on /opt/airflow/dags/load_ergast_data.py
[2026-08-08T07:50:14.252+0000] {processor.py:830} INFO - Processing file /opt/airflow/dags/load_ergast_data.py for tasks to queue
[2026-08-08T07:50:14.256+0000] {logging_mixin.py:188} INFO - [2026-08-08T07:50:14.255+0000] {dagbag.py:545} INFO - Filling up the DagBag from /opt/airflow/dags/load_ergast_data.py
[2026-08-08T07:50:18.314+0000] {processor.py:840} INFO - DAG(s) 'load_ergast_data' retrieved from /opt/airflow/dags/load_ergast_data.py
[2026-08-08T07:50:18.472+0000] {logging_mixin.py:188} INFO - [2026-08-08T07:50:18.471+0000] {dag.py:3096} INFO - Sync 1 DAGs
[2026-08-08T07:50:18.556+0000] {logging_mixin.py:188} INFO - [2026-08-08T07:50:18.555+0000] {dag.py:3954} INFO - Setting next_dagrun for load_ergast_data to None, run_after=None
[2026-08-08T07:50:18.618+0000] {processor.py:183} INFO - Processing /opt/airflow/dags/load_ergast_data.py took 4.386 seconds
[2026-08-08T07:50:50.129+0000] {processor.py:161} INFO - Started process (PID=984) to work on /opt/airflow/dags/load_ergast_data.py
[2026-08-08T07:50:50.175+0000] {processor.py:830} INFO - Processing file /opt/airflow/dags/load_ergast_data.py for tasks to queue
[2026-08-08T07:50:50.313+0000] {logging_mixin.py:188} INFO - [2026-08-08T07:50:50.292+0000] {dagbag.py:545} INFO - Filling up the DagBag from /opt/airflow/dags/load_ergast_data.py
[2026-08-08T07:50:56.483+0000] {processor.py:840} INFO - DAG(s) 'load_ergast_data' retrieved from /opt/airflow/dags/load_ergast_data.py
[2026-08-08T07:50:57.390+0000] {logging_mixin.py:188} INFO - [2026-08-08T07:50:57.385+0000] {dag.py:3096} INFO - Sync 1 DAGs
[2026-08-08T07:50:57.747+0000] {logging_mixin.py:188} INFO - [2026-08-08T07:50:57.746+0000] {dag.py:3954} INFO - Setting next_dagrun for load_ergast_data to None, run_after=None
[2026-08-08T07:50:58.073+0000] {processor.py:183} INFO - Processing /opt/airflow/dags/load_ergast_data.py took 8.181 seconds
[2026-08-08T07:51:39.365+0000] {processor.py:161} INFO - Started process (PID=995) to work on /opt/airflow/dags/load_ergast_data.py
[2026-08-08T07:51:39.606+0000] {processor.py:830} INFO - Processing file /opt/airflow/dags/load_ergast_data.py for tasks to queue
[2026-08-08T07:51:41.908+0000] {logging_mixin.py:188} INFO - [2026-08-08T07:51:41.570+0000] {dagbag.py:545} INFO - Filling up the DagBag from /opt/airflow/dags/load_ergast_data.py
[2026-08-08T07:51:52.443+0000] {processor.py:840} INFO - DAG(s) 'load_ergast_data' retrieved from /opt/airflow/dags/load_ergast_data.py
[2026-08-08T07:51:52.648+0000] {logging_mixin.py:188} INFO - [2026-08-08T07:51:52.647+0000] {dag.py:3096} INFO - Sync 1 DAGs
[2026-08-08T07:51:52.738+0000] {logging_mixin.py:188} INFO - [2026-08-08T07:51:52.737+0000] {dag.py:3954} INFO - Setting next_dagrun for load_ergast_data to None, run_after=None
[2026-08-08T07:51:52.818+0000] {processor.py:183} INFO - Processing /opt/airflow/dags/load_ergast_data.py took 13.951 seconds
[2026-08-08T07:52:23.293+0000] {processor.py:161} INFO - Started process (PID=1011) to work on /opt/airflow/dags/load_ergast_data.py
[2026-08-08T07:52:23.295+0000] {processor.py:830} INFO - Processing file /opt/airflow/dags/load_ergast_data.py for tasks to queue
[2026-08-08T07:52:23.299+0000] {logging_mixin.py:188} INFO - [2026-08-08T07:52:23.298+0000] {dagbag.py:545} INFO - Filling up the DagBag from /opt/airflow/dags/load_ergast_data.py
[2026-08-08T07:52:23.829+0000] {processor.py:840} INFO - DAG(s) 'load_ergast_data' retrieved from /opt/airflow/dags/load_ergast_data.py
[2026-08-08T07:52:23.858+0000] {logging_mixin.py:188} INFO - [2026-08-08T07:52:23.857+0000] {dag.py:3096} INFO - Sync 1 DAGs
[2026-08-08T07:52:26.127+0000] {logging_mixin.py:188} INFO - [2026-08-08T07:52:26.127+0000] {dag.py:3954} INFO - Setting next_dagrun for load_ergast_data to None, run_after=None
[2026-08-08T07:52:26.172+0000] {processor.py:183} INFO - Processing /opt/airflow/dags/load_ergast_data.py took 2.899 seconds
[2026-08-08T07:52:57.052+0000] {processor.py:161} INFO - Started process (PID=1022) to work on /opt/airflow/dags/load_ergast_data.py
[2026-08-08T07:52:57.079+0000] {processor.py:830} INFO - Processing file /opt/airflow/dags/load_ergast_data.py for tasks to queue
[2026-08-08T07:52:57.143+0000] {logging_mixin.py:188} INFO - [2026-08-08T07:52:57.140+0000] {dagbag.py:545} INFO - Filling up the DagBag from /opt/airflow/dags/load_ergast_data.py
[2026-08-08T07:52:58.775+0000] {processor.py:840} INFO - DAG(s) 'load_ergast_data' retrieved from /opt/airflow/dags/load_ergast_data.py
[2026-08-08T07:52:58.848+0000] {logging_mixin.py:188} INFO - [2026-08-08T07:52:58.846+0000] {dag.py:3096} INFO - Sync 1 DAGs
[2026-08-08T07:52:58.929+0000] {logging_mixin.py:188} INFO - [2026-08-08T07:52:58.929+0000] {dag.py:3954} INFO - Setting next_dagrun for load_ergast_data to None, run_after=None
[2026-08-08T07:52:58.990+0000] {processor.py:183} INFO - Processing /opt/airflow/dags/load_ergast_data.py took 1.969 seconds
[2026-08-08T07:53:29.525+0000] {processor.py:161} INFO - Started process (PID=1033) to work on /opt/airflow/dags/load_ergast_data.py
[2026-08-08T07:53:29.530+0000] {processor.py:830} INFO - Processing file /opt/airflow/dags/load_ergast_data.py for tasks to queue
[2026-08-08T07:53:29.547+0000] {logging_mixin.py:188} INFO - [2026-08-08T07:53:29.545+0000] {dagbag.py:545} INFO - Filling up the DagBag from /opt/airflow/dags/load_ergast_data.py
[2026-08-08T07:53:30.636+0000] {processor.py:840} INFO - DAG(s) 'load_ergast_data' retrieved from /opt/airflow/dags/load_ergast_data.py
[2026-08-08T07:53:30.682+0000] {logging_mixin.py:188} INFO - [2026-08-08T07:53:30.681+0000] {dag.py:3096} INFO - Sync 1 DAGs
[2026-08-08T07:53:30.702+0000] {logging_mixin.py:188} INFO - [2026-08-08T07:53:30.702+0000] {dag.py:3954} INFO - Setting next_dagrun for load_ergast_data to None, run_after=None
[2026-08-08T07:53:30.723+0000] {processor.py:183} INFO - Processing /opt/airflow/dags/load_ergast_data.py took 1.218 seconds
[2026-08-08T07:54:01.088+0000] {processor.py:161} INFO - Started process (PID=1044) to work on /opt/airflow/dags/load_ergast_data.py
[2026-08-08T07:54:01.089+0000] {processor.py:830} INFO - Processing file /opt/airflow/dags/load_ergast_data.py for tasks to queue
[2026-08-08T07:54:01.092+0000] {logging_mixin.py:188} INFO - [2026-08-08T07:54:01.092+0000] {dagbag.py:545} INFO - Filling up the DagBag from /opt/airflow/dags/load_ergast_data.py
[2026-08-08T07:54:02.049+0000] {processor.py:840} INFO - DAG(s) 'load_ergast_data' retrieved from /opt/airflow/dags/load_ergast_data.py
[2026-08-08T07:54:02.165+0000] {logging_mixin.py:188} INFO - [2026-08-08T07:54:02.164+0000] {dag.py:3096} INFO - Sync 1 DAGs
[2026-08-08T07:54:02.236+0000] {logging_mixin.py:188} INFO - [2026-08-08T07:54:02.236+0000] {dag.py:3954} INFO - Setting next_dagrun for load_ergast_data to None, run_after=None
[2026-08-08T07:54:02.299+0000] {processor.py:183} INFO - Processing /opt/airflow/dags/load_ergast_data.py took 1.218 seconds
[2026-08-08T07:54:32.642+0000] {processor.py:161} INFO - Started process (PID=1055) to work on /opt/airflow/dags/load_ergast_data.py
[2026-08-08T07:54:32.646+0000] {processor.py:830} INFO - Processing file /opt/airflow/dags/load_ergast_data.py for tasks to queue
[2026-08-08T07:54:32.655+0000] {logging_mixin.py:188} INFO - [2026-08-08T07:54:32.655+0000] {dagbag.py:545} INFO - Filling up the DagBag from /opt/airflow/dags/load_ergast_data.py
[2026-08-08T07:54:33.873+0000] {processor.py:840} INFO - DAG(s) 'load_ergast_data' retrieved from /opt/airflow/dags/load_ergast_data.py
[2026-08-08T07:54:33.919+0000] {logging_mixin.py:188} INFO - [2026-08-08T07:54:33.919+0000] {dag.py:3096} INFO - Sync 1 DAGs
[2026-08-08T07:54:33.937+0000] {logging_mixin.py:188} INFO - [2026-08-08T07:54:33.936+0000] {dag.py:3954} INFO - Setting next_dagrun for load_ergast_data to None, run_after=None
[2026-08-08T07:54:33.959+0000] {processor.py:183} INFO - Processing /opt/airflow/dags/load_ergast_data.py took 1.334 seconds
[2026-08-08T07:55:04.308+0000] {processor.py:161} INFO - Started process (PID=1066) to work on /opt/airflow/dags/load_ergast_data.py
[2026-08-08T07:55:04.310+0000] {processor.py:830} INFO - Processing file /opt/airflow/dags/load_ergast_data.py for tasks to queue
[2026-08-08T07:55:04.313+0000] {logging_mixin.py:188} INFO - [2026-08-08T07:55:04.312+0000] {dagbag.py:545} INFO - Filling up the DagBag from /opt/airflow/dags/load_ergast_data.py
[2026-08-08T07:55:05.873+0000] {processor.py:840} INFO - DAG(s) 'load_ergast_data' retrieved from /opt/airflow/dags/load_ergast_data.py
[2026-08-08T07:55:05.948+0000] {logging_mixin.py:188} INFO - [2026-08-08T07:55:05.947+0000] {dag.py:3096} INFO - Sync 1 DAGs
[2026-08-08T07:55:06.014+0000] {logging_mixin.py:188} INFO - [2026-08-08T07:55:06.014+0000] {dag.py:3954} INFO - Setting next_dagrun for load_ergast_data to None, run_after=None
[2026-08-08T07:55:08.275+0000] {processor.py:183} INFO - Processing /opt/airflow/dags/load_ergast_data.py took 3.974 seconds
[2026-08-08T07:55:38.500+0000] {processor.py:161} INFO - Started process (PID=1077) to work on /opt/airflow/dags/load_ergast_data.py
[2026-08-08T07:55:38.514+0000] {processor.py:830} INFO - Processing file /opt/airflow/dags/load_ergast_data.py for tasks to queue
[2026-08-08T07:55:38.537+0000] {logging_mixin.py:188} INFO - [2026-08-08T07:55:38.534+0000] {dagbag.py:545} INFO - Filling up the DagBag from /opt/airflow/dags/load_ergast_data.py
[2026-08-08T07:55:41.467+0000] {processor.py:840} INFO - DAG(s) 'load_ergast_data' retrieved from /opt/airflow/dags/load_ergast_data.py
[2026-08-08T07:55:41.542+0000] {logging_mixin.py:188} INFO - [2026-08-08T07:55:41.540+0000] {dag.py:3096} INFO - Sync 1 DAGs
[2026-08-08T07:55:44.375+0000] {logging_mixin.py:188} INFO - [2026-08-08T07:55:44.371+0000] {dag.py:3954} INFO - Setting next_dagrun for load_ergast_data to None, run_after=None
[2026-08-08T07:55:44.424+0000] {processor.py:183} INFO - Processing /opt/airflow/dags/load_ergast_data.py took 5.951 seconds
[2026-08-08T07:56:15.306+0000] {processor.py:161} INFO - Started process (PID=1088) to work on /opt/airflow/dags/load_ergast_data.py
[2026-08-08T07:56:15.337+0000] {processor.py:830} INFO - Processing file /opt/airflow/dags/load_ergast_data.py for tasks to queue
[2026-08-08T07:56:15.372+0000] {logging_mixin.py:188} INFO - [2026-08-08T07:56:15.371+0000] {dagbag.py:545} INFO - Filling up the DagBag from /opt/airflow/dags/load_ergast_data.py
[2026-08-08T07:56:17.488+0000] {processor.py:840} INFO - DAG(s) 'load_ergast_data' retrieved from /opt/airflow/dags/load_ergast_data.py
[2026-08-08T07:56:17.549+0000] {logging_mixin.py:188} INFO - [2026-08-08T07:56:17.548+0000] {dag.py:3096} INFO - Sync 1 DAGs
[2026-08-08T07:56:17.587+0000] {logging_mixin.py:188} INFO - [2026-08-08T07:56:17.586+0000] {dag.py:3954} INFO - Setting next_dagrun for load_ergast_data to None, run_after=None
[2026-08-08T07:56:17.619+0000] {processor.py:183} INFO - Processing /opt/airflow/dags/load_ergast_data.py took 2.347 seconds
[2026-08-08T07:56:48.009+0000] {processor.py:161} INFO - Started process (PID=1099) to work on /opt/airflow/dags/load_ergast_data.py
[2026-08-08T07:56:48.011+0000] {processor.py:830} INFO - Processing file /opt/airflow/dags/load_ergast_data.py for tasks to queue
[2026-08-08T07:56:48.017+0000] {logging_mixin.py:188} INFO - [2026-08-08T07:56:48.016+0000] {dagbag.py:545} INFO - Filling up the DagBag from /opt/airflow/dags/load_ergast_data.py
[2026-08-08T07:56:48.347+0000] {processor.py:840} INFO - DAG(s) 'load_ergast_data' retrieved from /opt/airflow/dags/load_ergast_data.py
[2026-08-08T07:56:48.376+0000] {logging_mixin.py:188} INFO - [2026-08-08T07:56:48.375+0000] {dag.py:3096} INFO - Sync 1 DAGs
[2026-08-08T07:56:48.394+0000] {logging_mixin.py:188} INFO - [2026-08-08T07:56:48.394+0000] {dag.py:3954} INFO - Setting next_dagrun for load_ergast_data to None, run_after=None
[2026-08-08T07:56:48.417+0000] {processor.py:183} INFO - Processing /opt/airflow/dags/load_ergast_data.py took 0.417 seconds
[2026-08-08T07:57:18.758+0000] {processor.py:161} INFO - Started process (PID=1110) to work on /opt/airflow/dags/load_ergast_data.py
[2026-08-08T07:57:18.760+0000] {processor.py:830} INFO - Processing file /opt/airflow/dags/load_ergast_data.py for tasks to queue
[2026-08-08T07:57:18.764+0000] {logging_mixin.py:188} INFO - [2026-08-08T07:57:18.764+0000] {dagbag.py:545} INFO - Filling up the DagBag from /opt/airflow/dags/load_ergast_data.py
[2026-08-08T07:57:19.591+0000] {processor.py:840} INFO - DAG(s) 'load_ergast_data' retrieved from /opt/airflow/dags/load_ergast_data.py
[2026-08-08T07:57:19.785+0000] {logging_mixin.py:188} INFO - [2026-08-08T07:57:19.784+0000] {dag.py:3096} INFO - Sync 1 DAGs
[2026-08-08T07:57:19.861+0000] {logging_mixin.py:188} INFO - [2026-08-08T07:57:19.861+0000] {dag.py:3954} INFO - Setting next_dagrun for load_ergast_data to None, run_after=None
[2026-08-08T07:57:19.911+0000] {processor.py:183} INFO - Processing /opt/airflow/dags/load_ergast_data.py took 1.161 seconds
[2026-08-08T07:57:50.885+0000] {processor.py:161} INFO - Started process (PID=1121) to work on /opt/airflow/dags/load_ergast_data.py
[2026-08-08T07:57:50.922+0000] {processor.py:830} INFO - Processing file /opt/airflow/dags/load_ergast_data.py for tasks to queue
[2026-08-08T07:57:51.122+0000] {logging_mixin.py:188} INFO - [2026-08-08T07:57:51.118+0000] {dagbag.py:545} INFO - Filling up the DagBag from /opt/airflow/dags/load_ergast_data.py
[2026-08-08T07:57:55.952+0000] {processor.py:840} INFO - DAG(s) 'load_ergast_data' retrieved from /opt/airflow/dags/load_ergast_data.py
[2026-08-08T07:57:57.215+0000] {logging_mixin.py:188} INFO - [2026-08-08T07:57:57.213+0000] {dag.py:3096} INFO - Sync 1 DAGs
[2026-08-08T07:57:57.501+0000] {logging_mixin.py:188} INFO - [2026-08-08T07:57:57.501+0000] {dag.py:3954} INFO - Setting next_dagrun for load_ergast_data to None, run_after=None
[2026-08-08T07:57:57.759+0000] {processor.py:183} INFO - Processing /opt/airflow/dags/load_ergast_data.py took 7.505 seconds
[2026-08-08T07:58:28.672+0000] {processor.py:161} INFO - Started process (PID=1132) to work on /opt/airflow/dags/load_ergast_data.py
[2026-08-08T07:58:28.703+0000] {processor.py:830} INFO - Processing file /opt/airflow/dags/load_ergast_data.py for tasks to queue
[2026-08-08T07:58:28.710+0000] {logging_mixin.py:188} INFO - [2026-08-08T07:58:28.709+0000] {dagbag.py:545} INFO - Filling up the DagBag from /opt/airflow/dags/load_ergast_data.py
[2026-08-08T07:58:35.744+0000] {processor.py:840} INFO - DAG(s) 'load_ergast_data' retrieved from /opt/airflow/dags/load_ergast_data.py
[2026-08-08T07:58:36.498+0000] {logging_mixin.py:188} INFO - [2026-08-08T07:58:36.497+0000] {dag.py:3096} INFO - Sync 1 DAGs
[2026-08-08T07:58:47.550+0000] {logging_mixin.py:188} INFO - [2026-08-08T07:58:47.549+0000] {dag.py:3954} INFO - Setting next_dagrun for load_ergast_data to None, run_after=None
[2026-08-08T07:58:47.692+0000] {processor.py:183} INFO - Processing /opt/airflow/dags/load_ergast_data.py took 19.133 seconds
[2026-08-08T07:59:18.504+0000] {processor.py:161} INFO - Started process (PID=1146) to work on /opt/airflow/dags/load_ergast_data.py
[2026-08-08T07:59:18.511+0000] {processor.py:830} INFO - Processing file /opt/airflow/dags/load_ergast_data.py for tasks to queue
[2026-08-08T07:59:18.517+0000] {logging_mixin.py:188} INFO - [2026-08-08T07:59:18.516+0000] {dagbag.py:545} INFO - Filling up the DagBag from /opt/airflow/dags/load_ergast_data.py
[2026-08-08T07:59:20.040+0000] {processor.py:840} INFO - DAG(s) 'load_ergast_data' retrieved from /opt/airflow/dags/load_ergast_data.py
[2026-08-08T07:59:20.080+0000] {logging_mixin.py:188} INFO - [2026-08-08T07:59:20.079+0000] {dag.py:3096} INFO - Sync 1 DAGs
[2026-08-08T07:59:20.097+0000] {logging_mixin.py:188} INFO - [2026-08-08T07:59:20.097+0000] {dag.py:3954} INFO - Setting next_dagrun for load_ergast_data to None, run_after=None
[2026-08-08T07:59:20.128+0000] {processor.py:183} INFO - Processing /opt/airflow/dags/load_ergast_data.py took 1.642 seconds
[2026-08-08T07:59:51.194+0000] {processor.py:161} INFO - Started process (PID=1157) to work on /opt/airflow/dags/load_ergast_data.py
[2026-08-08T07:59:51.231+0000] {processor.py:830} INFO - Processing file /opt/airflow/dags/load_ergast_data.py for tasks to queue
[2026-08-08T07:59:51.316+0000] {logging_mixin.py:188} INFO - [2026-08-08T07:59:51.308+0000] {dagbag.py:545} INFO - Filling up the DagBag from /opt/airflow/dags/load_ergast_data.py
[2026-08-08T07:59:55.459+0000] {processor.py:840} INFO - DAG(s) 'load_ergast_data' retrieved from /opt/airflow/dags/load_ergast_data.py
[2026-08-08T07:59:55.795+0000] {logging_mixin.py:188} INFO - [2026-08-08T07:59:55.794+0000] {dag.py:3096} INFO - Sync 1 DAGs
[2026-08-08T07:59:56.034+0000] {logging_mixin.py:188} INFO - [2026-08-08T07:59:56.033+0000] {dag.py:3954} INFO - Setting next_dagrun for load_ergast_data to None, run_after=None
[2026-08-08T07:59:56.249+0000] {processor.py:183} INFO - Processing /opt/airflow/dags/load_ergast_data.py took 5.073 seconds
[2026-08-08T08:00:27.142+0000] {processor.py:161} INFO - Started process (PID=1168) to work on /opt/airflow/dags/load_ergast_data.py
[2026-08-08T08:00:27.152+0000] {processor.py:830} INFO - Processing file /opt/airflow/dags/load_ergast_data.py for tasks to queue
[2026-08-08T08:00:27.178+0000] {logging_mixin.py:188} INFO - [2026-08-08T08:00:27.175+0000] {dagbag.py:545} INFO - Filling up the DagBag from /opt/airflow/dags/load_ergast_data.py
[2026-08-08T08:00:29.915+0000] {processor.py:840} INFO - DAG(s) 'load_ergast_data' retrieved from /opt/airflow/dags/load_ergast_data.py
[2026-08-08T08:00:30.009+0000] {logging_mixin.py:188} INFO - [2026-08-08T08:00:30.009+0000] {dag.py:3096} INFO - Sync 1 DAGs
[2026-08-08T08:00:30.049+0000] {logging_mixin.py:188} INFO - [2026-08-08T08:00:30.049+0000] {dag.py:3954} INFO - Setting next_dagrun for load_ergast_data to None, run_after=None
[2026-08-08T08:00:30.102+0000] {processor.py:183} INFO - Processing /opt/airflow/dags/load_ergast_data.py took 2.932 seconds
[2026-08-08T08:01:00.757+0000] {processor.py:161} INFO - Started process (PID=1181) to work on /opt/airflow/dags/load_ergast_data.py
[2026-08-08T08:01:00.779+0000] {processor.py:830} INFO - Processing file /opt/airflow/dags/load_ergast_data.py for tasks to queue
[2026-08-08T08:01:00.801+0000] {logging_mixin.py:188} INFO - [2026-08-08T08:01:00.801+0000] {dagbag.py:545} INFO - Filling up the DagBag from /opt/airflow/dags/load_ergast_data.py
[2026-08-08T08:01:01.613+0000] {processor.py:840} INFO - DAG(s) 'load_ergast_data' retrieved from /opt/airflow/dags/load_ergast_data.py
[2026-08-08T08:01:01.672+0000] {logging_mixin.py:188} INFO - [2026-08-08T08:01:01.670+0000] {dag.py:3096} INFO - Sync 1 DAGs
[2026-08-08T08:01:01.772+0000] {logging_mixin.py:188} INFO - [2026-08-08T08:01:01.772+0000] {dag.py:3954} INFO - Setting next_dagrun for load_ergast_data to None, run_after=None
[2026-08-08T08:01:05.374+0000] {processor.py:183} INFO - Processing /opt/airflow/dags/load_ergast_data.py took 4.778 seconds
[2026-08-08T08:01:35.972+0000] {processor.py:161} INFO - Started process (PID=1192) to work on /opt/airflow/dags/load_ergast_data.py
[2026-08-08T08:01:35.975+0000] {processor.py:830} INFO - Processing file /opt/airflow/dags/load_ergast_data.py for tasks to queue
[2026-08-08T08:01:35.980+0000] {logging_mixin.py:188} INFO - [2026-08-08T08:01:35.979+0000] {dagbag.py:545} INFO - Filling up the DagBag from /opt/airflow/dags/load_ergast_data.py
[2026-08-08T08:01:40.023+0000] {processor.py:840} INFO - DAG(s) 'load_ergast_data' retrieved from /opt/airflow/dags/load_ergast_data.py
[2026-08-08T08:01:40.070+0000] {logging_mixin.py:188} INFO - [2026-08-08T08:01:40.069+0000] {dag.py:3096} INFO - Sync 1 DAGs
[2026-08-08T08:01:40.882+0000] {logging_mixin.py:188} INFO - [2026-08-08T08:01:40.882+0000] {dag.py:3954} INFO - Setting next_dagrun for load_ergast_data to None, run_after=None
[2026-08-08T08:01:40.915+0000] {processor.py:183} INFO - Processing /opt/airflow/dags/load_ergast_data.py took 4.974 seconds
[2026-08-08T08:02:12.789+0000] {processor.py:161} INFO - Started process (PID=1203) to work on /opt/airflow/dags/load_ergast_data.py
[2026-08-08T08:02:12.801+0000] {processor.py:830} INFO - Processing file /opt/airflow/dags/load_ergast_data.py for tasks to queue
[2026-08-08T08:02:12.809+0000] {logging_mixin.py:188} INFO - [2026-08-08T08:02:12.808+0000] {dagbag.py:545} INFO - Filling up the DagBag from /opt/airflow/dags/load_ergast_data.py
[2026-08-08T08:02:17.319+0000] {processor.py:840} INFO - DAG(s) 'load_ergast_data' retrieved from /opt/airflow/dags/load_ergast_data.py
[2026-08-08T08:02:27.779+0000] {logging_mixin.py:188} INFO - [2026-08-08T08:02:17.875+0000] {dag.py:3096} INFO - Sync 1 DAGs
[2026-08-08T08:02:27.854+0000] {logging_mixin.py:188} INFO - [2026-08-08T08:02:27.854+0000] {dag.py:3954} INFO - Setting next_dagrun for load_ergast_data to None, run_after=None
[2026-08-08T08:02:27.939+0000] {processor.py:183} INFO - Processing /opt/airflow/dags/load_ergast_data.py took 15.163 seconds
[2026-08-08T08:03:03.238+0000] {processor.py:161} INFO - Started process (PID=1214) to work on /opt/airflow/dags/load_ergast_data.py
[2026-08-08T08:03:03.333+0000] {processor.py:830} INFO - Processing file /opt/airflow/dags/load_ergast_data.py for tasks to queue
[2026-08-08T08:03:03.541+0000] {logging_mixin.py:188} INFO - [2026-08-08T08:03:03.519+0000] {dagbag.py:545} INFO - Filling up the DagBag from /opt/airflow/dags/load_ergast_data.py
[2026-08-08T08:03:14.276+0000] {processor.py:840} INFO - DAG(s) 'load_ergast_data' retrieved from /opt/airflow/dags/load_ergast_data.py
[2026-08-08T08:03:15.075+0000] {logging_mixin.py:188} INFO - [2026-08-08T08:03:15.071+0000] {dag.py:3096} INFO - Sync 1 DAGs
[2026-08-08T08:03:15.308+0000] {logging_mixin.py:188} INFO - [2026-08-08T08:03:15.307+0000] {dag.py:3954} INFO - Setting next_dagrun for load_ergast_data to None, run_after=None
[2026-08-08T08:03:15.629+0000] {processor.py:183} INFO - Processing /opt/airflow/dags/load_ergast_data.py took 14.304 seconds
[2026-08-08T08:03:46.523+0000] {processor.py:161} INFO - Started process (PID=1225) to work on /opt/airflow/dags/load_ergast_data.py
[2026-08-08T08:03:46.526+0000] {processor.py:830} INFO - Processing file /opt/airflow/dags/load_ergast_data.py for tasks to queue
[2026-08-08T08:03:46.534+0000] {logging_mixin.py:188} INFO - [2026-08-08T08:03:46.533+0000] {dagbag.py:545} INFO - Filling up the DagBag from /opt/airflow/dags/load_ergast_data.py
[2026-08-08T08:03:49.733+0000] {processor.py:840} INFO - DAG(s) 'load_ergast_data' retrieved from /opt/airflow/dags/load_ergast_data.py
[2026-08-08T08:03:49.847+0000] {logging_mixin.py:188} INFO - [2026-08-08T08:03:49.846+0000] {dag.py:3096} INFO - Sync 1 DAGs
[2026-08-08T08:03:49.924+0000] {logging_mixin.py:188} INFO - [2026-08-08T08:03:49.923+0000] {dag.py:3954} INFO - Setting next_dagrun for load_ergast_data to None, run_after=None
[2026-08-08T08:03:50.019+0000] {processor.py:183} INFO - Processing /opt/airflow/dags/load_ergast_data.py took 3.513 seconds
[2026-08-08T08:04:20.463+0000] {processor.py:161} INFO - Started process (PID=1236) to work on /opt/airflow/dags/load_ergast_data.py
[2026-08-08T08:04:20.464+0000] {processor.py:830} INFO - Processing file /opt/airflow/dags/load_ergast_data.py for tasks to queue
[2026-08-08T08:04:20.468+0000] {logging_mixin.py:188} INFO - [2026-08-08T08:04:20.467+0000] {dagbag.py:545} INFO - Filling up the DagBag from /opt/airflow/dags/load_ergast_data.py
[2026-08-08T08:04:21.224+0000] {processor.py:840} INFO - DAG(s) 'load_ergast_data' retrieved from /opt/airflow/dags/load_ergast_data.py
[2026-08-08T08:04:21.332+0000] {logging_mixin.py:188} INFO - [2026-08-08T08:04:21.331+0000] {dag.py:3096} INFO - Sync 1 DAGs
[2026-08-08T08:04:21.403+0000] {logging_mixin.py:188} INFO - [2026-08-08T08:04:21.403+0000] {dag.py:3954} INFO - Setting next_dagrun for load_ergast_data to None, run_after=None
[2026-08-08T08:04:24.469+0000] {processor.py:183} INFO - Processing /opt/airflow/dags/load_ergast_data.py took 4.013 seconds
[2026-08-08T08:04:55.342+0000] {processor.py:161} INFO - Started process (PID=1250) to work on /opt/airflow/dags/load_ergast_data.py
[2026-08-08T08:04:55.368+0000] {processor.py:830} INFO - Processing file /opt/airflow/dags/load_ergast_data.py for tasks to queue
[2026-08-08T08:04:55.385+0000] {logging_mixin.py:188} INFO - [2026-08-08T08:04:55.385+0000] {dagbag.py:545} INFO - Filling up the DagBag from /opt/airflow/dags/load_ergast_data.py
[2026-08-08T08:05:01.078+0000] {processor.py:840} INFO - DAG(s) 'load_ergast_data' retrieved from /opt/airflow/dags/load_ergast_data.py
[2026-08-08T08:05:01.166+0000] {logging_mixin.py:188} INFO - [2026-08-08T08:05:01.163+0000] {dag.py:3096} INFO - Sync 1 DAGs
[2026-08-08T08:05:09.023+0000] {logging_mixin.py:188} INFO - [2026-08-08T08:05:09.022+0000] {dag.py:3954} INFO - Setting next_dagrun for load_ergast_data to None, run_after=None
[2026-08-08T08:05:09.092+0000] {processor.py:183} INFO - Processing /opt/airflow/dags/load_ergast_data.py took 13.817 seconds
[2026-08-08T08:05:39.671+0000] {processor.py:161} INFO - Started process (PID=1263) to work on /opt/airflow/dags/load_ergast_data.py
[2026-08-08T08:05:39.686+0000] {processor.py:830} INFO - Processing file /opt/airflow/dags/load_ergast_data.py for tasks to queue
[2026-08-08T08:05:39.704+0000] {logging_mixin.py:188} INFO - [2026-08-08T08:05:39.702+0000] {dagbag.py:545} INFO - Filling up the DagBag from /opt/airflow/dags/load_ergast_data.py
[2026-08-08T08:05:42.510+0000] {processor.py:840} INFO - DAG(s) 'load_ergast_data' retrieved from /opt/airflow/dags/load_ergast_data.py
[2026-08-08T08:05:42.594+0000] {logging_mixin.py:188} INFO - [2026-08-08T08:05:42.593+0000] {dag.py:3096} INFO - Sync 1 DAGs
[2026-08-08T08:05:42.644+0000] {logging_mixin.py:188} INFO - [2026-08-08T08:05:42.644+0000] {dag.py:3954} INFO - Setting next_dagrun for load_ergast_data to None, run_after=None
[2026-08-08T08:05:42.695+0000] {processor.py:183} INFO - Processing /opt/airflow/dags/load_ergast_data.py took 3.113 seconds
[2026-08-08T08:06:13.671+0000] {processor.py:161} INFO - Started process (PID=1274) to work on /opt/airflow/dags/load_ergast_data.py
[2026-08-08T08:06:13.700+0000] {processor.py:830} INFO - Processing file /opt/airflow/dags/load_ergast_data.py for tasks to queue
[2026-08-08T08:06:13.791+0000] {logging_mixin.py:188} INFO - [2026-08-08T08:06:13.781+0000] {dagbag.py:545} INFO - Filling up the DagBag from /opt/airflow/dags/load_ergast_data.py
[2026-08-08T08:06:18.341+0000] {processor.py:840} INFO - DAG(s) 'load_ergast_data' retrieved from /opt/airflow/dags/load_ergast_data.py
[2026-08-08T08:06:18.850+0000] {logging_mixin.py:188} INFO - [2026-08-08T08:06:18.847+0000] {dag.py:3096} INFO - Sync 1 DAGs
[2026-08-08T08:06:19.232+0000] {logging_mixin.py:188} INFO - [2026-08-08T08:06:19.231+0000] {dag.py:3954} INFO - Setting next_dagrun for load_ergast_data to None, run_after=None
[2026-08-08T08:06:19.462+0000] {processor.py:183} INFO - Processing /opt/airflow/dags/load_ergast_data.py took 6.023 seconds
[2026-08-08T08:06:49.584+0000] {processor.py:161} INFO - Started process (PID=1285) to work on /opt/airflow/dags/load_ergast_data.py
[2026-08-08T08:06:49.585+0000] {processor.py:830} INFO - Processing file /opt/airflow/dags/load_ergast_data.py for tasks to queue
[2026-08-08T08:06:49.588+0000] {logging_mixin.py:188} INFO - [2026-08-08T08:06:49.587+0000] {dagbag.py:545} INFO - Filling up the DagBag from /opt/airflow/dags/load_ergast_data.py
[2026-08-08T08:06:50.243+0000] {processor.py:840} INFO - DAG(s) 'load_ergast_data' retrieved from /opt/airflow/dags/load_ergast_data.py
[2026-08-08T08:06:50.331+0000] {logging_mixin.py:188} INFO - [2026-08-08T08:06:50.329+0000] {dag.py:3096} INFO - Sync 1 DAGs
[2026-08-08T08:06:50.375+0000] {logging_mixin.py:188} INFO - [2026-08-08T08:06:50.375+0000] {dag.py:3954} INFO - Setting next_dagrun for load_ergast_data to None, run_after=None
[2026-08-08T08:06:50.424+0000] {processor.py:183} INFO - Processing /opt/airflow/dags/load_ergast_data.py took 0.845 seconds
[2026-08-08T08:07:21.304+0000] {processor.py:161} INFO - Started process (PID=1296) to work on /opt/airflow/dags/load_ergast_data.py
[2026-08-08T08:07:21.305+0000] {processor.py:830} INFO - Processing file /opt/airflow/dags/load_ergast_data.py for tasks to queue
[2026-08-08T08:07:21.308+0000] {logging_mixin.py:188} INFO - [2026-08-08T08:07:21.308+0000] {dagbag.py:545} INFO - Filling up the DagBag from /opt/airflow/dags/load_ergast_data.py
[2026-08-08T08:07:22.147+0000] {processor.py:840} INFO - DAG(s) 'load_ergast_data' retrieved from /opt/airflow/dags/load_ergast_data.py
[2026-08-08T08:07:22.250+0000] {logging_mixin.py:188} INFO - [2026-08-08T08:07:22.249+0000] {dag.py:3096} INFO - Sync 1 DAGs
[2026-08-08T08:07:22.300+0000] {logging_mixin.py:188} INFO - [2026-08-08T08:07:22.300+0000] {dag.py:3954} INFO - Setting next_dagrun for load_ergast_data to None, run_after=None
[2026-08-08T08:07:24.546+0000] {processor.py:183} INFO - Processing /opt/airflow/dags/load_ergast_data.py took 3.249 seconds
[2026-08-08T08:07:54.929+0000] {processor.py:161} INFO - Started process (PID=1307) to work on /opt/airflow/dags/load_ergast_data.py
[2026-08-08T08:07:54.933+0000] {processor.py:830} INFO - Processing file /opt/airflow/dags/load_ergast_data.py for tasks to queue
[2026-08-08T08:07:54.939+0000] {logging_mixin.py:188} INFO - [2026-08-08T08:07:54.938+0000] {dagbag.py:545} INFO - Filling up the DagBag from /opt/airflow/dags/load_ergast_data.py
[2026-08-08T08:07:55.268+0000] {processor.py:840} INFO - DAG(s) 'load_ergast_data' retrieved from /opt/airflow/dags/load_ergast_data.py
[2026-08-08T08:07:55.301+0000] {logging_mixin.py:188} INFO - [2026-08-08T08:07:55.299+0000] {dag.py:3096} INFO - Sync 1 DAGs
[2026-08-08T08:07:55.678+0000] {logging_mixin.py:188} INFO - [2026-08-08T08:07:55.677+0000] {dag.py:3954} INFO - Setting next_dagrun for load_ergast_data to None, run_after=None
[2026-08-08T08:07:55.709+0000] {processor.py:183} INFO - Processing /opt/airflow/dags/load_ergast_data.py took 0.789 seconds
[2026-08-08T08:08:26.039+0000] {processor.py:161} INFO - Started process (PID=1318) to work on /opt/airflow/dags/load_ergast_data.py
[2026-08-08T08:08:26.041+0000] {processor.py:830} INFO - Processing file /opt/airflow/dags/load_ergast_data.py for tasks to queue
[2026-08-08T08:08:26.044+0000] {logging_mixin.py:188} INFO - [2026-08-08T08:08:26.043+0000] {dagbag.py:545} INFO - Filling up the DagBag from /opt/airflow/dags/load_ergast_data.py
[2026-08-08T08:08:26.625+0000] {processor.py:840} INFO - DAG(s) 'load_ergast_data' retrieved from /opt/airflow/dags/load_ergast_data.py
[2026-08-08T08:08:27.859+0000] {logging_mixin.py:188} INFO - [2026-08-08T08:08:27.858+0000] {dag.py:3096} INFO - Sync 1 DAGs
[2026-08-08T08:08:27.877+0000] {logging_mixin.py:188} INFO - [2026-08-08T08:08:27.876+0000] {dag.py:3954} INFO - Setting next_dagrun for load_ergast_data to None, run_after=None
[2026-08-08T08:08:27.902+0000] {processor.py:183} INFO - Processing /opt/airflow/dags/load_ergast_data.py took 1.870 seconds
[2026-08-08T08:08:58.347+0000] {processor.py:161} INFO - Started process (PID=1329) to work on /opt/airflow/dags/load_ergast_data.py
[2026-08-08T08:08:58.350+0000] {processor.py:830} INFO - Processing file /opt/airflow/dags/load_ergast_data.py for tasks to queue
[2026-08-08T08:08:58.357+0000] {logging_mixin.py:188} INFO - [2026-08-08T08:08:58.357+0000] {dagbag.py:545} INFO - Filling up the DagBag from /opt/airflow/dags/load_ergast_data.py
[2026-08-08T08:08:59.364+0000] {processor.py:840} INFO - DAG(s) 'load_ergast_data' retrieved from /opt/airflow/dags/load_ergast_data.py
[2026-08-08T08:08:59.409+0000] {logging_mixin.py:188} INFO - [2026-08-08T08:08:59.408+0000] {dag.py:3096} INFO - Sync 1 DAGs
[2026-08-08T08:08:59.436+0000] {logging_mixin.py:188} INFO - [2026-08-08T08:08:59.435+0000] {dag.py:3954} INFO - Setting next_dagrun for load_ergast_data to None, run_after=None
[2026-08-08T08:08:59.465+0000] {processor.py:183} INFO - Processing /opt/airflow/dags/load_ergast_data.py took 1.148 seconds
[2026-08-08T08:09:29.849+0000] {processor.py:161} INFO - Started process (PID=1340) to work on /opt/airflow/dags/load_ergast_data.py
[2026-08-08T08:09:29.850+0000] {processor.py:830} INFO - Processing file /opt/airflow/dags/load_ergast_data.py for tasks to queue
[2026-08-08T08:09:29.852+0000] {logging_mixin.py:188} INFO - [2026-08-08T08:09:29.852+0000] {dagbag.py:545} INFO - Filling up the DagBag from /opt/airflow/dags/load_ergast_data.py
[2026-08-08T08:09:30.514+0000] {processor.py:840} INFO - DAG(s) 'load_ergast_data' retrieved from /opt/airflow/dags/load_ergast_data.py
[2026-08-08T08:09:30.545+0000] {logging_mixin.py:188} INFO - [2026-08-08T08:09:30.545+0000] {dag.py:3096} INFO - Sync 1 DAGs
[2026-08-08T08:09:30.559+0000] {logging_mixin.py:188} INFO - [2026-08-08T08:09:30.559+0000] {dag.py:3954} INFO - Setting next_dagrun for load_ergast_data to None, run_after=None
[2026-08-08T08:09:30.581+0000] {processor.py:183} INFO - Processing /opt/airflow/dags/load_ergast_data.py took 0.739 seconds
[2026-08-08T08:10:00.971+0000] {processor.py:161} INFO - Started process (PID=1351) to work on /opt/airflow/dags/load_ergast_data.py
[2026-08-08T08:10:00.986+0000] {processor.py:830} INFO - Processing file /opt/airflow/dags/load_ergast_data.py for tasks to queue
[2026-08-08T08:10:01.010+0000] {logging_mixin.py:188} INFO - [2026-08-08T08:10:01.007+0000] {dagbag.py:545} INFO - Filling up the DagBag from /opt/airflow/dags/load_ergast_data.py
[2026-08-08T08:10:02.548+0000] {processor.py:840} INFO - DAG(s) 'load_ergast_data' retrieved from /opt/airflow/dags/load_ergast_data.py
[2026-08-08T08:10:02.867+0000] {logging_mixin.py:188} INFO - [2026-08-08T08:10:02.865+0000] {dag.py:3096} INFO - Sync 1 DAGs
[2026-08-08T08:10:02.987+0000] {logging_mixin.py:188} INFO - [2026-08-08T08:10:02.987+0000] {dag.py:3954} INFO - Setting next_dagrun for load_ergast_data to None, run_after=None
[2026-08-08T08:10:03.099+0000] {processor.py:183} INFO - Processing /opt/airflow/dags/load_ergast_data.py took 2.132 seconds
[2026-08-08T08:10:33.529+0000] {processor.py:161} INFO - Started process (PID=1362) to work on /opt/airflow/dags/load_ergast_data.py
[2026-08-08T08:10:33.531+0000] {processor.py:830} INFO - Processing file /opt/airflow/dags/load_ergast_data.py for tasks to queue
[2026-08-08T08:10:33.535+0000] {logging_mixin.py:188} INFO - [2026-08-08T08:10:33.534+0000] {dagbag.py:545} INFO - Filling up the DagBag from /opt/airflow/dags/load_ergast_data.py
[2026-08-08T08:10:34.964+0000] {processor.py:840} INFO - DAG(s) 'load_ergast_data' retrieved from /opt/airflow/dags/load_ergast_data.py
[2026-08-08T08:10:35.195+0000] {logging_mixin.py:188} INFO - [2026-08-08T08:10:35.194+0000] {dag.py:3096} INFO - Sync 1 DAGs
[2026-08-08T08:10:35.366+0000] {logging_mixin.py:188} INFO - [2026-08-08T08:10:35.365+0000] {dag.py:3954} INFO - Setting next_dagrun for load_ergast_data to None, run_after=None
[2026-08-08T08:10:37.894+0000] {processor.py:183} INFO - Processing /opt/airflow/dags/load_ergast_data.py took 4.373 seconds
[2026-08-08T08:11:08.316+0000] {processor.py:161} INFO - Started process (PID=1373) to work on /opt/airflow/dags/load_ergast_data.py
[2026-08-08T08:11:08.324+0000] {processor.py:830} INFO - Processing file /opt/airflow/dags/load_ergast_data.py for tasks to queue
[2026-08-08T08:11:08.336+0000] {logging_mixin.py:188} INFO - [2026-08-08T08:11:08.335+0000] {dagbag.py:545} INFO - Filling up the DagBag from /opt/airflow/dags/load_ergast_data.py
[2026-08-08T08:11:09.859+0000] {processor.py:840} INFO - DAG(s) 'load_ergast_data' retrieved from /opt/airflow/dags/load_ergast_data.py
[2026-08-08T08:11:10.263+0000] {logging_mixin.py:188} INFO - [2026-08-08T08:11:10.260+0000] {dag.py:3096} INFO - Sync 1 DAGs
[2026-08-08T08:11:13.524+0000] {logging_mixin.py:188} INFO - [2026-08-08T08:11:13.523+0000] {dag.py:3954} INFO - Setting next_dagrun for load_ergast_data to None, run_after=None
[2026-08-08T08:11:13.566+0000] {processor.py:183} INFO - Processing /opt/airflow/dags/load_ergast_data.py took 5.275 seconds
[2026-08-08T08:11:44.221+0000] {processor.py:161} INFO - Started process (PID=1389) to work on /opt/airflow/dags/load_ergast_data.py
[2026-08-08T08:11:44.229+0000] {processor.py:830} INFO - Processing file /opt/airflow/dags/load_ergast_data.py for tasks to queue
[2026-08-08T08:11:44.244+0000] {logging_mixin.py:188} INFO - [2026-08-08T08:11:44.243+0000] {dagbag.py:545} INFO - Filling up the DagBag from /opt/airflow/dags/load_ergast_data.py
[2026-08-08T08:11:45.571+0000] {processor.py:840} INFO - DAG(s) 'load_ergast_data' retrieved from /opt/airflow/dags/load_ergast_data.py
[2026-08-08T08:11:45.618+0000] {logging_mixin.py:188} INFO - [2026-08-08T08:11:45.618+0000] {dag.py:3096} INFO - Sync 1 DAGs
[2026-08-08T08:11:45.632+0000] {logging_mixin.py:188} INFO - [2026-08-08T08:11:45.632+0000] {dag.py:3954} INFO - Setting next_dagrun for load_ergast_data to None, run_after=None
[2026-08-08T08:11:45.656+0000] {processor.py:183} INFO - Processing /opt/airflow/dags/load_ergast_data.py took 1.483 seconds
[2026-08-08T08:12:16.024+0000] {processor.py:161} INFO - Started process (PID=1400) to work on /opt/airflow/dags/load_ergast_data.py
[2026-08-08T08:12:16.026+0000] {processor.py:830} INFO - Processing file /opt/airflow/dags/load_ergast_data.py for tasks to queue
[2026-08-08T08:12:16.029+0000] {logging_mixin.py:188} INFO - [2026-08-08T08:12:16.028+0000] {dagbag.py:545} INFO - Filling up the DagBag from /opt/airflow/dags/load_ergast_data.py
[2026-08-08T08:12:16.606+0000] {processor.py:840} INFO - DAG(s) 'load_ergast_data' retrieved from /opt/airflow/dags/load_ergast_data.py
[2026-08-08T08:12:16.641+0000] {logging_mixin.py:188} INFO - [2026-08-08T08:12:16.640+0000] {dag.py:3096} INFO - Sync 1 DAGs
[2026-08-08T08:12:16.659+0000] {logging_mixin.py:188} INFO - [2026-08-08T08:12:16.658+0000] {dag.py:3954} INFO - Setting next_dagrun for load_ergast_data to None, run_after=None
[2026-08-08T08:12:16.686+0000] {processor.py:183} INFO - Processing /opt/airflow/dags/load_ergast_data.py took 0.670 seconds
[2026-08-08T08:12:47.468+0000] {processor.py:161} INFO - Started process (PID=1411) to work on /opt/airflow/dags/load_ergast_data.py
[2026-08-08T08:12:47.469+0000] {processor.py:830} INFO - Processing file /opt/airflow/dags/load_ergast_data.py for tasks to queue
[2026-08-08T08:12:47.472+0000] {logging_mixin.py:188} INFO - [2026-08-08T08:12:47.471+0000] {dagbag.py:545} INFO - Filling up the DagBag from /opt/airflow/dags/load_ergast_data.py
[2026-08-08T08:12:47.829+0000] {processor.py:840} INFO - DAG(s) 'load_ergast_data' retrieved from /opt/airflow/dags/load_ergast_data.py
[2026-08-08T08:12:47.884+0000] {logging_mixin.py:188} INFO - [2026-08-08T08:12:47.883+0000] {dag.py:3096} INFO - Sync 1 DAGs
[2026-08-08T08:12:47.910+0000] {logging_mixin.py:188} INFO - [2026-08-08T08:12:47.909+0000] {dag.py:3954} INFO - Setting next_dagrun for load_ergast_data to None, run_after=None
[2026-08-08T08:12:47.941+0000] {processor.py:183} INFO - Processing /opt/airflow/dags/load_ergast_data.py took 0.479 seconds
[2026-08-08T08:13:18.353+0000] {processor.py:161} INFO - Started process (PID=1422) to work on /opt/airflow/dags/load_ergast_data.py
[2026-08-08T08:13:18.355+0000] {processor.py:830} INFO - Processing file /opt/airflow/dags/load_ergast_data.py for tasks to queue
[2026-08-08T08:13:18.357+0000] {logging_mixin.py:188} INFO - [2026-08-08T08:13:18.357+0000] {dagbag.py:545} INFO - Filling up the DagBag from /opt/airflow/dags/load_ergast_data.py
[2026-08-08T08:13:20.420+0000] {processor.py:840} INFO - DAG(s) 'load_ergast_data' retrieved from /opt/airflow/dags/load_ergast_data.py
[2026-08-08T08:13:20.485+0000] {logging_mixin.py:188} INFO - [2026-08-08T08:13:20.484+0000] {dag.py:3096} INFO - Sync 1 DAGs
[2026-08-08T08:13:20.543+0000] {logging_mixin.py:188} INFO - [2026-08-08T08:13:20.543+0000] {dag.py:3954} INFO - Setting next_dagrun for load_ergast_data to None, run_after=None
[2026-08-08T08:13:23.227+0000] {processor.py:183} INFO - Processing /opt/airflow/dags/load_ergast_data.py took 4.917 seconds
[2026-08-08T08:13:53.460+0000] {processor.py:161} INFO - Started process (PID=1433) to work on /opt/airflow/dags/load_ergast_data.py
[2026-08-08T08:13:53.462+0000] {processor.py:830} INFO - Processing file /opt/airflow/dags/load_ergast_data.py for tasks to queue
[2026-08-08T08:13:53.466+0000] {logging_mixin.py:188} INFO - [2026-08-08T08:13:53.466+0000] {dagbag.py:545} INFO - Filling up the DagBag from /opt/airflow/dags/load_ergast_data.py
[2026-08-08T08:13:54.054+0000] {processor.py:840} INFO - DAG(s) 'load_ergast_data' retrieved from /opt/airflow/dags/load_ergast_data.py
[2026-08-08T08:13:54.079+0000] {logging_mixin.py:188} INFO - [2026-08-08T08:13:54.079+0000] {dag.py:3096} INFO - Sync 1 DAGs
[2026-08-08T08:13:54.329+0000] {logging_mixin.py:188} INFO - [2026-08-08T08:13:54.329+0000] {dag.py:3954} INFO - Setting next_dagrun for load_ergast_data to None, run_after=None
[2026-08-08T08:13:54.351+0000] {processor.py:183} INFO - Processing /opt/airflow/dags/load_ergast_data.py took 0.900 seconds
[2026-08-08T08:14:24.785+0000] {processor.py:161} INFO - Started process (PID=1444) to work on /opt/airflow/dags/load_ergast_data.py
[2026-08-08T08:14:24.794+0000] {processor.py:830} INFO - Processing file /opt/airflow/dags/load_ergast_data.py for tasks to queue
[2026-08-08T08:14:24.808+0000] {logging_mixin.py:188} INFO - [2026-08-08T08:14:24.806+0000] {dagbag.py:545} INFO - Filling up the DagBag from /opt/airflow/dags/load_ergast_data.py
[2026-08-08T08:14:25.449+0000] {processor.py:840} INFO - DAG(s) 'load_ergast_data' retrieved from /opt/airflow/dags/load_ergast_data.py
[2026-08-08T08:14:25.886+0000] {logging_mixin.py:188} INFO - [2026-08-08T08:14:25.483+0000] {dag.py:3096} INFO - Sync 1 DAGs
[2026-08-08T08:14:25.901+0000] {logging_mixin.py:188} INFO - [2026-08-08T08:14:25.901+0000] {dag.py:3954} INFO - Setting next_dagrun for load_ergast_data to None, run_after=None
[2026-08-08T08:14:25.926+0000] {processor.py:183} INFO - Processing /opt/airflow/dags/load_ergast_data.py took 1.199 seconds
[2026-08-08T08:14:56.425+0000] {processor.py:161} INFO - Started process (PID=1455) to work on /opt/airflow/dags/load_ergast_data.py
[2026-08-08T08:14:56.429+0000] {processor.py:830} INFO - Processing file /opt/airflow/dags/load_ergast_data.py for tasks to queue
[2026-08-08T08:14:56.435+0000] {logging_mixin.py:188} INFO - [2026-08-08T08:14:56.434+0000] {dagbag.py:545} INFO - Filling up the DagBag from /opt/airflow/dags/load_ergast_data.py
[2026-08-08T08:14:59.072+0000] {processor.py:840} INFO - DAG(s) 'load_ergast_data' retrieved from /opt/airflow/dags/load_ergast_data.py
[2026-08-08T08:15:01.877+0000] {logging_mixin.py:188} INFO - [2026-08-08T08:15:01.876+0000] {dag.py:3096} INFO - Sync 1 DAGs
[2026-08-08T08:15:01.907+0000] {logging_mixin.py:188} INFO - [2026-08-08T08:15:01.907+0000] {dag.py:3954} INFO - Setting next_dagrun for load_ergast_data to None, run_after=None
[2026-08-08T08:15:01.954+0000] {processor.py:183} INFO - Processing /opt/airflow/dags/load_ergast_data.py took 5.545 seconds
[2026-08-08T08:15:32.750+0000] {processor.py:161} INFO - Started process (PID=1466) to work on /opt/airflow/dags/load_ergast_data.py
[2026-08-08T08:15:32.759+0000] {processor.py:830} INFO - Processing file /opt/airflow/dags/load_ergast_data.py for tasks to queue
[2026-08-08T08:15:32.762+0000] {logging_mixin.py:188} INFO - [2026-08-08T08:15:32.762+0000] {dagbag.py:545} INFO - Filling up the DagBag from /opt/airflow/dags/load_ergast_data.py
[2026-08-08T08:15:41.471+0000] {processor.py:840} INFO - DAG(s) 'load_ergast_data' retrieved from /opt/airflow/dags/load_ergast_data.py
[2026-08-08T08:15:41.544+0000] {logging_mixin.py:188} INFO - [2026-08-08T08:15:41.543+0000] {dag.py:3096} INFO - Sync 1 DAGs
[2026-08-08T08:15:41.652+0000] {logging_mixin.py:188} INFO - [2026-08-08T08:15:41.651+0000] {dag.py:3954} INFO - Setting next_dagrun for load_ergast_data to None, run_after=None
[2026-08-08T08:15:41.692+0000] {processor.py:183} INFO - Processing /opt/airflow/dags/load_ergast_data.py took 8.919 seconds
[2026-08-08T08:16:12.078+0000] {processor.py:161} INFO - Started process (PID=1477) to work on /opt/airflow/dags/load_ergast_data.py
[2026-08-08T08:16:12.081+0000] {processor.py:830} INFO - Processing file /opt/airflow/dags/load_ergast_data.py for tasks to queue
[2026-08-08T08:16:12.089+0000] {logging_mixin.py:188} INFO - [2026-08-08T08:16:12.088+0000] {dagbag.py:545} INFO - Filling up the DagBag from /opt/airflow/dags/load_ergast_data.py
[2026-08-08T08:16:15.408+0000] {processor.py:840} INFO - DAG(s) 'load_ergast_data' retrieved from /opt/airflow/dags/load_ergast_data.py
[2026-08-08T08:16:15.553+0000] {logging_mixin.py:188} INFO - [2026-08-08T08:16:15.552+0000] {dag.py:3096} INFO - Sync 1 DAGs
[2026-08-08T08:16:15.622+0000] {logging_mixin.py:188} INFO - [2026-08-08T08:16:15.622+0000] {dag.py:3954} INFO - Setting next_dagrun for load_ergast_data to None, run_after=None
[2026-08-08T08:16:15.676+0000] {processor.py:183} INFO - Processing /opt/airflow/dags/load_ergast_data.py took 3.608 seconds
[2026-08-08T08:16:45.859+0000] {processor.py:161} INFO - Started process (PID=1488) to work on /opt/airflow/dags/load_ergast_data.py
[2026-08-08T08:16:45.861+0000] {processor.py:830} INFO - Processing file /opt/airflow/dags/load_ergast_data.py for tasks to queue
[2026-08-08T08:16:45.864+0000] {logging_mixin.py:188} INFO - [2026-08-08T08:16:45.864+0000] {dagbag.py:545} INFO - Filling up the DagBag from /opt/airflow/dags/load_ergast_data.py
[2026-08-08T08:16:46.336+0000] {processor.py:840} INFO - DAG(s) 'load_ergast_data' retrieved from /opt/airflow/dags/load_ergast_data.py
[2026-08-08T08:16:46.450+0000] {logging_mixin.py:188} INFO - [2026-08-08T08:16:46.450+0000] {dag.py:3096} INFO - Sync 1 DAGs
[2026-08-08T08:16:46.517+0000] {logging_mixin.py:188} INFO - [2026-08-08T08:16:46.517+0000] {dag.py:3954} INFO - Setting next_dagrun for load_ergast_data to None, run_after=None
[2026-08-08T08:16:49.034+0000] {processor.py:183} INFO - Processing /opt/airflow/dags/load_ergast_data.py took 3.181 seconds
[2026-08-08T08:17:19.389+0000] {processor.py:161} INFO - Started process (PID=1499) to work on /opt/airflow/dags/load_ergast_data.py
[2026-08-08T08:17:19.390+0000] {processor.py:830} INFO - Processing file /opt/airflow/dags/load_ergast_data.py for tasks to queue
[2026-08-08T08:17:19.393+0000] {logging_mixin.py:188} INFO - [2026-08-08T08:17:19.392+0000] {dagbag.py:545} INFO - Filling up the DagBag from /opt/airflow/dags/load_ergast_data.py
[2026-08-08T08:17:19.911+0000] {processor.py:840} INFO - DAG(s) 'load_ergast_data' retrieved from /opt/airflow/dags/load_ergast_data.py
[2026-08-08T08:17:20.253+0000] {logging_mixin.py:188} INFO - [2026-08-08T08:17:19.939+0000] {dag.py:3096} INFO - Sync 1 DAGs
[2026-08-08T08:17:20.272+0000] {logging_mixin.py:188} INFO - [2026-08-08T08:17:20.272+0000] {dag.py:3954} INFO - Setting next_dagrun for load_ergast_data to None, run_after=None
[2026-08-08T08:17:20.290+0000] {processor.py:183} INFO - Processing /opt/airflow/dags/load_ergast_data.py took 0.909 seconds
[2026-08-08T08:17:50.785+0000] {processor.py:161} INFO - Started process (PID=1510) to work on /opt/airflow/dags/load_ergast_data.py
[2026-08-08T08:17:50.787+0000] {processor.py:830} INFO - Processing file /opt/airflow/dags/load_ergast_data.py for tasks to queue
[2026-08-08T08:17:50.790+0000] {logging_mixin.py:188} INFO - [2026-08-08T08:17:50.790+0000] {dagbag.py:545} INFO - Filling up the DagBag from /opt/airflow/dags/load_ergast_data.py
[2026-08-08T08:17:51.178+0000] {processor.py:840} INFO - DAG(s) 'load_ergast_data' retrieved from /opt/airflow/dags/load_ergast_data.py
[2026-08-08T08:17:51.455+0000] {logging_mixin.py:188} INFO - [2026-08-08T08:17:51.454+0000] {dag.py:3096} INFO - Sync 1 DAGs
[2026-08-08T08:17:51.480+0000] {logging_mixin.py:188} INFO - [2026-08-08T08:17:51.479+0000] {dag.py:3954} INFO - Setting next_dagrun for load_ergast_data to None, run_after=None
[2026-08-08T08:17:51.506+0000] {processor.py:183} INFO - Processing /opt/airflow/dags/load_ergast_data.py took 0.734 seconds
[2026-08-08T08:18:22.300+0000] {processor.py:161} INFO - Started process (PID=1521) to work on /opt/airflow/dags/load_ergast_data.py
[2026-08-08T08:18:22.302+0000] {processor.py:830} INFO - Processing file /opt/airflow/dags/load_ergast_data.py for tasks to queue
[2026-08-08T08:18:22.306+0000] {logging_mixin.py:188} INFO - [2026-08-08T08:18:22.305+0000] {dagbag.py:545} INFO - Filling up the DagBag from /opt/airflow/dags/load_ergast_data.py
[2026-08-08T08:18:22.626+0000] {processor.py:840} INFO - DAG(s) 'load_ergast_data' retrieved from /opt/airflow/dags/load_ergast_data.py
[2026-08-08T08:18:22.653+0000] {logging_mixin.py:188} INFO - [2026-08-08T08:18:22.653+0000] {dag.py:3096} INFO - Sync 1 DAGs
[2026-08-08T08:18:22.677+0000] {logging_mixin.py:188} INFO - [2026-08-08T08:18:22.677+0000] {dag.py:3954} INFO - Setting next_dagrun for load_ergast_data to None, run_after=None
[2026-08-08T08:18:22.711+0000] {processor.py:183} INFO - Processing /opt/airflow/dags/load_ergast_data.py took 0.418 seconds
[2026-08-08T08:18:53.107+0000] {processor.py:161} INFO - Started process (PID=1532) to work on /opt/airflow/dags/load_ergast_data.py
[2026-08-08T08:18:53.109+0000] {processor.py:830} INFO - Processing file /opt/airflow/dags/load_ergast_data.py for tasks to queue
[2026-08-08T08:18:53.112+0000] {logging_mixin.py:188} INFO - [2026-08-08T08:18:53.111+0000] {dagbag.py:545} INFO - Filling up the DagBag from /opt/airflow/dags/load_ergast_data.py
[2026-08-08T08:18:53.513+0000] {processor.py:840} INFO - DAG(s) 'load_ergast_data' retrieved from /opt/airflow/dags/load_ergast_data.py
[2026-08-08T08:18:53.547+0000] {logging_mixin.py:188} INFO - [2026-08-08T08:18:53.546+0000] {dag.py:3096} INFO - Sync 1 DAGs
[2026-08-08T08:18:53.581+0000] {logging_mixin.py:188} INFO - [2026-08-08T08:18:53.580+0000] {dag.py:3954} INFO - Setting next_dagrun for load_ergast_data to None, run_after=None
[2026-08-08T08:18:53.605+0000] {processor.py:183} INFO - Processing /opt/airflow/dags/load_ergast_data.py took 0.505 seconds
[2026-08-08T08:19:24.983+0000] {processor.py:161} INFO - Started process (PID=1543) to work on /opt/airflow/dags/load_ergast_data.py
[2026-08-08T08:19:25.026+0000] {processor.py:830} INFO - Processing file /opt/airflow/dags/load_ergast_data.py for tasks to queue
[2026-08-08T08:19:25.174+0000] {logging_mixin.py:188} INFO - [2026-08-08T08:19:25.155+0000] {dagbag.py:545} INFO - Filling up the DagBag from /opt/airflow/dags/load_ergast_data.py
[2026-08-08T08:19:30.663+0000] {processor.py:840} INFO - DAG(s) 'load_ergast_data' retrieved from /opt/airflow/dags/load_ergast_data.py
[2026-08-08T08:19:30.731+0000] {logging_mixin.py:188} INFO - [2026-08-08T08:19:30.730+0000] {dag.py:3096} INFO - Sync 1 DAGs
[2026-08-08T08:19:30.773+0000] {logging_mixin.py:188} INFO - [2026-08-08T08:19:30.773+0000] {dag.py:3954} INFO - Setting next_dagrun for load_ergast_data to None, run_after=None
[2026-08-08T08:19:33.836+0000] {processor.py:183} INFO - Processing /opt/airflow/dags/load_ergast_data.py took 9.094 seconds
[2026-08-08T08:20:03.956+0000] {processor.py:161} INFO - Started process (PID=1559) to work on /opt/airflow/dags/load_ergast_data.py
[2026-08-08T08:20:03.957+0000] {processor.py:830} INFO - Processing file /opt/airflow/dags/load_ergast_data.py for tasks to queue
[2026-08-08T08:20:03.961+0000] {logging_mixin.py:188} INFO - [2026-08-08T08:20:03.961+0000] {dagbag.py:545} INFO - Filling up the DagBag from /opt/airflow/dags/load_ergast_data.py
[2026-08-08T08:20:04.571+0000] {processor.py:840} INFO - DAG(s) 'load_ergast_data' retrieved from /opt/airflow/dags/load_ergast_data.py
[2026-08-08T08:20:04.606+0000] {logging_mixin.py:188} INFO - [2026-08-08T08:20:04.605+0000] {dag.py:3096} INFO - Sync 1 DAGs
[2026-08-08T08:20:05.162+0000] {logging_mixin.py:188} INFO - [2026-08-08T08:20:05.161+0000] {dag.py:3954} INFO - Setting next_dagrun for load_ergast_data to None, run_after=None
[2026-08-08T08:20:05.192+0000] {processor.py:183} INFO - Processing /opt/airflow/dags/load_ergast_data.py took 1.190 seconds
[2026-08-08T08:20:35.621+0000] {processor.py:161} INFO - Started process (PID=1570) to work on /opt/airflow/dags/load_ergast_data.py
[2026-08-08T08:20:35.623+0000] {processor.py:830} INFO - Processing file /opt/airflow/dags/load_ergast_data.py for tasks to queue
[2026-08-08T08:20:35.626+0000] {logging_mixin.py:188} INFO - [2026-08-08T08:20:35.625+0000] {dagbag.py:545} INFO - Filling up the DagBag from /opt/airflow/dags/load_ergast_data.py
[2026-08-08T08:20:40.988+0000] {processor.py:840} INFO - DAG(s) 'load_ergast_data' retrieved from /opt/airflow/dags/load_ergast_data.py
[2026-08-08T08:20:43.952+0000] {logging_mixin.py:188} INFO - [2026-08-08T08:20:43.951+0000] {dag.py:3096} INFO - Sync 1 DAGs
[2026-08-08T08:20:43.973+0000] {logging_mixin.py:188} INFO - [2026-08-08T08:20:43.972+0000] {dag.py:3954} INFO - Setting next_dagrun for load_ergast_data to None, run_after=None
[2026-08-08T08:20:44.007+0000] {processor.py:183} INFO - Processing /opt/airflow/dags/load_ergast_data.py took 8.393 seconds
[2026-08-08T08:21:14.360+0000] {processor.py:161} INFO - Started process (PID=1581) to work on /opt/airflow/dags/load_ergast_data.py
[2026-08-08T08:21:14.362+0000] {processor.py:830} INFO - Processing file /opt/airflow/dags/load_ergast_data.py for tasks to queue
[2026-08-08T08:21:14.389+0000] {logging_mixin.py:188} INFO - [2026-08-08T08:21:14.384+0000] {dagbag.py:545} INFO - Filling up the DagBag from /opt/airflow/dags/load_ergast_data.py
[2026-08-08T08:21:14.918+0000] {processor.py:840} INFO - DAG(s) 'load_ergast_data' retrieved from /opt/airflow/dags/load_ergast_data.py
[2026-08-08T08:21:14.944+0000] {logging_mixin.py:188} INFO - [2026-08-08T08:21:14.943+0000] {dag.py:3096} INFO - Sync 1 DAGs
[2026-08-08T08:21:14.961+0000] {logging_mixin.py:188} INFO - [2026-08-08T08:21:14.961+0000] {dag.py:3954} INFO - Setting next_dagrun for load_ergast_data to None, run_after=None
[2026-08-08T08:21:14.993+0000] {processor.py:183} INFO - Processing /opt/airflow/dags/load_ergast_data.py took 0.639 seconds
[2026-08-08T08:21:45.417+0000] {processor.py:161} INFO - Started process (PID=1592) to work on /opt/airflow/dags/load_ergast_data.py
[2026-08-08T08:21:45.423+0000] {processor.py:830} INFO - Processing file /opt/airflow/dags/load_ergast_data.py for tasks to queue
[2026-08-08T08:21:45.430+0000] {logging_mixin.py:188} INFO - [2026-08-08T08:21:45.428+0000] {dagbag.py:545} INFO - Filling up the DagBag from /opt/airflow/dags/load_ergast_data.py
[2026-08-08T08:21:47.191+0000] {processor.py:840} INFO - DAG(s) 'load_ergast_data' retrieved from /opt/airflow/dags/load_ergast_data.py
[2026-08-08T08:21:47.371+0000] {logging_mixin.py:188} INFO - [2026-08-08T08:21:47.370+0000] {dag.py:3096} INFO - Sync 1 DAGs
[2026-08-08T08:21:47.463+0000] {logging_mixin.py:188} INFO - [2026-08-08T08:21:47.462+0000] {dag.py:3954} INFO - Setting next_dagrun for load_ergast_data to None, run_after=None
[2026-08-08T08:21:47.533+0000] {processor.py:183} INFO - Processing /opt/airflow/dags/load_ergast_data.py took 2.141 seconds
[2026-08-08T08:22:17.881+0000] {processor.py:161} INFO - Started process (PID=1603) to work on /opt/airflow/dags/load_ergast_data.py
[2026-08-08T08:22:17.885+0000] {processor.py:830} INFO - Processing file /opt/airflow/dags/load_ergast_data.py for tasks to queue
[2026-08-08T08:22:17.896+0000] {logging_mixin.py:188} INFO - [2026-08-08T08:22:17.895+0000] {dagbag.py:545} INFO - Filling up the DagBag from /opt/airflow/dags/load_ergast_data.py
[2026-08-08T08:22:18.402+0000] {processor.py:840} INFO - DAG(s) 'load_ergast_data' retrieved from /opt/airflow/dags/load_ergast_data.py
[2026-08-08T08:22:18.438+0000] {logging_mixin.py:188} INFO - [2026-08-08T08:22:18.438+0000] {dag.py:3096} INFO - Sync 1 DAGs
[2026-08-08T08:22:18.460+0000] {logging_mixin.py:188} INFO - [2026-08-08T08:22:18.459+0000] {dag.py:3954} INFO - Setting next_dagrun for load_ergast_data to None, run_after=None
[2026-08-08T08:22:18.483+0000] {processor.py:183} INFO - Processing /opt/airflow/dags/load_ergast_data.py took 0.609 seconds
[2026-08-08T08:22:48.824+0000] {processor.py:161} INFO - Started process (PID=1614) to work on /opt/airflow/dags/load_ergast_data.py
[2026-08-08T08:22:48.825+0000] {processor.py:830} INFO - Processing file /opt/airflow/dags/load_ergast_data.py for tasks to queue
[2026-08-08T08:22:48.829+0000] {logging_mixin.py:188} INFO - [2026-08-08T08:22:48.829+0000] {dagbag.py:545} INFO - Filling up the DagBag from /opt/airflow/dags/load_ergast_data.py
[2026-08-08T08:22:49.225+0000] {processor.py:840} INFO - DAG(s) 'load_ergast_data' retrieved from /opt/airflow/dags/load_ergast_data.py
[2026-08-08T08:22:49.256+0000] {logging_mixin.py:188} INFO - [2026-08-08T08:22:49.256+0000] {dag.py:3096} INFO - Sync 1 DAGs
[2026-08-08T08:22:49.279+0000] {logging_mixin.py:188} INFO - [2026-08-08T08:22:49.279+0000] {dag.py:3954} INFO - Setting next_dagrun for load_ergast_data to None, run_after=None
[2026-08-08T08:22:51.638+0000] {processor.py:183} INFO - Processing /opt/airflow/dags/load_ergast_data.py took 2.823 seconds
[2026-08-08T08:23:22.290+0000] {processor.py:161} INFO - Started process (PID=1625) to work on /opt/airflow/dags/load_ergast_data.py
[2026-08-08T08:23:22.292+0000] {processor.py:830} INFO - Processing file /opt/airflow/dags/load_ergast_data.py for tasks to queue
[2026-08-08T08:23:22.294+0000] {logging_mixin.py:188} INFO - [2026-08-08T08:23:22.293+0000] {dagbag.py:545} INFO - Filling up the DagBag from /opt/airflow/dags/load_ergast_data.py
[2026-08-08T08:23:22.559+0000] {processor.py:840} INFO - DAG(s) 'load_ergast_data' retrieved from /opt/airflow/dags/load_ergast_data.py
[2026-08-08T08:23:22.586+0000] {logging_mixin.py:188} INFO - [2026-08-08T08:23:22.585+0000] {dag.py:3096} INFO - Sync 1 DAGs
[2026-08-08T08:23:22.746+0000] {logging_mixin.py:188} INFO - [2026-08-08T08:23:22.745+0000] {dag.py:3954} INFO - Setting next_dagrun for load_ergast_data to None, run_after=None
[2026-08-08T08:23:22.766+0000] {processor.py:183} INFO - Processing /opt/airflow/dags/load_ergast_data.py took 0.482 seconds
[2026-08-08T08:23:53.001+0000] {processor.py:161} INFO - Started process (PID=1636) to work on /opt/airflow/dags/load_ergast_data.py
[2026-08-08T08:23:53.010+0000] {processor.py:830} INFO - Processing file /opt/airflow/dags/load_ergast_data.py for tasks to queue
[2026-08-08T08:23:53.030+0000] {logging_mixin.py:188} INFO - [2026-08-08T08:23:53.028+0000] {dagbag.py:545} INFO - Filling up the DagBag from /opt/airflow/dags/load_ergast_data.py
[2026-08-08T08:23:56.048+0000] {processor.py:840} INFO - DAG(s) 'load_ergast_data' retrieved from /opt/airflow/dags/load_ergast_data.py
[2026-08-08T08:23:59.589+0000] {logging_mixin.py:188} INFO - [2026-08-08T08:23:59.585+0000] {dag.py:3096} INFO - Sync 1 DAGs
[2026-08-08T08:23:59.636+0000] {logging_mixin.py:188} INFO - [2026-08-08T08:23:59.635+0000] {dag.py:3954} INFO - Setting next_dagrun for load_ergast_data to None, run_after=None
[2026-08-08T08:23:59.705+0000] {processor.py:183} INFO - Processing /opt/airflow/dags/load_ergast_data.py took 6.751 seconds
[2026-08-08T08:24:29.956+0000] {processor.py:161} INFO - Started process (PID=1647) to work on /opt/airflow/dags/load_ergast_data.py
[2026-08-08T08:24:29.965+0000] {processor.py:830} INFO - Processing file /opt/airflow/dags/load_ergast_data.py for tasks to queue
[2026-08-08T08:24:29.974+0000] {logging_mixin.py:188} INFO - [2026-08-08T08:24:29.974+0000] {dagbag.py:545} INFO - Filling up the DagBag from /opt/airflow/dags/load_ergast_data.py
[2026-08-08T08:24:31.608+0000] {processor.py:840} INFO - DAG(s) 'load_ergast_data' retrieved from /opt/airflow/dags/load_ergast_data.py
[2026-08-08T08:24:31.664+0000] {logging_mixin.py:188} INFO - [2026-08-08T08:24:31.663+0000] {dag.py:3096} INFO - Sync 1 DAGs
[2026-08-08T08:24:31.696+0000] {logging_mixin.py:188} INFO - [2026-08-08T08:24:31.695+0000] {dag.py:3954} INFO - Setting next_dagrun for load_ergast_data to None, run_after=None
[2026-08-08T08:24:31.769+0000] {processor.py:183} INFO - Processing /opt/airflow/dags/load_ergast_data.py took 1.833 seconds
[2026-08-08T08:25:02.461+0000] {processor.py:161} INFO - Started process (PID=1658) to work on /opt/airflow/dags/load_ergast_data.py
[2026-08-08T08:25:02.467+0000] {processor.py:830} INFO - Processing file /opt/airflow/dags/load_ergast_data.py for tasks to queue
[2026-08-08T08:25:02.476+0000] {logging_mixin.py:188} INFO - [2026-08-08T08:25:02.474+0000] {dagbag.py:545} INFO - Filling up the DagBag from /opt/airflow/dags/load_ergast_data.py
[2026-08-08T08:25:05.125+0000] {processor.py:840} INFO - DAG(s) 'load_ergast_data' retrieved from /opt/airflow/dags/load_ergast_data.py
[2026-08-08T08:25:05.336+0000] {logging_mixin.py:188} INFO - [2026-08-08T08:25:05.335+0000] {dag.py:3096} INFO - Sync 1 DAGs
[2026-08-08T08:25:05.429+0000] {logging_mixin.py:188} INFO - [2026-08-08T08:25:05.428+0000] {dag.py:3954} INFO - Setting next_dagrun for load_ergast_data to None, run_after=None
[2026-08-08T08:25:05.587+0000] {processor.py:183} INFO - Processing /opt/airflow/dags/load_ergast_data.py took 3.142 seconds
[2026-08-08T08:25:36.053+0000] {processor.py:161} INFO - Started process (PID=1669) to work on /opt/airflow/dags/load_ergast_data.py
[2026-08-08T08:25:36.055+0000] {processor.py:830} INFO - Processing file /opt/airflow/dags/load_ergast_data.py for tasks to queue
[2026-08-08T08:25:36.058+0000] {logging_mixin.py:188} INFO - [2026-08-08T08:25:36.058+0000] {dagbag.py:545} INFO - Filling up the DagBag from /opt/airflow/dags/load_ergast_data.py
[2026-08-08T08:25:36.755+0000] {processor.py:840} INFO - DAG(s) 'load_ergast_data' retrieved from /opt/airflow/dags/load_ergast_data.py
[2026-08-08T08:25:36.868+0000] {logging_mixin.py:188} INFO - [2026-08-08T08:25:36.867+0000] {dag.py:3096} INFO - Sync 1 DAGs
[2026-08-08T08:25:36.955+0000] {logging_mixin.py:188} INFO - [2026-08-08T08:25:36.955+0000] {dag.py:3954} INFO - Setting next_dagrun for load_ergast_data to None, run_after=None
[2026-08-08T08:25:39.342+0000] {processor.py:183} INFO - Processing /opt/airflow/dags/load_ergast_data.py took 3.296 seconds
[2026-08-08T08:26:11.307+0000] {processor.py:161} INFO - Started process (PID=1680) to work on /opt/airflow/dags/load_ergast_data.py
[2026-08-08T08:26:11.334+0000] {processor.py:830} INFO - Processing file /opt/airflow/dags/load_ergast_data.py for tasks to queue
[2026-08-08T08:26:11.438+0000] {logging_mixin.py:188} INFO - [2026-08-08T08:26:11.422+0000] {dagbag.py:545} INFO - Filling up the DagBag from /opt/airflow/dags/load_ergast_data.py
[2026-08-08T08:26:17.381+0000] {processor.py:840} INFO - DAG(s) 'load_ergast_data' retrieved from /opt/airflow/dags/load_ergast_data.py
[2026-08-08T08:26:17.858+0000] {logging_mixin.py:188} INFO - [2026-08-08T08:26:17.847+0000] {dag.py:3096} INFO - Sync 1 DAGs
[2026-08-08T08:26:26.985+0000] {logging_mixin.py:188} INFO - [2026-08-08T08:26:26.985+0000] {dag.py:3954} INFO - Setting next_dagrun for load_ergast_data to None, run_after=None
[2026-08-08T08:26:27.014+0000] {processor.py:183} INFO - Processing /opt/airflow/dags/load_ergast_data.py took 15.967 seconds
[2026-08-08T08:26:57.520+0000] {processor.py:161} INFO - Started process (PID=1696) to work on /opt/airflow/dags/load_ergast_data.py
[2026-08-08T08:26:57.523+0000] {processor.py:830} INFO - Processing file /opt/airflow/dags/load_ergast_data.py for tasks to queue
[2026-08-08T08:26:57.530+0000] {logging_mixin.py:188} INFO - [2026-08-08T08:26:57.529+0000] {dagbag.py:545} INFO - Filling up the DagBag from /opt/airflow/dags/load_ergast_data.py
[2026-08-08T08:27:00.309+0000] {processor.py:840} INFO - DAG(s) 'load_ergast_data' retrieved from /opt/airflow/dags/load_ergast_data.py
[2026-08-08T08:27:04.206+0000] {logging_mixin.py:188} INFO - [2026-08-08T08:27:04.206+0000] {dag.py:3096} INFO - Sync 1 DAGs
[2026-08-08T08:27:04.270+0000] {logging_mixin.py:188} INFO - [2026-08-08T08:27:04.270+0000] {dag.py:3954} INFO - Setting next_dagrun for load_ergast_data to None, run_after=None
[2026-08-08T08:27:04.330+0000] {processor.py:183} INFO - Processing /opt/airflow/dags/load_ergast_data.py took 6.820 seconds
[2026-08-08T08:27:35.008+0000] {processor.py:161} INFO - Started process (PID=1707) to work on /opt/airflow/dags/load_ergast_data.py
[2026-08-08T08:27:35.013+0000] {processor.py:830} INFO - Processing file /opt/airflow/dags/load_ergast_data.py for tasks to queue
[2026-08-08T08:27:35.022+0000] {logging_mixin.py:188} INFO - [2026-08-08T08:27:35.021+0000] {dagbag.py:545} INFO - Filling up the DagBag from /opt/airflow/dags/load_ergast_data.py
[2026-08-08T08:27:37.533+0000] {processor.py:840} INFO - DAG(s) 'load_ergast_data' retrieved from /opt/airflow/dags/load_ergast_data.py
[2026-08-08T08:27:37.835+0000] {logging_mixin.py:188} INFO - [2026-08-08T08:27:37.834+0000] {dag.py:3096} INFO - Sync 1 DAGs
[2026-08-08T08:27:38.212+0000] {logging_mixin.py:188} INFO - [2026-08-08T08:27:38.212+0000] {dag.py:3954} INFO - Setting next_dagrun for load_ergast_data to None, run_after=None
[2026-08-08T08:27:38.264+0000] {processor.py:183} INFO - Processing /opt/airflow/dags/load_ergast_data.py took 3.200 seconds
[2026-08-08T08:28:08.697+0000] {processor.py:161} INFO - Started process (PID=1718) to work on /opt/airflow/dags/load_ergast_data.py
[2026-08-08T08:28:08.699+0000] {processor.py:830} INFO - Processing file /opt/airflow/dags/load_ergast_data.py for tasks to queue
[2026-08-08T08:28:08.708+0000] {logging_mixin.py:188} INFO - [2026-08-08T08:28:08.705+0000] {dagbag.py:545} INFO - Filling up the DagBag from /opt/airflow/dags/load_ergast_data.py
[2026-08-08T08:28:09.430+0000] {processor.py:840} INFO - DAG(s) 'load_ergast_data' retrieved from /opt/airflow/dags/load_ergast_data.py
[2026-08-08T08:28:09.504+0000] {logging_mixin.py:188} INFO - [2026-08-08T08:28:09.504+0000] {dag.py:3096} INFO - Sync 1 DAGs
[2026-08-08T08:28:09.527+0000] {logging_mixin.py:188} INFO - [2026-08-08T08:28:09.527+0000] {dag.py:3954} INFO - Setting next_dagrun for load_ergast_data to None, run_after=None
[2026-08-08T08:28:09.548+0000] {processor.py:183} INFO - Processing /opt/airflow/dags/load_ergast_data.py took 0.858 seconds
[2026-08-08T08:28:39.673+0000] {processor.py:161} INFO - Started process (PID=1729) to work on /opt/airflow/dags/load_ergast_data.py
[2026-08-08T08:28:39.678+0000] {processor.py:830} INFO - Processing file /opt/airflow/dags/load_ergast_data.py for tasks to queue
[2026-08-08T08:28:39.681+0000] {logging_mixin.py:188} INFO - [2026-08-08T08:28:39.681+0000] {dagbag.py:545} INFO - Filling up the DagBag from /opt/airflow/dags/load_ergast_data.py
[2026-08-08T08:28:40.385+0000] {processor.py:840} INFO - DAG(s) 'load_ergast_data' retrieved from /opt/airflow/dags/load_ergast_data.py
[2026-08-08T08:28:40.524+0000] {logging_mixin.py:188} INFO - [2026-08-08T08:28:40.523+0000] {dag.py:3096} INFO - Sync 1 DAGs
[2026-08-08T08:28:40.611+0000] {logging_mixin.py:188} INFO - [2026-08-08T08:28:40.611+0000] {dag.py:3954} INFO - Setting next_dagrun for load_ergast_data to None, run_after=None
[2026-08-08T08:28:43.204+0000] {processor.py:183} INFO - Processing /opt/airflow/dags/load_ergast_data.py took 3.569 seconds
[2026-08-08T08:29:13.288+0000] {processor.py:161} INFO - Started process (PID=1740) to work on /opt/airflow/dags/load_ergast_data.py
[2026-08-08T08:29:13.292+0000] {processor.py:830} INFO - Processing file /opt/airflow/dags/load_ergast_data.py for tasks to queue
[2026-08-08T08:29:13.302+0000] {logging_mixin.py:188} INFO - [2026-08-08T08:29:13.301+0000] {dagbag.py:545} INFO - Filling up the DagBag from /opt/airflow/dags/load_ergast_data.py
[2026-08-08T08:29:13.824+0000] {processor.py:840} INFO - DAG(s) 'load_ergast_data' retrieved from /opt/airflow/dags/load_ergast_data.py
[2026-08-08T08:29:13.935+0000] {logging_mixin.py:188} INFO - [2026-08-08T08:29:13.934+0000] {dag.py:3096} INFO - Sync 1 DAGs
[2026-08-08T08:29:16.027+0000] {logging_mixin.py:188} INFO - [2026-08-08T08:29:16.027+0000] {dag.py:3954} INFO - Setting next_dagrun for load_ergast_data to None, run_after=None
[2026-08-08T08:29:16.063+0000] {processor.py:183} INFO - Processing /opt/airflow/dags/load_ergast_data.py took 2.787 seconds
[2026-08-08T08:29:46.481+0000] {processor.py:161} INFO - Started process (PID=1751) to work on /opt/airflow/dags/load_ergast_data.py
[2026-08-08T08:29:46.484+0000] {processor.py:830} INFO - Processing file /opt/airflow/dags/load_ergast_data.py for tasks to queue
[2026-08-08T08:29:46.488+0000] {logging_mixin.py:188} INFO - [2026-08-08T08:29:46.487+0000] {dagbag.py:545} INFO - Filling up the DagBag from /opt/airflow/dags/load_ergast_data.py
[2026-08-08T08:29:47.041+0000] {processor.py:840} INFO - DAG(s) 'load_ergast_data' retrieved from /opt/airflow/dags/load_ergast_data.py
[2026-08-08T08:29:48.611+0000] {logging_mixin.py:188} INFO - [2026-08-08T08:29:48.610+0000] {dag.py:3096} INFO - Sync 1 DAGs
[2026-08-08T08:29:48.638+0000] {logging_mixin.py:188} INFO - [2026-08-08T08:29:48.638+0000] {dag.py:3954} INFO - Setting next_dagrun for load_ergast_data to None, run_after=None
[2026-08-08T08:29:48.673+0000] {processor.py:183} INFO - Processing /opt/airflow/dags/load_ergast_data.py took 2.218 seconds
[2026-08-08T08:30:19.175+0000] {processor.py:161} INFO - Started process (PID=1762) to work on /opt/airflow/dags/load_ergast_data.py
[2026-08-08T08:30:19.177+0000] {processor.py:830} INFO - Processing file /opt/airflow/dags/load_ergast_data.py for tasks to queue
[2026-08-08T08:30:19.181+0000] {logging_mixin.py:188} INFO - [2026-08-08T08:30:19.180+0000] {dagbag.py:545} INFO - Filling up the DagBag from /opt/airflow/dags/load_ergast_data.py
[2026-08-08T08:30:19.744+0000] {processor.py:840} INFO - DAG(s) 'load_ergast_data' retrieved from /opt/airflow/dags/load_ergast_data.py
[2026-08-08T08:30:19.786+0000] {logging_mixin.py:188} INFO - [2026-08-08T08:30:19.785+0000] {dag.py:3096} INFO - Sync 1 DAGs
[2026-08-08T08:30:19.815+0000] {logging_mixin.py:188} INFO - [2026-08-08T08:30:19.814+0000] {dag.py:3954} INFO - Setting next_dagrun for load_ergast_data to None, run_after=None
[2026-08-08T08:30:19.844+0000] {processor.py:183} INFO - Processing /opt/airflow/dags/load_ergast_data.py took 0.676 seconds
[2026-08-08T08:30:50.573+0000] {processor.py:161} INFO - Started process (PID=1773) to work on /opt/airflow/dags/load_ergast_data.py
[2026-08-08T08:30:50.576+0000] {processor.py:830} INFO - Processing file /opt/airflow/dags/load_ergast_data.py for tasks to queue
[2026-08-08T08:30:50.579+0000] {logging_mixin.py:188} INFO - [2026-08-08T08:30:50.578+0000] {dagbag.py:545} INFO - Filling up the DagBag from /opt/airflow/dags/load_ergast_data.py
[2026-08-08T08:30:51.689+0000] {processor.py:840} INFO - DAG(s) 'load_ergast_data' retrieved from /opt/airflow/dags/load_ergast_data.py
[2026-08-08T08:30:51.803+0000] {logging_mixin.py:188} INFO - [2026-08-08T08:30:51.802+0000] {dag.py:3096} INFO - Sync 1 DAGs
[2026-08-08T08:30:51.868+0000] {logging_mixin.py:188} INFO - [2026-08-08T08:30:51.868+0000] {dag.py:3954} INFO - Setting next_dagrun for load_ergast_data to None, run_after=None
[2026-08-08T08:30:51.920+0000] {processor.py:183} INFO - Processing /opt/airflow/dags/load_ergast_data.py took 1.358 seconds
[2026-08-08T08:31:32.353+0000] {processor.py:161} INFO - Started process (PID=1784) to work on /opt/airflow/dags/load_ergast_data.py
[2026-08-08T08:31:32.363+0000] {processor.py:830} INFO - Processing file /opt/airflow/dags/load_ergast_data.py for tasks to queue
[2026-08-08T08:31:32.427+0000] {logging_mixin.py:188} INFO - [2026-08-08T08:31:32.419+0000] {dagbag.py:545} INFO - Filling up the DagBag from /opt/airflow/dags/load_ergast_data.py
[2026-08-08T08:31:35.497+0000] {processor.py:840} INFO - DAG(s) 'load_ergast_data' retrieved from /opt/airflow/dags/load_ergast_data.py
[2026-08-08T08:31:35.581+0000] {logging_mixin.py:188} INFO - [2026-08-08T08:31:35.581+0000] {dag.py:3096} INFO - Sync 1 DAGs
[2026-08-08T08:31:35.641+0000] {logging_mixin.py:188} INFO - [2026-08-08T08:31:35.641+0000] {dag.py:3954} INFO - Setting next_dagrun for load_ergast_data to None, run_after=None
[2026-08-08T08:31:35.731+0000] {processor.py:183} INFO - Processing /opt/airflow/dags/load_ergast_data.py took 5.739 seconds
[2026-08-08T08:32:06.143+0000] {processor.py:161} INFO - Started process (PID=1800) to work on /opt/airflow/dags/load_ergast_data.py
[2026-08-08T08:32:06.145+0000] {processor.py:830} INFO - Processing file /opt/airflow/dags/load_ergast_data.py for tasks to queue
[2026-08-08T08:32:06.149+0000] {logging_mixin.py:188} INFO - [2026-08-08T08:32:06.148+0000] {dagbag.py:545} INFO - Filling up the DagBag from /opt/airflow/dags/load_ergast_data.py
[2026-08-08T08:32:06.485+0000] {processor.py:840} INFO - DAG(s) 'load_ergast_data' retrieved from /opt/airflow/dags/load_ergast_data.py
[2026-08-08T08:32:06.512+0000] {logging_mixin.py:188} INFO - [2026-08-08T08:32:06.511+0000] {dag.py:3096} INFO - Sync 1 DAGs
[2026-08-08T08:32:09.412+0000] {logging_mixin.py:188} INFO - [2026-08-08T08:32:09.412+0000] {dag.py:3954} INFO - Setting next_dagrun for load_ergast_data to None, run_after=None
[2026-08-08T08:32:09.438+0000] {processor.py:183} INFO - Processing /opt/airflow/dags/load_ergast_data.py took 3.222 seconds
[2026-08-08T08:32:39.956+0000] {processor.py:161} INFO - Started process (PID=1811) to work on /opt/airflow/dags/load_ergast_data.py
[2026-08-08T08:32:39.958+0000] {processor.py:830} INFO - Processing file /opt/airflow/dags/load_ergast_data.py for tasks to queue
[2026-08-08T08:32:39.962+0000] {logging_mixin.py:188} INFO - [2026-08-08T08:32:39.962+0000] {dagbag.py:545} INFO - Filling up the DagBag from /opt/airflow/dags/load_ergast_data.py
[2026-08-08T08:32:41.704+0000] {processor.py:840} INFO - DAG(s) 'load_ergast_data' retrieved from /opt/airflow/dags/load_ergast_data.py
[2026-08-08T08:32:43.781+0000] {logging_mixin.py:188} INFO - [2026-08-08T08:32:41.752+0000] {dag.py:3096} INFO - Sync 1 DAGs
[2026-08-08T08:32:43.797+0000] {logging_mixin.py:188} INFO - [2026-08-08T08:32:43.797+0000] {dag.py:3954} INFO - Setting next_dagrun for load_ergast_data to None, run_after=None
[2026-08-08T08:32:43.821+0000] {processor.py:183} INFO - Processing /opt/airflow/dags/load_ergast_data.py took 3.916 seconds
[2026-08-08T08:33:14.254+0000] {processor.py:161} INFO - Started process (PID=1822) to work on /opt/airflow/dags/load_ergast_data.py
[2026-08-08T08:33:14.258+0000] {processor.py:830} INFO - Processing file /opt/airflow/dags/load_ergast_data.py for tasks to queue
[2026-08-08T08:33:14.267+0000] {logging_mixin.py:188} INFO - [2026-08-08T08:33:14.266+0000] {dagbag.py:545} INFO - Filling up the DagBag from /opt/airflow/dags/load_ergast_data.py
[2026-08-08T08:33:15.617+0000] {processor.py:840} INFO - DAG(s) 'load_ergast_data' retrieved from /opt/airflow/dags/load_ergast_data.py
[2026-08-08T08:33:18.182+0000] {logging_mixin.py:188} INFO - [2026-08-08T08:33:18.182+0000] {dag.py:3096} INFO - Sync 1 DAGs
[2026-08-08T08:33:18.228+0000] {logging_mixin.py:188} INFO - [2026-08-08T08:33:18.228+0000] {dag.py:3954} INFO - Setting next_dagrun for load_ergast_data to None, run_after=None
[2026-08-08T08:33:18.276+0000] {processor.py:183} INFO - Processing /opt/airflow/dags/load_ergast_data.py took 4.052 seconds
[2026-08-08T08:33:48.407+0000] {processor.py:161} INFO - Started process (PID=1833) to work on /opt/airflow/dags/load_ergast_data.py
[2026-08-08T08:33:48.409+0000] {processor.py:830} INFO - Processing file /opt/airflow/dags/load_ergast_data.py for tasks to queue
[2026-08-08T08:33:48.412+0000] {logging_mixin.py:188} INFO - [2026-08-08T08:33:48.411+0000] {dagbag.py:545} INFO - Filling up the DagBag from /opt/airflow/dags/load_ergast_data.py
[2026-08-08T08:33:50.176+0000] {processor.py:840} INFO - DAG(s) 'load_ergast_data' retrieved from /opt/airflow/dags/load_ergast_data.py
[2026-08-08T08:33:50.228+0000] {logging_mixin.py:188} INFO - [2026-08-08T08:33:50.227+0000] {dag.py:3096} INFO - Sync 1 DAGs
[2026-08-08T08:33:50.252+0000] {logging_mixin.py:188} INFO - [2026-08-08T08:33:50.252+0000] {dag.py:3954} INFO - Setting next_dagrun for load_ergast_data to None, run_after=None
[2026-08-08T08:33:50.286+0000] {processor.py:183} INFO - Processing /opt/airflow/dags/load_ergast_data.py took 1.886 seconds
[2026-08-08T08:34:21.147+0000] {processor.py:161} INFO - Started process (PID=1844) to work on /opt/airflow/dags/load_ergast_data.py
[2026-08-08T08:34:21.158+0000] {processor.py:830} INFO - Processing file /opt/airflow/dags/load_ergast_data.py for tasks to queue
[2026-08-08T08:34:21.180+0000] {logging_mixin.py:188} INFO - [2026-08-08T08:34:21.178+0000] {dagbag.py:545} INFO - Filling up the DagBag from /opt/airflow/dags/load_ergast_data.py
[2026-08-08T08:34:24.000+0000] {processor.py:840} INFO - DAG(s) 'load_ergast_data' retrieved from /opt/airflow/dags/load_ergast_data.py
[2026-08-08T08:34:24.100+0000] {logging_mixin.py:188} INFO - [2026-08-08T08:34:24.099+0000] {dag.py:3096} INFO - Sync 1 DAGs
[2026-08-08T08:34:24.143+0000] {logging_mixin.py:188} INFO - [2026-08-08T08:34:24.143+0000] {dag.py:3954} INFO - Setting next_dagrun for load_ergast_data to None, run_after=None
[2026-08-08T08:34:24.220+0000] {processor.py:183} INFO - Processing /opt/airflow/dags/load_ergast_data.py took 3.342 seconds
[2026-08-08T08:34:54.689+0000] {processor.py:161} INFO - Started process (PID=1855) to work on /opt/airflow/dags/load_ergast_data.py
[2026-08-08T08:34:54.694+0000] {processor.py:830} INFO - Processing file /opt/airflow/dags/load_ergast_data.py for tasks to queue
[2026-08-08T08:34:54.705+0000] {logging_mixin.py:188} INFO - [2026-08-08T08:34:54.703+0000] {dagbag.py:545} INFO - Filling up the DagBag from /opt/airflow/dags/load_ergast_data.py
[2026-08-08T08:34:57.330+0000] {processor.py:840} INFO - DAG(s) 'load_ergast_data' retrieved from /opt/airflow/dags/load_ergast_data.py
[2026-08-08T08:34:57.541+0000] {logging_mixin.py:188} INFO - [2026-08-08T08:34:57.540+0000] {dag.py:3096} INFO - Sync 1 DAGs
[2026-08-08T08:34:57.602+0000] {logging_mixin.py:188} INFO - [2026-08-08T08:34:57.602+0000] {dag.py:3954} INFO - Setting next_dagrun for load_ergast_data to None, run_after=None
[2026-08-08T08:35:09.834+0000] {processor.py:183} INFO - Processing /opt/airflow/dags/load_ergast_data.py took 15.090 seconds
[2026-08-08T08:35:40.935+0000] {processor.py:161} INFO - Started process (PID=1866) to work on /opt/airflow/dags/load_ergast_data.py
[2026-08-08T08:35:40.941+0000] {processor.py:830} INFO - Processing file /opt/airflow/dags/load_ergast_data.py for tasks to queue
[2026-08-08T08:35:40.954+0000] {logging_mixin.py:188} INFO - [2026-08-08T08:35:40.952+0000] {dagbag.py:545} INFO - Filling up the DagBag from /opt/airflow/dags/load_ergast_data.py
[2026-08-08T08:35:46.650+0000] {processor.py:840} INFO - DAG(s) 'load_ergast_data' retrieved from /opt/airflow/dags/load_ergast_data.py
[2026-08-08T08:35:54.049+0000] {logging_mixin.py:188} INFO - [2026-08-08T08:35:47.933+0000] {dag.py:3096} INFO - Sync 1 DAGs
[2026-08-08T08:35:54.180+0000] {logging_mixin.py:188} INFO - [2026-08-08T08:35:54.180+0000] {dag.py:3954} INFO - Setting next_dagrun for load_ergast_data to None, run_after=None
[2026-08-08T08:35:54.308+0000] {processor.py:183} INFO - Processing /opt/airflow/dags/load_ergast_data.py took 13.425 seconds
[2026-08-08T08:36:25.983+0000] {processor.py:161} INFO - Started process (PID=1882) to work on /opt/airflow/dags/load_ergast_data.py
[2026-08-08T08:36:25.986+0000] {processor.py:830} INFO - Processing file /opt/airflow/dags/load_ergast_data.py for tasks to queue
[2026-08-08T08:36:25.991+0000] {logging_mixin.py:188} INFO - [2026-08-08T08:36:25.990+0000] {dagbag.py:545} INFO - Filling up the DagBag from /opt/airflow/dags/load_ergast_data.py
[2026-08-08T08:36:28.401+0000] {processor.py:840} INFO - DAG(s) 'load_ergast_data' retrieved from /opt/airflow/dags/load_ergast_data.py
[2026-08-08T08:36:31.887+0000] {logging_mixin.py:188} INFO - [2026-08-08T08:36:31.886+0000] {dag.py:3096} INFO - Sync 1 DAGs
[2026-08-08T08:36:31.906+0000] {logging_mixin.py:188} INFO - [2026-08-08T08:36:31.905+0000] {dag.py:3954} INFO - Setting next_dagrun for load_ergast_data to None, run_after=None
[2026-08-08T08:36:31.935+0000] {processor.py:183} INFO - Processing /opt/airflow/dags/load_ergast_data.py took 5.965 seconds
[2026-08-08T08:37:02.524+0000] {processor.py:161} INFO - Started process (PID=1893) to work on /opt/airflow/dags/load_ergast_data.py
[2026-08-08T08:37:02.526+0000] {processor.py:830} INFO - Processing file /opt/airflow/dags/load_ergast_data.py for tasks to queue
[2026-08-08T08:37:02.532+0000] {logging_mixin.py:188} INFO - [2026-08-08T08:37:02.531+0000] {dagbag.py:545} INFO - Filling up the DagBag from /opt/airflow/dags/load_ergast_data.py
[2026-08-08T08:37:03.596+0000] {processor.py:840} INFO - DAG(s) 'load_ergast_data' retrieved from /opt/airflow/dags/load_ergast_data.py
[2026-08-08T08:37:03.660+0000] {logging_mixin.py:188} INFO - [2026-08-08T08:37:03.659+0000] {dag.py:3096} INFO - Sync 1 DAGs
[2026-08-08T08:37:03.687+0000] {logging_mixin.py:188} INFO - [2026-08-08T08:37:03.686+0000] {dag.py:3954} INFO - Setting next_dagrun for load_ergast_data to None, run_after=None
[2026-08-08T08:37:03.725+0000] {processor.py:183} INFO - Processing /opt/airflow/dags/load_ergast_data.py took 1.216 seconds
[2026-08-08T08:37:34.095+0000] {processor.py:161} INFO - Started process (PID=1904) to work on /opt/airflow/dags/load_ergast_data.py
[2026-08-08T08:37:34.098+0000] {processor.py:830} INFO - Processing file /opt/airflow/dags/load_ergast_data.py for tasks to queue
[2026-08-08T08:37:34.101+0000] {logging_mixin.py:188} INFO - [2026-08-08T08:37:34.101+0000] {dagbag.py:545} INFO - Filling up the DagBag from /opt/airflow/dags/load_ergast_data.py
[2026-08-08T08:37:34.729+0000] {processor.py:840} INFO - DAG(s) 'load_ergast_data' retrieved from /opt/airflow/dags/load_ergast_data.py
[2026-08-08T08:37:34.780+0000] {logging_mixin.py:188} INFO - [2026-08-08T08:37:34.779+0000] {dag.py:3096} INFO - Sync 1 DAGs
[2026-08-08T08:37:34.823+0000] {logging_mixin.py:188} INFO - [2026-08-08T08:37:34.823+0000] {dag.py:3954} INFO - Setting next_dagrun for load_ergast_data to None, run_after=None
[2026-08-08T08:37:34.869+0000] {processor.py:183} INFO - Processing /opt/airflow/dags/load_ergast_data.py took 0.781 seconds
[2026-08-08T08:38:05.264+0000] {processor.py:161} INFO - Started process (PID=1915) to work on /opt/airflow/dags/load_ergast_data.py
[2026-08-08T08:38:05.267+0000] {processor.py:830} INFO - Processing file /opt/airflow/dags/load_ergast_data.py for tasks to queue
[2026-08-08T08:38:05.270+0000] {logging_mixin.py:188} INFO - [2026-08-08T08:38:05.270+0000] {dagbag.py:545} INFO - Filling up the DagBag from /opt/airflow/dags/load_ergast_data.py
[2026-08-08T08:38:05.704+0000] {processor.py:840} INFO - DAG(s) 'load_ergast_data' retrieved from /opt/airflow/dags/load_ergast_data.py
[2026-08-08T08:38:05.747+0000] {logging_mixin.py:188} INFO - [2026-08-08T08:38:05.746+0000] {dag.py:3096} INFO - Sync 1 DAGs
[2026-08-08T08:38:05.767+0000] {logging_mixin.py:188} INFO - [2026-08-08T08:38:05.767+0000] {dag.py:3954} INFO - Setting next_dagrun for load_ergast_data to None, run_after=None
[2026-08-08T08:38:10.271+0000] {processor.py:183} INFO - Processing /opt/airflow/dags/load_ergast_data.py took 4.909 seconds
[2026-08-08T08:38:40.917+0000] {processor.py:161} INFO - Started process (PID=1926) to work on /opt/airflow/dags/load_ergast_data.py
[2026-08-08T08:38:40.920+0000] {processor.py:830} INFO - Processing file /opt/airflow/dags/load_ergast_data.py for tasks to queue
[2026-08-08T08:38:40.925+0000] {logging_mixin.py:188} INFO - [2026-08-08T08:38:40.924+0000] {dagbag.py:545} INFO - Filling up the DagBag from /opt/airflow/dags/load_ergast_data.py
[2026-08-08T08:38:43.589+0000] {processor.py:840} INFO - DAG(s) 'load_ergast_data' retrieved from /opt/airflow/dags/load_ergast_data.py
[2026-08-08T08:38:45.752+0000] {logging_mixin.py:188} INFO - [2026-08-08T08:38:43.653+0000] {dag.py:3096} INFO - Sync 1 DAGs
[2026-08-08T08:38:45.806+0000] {logging_mixin.py:188} INFO - [2026-08-08T08:38:45.805+0000] {dag.py:3954} INFO - Setting next_dagrun for load_ergast_data to None, run_after=None
[2026-08-08T08:38:45.875+0000] {processor.py:183} INFO - Processing /opt/airflow/dags/load_ergast_data.py took 4.970 seconds
[2026-08-08T08:39:16.099+0000] {processor.py:161} INFO - Started process (PID=1937) to work on /opt/airflow/dags/load_ergast_data.py
[2026-08-08T08:39:16.101+0000] {processor.py:830} INFO - Processing file /opt/airflow/dags/load_ergast_data.py for tasks to queue
[2026-08-08T08:39:16.107+0000] {logging_mixin.py:188} INFO - [2026-08-08T08:39:16.107+0000] {dagbag.py:545} INFO - Filling up the DagBag from /opt/airflow/dags/load_ergast_data.py
[2026-08-08T08:39:19.194+0000] {processor.py:840} INFO - DAG(s) 'load_ergast_data' retrieved from /opt/airflow/dags/load_ergast_data.py
[2026-08-08T08:39:22.872+0000] {logging_mixin.py:188} INFO - [2026-08-08T08:39:22.871+0000] {dag.py:3096} INFO - Sync 1 DAGs
[2026-08-08T08:39:22.922+0000] {logging_mixin.py:188} INFO - [2026-08-08T08:39:22.921+0000] {dag.py:3954} INFO - Setting next_dagrun for load_ergast_data to None, run_after=None
[2026-08-08T08:39:23.012+0000] {processor.py:183} INFO - Processing /opt/airflow/dags/load_ergast_data.py took 6.921 seconds
[2026-08-08T08:39:53.144+0000] {processor.py:161} INFO - Started process (PID=1948) to work on /opt/airflow/dags/load_ergast_data.py
[2026-08-08T08:39:53.149+0000] {processor.py:830} INFO - Processing file /opt/airflow/dags/load_ergast_data.py for tasks to queue
[2026-08-08T08:39:53.161+0000] {logging_mixin.py:188} INFO - [2026-08-08T08:39:53.158+0000] {dagbag.py:545} INFO - Filling up the DagBag from /opt/airflow/dags/load_ergast_data.py
[2026-08-08T08:39:56.518+0000] {processor.py:840} INFO - DAG(s) 'load_ergast_data' retrieved from /opt/airflow/dags/load_ergast_data.py
[2026-08-08T08:39:56.692+0000] {logging_mixin.py:188} INFO - [2026-08-08T08:39:56.691+0000] {dag.py:3096} INFO - Sync 1 DAGs
[2026-08-08T08:39:56.774+0000] {logging_mixin.py:188} INFO - [2026-08-08T08:39:56.774+0000] {dag.py:3954} INFO - Setting next_dagrun for load_ergast_data to None, run_after=None
[2026-08-08T08:39:56.857+0000] {processor.py:183} INFO - Processing /opt/airflow/dags/load_ergast_data.py took 3.740 seconds
[2026-08-08T08:40:27.269+0000] {processor.py:161} INFO - Started process (PID=1959) to work on /opt/airflow/dags/load_ergast_data.py
[2026-08-08T08:40:27.277+0000] {processor.py:830} INFO - Processing file /opt/airflow/dags/load_ergast_data.py for tasks to queue
[2026-08-08T08:40:27.289+0000] {logging_mixin.py:188} INFO - [2026-08-08T08:40:27.287+0000] {dagbag.py:545} INFO - Filling up the DagBag from /opt/airflow/dags/load_ergast_data.py
[2026-08-08T08:40:28.080+0000] {processor.py:840} INFO - DAG(s) 'load_ergast_data' retrieved from /opt/airflow/dags/load_ergast_data.py
[2026-08-08T08:40:28.159+0000] {logging_mixin.py:188} INFO - [2026-08-08T08:40:28.157+0000] {dag.py:3096} INFO - Sync 1 DAGs
[2026-08-08T08:40:28.229+0000] {logging_mixin.py:188} INFO - [2026-08-08T08:40:28.228+0000] {dag.py:3954} INFO - Setting next_dagrun for load_ergast_data to None, run_after=None
[2026-08-08T08:40:28.293+0000] {processor.py:183} INFO - Processing /opt/airflow/dags/load_ergast_data.py took 1.049 seconds
[2026-08-08T08:40:58.694+0000] {processor.py:161} INFO - Started process (PID=1970) to work on /opt/airflow/dags/load_ergast_data.py
[2026-08-08T08:40:58.698+0000] {processor.py:830} INFO - Processing file /opt/airflow/dags/load_ergast_data.py for tasks to queue
[2026-08-08T08:40:58.702+0000] {logging_mixin.py:188} INFO - [2026-08-08T08:40:58.702+0000] {dagbag.py:545} INFO - Filling up the DagBag from /opt/airflow/dags/load_ergast_data.py
[2026-08-08T08:40:59.496+0000] {processor.py:840} INFO - DAG(s) 'load_ergast_data' retrieved from /opt/airflow/dags/load_ergast_data.py
[2026-08-08T08:40:59.707+0000] {logging_mixin.py:188} INFO - [2026-08-08T08:40:59.706+0000] {dag.py:3096} INFO - Sync 1 DAGs
[2026-08-08T08:40:59.777+0000] {logging_mixin.py:188} INFO - [2026-08-08T08:40:59.777+0000] {dag.py:3954} INFO - Setting next_dagrun for load_ergast_data to None, run_after=None
[2026-08-08T08:41:02.622+0000] {processor.py:183} INFO - Processing /opt/airflow/dags/load_ergast_data.py took 3.940 seconds
[2026-08-08T08:41:33.554+0000] {processor.py:161} INFO - Started process (PID=1981) to work on /opt/airflow/dags/load_ergast_data.py
[2026-08-08T08:41:33.560+0000] {processor.py:830} INFO - Processing file /opt/airflow/dags/load_ergast_data.py for tasks to queue
[2026-08-08T08:41:33.591+0000] {logging_mixin.py:188} INFO - [2026-08-08T08:41:33.587+0000] {dagbag.py:545} INFO - Filling up the DagBag from /opt/airflow/dags/load_ergast_data.py
[2026-08-08T08:41:36.748+0000] {processor.py:840} INFO - DAG(s) 'load_ergast_data' retrieved from /opt/airflow/dags/load_ergast_data.py
[2026-08-08T08:41:36.835+0000] {logging_mixin.py:188} INFO - [2026-08-08T08:41:36.833+0000] {dag.py:3096} INFO - Sync 1 DAGs
[2026-08-08T08:41:39.693+0000] {logging_mixin.py:188} INFO - [2026-08-08T08:41:39.693+0000] {dag.py:3954} INFO - Setting next_dagrun for load_ergast_data to None, run_after=None
[2026-08-08T08:41:39.745+0000] {processor.py:183} INFO - Processing /opt/airflow/dags/load_ergast_data.py took 6.177 seconds
[2026-08-08T08:42:10.339+0000] {processor.py:161} INFO - Started process (PID=1997) to work on /opt/airflow/dags/load_ergast_data.py
[2026-08-08T08:42:10.416+0000] {processor.py:830} INFO - Processing file /opt/airflow/dags/load_ergast_data.py for tasks to queue
[2026-08-08T08:42:10.432+0000] {logging_mixin.py:188} INFO - [2026-08-08T08:42:10.431+0000] {dagbag.py:545} INFO - Filling up the DagBag from /opt/airflow/dags/load_ergast_data.py
[2026-08-08T08:42:12.690+0000] {processor.py:840} INFO - DAG(s) 'load_ergast_data' retrieved from /opt/airflow/dags/load_ergast_data.py
[2026-08-08T08:42:16.672+0000] {logging_mixin.py:188} INFO - [2026-08-08T08:42:16.671+0000] {dag.py:3096} INFO - Sync 1 DAGs
[2026-08-08T08:42:16.690+0000] {logging_mixin.py:188} INFO - [2026-08-08T08:42:16.690+0000] {dag.py:3954} INFO - Setting next_dagrun for load_ergast_data to None, run_after=None
[2026-08-08T08:42:16.716+0000] {processor.py:183} INFO - Processing /opt/airflow/dags/load_ergast_data.py took 6.454 seconds
[2026-08-08T08:42:46.935+0000] {processor.py:161} INFO - Started process (PID=2008) to work on /opt/airflow/dags/load_ergast_data.py
[2026-08-08T08:42:46.939+0000] {processor.py:830} INFO - Processing file /opt/airflow/dags/load_ergast_data.py for tasks to queue
[2026-08-08T08:42:46.946+0000] {logging_mixin.py:188} INFO - [2026-08-08T08:42:46.945+0000] {dagbag.py:545} INFO - Filling up the DagBag from /opt/airflow/dags/load_ergast_data.py
[2026-08-08T08:42:52.612+0000] {processor.py:840} INFO - DAG(s) 'load_ergast_data' retrieved from /opt/airflow/dags/load_ergast_data.py
[2026-08-08T08:42:52.656+0000] {logging_mixin.py:188} INFO - [2026-08-08T08:42:52.656+0000] {dag.py:3096} INFO - Sync 1 DAGs
[2026-08-08T08:42:52.770+0000] {logging_mixin.py:188} INFO - [2026-08-08T08:42:52.769+0000] {dag.py:3954} INFO - Setting next_dagrun for load_ergast_data to None, run_after=None
[2026-08-08T08:42:52.913+0000] {processor.py:183} INFO - Processing /opt/airflow/dags/load_ergast_data.py took 5.986 seconds
[2026-08-08T08:43:23.300+0000] {processor.py:161} INFO - Started process (PID=2019) to work on /opt/airflow/dags/load_ergast_data.py
[2026-08-08T08:43:23.323+0000] {processor.py:830} INFO - Processing file /opt/airflow/dags/load_ergast_data.py for tasks to queue
[2026-08-08T08:43:23.362+0000] {logging_mixin.py:188} INFO - [2026-08-08T08:43:23.359+0000] {dagbag.py:545} INFO - Filling up the DagBag from /opt/airflow/dags/load_ergast_data.py
[2026-08-08T08:43:29.422+0000] {processor.py:840} INFO - DAG(s) 'load_ergast_data' retrieved from /opt/airflow/dags/load_ergast_data.py
[2026-08-08T08:43:29.502+0000] {logging_mixin.py:188} INFO - [2026-08-08T08:43:29.501+0000] {dag.py:3096} INFO - Sync 1 DAGs
[2026-08-08T08:43:29.549+0000] {logging_mixin.py:188} INFO - [2026-08-08T08:43:29.548+0000] {dag.py:3954} INFO - Setting next_dagrun for load_ergast_data to None, run_after=None
[2026-08-08T08:43:29.591+0000] {processor.py:183} INFO - Processing /opt/airflow/dags/load_ergast_data.py took 6.343 seconds
[2026-08-08T08:43:59.988+0000] {processor.py:161} INFO - Started process (PID=2030) to work on /opt/airflow/dags/load_ergast_data.py
[2026-08-08T08:43:59.999+0000] {processor.py:830} INFO - Processing file /opt/airflow/dags/load_ergast_data.py for tasks to queue
[2026-08-08T08:44:00.019+0000] {logging_mixin.py:188} INFO - [2026-08-08T08:44:00.015+0000] {dagbag.py:545} INFO - Filling up the DagBag from /opt/airflow/dags/load_ergast_data.py
[2026-08-08T08:44:01.367+0000] {processor.py:840} INFO - DAG(s) 'load_ergast_data' retrieved from /opt/airflow/dags/load_ergast_data.py
[2026-08-08T08:44:01.469+0000] {logging_mixin.py:188} INFO - [2026-08-08T08:44:01.468+0000] {dag.py:3096} INFO - Sync 1 DAGs
[2026-08-08T08:44:01.492+0000] {logging_mixin.py:188} INFO - [2026-08-08T08:44:01.491+0000] {dag.py:3954} INFO - Setting next_dagrun for load_ergast_data to None, run_after=None
[2026-08-08T08:44:04.446+0000] {processor.py:183} INFO - Processing /opt/airflow/dags/load_ergast_data.py took 4.497 seconds
[2026-08-08T08:44:35.163+0000] {processor.py:161} INFO - Started process (PID=2041) to work on /opt/airflow/dags/load_ergast_data.py
[2026-08-08T08:44:35.169+0000] {processor.py:830} INFO - Processing file /opt/airflow/dags/load_ergast_data.py for tasks to queue
[2026-08-08T08:44:35.180+0000] {logging_mixin.py:188} INFO - [2026-08-08T08:44:35.178+0000] {dagbag.py:545} INFO - Filling up the DagBag from /opt/airflow/dags/load_ergast_data.py
[2026-08-08T08:44:37.348+0000] {processor.py:840} INFO - DAG(s) 'load_ergast_data' retrieved from /opt/airflow/dags/load_ergast_data.py
[2026-08-08T08:44:37.471+0000] {logging_mixin.py:188} INFO - [2026-08-08T08:44:37.468+0000] {dag.py:3096} INFO - Sync 1 DAGs
[2026-08-08T08:44:42.192+0000] {logging_mixin.py:188} INFO - [2026-08-08T08:44:42.192+0000] {dag.py:3954} INFO - Setting next_dagrun for load_ergast_data to None, run_after=None
[2026-08-08T08:44:42.794+0000] {processor.py:183} INFO - Processing /opt/airflow/dags/load_ergast_data.py took 7.582 seconds
[2026-08-08T08:45:13.250+0000] {processor.py:161} INFO - Started process (PID=2052) to work on /opt/airflow/dags/load_ergast_data.py
[2026-08-08T08:45:13.252+0000] {processor.py:830} INFO - Processing file /opt/airflow/dags/load_ergast_data.py for tasks to queue
[2026-08-08T08:45:13.254+0000] {logging_mixin.py:188} INFO - [2026-08-08T08:45:13.254+0000] {dagbag.py:545} INFO - Filling up the DagBag from /opt/airflow/dags/load_ergast_data.py
[2026-08-08T08:45:15.469+0000] {processor.py:840} INFO - DAG(s) 'load_ergast_data' retrieved from /opt/airflow/dags/load_ergast_data.py
[2026-08-08T08:45:17.017+0000] {logging_mixin.py:188} INFO - [2026-08-08T08:45:17.016+0000] {dag.py:3096} INFO - Sync 1 DAGs
[2026-08-08T08:45:17.039+0000] {logging_mixin.py:188} INFO - [2026-08-08T08:45:17.039+0000] {dag.py:3954} INFO - Setting next_dagrun for load_ergast_data to None, run_after=None
[2026-08-08T08:45:17.066+0000] {processor.py:183} INFO - Processing /opt/airflow/dags/load_ergast_data.py took 3.826 seconds
[2026-08-08T08:45:47.594+0000] {processor.py:161} INFO - Started process (PID=2063) to work on /opt/airflow/dags/load_ergast_data.py
[2026-08-08T08:45:47.598+0000] {processor.py:830} INFO - Processing file /opt/airflow/dags/load_ergast_data.py for tasks to queue
[2026-08-08T08:45:47.602+0000] {logging_mixin.py:188} INFO - [2026-08-08T08:45:47.601+0000] {dagbag.py:545} INFO - Filling up the DagBag from /opt/airflow/dags/load_ergast_data.py
[2026-08-08T08:45:53.280+0000] {processor.py:840} INFO - DAG(s) 'load_ergast_data' retrieved from /opt/airflow/dags/load_ergast_data.py
[2026-08-08T08:45:53.320+0000] {logging_mixin.py:188} INFO - [2026-08-08T08:45:53.319+0000] {dag.py:3096} INFO - Sync 1 DAGs
[2026-08-08T08:45:53.335+0000] {logging_mixin.py:188} INFO - [2026-08-08T08:45:53.335+0000] {dag.py:3954} INFO - Setting next_dagrun for load_ergast_data to None, run_after=None
[2026-08-08T08:45:53.357+0000] {processor.py:183} INFO - Processing /opt/airflow/dags/load_ergast_data.py took 5.784 seconds
[2026-08-08T08:46:23.428+0000] {processor.py:161} INFO - Started process (PID=2074) to work on /opt/airflow/dags/load_ergast_data.py
[2026-08-08T08:46:23.430+0000] {processor.py:830} INFO - Processing file /opt/airflow/dags/load_ergast_data.py for tasks to queue
[2026-08-08T08:46:23.434+0000] {logging_mixin.py:188} INFO - [2026-08-08T08:46:23.433+0000] {dagbag.py:545} INFO - Filling up the DagBag from /opt/airflow/dags/load_ergast_data.py
[2026-08-08T08:46:25.095+0000] {processor.py:840} INFO - DAG(s) 'load_ergast_data' retrieved from /opt/airflow/dags/load_ergast_data.py
[2026-08-08T08:46:25.175+0000] {logging_mixin.py:188} INFO - [2026-08-08T08:46:25.174+0000] {dag.py:3096} INFO - Sync 1 DAGs
[2026-08-08T08:46:25.219+0000] {logging_mixin.py:188} INFO - [2026-08-08T08:46:25.219+0000] {dag.py:3954} INFO - Setting next_dagrun for load_ergast_data to None, run_after=None
[2026-08-08T08:46:25.258+0000] {processor.py:183} INFO - Processing /opt/airflow/dags/load_ergast_data.py took 1.838 seconds
[2026-08-08T08:46:55.634+0000] {processor.py:161} INFO - Started process (PID=2085) to work on /opt/airflow/dags/load_ergast_data.py
[2026-08-08T08:46:55.636+0000] {processor.py:830} INFO - Processing file /opt/airflow/dags/load_ergast_data.py for tasks to queue
[2026-08-08T08:46:55.648+0000] {logging_mixin.py:188} INFO - [2026-08-08T08:46:55.647+0000] {dagbag.py:545} INFO - Filling up the DagBag from /opt/airflow/dags/load_ergast_data.py
[2026-08-08T08:46:56.622+0000] {processor.py:840} INFO - DAG(s) 'load_ergast_data' retrieved from /opt/airflow/dags/load_ergast_data.py
[2026-08-08T08:46:56.729+0000] {logging_mixin.py:188} INFO - [2026-08-08T08:46:56.729+0000] {dag.py:3096} INFO - Sync 1 DAGs
[2026-08-08T08:46:56.785+0000] {logging_mixin.py:188} INFO - [2026-08-08T08:46:56.785+0000] {dag.py:3954} INFO - Setting next_dagrun for load_ergast_data to None, run_after=None
[2026-08-08T08:46:59.606+0000] {processor.py:183} INFO - Processing /opt/airflow/dags/load_ergast_data.py took 3.978 seconds
[2026-08-08T08:47:30.049+0000] {processor.py:161} INFO - Started process (PID=2101) to work on /opt/airflow/dags/load_ergast_data.py
[2026-08-08T08:47:30.051+0000] {processor.py:830} INFO - Processing file /opt/airflow/dags/load_ergast_data.py for tasks to queue
[2026-08-08T08:47:30.053+0000] {logging_mixin.py:188} INFO - [2026-08-08T08:47:30.053+0000] {dagbag.py:545} INFO - Filling up the DagBag from /opt/airflow/dags/load_ergast_data.py
[2026-08-08T08:47:30.490+0000] {processor.py:840} INFO - DAG(s) 'load_ergast_data' retrieved from /opt/airflow/dags/load_ergast_data.py
[2026-08-08T08:47:30.549+0000] {logging_mixin.py:188} INFO - [2026-08-08T08:47:30.548+0000] {dag.py:3096} INFO - Sync 1 DAGs
[2026-08-08T08:47:31.008+0000] {logging_mixin.py:188} INFO - [2026-08-08T08:47:31.007+0000] {dag.py:3954} INFO - Setting next_dagrun for load_ergast_data to None, run_after=None
[2026-08-08T08:47:31.036+0000] {processor.py:183} INFO - Processing /opt/airflow/dags/load_ergast_data.py took 0.996 seconds
[2026-08-08T08:48:01.706+0000] {processor.py:161} INFO - Started process (PID=2110) to work on /opt/airflow/dags/load_ergast_data.py
[2026-08-08T08:48:01.724+0000] {processor.py:830} INFO - Processing file /opt/airflow/dags/load_ergast_data.py for tasks to queue
[2026-08-08T08:48:01.762+0000] {logging_mixin.py:188} INFO - [2026-08-08T08:48:01.758+0000] {dagbag.py:545} INFO - Filling up the DagBag from /opt/airflow/dags/load_ergast_data.py
[2026-08-08T08:48:05.884+0000] {processor.py:840} INFO - DAG(s) 'load_ergast_data' retrieved from /opt/airflow/dags/load_ergast_data.py
[2026-08-08T08:48:10.716+0000] {logging_mixin.py:188} INFO - [2026-08-08T08:48:10.711+0000] {dag.py:3096} INFO - Sync 1 DAGs
[2026-08-08T08:48:10.822+0000] {logging_mixin.py:188} INFO - [2026-08-08T08:48:10.821+0000] {dag.py:3954} INFO - Setting next_dagrun for load_ergast_data to None, run_after=None
[2026-08-08T08:48:10.911+0000] {processor.py:183} INFO - Processing /opt/airflow/dags/load_ergast_data.py took 9.324 seconds
[2026-08-08T08:48:41.560+0000] {processor.py:161} INFO - Started process (PID=2123) to work on /opt/airflow/dags/load_ergast_data.py
[2026-08-08T08:48:41.561+0000] {processor.py:830} INFO - Processing file /opt/airflow/dags/load_ergast_data.py for tasks to queue
[2026-08-08T08:48:41.564+0000] {logging_mixin.py:188} INFO - [2026-08-08T08:48:41.564+0000] {dagbag.py:545} INFO - Filling up the DagBag from /opt/airflow/dags/load_ergast_data.py
[2026-08-08T08:48:42.447+0000] {processor.py:840} INFO - DAG(s) 'load_ergast_data' retrieved from /opt/airflow/dags/load_ergast_data.py
[2026-08-08T08:48:43.512+0000] {logging_mixin.py:188} INFO - [2026-08-08T08:48:43.511+0000] {dag.py:3096} INFO - Sync 1 DAGs
[2026-08-08T08:48:43.534+0000] {logging_mixin.py:188} INFO - [2026-08-08T08:48:43.534+0000] {dag.py:3954} INFO - Setting next_dagrun for load_ergast_data to None, run_after=None
[2026-08-08T08:48:43.569+0000] {processor.py:183} INFO - Processing /opt/airflow/dags/load_ergast_data.py took 2.016 seconds
[2026-08-08T08:49:14.030+0000] {processor.py:161} INFO - Started process (PID=2134) to work on /opt/airflow/dags/load_ergast_data.py
[2026-08-08T08:49:14.032+0000] {processor.py:830} INFO - Processing file /opt/airflow/dags/load_ergast_data.py for tasks to queue
[2026-08-08T08:49:14.035+0000] {logging_mixin.py:188} INFO - [2026-08-08T08:49:14.035+0000] {dagbag.py:545} INFO - Filling up the DagBag from /opt/airflow/dags/load_ergast_data.py
[2026-08-08T08:49:14.468+0000] {processor.py:840} INFO - DAG(s) 'load_ergast_data' retrieved from /opt/airflow/dags/load_ergast_data.py
[2026-08-08T08:49:14.535+0000] {logging_mixin.py:188} INFO - [2026-08-08T08:49:14.534+0000] {dag.py:3096} INFO - Sync 1 DAGs
[2026-08-08T08:49:14.555+0000] {logging_mixin.py:188} INFO - [2026-08-08T08:49:14.555+0000] {dag.py:3954} INFO - Setting next_dagrun for load_ergast_data to None, run_after=None
[2026-08-08T08:49:14.593+0000] {processor.py:183} INFO - Processing /opt/airflow/dags/load_ergast_data.py took 0.571 seconds
[2026-08-08T08:49:44.943+0000] {processor.py:161} INFO - Started process (PID=2145) to work on /opt/airflow/dags/load_ergast_data.py
[2026-08-08T08:49:44.945+0000] {processor.py:830} INFO - Processing file /opt/airflow/dags/load_ergast_data.py for tasks to queue
[2026-08-08T08:49:44.948+0000] {logging_mixin.py:188} INFO - [2026-08-08T08:49:44.947+0000] {dagbag.py:545} INFO - Filling up the DagBag from /opt/airflow/dags/load_ergast_data.py
[2026-08-08T08:49:45.332+0000] {processor.py:840} INFO - DAG(s) 'load_ergast_data' retrieved from /opt/airflow/dags/load_ergast_data.py
[2026-08-08T08:49:45.400+0000] {logging_mixin.py:188} INFO - [2026-08-08T08:49:45.400+0000] {dag.py:3096} INFO - Sync 1 DAGs
[2026-08-08T08:49:45.437+0000] {logging_mixin.py:188} INFO - [2026-08-08T08:49:45.437+0000] {dag.py:3954} INFO - Setting next_dagrun for load_ergast_data to None, run_after=None
[2026-08-08T08:49:47.360+0000] {processor.py:183} INFO - Processing /opt/airflow/dags/load_ergast_data.py took 2.423 seconds
[2026-08-08T08:50:17.798+0000] {processor.py:161} INFO - Started process (PID=2156) to work on /opt/airflow/dags/load_ergast_data.py
[2026-08-08T08:50:17.803+0000] {processor.py:830} INFO - Processing file /opt/airflow/dags/load_ergast_data.py for tasks to queue
[2026-08-08T08:50:17.810+0000] {logging_mixin.py:188} INFO - [2026-08-08T08:50:17.809+0000] {dagbag.py:545} INFO - Filling up the DagBag from /opt/airflow/dags/load_ergast_data.py
[2026-08-08T08:50:19.855+0000] {processor.py:840} INFO - DAG(s) 'load_ergast_data' retrieved from /opt/airflow/dags/load_ergast_data.py
[2026-08-08T08:50:20.037+0000] {logging_mixin.py:188} INFO - [2026-08-08T08:50:20.036+0000] {dag.py:3096} INFO - Sync 1 DAGs
[2026-08-08T08:50:24.176+0000] {logging_mixin.py:188} INFO - [2026-08-08T08:50:24.175+0000] {dag.py:3954} INFO - Setting next_dagrun for load_ergast_data to None, run_after=None
[2026-08-08T08:50:24.222+0000] {processor.py:183} INFO - Processing /opt/airflow/dags/load_ergast_data.py took 6.434 seconds
[2026-08-08T08:50:54.505+0000] {processor.py:161} INFO - Started process (PID=2167) to work on /opt/airflow/dags/load_ergast_data.py
[2026-08-08T08:50:54.510+0000] {processor.py:830} INFO - Processing file /opt/airflow/dags/load_ergast_data.py for tasks to queue
[2026-08-08T08:50:54.519+0000] {logging_mixin.py:188} INFO - [2026-08-08T08:50:54.518+0000] {dagbag.py:545} INFO - Filling up the DagBag from /opt/airflow/dags/load_ergast_data.py
[2026-08-08T08:50:57.672+0000] {processor.py:840} INFO - DAG(s) 'load_ergast_data' retrieved from /opt/airflow/dags/load_ergast_data.py
[2026-08-08T08:51:02.606+0000] {logging_mixin.py:188} INFO - [2026-08-08T08:51:02.605+0000] {dag.py:3096} INFO - Sync 1 DAGs
[2026-08-08T08:51:02.634+0000] {logging_mixin.py:188} INFO - [2026-08-08T08:51:02.634+0000] {dag.py:3954} INFO - Setting next_dagrun for load_ergast_data to None, run_after=None
[2026-08-08T08:51:02.706+0000] {processor.py:183} INFO - Processing /opt/airflow/dags/load_ergast_data.py took 8.210 seconds
[2026-08-08T08:51:33.179+0000] {processor.py:161} INFO - Started process (PID=2178) to work on /opt/airflow/dags/load_ergast_data.py
[2026-08-08T08:51:33.184+0000] {processor.py:830} INFO - Processing file /opt/airflow/dags/load_ergast_data.py for tasks to queue
[2026-08-08T08:51:33.191+0000] {logging_mixin.py:188} INFO - [2026-08-08T08:51:33.190+0000] {dagbag.py:545} INFO - Filling up the DagBag from /opt/airflow/dags/load_ergast_data.py
[2026-08-08T08:51:34.487+0000] {processor.py:840} INFO - DAG(s) 'load_ergast_data' retrieved from /opt/airflow/dags/load_ergast_data.py
[2026-08-08T08:51:36.614+0000] {logging_mixin.py:188} INFO - [2026-08-08T08:51:36.613+0000] {dag.py:3096} INFO - Sync 1 DAGs
[2026-08-08T08:51:36.660+0000] {logging_mixin.py:188} INFO - [2026-08-08T08:51:36.660+0000] {dag.py:3954} INFO - Setting next_dagrun for load_ergast_data to None, run_after=None
[2026-08-08T08:51:36.713+0000] {processor.py:183} INFO - Processing /opt/airflow/dags/load_ergast_data.py took 3.557 seconds
[2026-08-08T15:16:14.358+0000] {processor.py:161} INFO - Started process (PID=2190) to work on /opt/airflow/dags/load_ergast_data.py
[2026-08-08T15:16:14.410+0000] {processor.py:830} INFO - Processing file /opt/airflow/dags/load_ergast_data.py for tasks to queue
[2026-08-08T15:16:14.740+0000] {logging_mixin.py:188} INFO - [2026-08-08T15:16:14.722+0000] {dagbag.py:545} INFO - Filling up the DagBag from /opt/airflow/dags/load_ergast_data.py
[2026-08-08T15:16:45.953+0000] {logging_mixin.py:188} INFO - [2026-08-08T15:16:45.948+0000] {timeout.py:68} ERROR - Process timed out, PID: 2190
[2026-08-08T15:16:45.984+0000] {logging_mixin.py:188} WARNING - Exception ignored in: <function WeakKeyDictionary.__init__.<locals>.remove at 0x702a98cfcae0>
[2026-08-08T15:16:46.021+0000] {logging_mixin.py:188} WARNING - Traceback (most recent call last):
[2026-08-08T15:16:46.022+0000] {logging_mixin.py:188} WARNING -   File "/usr/local/lib/python3.12/weakref.py", line 369, in remove
[2026-08-08T15:16:46.110+0000] {logging_mixin.py:188} WARNING -     def remove(k, selfref=ref(self)):
[2026-08-08T15:16:46.117+0000] {logging_mixin.py:188} WARNING -   File "/home/airflow/.local/lib/python3.12/site-packages/airflow/utils/timeout.py", line 69, in handle_timeout
[2026-08-08T15:16:46.128+0000] {logging_mixin.py:188} WARNING -     raise AirflowTaskTimeout(self.error_message)
[2026-08-08T15:16:46.161+0000] {logging_mixin.py:188} WARNING - airflow.exceptions.AirflowTaskTimeout: DagBag import timeout for /opt/airflow/dags/load_ergast_data.py after 30.0s.
Please take a look at these docs to improve your DAG import time:
* https://airflow.apache.org/docs/apache-airflow/2.9.1/best-practices.html#top-level-python-code
* https://airflow.apache.org/docs/apache-airflow/2.9.1/best-practices.html#reducing-dag-complexity, PID: 2190
[2026-08-08T15:16:46.527+0000] {processor.py:840} INFO - DAG(s) 'load_ergast_data' retrieved from /opt/airflow/dags/load_ergast_data.py
[2026-08-08T15:16:46.942+0000] {logging_mixin.py:188} INFO - [2026-08-08T15:16:46.941+0000] {dag.py:3096} INFO - Sync 1 DAGs
[2026-08-08T15:16:47.189+0000] {logging_mixin.py:188} INFO - [2026-08-08T15:16:47.189+0000] {dag.py:3954} INFO - Setting next_dagrun for load_ergast_data to None, run_after=None
[2026-08-08T15:16:47.660+0000] {processor.py:183} INFO - Processing /opt/airflow/dags/load_ergast_data.py took 33.992 seconds
[2026-08-08T15:17:19.296+0000] {processor.py:161} INFO - Started process (PID=2205) to work on /opt/airflow/dags/load_ergast_data.py
[2026-08-08T15:17:19.319+0000] {processor.py:830} INFO - Processing file /opt/airflow/dags/load_ergast_data.py for tasks to queue
[2026-08-08T15:17:19.379+0000] {logging_mixin.py:188} INFO - [2026-08-08T15:17:19.370+0000] {dagbag.py:545} INFO - Filling up the DagBag from /opt/airflow/dags/load_ergast_data.py
[2026-08-08T15:17:24.555+0000] {processor.py:840} INFO - DAG(s) 'load_ergast_data' retrieved from /opt/airflow/dags/load_ergast_data.py
[2026-08-08T15:17:24.838+0000] {logging_mixin.py:188} INFO - [2026-08-08T15:17:24.836+0000] {dag.py:3096} INFO - Sync 1 DAGs
[2026-08-08T15:17:24.958+0000] {logging_mixin.py:188} INFO - [2026-08-08T15:17:24.957+0000] {dag.py:3954} INFO - Setting next_dagrun for load_ergast_data to None, run_after=None
[2026-08-08T15:17:29.038+0000] {processor.py:183} INFO - Processing /opt/airflow/dags/load_ergast_data.py took 9.317 seconds
[2026-08-08T15:17:59.710+0000] {processor.py:161} INFO - Started process (PID=2216) to work on /opt/airflow/dags/load_ergast_data.py
[2026-08-08T15:17:59.716+0000] {processor.py:830} INFO - Processing file /opt/airflow/dags/load_ergast_data.py for tasks to queue
[2026-08-08T15:17:59.773+0000] {logging_mixin.py:188} INFO - [2026-08-08T15:17:59.766+0000] {dagbag.py:545} INFO - Filling up the DagBag from /opt/airflow/dags/load_ergast_data.py
[2026-08-08T15:18:12.777+0000] {processor.py:840} INFO - DAG(s) 'load_ergast_data' retrieved from /opt/airflow/dags/load_ergast_data.py
[2026-08-08T15:18:12.992+0000] {logging_mixin.py:188} INFO - [2026-08-08T15:18:12.988+0000] {dag.py:3096} INFO - Sync 1 DAGs
[2026-08-08T15:18:19.371+0000] {logging_mixin.py:188} INFO - [2026-08-08T15:18:19.370+0000] {dag.py:3954} INFO - Setting next_dagrun for load_ergast_data to None, run_after=None
[2026-08-08T15:18:19.419+0000] {processor.py:183} INFO - Processing /opt/airflow/dags/load_ergast_data.py took 19.824 seconds
[2026-08-08T15:18:52.037+0000] {processor.py:161} INFO - Started process (PID=2232) to work on /opt/airflow/dags/load_ergast_data.py
[2026-08-08T15:18:52.049+0000] {processor.py:830} INFO - Processing file /opt/airflow/dags/load_ergast_data.py for tasks to queue
[2026-08-08T15:18:52.075+0000] {logging_mixin.py:188} INFO - [2026-08-08T15:18:52.074+0000] {dagbag.py:545} INFO - Filling up the DagBag from /opt/airflow/dags/load_ergast_data.py
[2026-08-08T17:51:50.363+0000] {processor.py:161} INFO - Started process (PID=2242) to work on /opt/airflow/dags/load_ergast_data.py
[2026-08-08T17:51:50.398+0000] {processor.py:830} INFO - Processing file /opt/airflow/dags/load_ergast_data.py for tasks to queue
[2026-08-08T17:51:51.538+0000] {logging_mixin.py:188} INFO - [2026-08-08T17:51:51.489+0000] {dagbag.py:545} INFO - Filling up the DagBag from /opt/airflow/dags/load_ergast_data.py
[2026-08-08T17:52:26.523+0000] {logging_mixin.py:188} INFO - [2026-08-08T17:52:26.520+0000] {timeout.py:68} ERROR - Process timed out, PID: 2242
[2026-08-08T17:52:26.528+0000] {logging_mixin.py:188} WARNING - Exception ignored in: <function WeakKeyDictionary.__init__.<locals>.remove at 0x702a98cfcae0>
[2026-08-08T17:52:26.534+0000] {logging_mixin.py:188} WARNING - Traceback (most recent call last):
[2026-08-08T17:52:26.538+0000] {logging_mixin.py:188} WARNING -   File "/usr/local/lib/python3.12/weakref.py", line 369, in remove
[2026-08-08T17:52:26.552+0000] {logging_mixin.py:188} WARNING -     def remove(k, selfref=ref(self)):
[2026-08-08T17:52:26.554+0000] {logging_mixin.py:188} WARNING -   File "/home/airflow/.local/lib/python3.12/site-packages/airflow/utils/timeout.py", line 69, in handle_timeout
[2026-08-08T17:52:26.560+0000] {logging_mixin.py:188} WARNING -     raise AirflowTaskTimeout(self.error_message)
[2026-08-08T17:52:26.563+0000] {logging_mixin.py:188} WARNING - airflow.exceptions.AirflowTaskTimeout: DagBag import timeout for /opt/airflow/dags/load_ergast_data.py after 30.0s.
Please take a look at these docs to improve your DAG import time:
* https://airflow.apache.org/docs/apache-airflow/2.9.1/best-practices.html#top-level-python-code
* https://airflow.apache.org/docs/apache-airflow/2.9.1/best-practices.html#reducing-dag-complexity, PID: 2242
[2026-08-08T17:52:26.661+0000] {processor.py:840} INFO - DAG(s) 'load_ergast_data' retrieved from /opt/airflow/dags/load_ergast_data.py
[2026-08-08T17:52:27.220+0000] {logging_mixin.py:188} INFO - [2026-08-08T17:52:27.219+0000] {dag.py:3096} INFO - Sync 1 DAGs
[2026-08-08T17:52:27.238+0000] {logging_mixin.py:188} INFO - [2026-08-08T17:52:27.238+0000] {dag.py:3954} INFO - Setting next_dagrun for load_ergast_data to None, run_after=None
[2026-08-08T17:52:27.285+0000] {processor.py:183} INFO - Processing /opt/airflow/dags/load_ergast_data.py took 39.096 seconds
[2026-08-08T17:52:57.941+0000] {processor.py:161} INFO - Started process (PID=2258) to work on /opt/airflow/dags/load_ergast_data.py
[2026-08-08T17:52:57.947+0000] {processor.py:830} INFO - Processing file /opt/airflow/dags/load_ergast_data.py for tasks to queue
[2026-08-08T17:52:57.954+0000] {logging_mixin.py:188} INFO - [2026-08-08T17:52:57.951+0000] {dagbag.py:545} INFO - Filling up the DagBag from /opt/airflow/dags/load_ergast_data.py
[2026-08-08T17:53:02.556+0000] {processor.py:840} INFO - DAG(s) 'load_ergast_data' retrieved from /opt/airflow/dags/load_ergast_data.py
[2026-08-08T17:53:02.832+0000] {logging_mixin.py:188} INFO - [2026-08-08T17:53:02.830+0000] {dag.py:3096} INFO - Sync 1 DAGs
[2026-08-08T17:53:02.948+0000] {logging_mixin.py:188} INFO - [2026-08-08T17:53:02.948+0000] {dag.py:3954} INFO - Setting next_dagrun for load_ergast_data to None, run_after=None
[2026-08-08T17:53:09.880+0000] {processor.py:183} INFO - Processing /opt/airflow/dags/load_ergast_data.py took 11.678 seconds
[2026-08-08T17:53:40.730+0000] {processor.py:161} INFO - Started process (PID=2269) to work on /opt/airflow/dags/load_ergast_data.py
[2026-08-08T17:53:40.732+0000] {processor.py:830} INFO - Processing file /opt/airflow/dags/load_ergast_data.py for tasks to queue
[2026-08-08T17:53:40.734+0000] {logging_mixin.py:188} INFO - [2026-08-08T17:53:40.734+0000] {dagbag.py:545} INFO - Filling up the DagBag from /opt/airflow/dags/load_ergast_data.py
[2026-08-08T17:53:43.052+0000] {processor.py:840} INFO - DAG(s) 'load_ergast_data' retrieved from /opt/airflow/dags/load_ergast_data.py
[2026-08-08T17:53:43.178+0000] {logging_mixin.py:188} INFO - [2026-08-08T17:53:43.176+0000] {dag.py:3096} INFO - Sync 1 DAGs
[2026-08-08T17:53:43.553+0000] {logging_mixin.py:188} INFO - [2026-08-08T17:53:43.553+0000] {dag.py:3954} INFO - Setting next_dagrun for load_ergast_data to None, run_after=None
[2026-08-08T17:53:43.580+0000] {processor.py:183} INFO - Processing /opt/airflow/dags/load_ergast_data.py took 2.856 seconds
[2026-08-08T17:54:14.431+0000] {processor.py:161} INFO - Started process (PID=2280) to work on /opt/airflow/dags/load_ergast_data.py
[2026-08-08T17:54:14.434+0000] {processor.py:830} INFO - Processing file /opt/airflow/dags/load_ergast_data.py for tasks to queue
[2026-08-08T17:54:14.436+0000] {logging_mixin.py:188} INFO - [2026-08-08T17:54:14.436+0000] {dagbag.py:545} INFO - Filling up the DagBag from /opt/airflow/dags/load_ergast_data.py
[2026-08-08T17:54:14.922+0000] {processor.py:840} INFO - DAG(s) 'load_ergast_data' retrieved from /opt/airflow/dags/load_ergast_data.py
[2026-08-08T17:54:15.177+0000] {logging_mixin.py:188} INFO - [2026-08-08T17:54:15.176+0000] {dag.py:3096} INFO - Sync 1 DAGs
[2026-08-08T17:54:15.211+0000] {logging_mixin.py:188} INFO - [2026-08-08T17:54:15.210+0000] {dag.py:3954} INFO - Setting next_dagrun for load_ergast_data to None, run_after=None
[2026-08-08T17:54:15.235+0000] {processor.py:183} INFO - Processing /opt/airflow/dags/load_ergast_data.py took 0.813 seconds
[2026-08-08T17:54:45.486+0000] {processor.py:161} INFO - Started process (PID=2291) to work on /opt/airflow/dags/load_ergast_data.py
[2026-08-08T17:54:45.499+0000] {processor.py:830} INFO - Processing file /opt/airflow/dags/load_ergast_data.py for tasks to queue
[2026-08-08T17:54:45.506+0000] {logging_mixin.py:188} INFO - [2026-08-08T17:54:45.503+0000] {dagbag.py:545} INFO - Filling up the DagBag from /opt/airflow/dags/load_ergast_data.py
[2026-08-08T17:54:46.999+0000] {processor.py:840} INFO - DAG(s) 'load_ergast_data' retrieved from /opt/airflow/dags/load_ergast_data.py
[2026-08-08T17:54:47.045+0000] {logging_mixin.py:188} INFO - [2026-08-08T17:54:47.044+0000] {dag.py:3096} INFO - Sync 1 DAGs
[2026-08-08T17:54:47.066+0000] {logging_mixin.py:188} INFO - [2026-08-08T17:54:47.066+0000] {dag.py:3954} INFO - Setting next_dagrun for load_ergast_data to None, run_after=None
[2026-08-08T17:54:47.091+0000] {processor.py:183} INFO - Processing /opt/airflow/dags/load_ergast_data.py took 1.676 seconds
[2026-08-08T17:55:17.931+0000] {processor.py:161} INFO - Started process (PID=2302) to work on /opt/airflow/dags/load_ergast_data.py
[2026-08-08T17:55:17.980+0000] {processor.py:830} INFO - Processing file /opt/airflow/dags/load_ergast_data.py for tasks to queue
[2026-08-08T17:55:18.000+0000] {logging_mixin.py:188} INFO - [2026-08-08T17:55:18.000+0000] {dagbag.py:545} INFO - Filling up the DagBag from /opt/airflow/dags/load_ergast_data.py
[2026-08-08T17:55:21.547+0000] {processor.py:840} INFO - DAG(s) 'load_ergast_data' retrieved from /opt/airflow/dags/load_ergast_data.py
[2026-08-08T17:55:21.582+0000] {logging_mixin.py:188} INFO - [2026-08-08T17:55:21.581+0000] {dag.py:3096} INFO - Sync 1 DAGs
[2026-08-08T17:55:21.611+0000] {logging_mixin.py:188} INFO - [2026-08-08T17:55:21.610+0000] {dag.py:3954} INFO - Setting next_dagrun for load_ergast_data to None, run_after=None
[2026-08-08T17:55:21.636+0000] {processor.py:183} INFO - Processing /opt/airflow/dags/load_ergast_data.py took 3.777 seconds
[2026-08-08T17:55:51.824+0000] {processor.py:161} INFO - Started process (PID=2313) to work on /opt/airflow/dags/load_ergast_data.py
[2026-08-08T17:55:51.826+0000] {processor.py:830} INFO - Processing file /opt/airflow/dags/load_ergast_data.py for tasks to queue
[2026-08-08T17:55:51.828+0000] {logging_mixin.py:188} INFO - [2026-08-08T17:55:51.828+0000] {dagbag.py:545} INFO - Filling up the DagBag from /opt/airflow/dags/load_ergast_data.py
[2026-08-08T17:55:52.723+0000] {processor.py:840} INFO - DAG(s) 'load_ergast_data' retrieved from /opt/airflow/dags/load_ergast_data.py
[2026-08-08T17:55:52.782+0000] {logging_mixin.py:188} INFO - [2026-08-08T17:55:52.782+0000] {dag.py:3096} INFO - Sync 1 DAGs
[2026-08-08T17:55:52.811+0000] {logging_mixin.py:188} INFO - [2026-08-08T17:55:52.811+0000] {dag.py:3954} INFO - Setting next_dagrun for load_ergast_data to None, run_after=None
[2026-08-08T17:55:52.864+0000] {processor.py:183} INFO - Processing /opt/airflow/dags/load_ergast_data.py took 1.129 seconds
[2026-08-08T20:12:16.006+0000] {processor.py:161} INFO - Started process (PID=2326) to work on /opt/airflow/dags/load_ergast_data.py
[2026-08-08T20:12:16.060+0000] {processor.py:830} INFO - Processing file /opt/airflow/dags/load_ergast_data.py for tasks to queue
[2026-08-08T20:12:16.131+0000] {logging_mixin.py:188} INFO - [2026-08-08T20:12:16.097+0000] {dagbag.py:545} INFO - Filling up the DagBag from /opt/airflow/dags/load_ergast_data.py
[2026-08-08T20:12:33.587+0000] {processor.py:840} INFO - DAG(s) 'load_ergast_data' retrieved from /opt/airflow/dags/load_ergast_data.py
[2026-08-08T20:12:33.711+0000] {logging_mixin.py:188} INFO - [2026-08-08T20:12:33.709+0000] {dag.py:3096} INFO - Sync 1 DAGs
[2026-08-08T20:12:40.608+0000] {logging_mixin.py:188} INFO - [2026-08-08T20:12:40.607+0000] {dag.py:3954} INFO - Setting next_dagrun for load_ergast_data to None, run_after=None
[2026-08-08T20:12:40.767+0000] {processor.py:183} INFO - Processing /opt/airflow/dags/load_ergast_data.py took 24.892 seconds
[2026-08-08T20:13:11.954+0000] {processor.py:161} INFO - Started process (PID=2340) to work on /opt/airflow/dags/load_ergast_data.py
[2026-08-08T20:13:11.958+0000] {processor.py:830} INFO - Processing file /opt/airflow/dags/load_ergast_data.py for tasks to queue
[2026-08-08T20:13:11.963+0000] {logging_mixin.py:188} INFO - [2026-08-08T20:13:11.962+0000] {dagbag.py:545} INFO - Filling up the DagBag from /opt/airflow/dags/load_ergast_data.py
[2026-08-08T20:13:18.909+0000] {processor.py:840} INFO - DAG(s) 'load_ergast_data' retrieved from /opt/airflow/dags/load_ergast_data.py
[2026-08-08T20:13:25.279+0000] {logging_mixin.py:188} INFO - [2026-08-08T20:13:25.276+0000] {dag.py:3096} INFO - Sync 1 DAGs
[2026-08-08T20:13:25.340+0000] {logging_mixin.py:188} INFO - [2026-08-08T20:13:25.339+0000] {dag.py:3954} INFO - Setting next_dagrun for load_ergast_data to None, run_after=None
[2026-08-08T20:13:25.413+0000] {processor.py:183} INFO - Processing /opt/airflow/dags/load_ergast_data.py took 13.499 seconds
[2026-08-08T20:13:57.124+0000] {processor.py:161} INFO - Started process (PID=2351) to work on /opt/airflow/dags/load_ergast_data.py
[2026-08-08T20:13:57.169+0000] {processor.py:830} INFO - Processing file /opt/airflow/dags/load_ergast_data.py for tasks to queue
[2026-08-08T20:13:57.226+0000] {logging_mixin.py:188} INFO - [2026-08-08T20:13:57.202+0000] {dagbag.py:545} INFO - Filling up the DagBag from /opt/airflow/dags/load_ergast_data.py
[2026-08-08T20:14:22.593+0000] {processor.py:840} INFO - DAG(s) 'load_ergast_data' retrieved from /opt/airflow/dags/load_ergast_data.py
[2026-08-08T20:14:22.653+0000] {logging_mixin.py:188} INFO - [2026-08-08T20:14:22.652+0000] {dag.py:3096} INFO - Sync 1 DAGs
[2026-08-08T20:14:22.680+0000] {logging_mixin.py:188} INFO - [2026-08-08T20:14:22.680+0000] {dag.py:3954} INFO - Setting next_dagrun for load_ergast_data to None, run_after=None
[2026-08-08T20:14:22.726+0000] {processor.py:183} INFO - Processing /opt/airflow/dags/load_ergast_data.py took 25.749 seconds
[2026-08-08T20:14:53.371+0000] {processor.py:161} INFO - Started process (PID=2364) to work on /opt/airflow/dags/load_ergast_data.py
[2026-08-08T20:14:53.379+0000] {processor.py:830} INFO - Processing file /opt/airflow/dags/load_ergast_data.py for tasks to queue
[2026-08-08T20:14:53.385+0000] {logging_mixin.py:188} INFO - [2026-08-08T20:14:53.382+0000] {dagbag.py:545} INFO - Filling up the DagBag from /opt/airflow/dags/load_ergast_data.py
[2026-08-08T20:14:56.357+0000] {processor.py:840} INFO - DAG(s) 'load_ergast_data' retrieved from /opt/airflow/dags/load_ergast_data.py
[2026-08-08T20:14:56.386+0000] {logging_mixin.py:188} INFO - [2026-08-08T20:14:56.385+0000] {dag.py:3096} INFO - Sync 1 DAGs
[2026-08-08T20:14:56.399+0000] {logging_mixin.py:188} INFO - [2026-08-08T20:14:56.399+0000] {dag.py:3954} INFO - Setting next_dagrun for load_ergast_data to None, run_after=None
[2026-08-08T20:14:56.424+0000] {processor.py:183} INFO - Processing /opt/airflow/dags/load_ergast_data.py took 3.111 seconds
[2026-08-08T20:15:26.979+0000] {processor.py:161} INFO - Started process (PID=2378) to work on /opt/airflow/dags/load_ergast_data.py
[2026-08-08T20:15:26.982+0000] {processor.py:830} INFO - Processing file /opt/airflow/dags/load_ergast_data.py for tasks to queue
[2026-08-08T20:15:26.985+0000] {logging_mixin.py:188} INFO - [2026-08-08T20:15:26.984+0000] {dagbag.py:545} INFO - Filling up the DagBag from /opt/airflow/dags/load_ergast_data.py
[2026-08-08T20:15:27.546+0000] {processor.py:840} INFO - DAG(s) 'load_ergast_data' retrieved from /opt/airflow/dags/load_ergast_data.py
[2026-08-08T20:15:27.587+0000] {logging_mixin.py:188} INFO - [2026-08-08T20:15:27.586+0000] {dag.py:3096} INFO - Sync 1 DAGs
[2026-08-08T20:15:27.941+0000] {logging_mixin.py:188} INFO - [2026-08-08T20:15:27.940+0000] {dag.py:3954} INFO - Setting next_dagrun for load_ergast_data to None, run_after=None
[2026-08-08T20:15:27.995+0000] {processor.py:183} INFO - Processing /opt/airflow/dags/load_ergast_data.py took 1.031 seconds
[2026-08-08T20:15:58.174+0000] {processor.py:161} INFO - Started process (PID=2389) to work on /opt/airflow/dags/load_ergast_data.py
[2026-08-08T20:15:58.179+0000] {processor.py:830} INFO - Processing file /opt/airflow/dags/load_ergast_data.py for tasks to queue
[2026-08-08T20:15:58.182+0000] {logging_mixin.py:188} INFO - [2026-08-08T20:15:58.181+0000] {dagbag.py:545} INFO - Filling up the DagBag from /opt/airflow/dags/load_ergast_data.py
[2026-08-08T20:15:59.592+0000] {processor.py:840} INFO - DAG(s) 'load_ergast_data' retrieved from /opt/airflow/dags/load_ergast_data.py
[2026-08-08T20:15:59.684+0000] {logging_mixin.py:188} INFO - [2026-08-08T20:15:59.683+0000] {dag.py:3096} INFO - Sync 1 DAGs
[2026-08-08T20:16:02.182+0000] {logging_mixin.py:188} INFO - [2026-08-08T20:16:02.178+0000] {dag.py:3954} INFO - Setting next_dagrun for load_ergast_data to None, run_after=None
[2026-08-08T20:16:02.257+0000] {processor.py:183} INFO - Processing /opt/airflow/dags/load_ergast_data.py took 4.113 seconds
[2026-08-08T20:16:32.844+0000] {processor.py:161} INFO - Started process (PID=2400) to work on /opt/airflow/dags/load_ergast_data.py
[2026-08-08T20:16:32.851+0000] {processor.py:830} INFO - Processing file /opt/airflow/dags/load_ergast_data.py for tasks to queue
[2026-08-08T20:16:32.857+0000] {logging_mixin.py:188} INFO - [2026-08-08T20:16:32.854+0000] {dagbag.py:545} INFO - Filling up the DagBag from /opt/airflow/dags/load_ergast_data.py
[2026-08-08T20:16:35.135+0000] {processor.py:840} INFO - DAG(s) 'load_ergast_data' retrieved from /opt/airflow/dags/load_ergast_data.py
[2026-08-08T20:16:46.578+0000] {logging_mixin.py:188} INFO - [2026-08-08T20:16:46.349+0000] {dag.py:3096} INFO - Sync 1 DAGs
[2026-08-08T20:16:46.661+0000] {logging_mixin.py:188} INFO - [2026-08-08T20:16:46.661+0000] {dag.py:3954} INFO - Setting next_dagrun for load_ergast_data to None, run_after=None
[2026-08-08T20:16:46.735+0000] {processor.py:183} INFO - Processing /opt/airflow/dags/load_ergast_data.py took 13.734 seconds
[2026-08-08T20:17:17.684+0000] {processor.py:161} INFO - Started process (PID=2411) to work on /opt/airflow/dags/load_ergast_data.py
[2026-08-08T20:17:17.691+0000] {processor.py:830} INFO - Processing file /opt/airflow/dags/load_ergast_data.py for tasks to queue
[2026-08-08T20:17:17.698+0000] {logging_mixin.py:188} INFO - [2026-08-08T20:17:17.697+0000] {dagbag.py:545} INFO - Filling up the DagBag from /opt/airflow/dags/load_ergast_data.py
[2026-08-08T20:17:23.211+0000] {processor.py:840} INFO - DAG(s) 'load_ergast_data' retrieved from /opt/airflow/dags/load_ergast_data.py
[2026-08-08T20:17:23.360+0000] {logging_mixin.py:188} INFO - [2026-08-08T20:17:23.360+0000] {dag.py:3096} INFO - Sync 1 DAGs
[2026-08-08T20:17:23.398+0000] {logging_mixin.py:188} INFO - [2026-08-08T20:17:23.397+0000] {dag.py:3954} INFO - Setting next_dagrun for load_ergast_data to None, run_after=None
[2026-08-08T20:17:23.434+0000] {processor.py:183} INFO - Processing /opt/airflow/dags/load_ergast_data.py took 5.785 seconds
[2026-08-08T20:17:54.403+0000] {processor.py:161} INFO - Started process (PID=2422) to work on /opt/airflow/dags/load_ergast_data.py
[2026-08-08T20:17:54.453+0000] {processor.py:830} INFO - Processing file /opt/airflow/dags/load_ergast_data.py for tasks to queue
[2026-08-08T20:17:54.491+0000] {logging_mixin.py:188} INFO - [2026-08-08T20:17:54.479+0000] {dagbag.py:545} INFO - Filling up the DagBag from /opt/airflow/dags/load_ergast_data.py
[2026-08-08T20:18:02.687+0000] {processor.py:840} INFO - DAG(s) 'load_ergast_data' retrieved from /opt/airflow/dags/load_ergast_data.py
[2026-08-08T20:18:02.812+0000] {logging_mixin.py:188} INFO - [2026-08-08T20:18:02.810+0000] {dag.py:3096} INFO - Sync 1 DAGs
[2026-08-08T20:18:02.864+0000] {logging_mixin.py:188} INFO - [2026-08-08T20:18:02.863+0000] {dag.py:3954} INFO - Setting next_dagrun for load_ergast_data to None, run_after=None
[2026-08-08T20:18:02.934+0000] {processor.py:183} INFO - Processing /opt/airflow/dags/load_ergast_data.py took 9.048 seconds
